customer_id,age,gender,age_group,purchase_amount_usd,customer_value_tier,previous_purchases,engagement_tier,value_engagement_segment,subscription_status,frequency_of_purchases,purchase_frequency_days,category,item_purchased,review_rating,discount_applied,shipping_type,payment_method,location,season
1,55,Male,46-60 (Middle-Aged),53,Medium Value,14,Low Engagement,Medium Value - Low Engagement,Yes,Bi-Weekly,14,Clothing,Blouse,3.1,Yes,Express,Venmo,Kentucky,Winter
2,19,Male,18-30 (Young Adult),64,Medium Value,2,Low Engagement,Medium Value - Low Engagement,Yes,Bi-Weekly,14,Clothing,Sweater,3.1,Yes,Express,Cash,Maine,Winter
3,50,Male,46-60 (Middle-Aged),73,Medium Value,23,Medium Engagement,Medium Value - Medium Engagement,Yes,Weekly,7,Clothing,Jeans,3.1,Yes,Free Shipping,Credit Card,Massachusetts,Spring
4,21,Male,18-30 (Young Adult),90,High Value,49,High Engagement,High Value - High Engagement,Yes,Weekly,7,Footwear,Sandals,3.5,Yes,Next Day Air,PayPal,Rhode Island,Spring
5,45,Male,31-45 (Adult),49,Medium Value,31,Medium Engagement,Medium Value - Medium Engagement,Yes,Annually,365,Clothing,Blouse,2.7,Yes,Free Shipping,PayPal,Oregon,Spring
6,46,Male,46-60 (Middle-Aged),20,Low Value,14,Low Engagement,Low Value - Low Engagement,Yes,Weekly,7,Footwear,Sneakers,2.9,Yes,Standard,Venmo,Wyoming,Summer
7,63,Male,61-70 (Senior),85,High Value,49,High Engagement,High Value - High Engagement,Yes,Quarterly,90,Clothing,Shirt,3.2,Yes,Free Shipping,Cash,Montana,Fall
8,27,Male,18-30 (Young Adult),34,Low Value,19,Medium Engagement,Low Value - Medium Engagement,Yes,Weekly,7,Clothing,Shorts,3.2,Yes,Free Shipping,Credit Card,Louisiana,Winter
9,26,Male,18-30 (Young Adult),97,High Value,8,Low Engagement,High Value - Low Engagement,Yes,Annually,365,Outerwear,Coat,2.6,Yes,Express,Venmo,West Virginia,Summer
10,57,Male,46-60 (Middle-Aged),31,Low Value,4,Low Engagement,Low Value - Low Engagement,Yes,Quarterly,90,Accessories,Handbag,4.8,Yes,2-Day Shipping,Cash,Missouri,Spring
11,53,Male,46-60 (Middle-Aged),34,Low Value,26,Medium Engagement,Low Value - Medium Engagement,Yes,Bi-Weekly,14,Footwear,Shoes,4.1,Yes,Store Pickup,Bank Transfer,Arkansas,Fall
12,30,Male,18-30 (Young Adult),68,Medium Value,10,Low Engagement,Medium Value - Low Engagement,Yes,Bi-Weekly,14,Clothing,Shorts,4.9,Yes,Store Pickup,Bank Transfer,Hawaii,Winter
13,61,Male,61-70 (Senior),72,Medium Value,37,High Engagement,Medium Value - High Engagement,Yes,Bi-Weekly,14,Outerwear,Coat,4.5,Yes,Express,Venmo,Delaware,Winter
14,65,Male,61-70 (Senior),51,Medium Value,31,Medium Engagement,Medium Value - Medium Engagement,Yes,Weekly,7,Clothing,Dress,4.7,Yes,Express,PayPal,New Hampshire,Spring
15,64,Male,61-70 (Senior),53,Medium Value,34,Medium Engagement,Medium Value - Medium Engagement,Yes,Weekly,7,Outerwear,Coat,4.7,Yes,Free Shipping,Debit Card,New York,Winter
16,64,Male,61-70 (Senior),81,High Value,8,Low Engagement,High Value - Low Engagement,Yes,Monthly,30,Clothing,Skirt,2.8,Yes,Store Pickup,PayPal,Rhode Island,Winter
17,25,Male,18-30 (Young Adult),36,Low Value,44,High Engagement,Low Value - High Engagement,Yes,Bi-Weekly,14,Accessories,Sunglasses,4.1,Yes,Next Day Air,Debit Card,Alabama,Spring
18,53,Male,46-60 (Middle-Aged),38,Low Value,36,High Engagement,Low Value - High Engagement,Yes,Quarterly,90,Clothing,Dress,4.7,Yes,2-Day Shipping,Venmo,Mississippi,Winter
19,52,Male,46-60 (Middle-Aged),48,Medium Value,17,Medium Engagement,Medium Value - Medium Engagement,Yes,Weekly,7,Clothing,Sweater,4.6,Yes,Free Shipping,Cash,Montana,Summer
20,66,Male,61-70 (Senior),90,High Value,46,High Engagement,High Value - High Engagement,Yes,Bi-Weekly,14,Clothing,Pants,3.3,Yes,Standard,Debit Card,Rhode Island,Summer
21,21,Male,18-30 (Young Adult),51,Medium Value,50,High Engagement,Medium Value - High Engagement,Yes,Quarterly,90,Clothing,Pants,2.8,Yes,Express,Cash,Louisiana,Winter
22,31,Male,31-45 (Adult),62,Medium Value,22,Medium Engagement,Medium Value - Medium Engagement,Yes,Quarterly,90,Clothing,Pants,4.1,Yes,Store Pickup,Debit Card,North Carolina,Winter
23,56,Male,46-60 (Middle-Aged),37,Low Value,32,Medium Engagement,Low Value - Medium Engagement,Yes,Annually,365,Clothing,Pants,3.2,Yes,Store Pickup,Debit Card,California,Summer
24,31,Male,31-45 (Adult),88,High Value,40,High Engagement,High Value - High Engagement,Yes,Weekly,7,Clothing,Pants,4.4,Yes,Express,Credit Card,Oklahoma,Winter
25,18,Male,18-30 (Young Adult),22,Low Value,16,Medium Engagement,Low Value - Medium Engagement,Yes,Weekly,7,Outerwear,Jacket,2.9,Yes,Store Pickup,Debit Card,Florida,Fall
26,18,Male,18-30 (Young Adult),25,Low Value,14,Low Engagement,Low Value - Low Engagement,Yes,Annually,365,Clothing,Hoodie,3.6,Yes,Express,PayPal,Texas,Summer
27,38,Male,31-45 (Adult),20,Low Value,13,Low Engagement,Low Value - Low Engagement,Yes,Annually,365,Accessories,Jewelry,3.6,Yes,Next Day Air,Credit Card,Nevada,Spring
28,56,Male,46-60 (Middle-Aged),56,Medium Value,7,Low Engagement,Medium Value - Low Engagement,Yes,Quarterly,90,Clothing,Shorts,5.0,Yes,Next Day Air,Bank Transfer,Kentucky,Summer
29,54,Male,46-60 (Middle-Aged),94,High Value,41,High Engagement,High Value - High Engagement,Yes,Quarterly,90,Accessories,Handbag,4.4,Yes,Free Shipping,PayPal,North Carolina,Fall
30,31,Male,31-45 (Adult),48,Medium Value,14,Low Engagement,Medium Value - Low Engagement,Yes,Weekly,7,Clothing,Dress,4.1,Yes,Store Pickup,Credit Card,Wyoming,Fall
31,57,Male,46-60 (Middle-Aged),31,Low Value,16,Medium Engagement,Low Value - Medium Engagement,Yes,Monthly,30,Accessories,Jewelry,4.7,Yes,Standard,Credit Card,North Carolina,Winter
32,33,Male,31-45 (Adult),79,High Value,45,High Engagement,High Value - High Engagement,Yes,Monthly,30,Clothing,Dress,4.7,Yes,Store Pickup,Venmo,West Virginia,Winter
33,36,Male,31-45 (Adult),67,Medium Value,37,High Engagement,Medium Value - High Engagement,Yes,Annually,365,Outerwear,Jacket,4.9,Yes,Free Shipping,Venmo,Kansas,Summer
34,54,Male,46-60 (Middle-Aged),38,Low Value,45,High Engagement,Low Value - High Engagement,Yes,Quarterly,90,Clothing,Pants,3.3,Yes,Store Pickup,Cash,Colorado,Summer
35,36,Male,31-45 (Adult),91,High Value,38,High Engagement,High Value - High Engagement,Yes,Quarterly,90,Clothing,T-shirt,4.6,Yes,2-Day Shipping,PayPal,North Dakota,Spring
36,54,Male,46-60 (Middle-Aged),33,Low Value,48,High Engagement,Low Value - High Engagement,Yes,Bi-Weekly,14,Clothing,Blouse,4.0,Yes,2-Day Shipping,Credit Card,Massachusetts,Summer
37,35,Male,31-45 (Adult),69,Medium Value,44,High Engagement,Medium Value - High Engagement,Yes,Bi-Weekly,14,Clothing,T-shirt,4.6,Yes,Free Shipping,PayPal,Illinois,Winter
38,35,Male,31-45 (Adult),45,Medium Value,10,Low Engagement,Medium Value - Low Engagement,Yes,Weekly,7,Clothing,Jeans,2.8,Yes,Store Pickup,PayPal,Indiana,Summer
39,29,Male,18-30 (Young Adult),37,Low Value,44,High Engagement,Low Value - High Engagement,Yes,Quarterly,90,Clothing,Dress,3.7,Yes,2-Day Shipping,Venmo,Florida,Winter
40,70,Male,61-70 (Senior),60,Medium Value,18,Medium Engagement,Medium Value - Medium Engagement,Yes,Monthly,30,Clothing,Pants,4.2,Yes,Express,Credit Card,Arizona,Summer
41,69,Male,61-70 (Senior),76,High Value,31,Medium Engagement,High Value - Medium Engagement,Yes,Quarterly,90,Accessories,Handbag,4.6,Yes,Next Day Air,Debit Card,Louisiana,Winter
42,67,Male,61-70 (Senior),39,Low Value,40,High Engagement,Low Value - High Engagement,Yes,Annually,365,Accessories,Scarf,4.5,Yes,Standard,Venmo,Alaska,Spring
43,20,Male,18-30 (Young Adult),100,High Value,15,Low Engagement,High Value - Low Engagement,Yes,Annually,365,Outerwear,Coat,4.1,Yes,Free Shipping,PayPal,Tennessee,Spring
44,25,Male,18-30 (Young Adult),69,Medium Value,19,Medium Engagement,Medium Value - Medium Engagement,Yes,Bi-Weekly,14,Accessories,Scarf,3.7,Yes,Store Pickup,PayPal,Ohio,Fall
45,39,Male,31-45 (Adult),53,Medium Value,45,High Engagement,Medium Value - High Engagement,Yes,Weekly,7,Accessories,Hat,4.6,Yes,Free Shipping,PayPal,Kentucky,Summer
46,50,Male,46-60 (Middle-Aged),21,Low Value,25,Medium Engagement,Low Value - Medium Engagement,Yes,Annually,365,Clothing,Socks,2.9,Yes,2-Day Shipping,PayPal,Tennessee,Fall
47,57,Male,46-60 (Middle-Aged),43,Medium Value,45,High Engagement,Medium Value - High Engagement,Yes,Quarterly,90,Clothing,Shirt,2.9,Yes,Store Pickup,Cash,California,Summer
48,55,Male,46-60 (Middle-Aged),54,Medium Value,36,High Engagement,Medium Value - High Engagement,Yes,Weekly,7,Accessories,Jewelry,4.5,Yes,Free Shipping,Cash,Montana,Winter
49,42,Male,31-45 (Adult),55,Medium Value,38,High Engagement,Medium Value - High Engagement,Yes,Monthly,30,Clothing,Shirt,2.7,Yes,Store Pickup,Cash,Nevada,Summer
50,68,Male,61-70 (Senior),30,Low Value,34,Medium Engagement,Low Value - Medium Engagement,Yes,Bi-Weekly,14,Clothing,Hoodie,4.6,Yes,Next Day Air,Debit Card,New Jersey,Spring
51,49,Male,46-60 (Middle-Aged),28,Low Value,39,High Engagement,Low Value - High Engagement,Yes,Bi-Weekly,14,Clothing,Blouse,3.7,Yes,Store Pickup,Debit Card,Maryland,Spring
52,59,Male,46-60 (Middle-Aged),59,Medium Value,7,Low Engagement,Medium Value - Low Engagement,Yes,Quarterly,90,Clothing,Skirt,4.7,Yes,2-Day Shipping,Credit Card,Vermont,Winter
53,42,Male,31-45 (Adult),20,Low Value,26,Medium Engagement,Low Value - Medium Engagement,Yes,Weekly,7,Clothing,T-shirt,2.6,Yes,Free Shipping,Credit Card,Alaska,Summer
54,29,Male,18-30 (Young Adult),24,Low Value,35,Medium Engagement,Low Value - Medium Engagement,Yes,Weekly,7,Clothing,Skirt,3.9,Yes,Next Day Air,Credit Card,Mississippi,Winter
55,47,Male,46-60 (Middle-Aged),94,High Value,35,Medium Engagement,High Value - Medium Engagement,Yes,Bi-Weekly,14,Outerwear,Coat,4.2,Yes,Next Day Air,Debit Card,New Mexico,Summer
56,40,Male,31-45 (Adult),28,Low Value,49,High Engagement,Low Value - High Engagement,Yes,Annually,365,Outerwear,Jacket,3.0,Yes,2-Day Shipping,Credit Card,South Carolina,Winter
57,41,Male,31-45 (Adult),73,Medium Value,46,High Engagement,Medium Value - High Engagement,Yes,Weekly,7,Accessories,Backpack,4.7,Yes,Store Pickup,Credit Card,Mississippi,Summer
58,21,Male,18-30 (Young Adult),64,Medium Value,17,Medium Engagement,Medium Value - Medium Engagement,Yes,Bi-Weekly,14,Outerwear,Coat,4.4,Yes,Store Pickup,Debit Card,West Virginia,Summer
59,69,Male,61-70 (Senior),54,Medium Value,29,Medium Engagement,Medium Value - Medium Engagement,Yes,Monthly,30,Clothing,Hoodie,4.2,Yes,Free Shipping,Venmo,Missouri,Summer
60,63,Male,61-70 (Senior),79,High Value,4,Low Engagement,High Value - Low Engagement,Yes,Weekly,7,Accessories,Belt,4.6,Yes,Standard,Debit Card,Louisiana,Spring
61,50,Male,46-60 (Middle-Aged),37,Low Value,17,Medium Engagement,Low Value - Medium Engagement,Yes,Weekly,7,Clothing,Sweater,4.0,Yes,Express,Cash,Idaho,Summer
62,55,Male,46-60 (Middle-Aged),68,Medium Value,21,Medium Engagement,Medium Value - Medium Engagement,Yes,Quarterly,90,Accessories,Scarf,4.7,Yes,Store Pickup,Credit Card,Texas,Winter
63,30,Male,18-30 (Young Adult),21,Low Value,31,Medium Engagement,Low Value - Medium Engagement,Yes,Bi-Weekly,14,Footwear,Sneakers,3.8,Yes,Free Shipping,Credit Card,Mississippi,Spring
64,33,Male,31-45 (Adult),79,High Value,43,High Engagement,High Value - High Engagement,Yes,Weekly,7,Accessories,Sunglasses,2.7,Yes,2-Day Shipping,Credit Card,Arizona,Winter
65,65,Male,61-70 (Senior),83,High Value,18,Medium Engagement,High Value - Medium Engagement,Yes,Bi-Weekly,14,Footwear,Boots,4.8,Yes,Standard,Debit Card,Alabama,Fall
66,65,Male,61-70 (Senior),36,Low Value,44,High Engagement,Low Value - High Engagement,Yes,Quarterly,90,Accessories,Backpack,4.8,Yes,2-Day Shipping,Venmo,New Jersey,Spring
67,31,Male,31-45 (Adult),94,High Value,3,Low Engagement,High Value - Low Engagement,Yes,Quarterly,90,Clothing,Blouse,4.7,Yes,2-Day Shipping,Venmo,Pennsylvania,Winter
68,45,Male,31-45 (Adult),33,Low Value,49,High Engagement,Low Value - High Engagement,Yes,Monthly,30,Outerwear,Coat,4.4,Yes,Store Pickup,Debit Card,Connecticut,Winter
69,57,Male,46-60 (Middle-Aged),46,Medium Value,21,Medium Engagement,Medium Value - Medium Engagement,Yes,Quarterly,90,Accessories,Handbag,3.9,Yes,Next Day Air,Cash,Utah,Summer
70,48,Male,46-60 (Middle-Aged),70,Medium Value,5,Low Engagement,Medium Value - Low Engagement,Yes,Weekly,7,Accessories,Belt,4.4,Yes,Express,Cash,Tennessee,Summer
71,22,Male,18-30 (Young Adult),29,Low Value,32,Medium Engagement,Low Value - Medium Engagement,Yes,Quarterly,90,Accessories,Belt,4.2,Yes,Express,Debit Card,Alabama,Fall
72,36,Male,31-45 (Adult),48,Medium Value,34,Medium Engagement,Medium Value - Medium Engagement,Yes,Annually,365,Clothing,Dress,2.9,Yes,Express,Bank Transfer,Virginia,Summer
73,18,Male,18-30 (Young Adult),26,Low Value,21,Medium Engagement,Low Value - Medium Engagement,Yes,Quarterly,90,Clothing,Dress,2.9,Yes,Store Pickup,Bank Transfer,Georgia,Winter
74,48,Male,46-60 (Middle-Aged),85,High Value,43,High Engagement,High Value - High Engagement,Yes,Bi-Weekly,14,Clothing,Pants,2.7,Yes,Free Shipping,Bank Transfer,Hawaii,Spring
75,49,Male,46-60 (Middle-Aged),58,Medium Value,3,Low Engagement,Medium Value - Low Engagement,Yes,Monthly,30,Accessories,Gloves,4.5,Yes,Express,Cash,Indiana,Spring
76,64,Male,61-70 (Senior),85,High Value,21,Medium Engagement,High Value - Medium Engagement,Yes,Annually,365,Accessories,Scarf,2.7,Yes,Free Shipping,Credit Card,Utah,Summer
77,50,Male,46-60 (Middle-Aged),43,Medium Value,32,Medium Engagement,Medium Value - Medium Engagement,Yes,Monthly,30,Accessories,Hat,4.2,Yes,Free Shipping,Venmo,Delaware,Summer
78,22,Male,18-30 (Young Adult),53,Medium Value,36,High Engagement,Medium Value - High Engagement,Yes,Bi-Weekly,14,Clothing,Dress,3.3,Yes,Next Day Air,Debit Card,Delaware,Summer
79,50,Male,46-60 (Middle-Aged),91,High Value,50,High Engagement,High Value - High Engagement,Yes,Bi-Weekly,14,Clothing,Skirt,4.7,Yes,Free Shipping,Venmo,Nebraska,Spring
80,38,Male,31-45 (Adult),96,High Value,43,High Engagement,High Value - High Engagement,Yes,Quarterly,90,Outerwear,Jacket,2.6,Yes,2-Day Shipping,Bank Transfer,Iowa,Winter
81,19,Male,18-30 (Young Adult),72,Medium Value,24,Medium Engagement,Medium Value - Medium Engagement,Yes,Quarterly,90,Footwear,Sandals,3.8,Yes,Store Pickup,Credit Card,New York,Summer
82,67,Male,61-70 (Senior),96,High Value,36,High Engagement,High Value - High Engagement,Yes,Quarterly,90,Footwear,Shoes,2.6,Yes,Express,Credit Card,Virginia,Summer
83,19,Male,18-30 (Young Adult),28,Low Value,21,Medium Engagement,Low Value - Medium Engagement,Yes,Quarterly,90,Clothing,Pants,4.0,Yes,2-Day Shipping,Credit Card,Georgia,Spring
84,36,Male,31-45 (Adult),40,Medium Value,34,Medium Engagement,Medium Value - Medium Engagement,Yes,Weekly,7,Clothing,Dress,4.1,Yes,Standard,Bank Transfer,Texas,Summer
85,52,Male,46-60 (Middle-Aged),32,Low Value,42,High Engagement,Low Value - High Engagement,Yes,Quarterly,90,Outerwear,Coat,4.4,Yes,Standard,Bank Transfer,Arizona,Spring
86,53,Male,46-60 (Middle-Aged),95,High Value,2,Low Engagement,High Value - Low Engagement,Yes,Bi-Weekly,14,Accessories,Sunglasses,4.5,Yes,Next Day Air,Debit Card,New Mexico,Winter
87,24,Male,18-30 (Young Adult),41,Medium Value,47,High Engagement,Medium Value - High Engagement,Yes,Bi-Weekly,14,Clothing,Hoodie,3.7,Yes,2-Day Shipping,Cash,Nevada,Spring
88,52,Male,46-60 (Middle-Aged),53,Medium Value,44,High Engagement,Medium Value - High Engagement,Yes,Bi-Weekly,14,Footwear,Shoes,3.7,Yes,2-Day Shipping,Debit Card,Ohio,Fall
89,33,Male,31-45 (Adult),47,Medium Value,35,Medium Engagement,Medium Value - Medium Engagement,Yes,Monthly,30,Clothing,T-shirt,3.5,Yes,Free Shipping,Credit Card,Wyoming,Fall
90,47,Male,46-60 (Middle-Aged),83,High Value,15,Low Engagement,High Value - Low Engagement,Yes,Quarterly,90,Outerwear,Jacket,3.6,Yes,Next Day Air,Cash,California,Fall
91,25,Male,18-30 (Young Adult),48,Medium Value,29,Medium Engagement,Medium Value - Medium Engagement,Yes,Monthly,30,Accessories,Hat,2.9,Yes,Express,Credit Card,South Carolina,Summer
92,44,Male,31-45 (Adult),99,High Value,18,Medium Engagement,High Value - Medium Engagement,Yes,Quarterly,90,Accessories,Scarf,4.6,Yes,Standard,Credit Card,South Carolina,Winter
93,61,Male,61-70 (Senior),87,High Value,13,Low Engagement,High Value - Low Engagement,Yes,Quarterly,90,Outerwear,Jacket,4.4,Yes,2-Day Shipping,Venmo,Texas,Winter
94,37,Male,31-45 (Adult),62,Medium Value,46,High Engagement,Medium Value - High Engagement,Yes,Weekly,7,Clothing,Sweater,4.5,Yes,Standard,Credit Card,Florida,Fall
95,58,Male,46-60 (Middle-Aged),76,High Value,28,Medium Engagement,High Value - Medium Engagement,Yes,Weekly,7,Clothing,Skirt,4.6,Yes,Free Shipping,Credit Card,Nevada,Spring
96,37,Male,31-45 (Adult),100,High Value,48,High Engagement,High Value - High Engagement,Yes,Monthly,30,Footwear,Sneakers,3.8,Yes,Free Shipping,PayPal,Missouri,Fall
97,32,Male,31-45 (Adult),73,Medium Value,43,High Engagement,Medium Value - High Engagement,Yes,Quarterly,90,Accessories,Gloves,3.8,Yes,Express,Venmo,Delaware,Spring
98,21,Male,18-30 (Young Adult),92,High Value,37,High Engagement,High Value - High Engagement,Yes,Annually,365,Footwear,Shoes,4.8,Yes,Store Pickup,Cash,Virginia,Winter
99,20,Male,18-30 (Young Adult),67,Medium Value,20,Medium Engagement,Medium Value - Medium Engagement,Yes,Annually,365,Clothing,Jeans,2.6,Yes,Next Day Air,Bank Transfer,New York,Spring
100,26,Male,18-30 (Young Adult),40,Medium Value,33,Medium Engagement,Medium Value - Medium Engagement,Yes,Quarterly,90,Clothing,Hoodie,3.7,Yes,Express,Debit Card,Missouri,Summer
101,62,Male,61-70 (Senior),98,High Value,31,Medium Engagement,High Value - Medium Engagement,Yes,Bi-Weekly,14,Accessories,Sunglasses,2.7,Yes,Express,Cash,South Dakota,Fall
102,27,Male,18-30 (Young Adult),85,High Value,50,High Engagement,High Value - High Engagement,Yes,Bi-Weekly,14,Outerwear,Coat,4.6,Yes,Express,Credit Card,North Dakota,Spring
103,51,Male,46-60 (Middle-Aged),67,Medium Value,35,Medium Engagement,Medium Value - Medium Engagement,Yes,Quarterly,90,Clothing,Socks,4.8,Yes,Next Day Air,Credit Card,Oklahoma,Winter
104,54,Male,46-60 (Middle-Aged),89,High Value,22,Medium Engagement,High Value - Medium Engagement,Yes,Bi-Weekly,14,Footwear,Boots,4.0,Yes,Next Day Air,Venmo,West Virginia,Winter
105,55,Male,46-60 (Middle-Aged),24,Low Value,1,Low Engagement,Low Value - Low Engagement,Yes,Monthly,30,Accessories,Sunglasses,4.4,Yes,2-Day Shipping,PayPal,New Hampshire,Spring
106,69,Male,61-70 (Senior),96,High Value,4,Low Engagement,High Value - Low Engagement,Yes,Annually,365,Accessories,Backpack,3.6,Yes,Next Day Air,Bank Transfer,New York,Fall
107,64,Male,61-70 (Senior),35,Low Value,31,Medium Engagement,Low Value - Medium Engagement,Yes,Monthly,30,Outerwear,Jacket,3.7,Yes,Standard,Credit Card,Minnesota,Summer
108,28,Male,18-30 (Young Adult),67,Medium Value,46,High Engagement,Medium Value - High Engagement,Yes,Bi-Weekly,14,Footwear,Sneakers,3.1,Yes,Next Day Air,PayPal,Maryland,Winter
109,70,Male,61-70 (Senior),79,High Value,32,Medium Engagement,High Value - Medium Engagement,Yes,Bi-Weekly,14,Clothing,Socks,3.4,Yes,Next Day Air,Bank Transfer,Montana,Spring
110,58,Male,46-60 (Middle-Aged),85,High Value,43,High Engagement,High Value - High Engagement,Yes,Bi-Weekly,14,Clothing,T-shirt,2.6,Yes,Next Day Air,Bank Transfer,Alabama,Spring
111,56,Male,46-60 (Middle-Aged),26,Low Value,26,Medium Engagement,Low Value - Medium Engagement,Yes,Bi-Weekly,14,Accessories,Backpack,4.0,Yes,Standard,Venmo,New York,Summer
112,26,Male,18-30 (Young Adult),75,Medium Value,9,Low Engagement,Medium Value - Low Engagement,Yes,Annually,365,Accessories,Belt,5.0,Yes,Free Shipping,Credit Card,Massachusetts,Summer
113,37,Male,31-45 (Adult),65,Medium Value,28,Medium Engagement,Medium Value - Medium Engagement,Yes,Bi-Weekly,14,Accessories,Gloves,4.3,Yes,Free Shipping,PayPal,Florida,Spring
114,44,Male,31-45 (Adult),54,Medium Value,20,Medium Engagement,Medium Value - Medium Engagement,Yes,Quarterly,90,Accessories,Hat,3.1,Yes,Next Day Air,PayPal,New Jersey,Winter
115,70,Male,61-70 (Senior),95,High Value,9,Low Engagement,High Value - Low Engagement,Yes,Weekly,7,Outerwear,Coat,3.7,Yes,Store Pickup,Cash,Massachusetts,Summer
116,53,Male,46-60 (Middle-Aged),94,High Value,48,High Engagement,High Value - High Engagement,Yes,Quarterly,90,Clothing,Skirt,3.8,Yes,Standard,Debit Card,Wyoming,Spring
117,55,Male,46-60 (Middle-Aged),86,High Value,12,Low Engagement,High Value - Low Engagement,Yes,Annually,365,Footwear,Shoes,3.4,Yes,Free Shipping,Venmo,Virginia,Spring
118,50,Male,46-60 (Middle-Aged),32,Low Value,29,Medium Engagement,Low Value - Medium Engagement,Yes,Bi-Weekly,14,Footwear,Sandals,4.6,Yes,Express,Cash,South Dakota,Summer
119,50,Male,46-60 (Middle-Aged),45,Medium Value,27,Medium Engagement,Medium Value - Medium Engagement,Yes,Bi-Weekly,14,Clothing,Sweater,4.8,Yes,2-Day Shipping,Cash,Kentucky,Fall
120,38,Male,31-45 (Adult),76,High Value,44,High Engagement,High Value - High Engagement,Yes,Annually,365,Outerwear,Coat,4.3,Yes,Express,Cash,Wyoming,Fall
121,64,Male,61-70 (Senior),84,High Value,32,Medium Engagement,High Value - Medium Engagement,Yes,Annually,365,Accessories,Hat,4.0,Yes,Express,Bank Transfer,West Virginia,Summer
122,19,Male,18-30 (Young Adult),72,Medium Value,11,Low Engagement,Medium Value - Low Engagement,Yes,Bi-Weekly,14,Clothing,Shorts,4.2,Yes,Standard,Cash,Virginia,Winter
123,40,Male,31-45 (Adult),40,Medium Value,44,High Engagement,Medium Value - High Engagement,Yes,Bi-Weekly,14,Accessories,Backpack,4.8,Yes,2-Day Shipping,Cash,Washington,Spring
124,57,Male,46-60 (Middle-Aged),89,High Value,46,High Engagement,High Value - High Engagement,Yes,Weekly,7,Clothing,Sweater,3.1,Yes,Free Shipping,Cash,Louisiana,Fall
125,44,Male,31-45 (Adult),86,High Value,50,High Engagement,High Value - High Engagement,Yes,Annually,365,Clothing,Sweater,3.1,Yes,Next Day Air,PayPal,Nevada,Spring
126,49,Male,46-60 (Middle-Aged),54,Medium Value,45,High Engagement,Medium Value - High Engagement,Yes,Quarterly,90,Clothing,Shorts,3.6,Yes,Next Day Air,Venmo,California,Winter
127,43,Male,31-45 (Adult),36,Low Value,48,High Engagement,Low Value - High Engagement,Yes,Quarterly,90,Clothing,Shorts,3.9,Yes,Store Pickup,Cash,Mississippi,Spring
128,24,Male,18-30 (Young Adult),89,High Value,26,Medium Engagement,High Value - Medium Engagement,Yes,Weekly,7,Clothing,Sweater,4.8,Yes,Next Day Air,Credit Card,Mississippi,Winter
129,20,Male,18-30 (Young Adult),32,Low Value,21,Medium Engagement,Low Value - Medium Engagement,Yes,Bi-Weekly,14,Accessories,Scarf,4.7,Yes,Standard,Credit Card,California,Spring
130,24,Male,18-30 (Young Adult),67,Medium Value,49,High Engagement,Medium Value - High Engagement,Yes,Bi-Weekly,14,Clothing,Dress,4.2,Yes,2-Day Shipping,PayPal,Pennsylvania,Summer
131,44,Male,31-45 (Adult),39,Low Value,13,Low Engagement,Low Value - Low Engagement,Yes,Bi-Weekly,14,Accessories,Scarf,3.7,Yes,Next Day Air,PayPal,Kentucky,Fall
132,28,Male,18-30 (Young Adult),29,Low Value,46,High Engagement,Low Value - High Engagement,Yes,Weekly,7,Clothing,Skirt,3.9,Yes,Standard,Credit Card,Maine,Summer
133,30,Male,18-30 (Young Adult),58,Medium Value,42,High Engagement,Medium Value - High Engagement,Yes,Weekly,7,Accessories,Backpack,4.7,Yes,2-Day Shipping,PayPal,New Mexico,Fall
134,52,Male,46-60 (Middle-Aged),65,Medium Value,25,Medium Engagement,Medium Value - Medium Engagement,Yes,Annually,365,Clothing,Sweater,2.5,Yes,Next Day Air,Venmo,Montana,Winter
135,43,Male,31-45 (Adult),94,High Value,25,Medium Engagement,High Value - Medium Engagement,Yes,Monthly,30,Accessories,Hat,4.9,Yes,Store Pickup,Cash,Texas,Fall
136,43,Male,31-45 (Adult),81,High Value,12,Low Engagement,High Value - Low Engagement,Yes,Quarterly,90,Footwear,Sandals,4.1,Yes,Express,PayPal,Kansas,Fall
137,39,Male,31-45 (Adult),86,High Value,4,Low Engagement,High Value - Low Engagement,Yes,Quarterly,90,Clothing,Blouse,3.3,Yes,Free Shipping,Debit Card,South Carolina,Winter
138,68,Male,61-70 (Senior),43,Medium Value,38,High Engagement,Medium Value - High Engagement,Yes,Weekly,7,Footwear,Sneakers,4.7,Yes,Free Shipping,PayPal,Colorado,Spring
139,68,Male,61-70 (Senior),29,Low Value,42,High Engagement,Low Value - High Engagement,Yes,Weekly,7,Clothing,Skirt,4.4,Yes,Store Pickup,Bank Transfer,Georgia,Winter
140,49,Male,46-60 (Middle-Aged),95,High Value,30,Medium Engagement,High Value - Medium Engagement,Yes,Annually,365,Outerwear,Coat,3.8,Yes,Store Pickup,Venmo,Florida,Fall
141,63,Male,61-70 (Senior),28,Low Value,50,High Engagement,Low Value - High Engagement,Yes,Weekly,7,Clothing,Shirt,3.9,Yes,2-Day Shipping,Credit Card,North Carolina,Fall
142,56,Male,46-60 (Middle-Aged),46,Medium Value,45,High Engagement,Medium Value - High Engagement,Yes,Weekly,7,Accessories,Gloves,4.9,Yes,Free Shipping,PayPal,Virginia,Fall
143,37,Male,31-45 (Adult),58,Medium Value,33,Medium Engagement,Medium Value - Medium Engagement,Yes,Bi-Weekly,14,Outerwear,Jacket,3.1,Yes,Free Shipping,Credit Card,Nebraska,Fall
144,30,Male,18-30 (Young Adult),48,Medium Value,25,Medium Engagement,Medium Value - Medium Engagement,Yes,Quarterly,90,Outerwear,Coat,2.7,Yes,Store Pickup,PayPal,Missouri,Fall
145,19,Male,18-30 (Young Adult),43,Medium Value,25,Medium Engagement,Medium Value - Medium Engagement,Yes,Monthly,30,Footwear,Shoes,3.2,Yes,Express,Cash,New Jersey,Fall
146,24,Male,18-30 (Young Adult),95,High Value,44,High Engagement,High Value - High Engagement,Yes,Quarterly,90,Accessories,Jewelry,4.5,Yes,Standard,Debit Card,Missouri,Fall
147,52,Male,46-60 (Middle-Aged),30,Low Value,21,Medium Engagement,Low Value - Medium Engagement,Yes,Bi-Weekly,14,Clothing,Skirt,4.0,Yes,Standard,Venmo,Colorado,Fall
148,63,Male,61-70 (Senior),64,Medium Value,31,Medium Engagement,Medium Value - Medium Engagement,Yes,Bi-Weekly,14,Footwear,Shoes,3.5,Yes,2-Day Shipping,Bank Transfer,Idaho,Summer
149,37,Male,31-45 (Adult),90,High Value,47,High Engagement,High Value - High Engagement,Yes,Annually,365,Accessories,Gloves,2.6,Yes,Store Pickup,Debit Card,Wyoming,Fall
150,38,Male,31-45 (Adult),76,High Value,14,Low Engagement,High Value - Low Engagement,Yes,Monthly,30,Clothing,Pants,3.2,Yes,Free Shipping,PayPal,Delaware,Summer
151,35,Male,31-45 (Adult),96,High Value,17,Medium Engagement,High Value - Medium Engagement,Yes,Quarterly,90,Footwear,Boots,4.9,Yes,Standard,Debit Card,California,Fall
152,28,Male,18-30 (Young Adult),47,Medium Value,3,Low Engagement,Medium Value - Low Engagement,Yes,Annually,365,Accessories,Sunglasses,4.5,Yes,Next Day Air,Venmo,North Dakota,Fall
153,30,Male,18-30 (Young Adult),85,High Value,42,High Engagement,High Value - High Engagement,Yes,Annually,365,Clothing,Shirt,4.3,Yes,Express,Venmo,South Carolina,Summer
154,69,Male,61-70 (Senior),55,Medium Value,22,Medium Engagement,Medium Value - Medium Engagement,Yes,Annually,365,Clothing,Hoodie,3.2,Yes,Standard,Debit Card,North Carolina,Winter
155,41,Male,31-45 (Adult),98,High Value,21,Medium Engagement,High Value - Medium Engagement,Yes,Quarterly,90,Clothing,Dress,3.6,Yes,Next Day Air,Venmo,Oklahoma,Fall
156,63,Male,61-70 (Senior),77,High Value,21,Medium Engagement,High Value - Medium Engagement,Yes,Quarterly,90,Clothing,Socks,4.3,Yes,Free Shipping,Bank Transfer,Maine,Spring
157,35,Male,31-45 (Adult),26,Low Value,40,High Engagement,Low Value - High Engagement,Yes,Annually,365,Clothing,Shorts,4.0,Yes,Standard,Debit Card,Missouri,Fall
158,36,Male,31-45 (Adult),68,Medium Value,1,Low Engagement,Medium Value - Low Engagement,Yes,Bi-Weekly,14,Accessories,Hat,3.0,Yes,Next Day Air,Bank Transfer,Vermont,Fall
159,25,Male,18-30 (Young Adult),73,Medium Value,50,High Engagement,Medium Value - High Engagement,Yes,Monthly,30,Clothing,Shirt,4.1,Yes,Standard,Bank Transfer,Connecticut,Fall
160,58,Male,46-60 (Middle-Aged),27,Low Value,39,High Engagement,Low Value - High Engagement,Yes,Quarterly,90,Accessories,Gloves,3.8,Yes,Store Pickup,Bank Transfer,New Hampshire,Fall
161,27,Male,18-30 (Young Adult),23,Low Value,34,Medium Engagement,Low Value - Medium Engagement,Yes,Monthly,30,Accessories,Gloves,4.6,Yes,Free Shipping,Venmo,Texas,Summer
162,65,Male,61-70 (Senior),49,Medium Value,29,Medium Engagement,Medium Value - Medium Engagement,Yes,Bi-Weekly,14,Accessories,Backpack,3.0,Yes,Express,Venmo,North Dakota,Fall
163,54,Male,46-60 (Middle-Aged),74,Medium Value,31,Medium Engagement,Medium Value - Medium Engagement,Yes,Bi-Weekly,14,Accessories,Sunglasses,3.0,Yes,Store Pickup,PayPal,California,Summer
164,54,Male,46-60 (Middle-Aged),67,Medium Value,8,Low Engagement,Medium Value - Low Engagement,Yes,Weekly,7,Clothing,Skirt,3.4,Yes,Standard,Debit Card,Virginia,Summer
165,59,Male,46-60 (Middle-Aged),65,Medium Value,5,Low Engagement,Medium Value - Low Engagement,Yes,Bi-Weekly,14,Accessories,Handbag,2.6,Yes,Free Shipping,Credit Card,Delaware,Spring
166,42,Male,31-45 (Adult),60,Medium Value,7,Low Engagement,Medium Value - Low Engagement,Yes,Monthly,30,Accessories,Handbag,2.8,Yes,Store Pickup,Cash,Kentucky,Winter
167,46,Male,46-60 (Middle-Aged),31,Low Value,30,Medium Engagement,Low Value - Medium Engagement,Yes,Monthly,30,Footwear,Sneakers,4.0,Yes,Store Pickup,Cash,Delaware,Fall
168,33,Male,31-45 (Adult),27,Low Value,14,Low Engagement,Low Value - Low Engagement,Yes,Quarterly,90,Accessories,Gloves,4.0,Yes,Express,Credit Card,Arkansas,Fall
169,34,Male,31-45 (Adult),80,High Value,5,Low Engagement,High Value - Low Engagement,Yes,Bi-Weekly,14,Footwear,Shoes,3.0,Yes,Express,Cash,Louisiana,Summer
170,27,Male,18-30 (Young Adult),30,Low Value,3,Low Engagement,Low Value - Low Engagement,Yes,Quarterly,90,Outerwear,Jacket,3.3,Yes,Standard,PayPal,Nevada,Summer
171,52,Male,46-60 (Middle-Aged),25,Low Value,46,High Engagement,Low Value - High Engagement,Yes,Bi-Weekly,14,Clothing,Shirt,2.6,Yes,Store Pickup,Venmo,Wyoming,Fall
172,29,Male,18-30 (Young Adult),35,Low Value,4,Low Engagement,Low Value - Low Engagement,Yes,Weekly,7,Clothing,Shorts,3.6,Yes,Store Pickup,Credit Card,Virginia,Summer
173,54,Male,46-60 (Middle-Aged),67,Medium Value,42,High Engagement,Medium Value - High Engagement,Yes,Bi-Weekly,14,Accessories,Jewelry,3.9,Yes,Next Day Air,Credit Card,Nebraska,Summer
174,25,Male,18-30 (Young Adult),46,Medium Value,30,Medium Engagement,Medium Value - Medium Engagement,Yes,Annually,365,Accessories,Hat,3.4,Yes,Standard,Cash,Hawaii,Fall
175,41,Male,31-45 (Adult),35,Low Value,37,High Engagement,Low Value - High Engagement,Yes,Annually,365,Footwear,Shoes,3.5,Yes,Express,Venmo,Vermont,Winter
176,53,Male,46-60 (Middle-Aged),86,High Value,2,Low Engagement,High Value - Low Engagement,Yes,Annually,365,Outerwear,Coat,2.8,Yes,Next Day Air,Bank Transfer,Oklahoma,Fall
177,53,Male,46-60 (Middle-Aged),81,High Value,30,Medium Engagement,High Value - Medium Engagement,Yes,Quarterly,90,Accessories,Backpack,2.7,Yes,Next Day Air,Credit Card,New Hampshire,Spring
178,21,Male,18-30 (Young Adult),42,Medium Value,47,High Engagement,Medium Value - High Engagement,Yes,Monthly,30,Clothing,Hoodie,3.7,Yes,Next Day Air,Bank Transfer,Kansas,Fall
179,61,Male,61-70 (Senior),43,Medium Value,21,Medium Engagement,Medium Value - Medium Engagement,Yes,Quarterly,90,Clothing,Skirt,4.3,Yes,2-Day Shipping,PayPal,Idaho,Fall
180,64,Male,61-70 (Senior),31,Low Value,9,Low Engagement,Low Value - Low Engagement,Yes,Bi-Weekly,14,Footwear,Boots,4.9,Yes,Store Pickup,Bank Transfer,Illinois,Fall
181,51,Male,46-60 (Middle-Aged),81,High Value,12,Low Engagement,High Value - Low Engagement,Yes,Bi-Weekly,14,Footwear,Sandals,3.3,Yes,Store Pickup,Debit Card,South Dakota,Fall
182,32,Male,31-45 (Adult),61,Medium Value,4,Low Engagement,Medium Value - Low Engagement,Yes,Weekly,7,Clothing,Pants,4.7,Yes,Next Day Air,Bank Transfer,Massachusetts,Summer
183,38,Male,31-45 (Adult),96,High Value,10,Low Engagement,High Value - Low Engagement,Yes,Annually,365,Accessories,Gloves,2.8,Yes,Store Pickup,Debit Card,Alabama,Summer
184,58,Male,46-60 (Middle-Aged),29,Low Value,26,Medium Engagement,Low Value - Medium Engagement,Yes,Weekly,7,Clothing,Skirt,3.6,Yes,2-Day Shipping,Credit Card,Ohio,Spring
185,32,Male,31-45 (Adult),33,Low Value,40,High Engagement,Low Value - High Engagement,Yes,Bi-Weekly,14,Footwear,Sneakers,3.0,Yes,Express,Cash,Hawaii,Spring
186,46,Male,46-60 (Middle-Aged),32,Low Value,34,Medium Engagement,Low Value - Medium Engagement,Yes,Bi-Weekly,14,Clothing,T-shirt,4.5,Yes,Store Pickup,Bank Transfer,Wisconsin,Summer
187,39,Male,31-45 (Adult),56,Medium Value,31,Medium Engagement,Medium Value - Medium Engagement,Yes,Annually,365,Accessories,Backpack,2.9,Yes,Standard,Debit Card,Minnesota,Summer
188,19,Male,18-30 (Young Adult),94,High Value,1,Low Engagement,High Value - Low Engagement,Yes,Bi-Weekly,14,Footwear,Shoes,3.3,Yes,Store Pickup,Bank Transfer,Georgia,Spring
189,50,Male,46-60 (Middle-Aged),53,Medium Value,5,Low Engagement,Medium Value - Low Engagement,Yes,Bi-Weekly,14,Clothing,Hoodie,3.1,Yes,Express,Bank Transfer,Arkansas,Spring
190,36,Male,31-45 (Adult),82,High Value,4,Low Engagement,High Value - Low Engagement,Yes,Weekly,7,Clothing,Blouse,4.4,Yes,Next Day Air,Credit Card,West Virginia,Fall
191,65,Male,61-70 (Senior),70,Medium Value,48,High Engagement,Medium Value - High Engagement,Yes,Quarterly,90,Outerwear,Coat,3.0,Yes,Free Shipping,Venmo,Indiana,Fall
192,64,Male,61-70 (Senior),76,High Value,29,Medium Engagement,High Value - Medium Engagement,Yes,Quarterly,90,Accessories,Hat,3.9,Yes,Free Shipping,Cash,Utah,Fall
193,46,Male,46-60 (Middle-Aged),29,Low Value,12,Low Engagement,Low Value - Low Engagement,Yes,Bi-Weekly,14,Footwear,Shoes,2.9,Yes,Express,PayPal,Nebraska,Summer
194,36,Male,31-45 (Adult),100,High Value,29,Medium Engagement,High Value - Medium Engagement,Yes,Annually,365,Accessories,Belt,3.0,Yes,Standard,Venmo,North Dakota,Fall
195,51,Male,46-60 (Middle-Aged),94,High Value,15,Low Engagement,High Value - Low Engagement,Yes,Quarterly,90,Accessories,Backpack,3.1,Yes,Express,Debit Card,Missouri,Spring
196,51,Male,46-60 (Middle-Aged),25,Low Value,34,Medium Engagement,Low Value - Medium Engagement,Yes,Monthly,30,Outerwear,Jacket,4.3,Yes,Free Shipping,Credit Card,New York,Fall
197,38,Male,31-45 (Adult),88,High Value,41,High Engagement,High Value - High Engagement,Yes,Bi-Weekly,14,Footwear,Boots,3.9,Yes,Next Day Air,Credit Card,Washington,Summer
198,59,Male,46-60 (Middle-Aged),78,High Value,41,High Engagement,High Value - High Engagement,Yes,Monthly,30,Accessories,Scarf,3.2,Yes,2-Day Shipping,Credit Card,South Carolina,Fall
199,57,Male,46-60 (Middle-Aged),45,Medium Value,39,High Engagement,Medium Value - High Engagement,Yes,Bi-Weekly,14,Accessories,Jewelry,4.8,Yes,Standard,Credit Card,Utah,Winter
200,54,Male,46-60 (Middle-Aged),73,Medium Value,32,Medium Engagement,Medium Value - Medium Engagement,Yes,Weekly,7,Accessories,Hat,3.8,Yes,Express,Cash,Idaho,Summer
201,25,Male,18-30 (Young Adult),61,Medium Value,29,Medium Engagement,Medium Value - Medium Engagement,Yes,Monthly,30,Clothing,Dress,3.3,Yes,Next Day Air,Venmo,Pennsylvania,Summer
202,69,Male,61-70 (Senior),22,Low Value,15,Low Engagement,Low Value - Low Engagement,Yes,Annually,365,Clothing,Blouse,4.3,Yes,Free Shipping,Bank Transfer,Missouri,Fall
203,57,Male,46-60 (Middle-Aged),38,Low Value,33,Medium Engagement,Low Value - Medium Engagement,Yes,Annually,365,Accessories,Hat,2.7,Yes,Express,Venmo,Nebraska,Spring
204,70,Male,61-70 (Senior),38,Low Value,18,Medium Engagement,Low Value - Medium Engagement,Yes,Weekly,7,Accessories,Scarf,3.2,Yes,Next Day Air,Bank Transfer,Indiana,Fall
205,24,Male,18-30 (Young Adult),100,High Value,35,Medium Engagement,High Value - Medium Engagement,Yes,Bi-Weekly,14,Footwear,Sneakers,4.0,Yes,Store Pickup,Cash,Arizona,Fall
206,67,Male,61-70 (Senior),64,Medium Value,25,Medium Engagement,Medium Value - Medium Engagement,Yes,Weekly,7,Clothing,Shirt,3.0,Yes,Standard,PayPal,Hawaii,Winter
207,24,Male,18-30 (Young Adult),55,Medium Value,6,Low Engagement,Medium Value - Low Engagement,Yes,Bi-Weekly,14,Clothing,T-shirt,4.2,Yes,Free Shipping,Venmo,Wisconsin,Summer
208,62,Male,61-70 (Senior),91,High Value,17,Medium Engagement,High Value - Medium Engagement,Yes,Bi-Weekly,14,Accessories,Gloves,2.9,Yes,Express,Bank Transfer,Rhode Island,Summer
209,57,Male,46-60 (Middle-Aged),38,Low Value,17,Medium Engagement,Low Value - Medium Engagement,Yes,Monthly,30,Clothing,Skirt,4.1,Yes,Store Pickup,Credit Card,Wisconsin,Spring
210,55,Male,46-60 (Middle-Aged),97,High Value,44,High Engagement,High Value - High Engagement,Yes,Quarterly,90,Footwear,Sandals,3.2,Yes,Store Pickup,Cash,Minnesota,Winter
211,45,Male,31-45 (Adult),22,Low Value,6,Low Engagement,Low Value - Low Engagement,Yes,Bi-Weekly,14,Outerwear,Jacket,3.0,Yes,2-Day Shipping,PayPal,Vermont,Fall
212,69,Male,61-70 (Senior),92,High Value,45,High Engagement,High Value - High Engagement,Yes,Bi-Weekly,14,Clothing,Skirt,4.2,Yes,2-Day Shipping,Debit Card,South Dakota,Fall
213,67,Male,61-70 (Senior),84,High Value,7,Low Engagement,High Value - Low Engagement,Yes,Annually,365,Accessories,Handbag,4.2,Yes,Express,Debit Card,Virginia,Fall
214,30,Male,18-30 (Young Adult),93,High Value,11,Low Engagement,High Value - Low Engagement,Yes,Quarterly,90,Accessories,Handbag,4.4,Yes,Store Pickup,Debit Card,Nevada,Fall
215,24,Male,18-30 (Young Adult),50,Medium Value,41,High Engagement,Medium Value - High Engagement,Yes,Quarterly,90,Outerwear,Jacket,4.2,Yes,Next Day Air,Cash,Hawaii,Summer
216,62,Male,61-70 (Senior),64,Medium Value,24,Medium Engagement,Medium Value - Medium Engagement,Yes,Bi-Weekly,14,Accessories,Scarf,2.8,Yes,2-Day Shipping,PayPal,New Jersey,Spring
217,43,Male,31-45 (Adult),61,Medium Value,21,Medium Engagement,Medium Value - Medium Engagement,Yes,Weekly,7,Clothing,Shorts,3.7,Yes,Free Shipping,Venmo,Massachusetts,Spring
218,35,Male,31-45 (Adult),48,Medium Value,24,Medium Engagement,Medium Value - Medium Engagement,Yes,Annually,365,Accessories,Sunglasses,3.5,Yes,Next Day Air,Bank Transfer,Oklahoma,Winter
219,28,Male,18-30 (Young Adult),45,Medium Value,8,Low Engagement,Medium Value - Low Engagement,Yes,Quarterly,90,Clothing,T-shirt,2.9,Yes,Store Pickup,Credit Card,California,Spring
220,32,Male,31-45 (Adult),88,High Value,12,Low Engagement,High Value - Low Engagement,Yes,Bi-Weekly,14,Accessories,Belt,3.0,Yes,Free Shipping,Cash,Nevada,Spring
221,39,Male,31-45 (Adult),57,Medium Value,48,High Engagement,Medium Value - High Engagement,Yes,Bi-Weekly,14,Footwear,Sneakers,3.7,Yes,Express,Debit Card,Arizona,Spring
222,28,Male,18-30 (Young Adult),68,Medium Value,6,Low Engagement,Medium Value - Low Engagement,Yes,Quarterly,90,Accessories,Hat,4.4,Yes,Store Pickup,Bank Transfer,North Carolina,Summer
223,47,Male,46-60 (Middle-Aged),94,High Value,14,Low Engagement,High Value - Low Engagement,Yes,Bi-Weekly,14,Accessories,Gloves,4.5,Yes,2-Day Shipping,PayPal,New York,Spring
224,20,Male,18-30 (Young Adult),41,Medium Value,34,Medium Engagement,Medium Value - Medium Engagement,Yes,Annually,365,Clothing,Pants,4.8,Yes,Free Shipping,PayPal,Wyoming,Spring
225,63,Male,61-70 (Senior),83,High Value,12,Low Engagement,High Value - Low Engagement,Yes,Quarterly,90,Clothing,Socks,2.9,Yes,Free Shipping,Cash,South Dakota,Summer
226,25,Male,18-30 (Young Adult),22,Low Value,11,Low Engagement,Low Value - Low Engagement,Yes,Annually,365,Outerwear,Jacket,3.2,Yes,Next Day Air,Bank Transfer,Arkansas,Spring
227,29,Male,18-30 (Young Adult),74,Medium Value,5,Low Engagement,Medium Value - Low Engagement,Yes,Monthly,30,Footwear,Shoes,3.3,Yes,Free Shipping,PayPal,Texas,Spring
228,50,Male,46-60 (Middle-Aged),90,High Value,25,Medium Engagement,High Value - Medium Engagement,Yes,Bi-Weekly,14,Clothing,Jeans,4.2,Yes,Standard,Venmo,Rhode Island,Winter
229,18,Male,18-30 (Young Adult),79,High Value,11,Low Engagement,High Value - Low Engagement,Yes,Annually,365,Clothing,Socks,2.9,Yes,Store Pickup,Credit Card,New Hampshire,Spring
230,70,Male,61-70 (Senior),28,Low Value,27,Medium Engagement,Low Value - Medium Engagement,Yes,Quarterly,90,Footwear,Sandals,4.6,Yes,Next Day Air,PayPal,Ohio,Spring
231,66,Male,61-70 (Senior),88,High Value,43,High Engagement,High Value - High Engagement,Yes,Annually,365,Accessories,Scarf,4.1,Yes,Standard,Credit Card,Utah,Fall
232,28,Male,18-30 (Young Adult),26,Low Value,18,Medium Engagement,Low Value - Medium Engagement,Yes,Quarterly,90,Clothing,Blouse,3.1,Yes,2-Day Shipping,Debit Card,Tennessee,Spring
233,54,Male,46-60 (Middle-Aged),27,Low Value,32,Medium Engagement,Low Value - Medium Engagement,Yes,Bi-Weekly,14,Accessories,Jewelry,4.2,Yes,Express,Bank Transfer,Hawaii,Winter
234,19,Male,18-30 (Young Adult),83,High Value,27,Medium Engagement,High Value - Medium Engagement,Yes,Quarterly,90,Clothing,Sweater,4.5,Yes,Next Day Air,Bank Transfer,Arizona,Fall
235,20,Male,18-30 (Young Adult),39,Low Value,24,Medium Engagement,Low Value - Medium Engagement,Yes,Weekly,7,Accessories,Gloves,3.7,Yes,Next Day Air,Credit Card,South Dakota,Summer
236,43,Male,31-45 (Adult),89,High Value,31,Medium Engagement,High Value - Medium Engagement,Yes,Quarterly,90,Accessories,Sunglasses,3.7,Yes,Free Shipping,Debit Card,New Jersey,Winter
237,38,Male,31-45 (Adult),68,Medium Value,39,High Engagement,Medium Value - High Engagement,Yes,Bi-Weekly,14,Outerwear,Coat,3.4,Yes,Next Day Air,PayPal,North Dakota,Winter
238,50,Male,46-60 (Middle-Aged),90,High Value,36,High Engagement,High Value - High Engagement,Yes,Bi-Weekly,14,Clothing,Dress,3.0,Yes,Store Pickup,Debit Card,Iowa,Summer
239,64,Male,61-70 (Senior),34,Low Value,5,Low Engagement,Low Value - Low Engagement,Yes,Annually,365,Clothing,Skirt,4.2,Yes,Free Shipping,Cash,Ohio,Fall
240,49,Male,46-60 (Middle-Aged),51,Medium Value,47,High Engagement,Medium Value - High Engagement,Yes,Bi-Weekly,14,Clothing,Pants,2.9,Yes,Express,Credit Card,Vermont,Summer
241,47,Male,46-60 (Middle-Aged),45,Medium Value,29,Medium Engagement,Medium Value - Medium Engagement,Yes,Bi-Weekly,14,Clothing,Sweater,3.5,Yes,Free Shipping,Bank Transfer,Montana,Winter
242,36,Male,31-45 (Adult),88,High Value,43,High Engagement,High Value - High Engagement,Yes,Bi-Weekly,14,Clothing,Hoodie,4.1,Yes,Free Shipping,Venmo,Delaware,Winter
243,55,Male,46-60 (Middle-Aged),85,High Value,40,High Engagement,High Value - High Engagement,Yes,Quarterly,90,Outerwear,Coat,4.3,Yes,Store Pickup,Debit Card,New York,Summer
244,25,Male,18-30 (Young Adult),100,High Value,4,Low Engagement,High Value - Low Engagement,Yes,Monthly,30,Accessories,Jewelry,2.8,Yes,2-Day Shipping,Debit Card,Kentucky,Winter
245,53,Male,46-60 (Middle-Aged),42,Medium Value,39,High Engagement,Medium Value - High Engagement,Yes,Weekly,7,Accessories,Belt,4.9,Yes,2-Day Shipping,PayPal,Oregon,Spring
246,49,Male,46-60 (Middle-Aged),53,Medium Value,45,High Engagement,Medium Value - High Engagement,Yes,Bi-Weekly,14,Footwear,Sandals,3.3,Yes,Next Day Air,Venmo,Rhode Island,Summer
247,35,Male,31-45 (Adult),86,High Value,20,Medium Engagement,High Value - Medium Engagement,Yes,Bi-Weekly,14,Accessories,Sunglasses,3.2,Yes,Express,Venmo,Nevada,Spring
248,29,Male,18-30 (Young Adult),66,Medium Value,14,Low Engagement,Medium Value - Low Engagement,Yes,Weekly,7,Clothing,Sweater,4.4,Yes,Standard,Debit Card,Montana,Spring
249,47,Male,46-60 (Middle-Aged),100,High Value,33,Medium Engagement,High Value - Medium Engagement,Yes,Weekly,7,Accessories,Belt,4.8,Yes,Express,PayPal,Pennsylvania,Winter
250,53,Male,46-60 (Middle-Aged),47,Medium Value,18,Medium Engagement,Medium Value - Medium Engagement,Yes,Annually,365,Accessories,Handbag,4.2,Yes,Standard,Credit Card,Alaska,Fall
251,33,Male,31-45 (Adult),25,Low Value,9,Low Engagement,Low Value - Low Engagement,Yes,Weekly,7,Clothing,Skirt,4.0,Yes,Express,Bank Transfer,Mississippi,Fall
252,21,Male,18-30 (Young Adult),51,Medium Value,34,Medium Engagement,Medium Value - Medium Engagement,Yes,Annually,365,Accessories,Handbag,2.5,Yes,Standard,PayPal,Wyoming,Winter
253,32,Male,31-45 (Adult),41,Medium Value,33,Medium Engagement,Medium Value - Medium Engagement,Yes,Bi-Weekly,14,Clothing,Shorts,3.9,Yes,Free Shipping,Venmo,Delaware,Summer
254,52,Male,46-60 (Middle-Aged),73,Medium Value,15,Low Engagement,Medium Value - Low Engagement,Yes,Bi-Weekly,14,Footwear,Boots,4.9,Yes,2-Day Shipping,Bank Transfer,Oklahoma,Winter
255,67,Male,61-70 (Senior),42,Medium Value,4,Low Engagement,Medium Value - Low Engagement,Yes,Bi-Weekly,14,Accessories,Sunglasses,3.5,Yes,Store Pickup,PayPal,Indiana,Winter
256,43,Male,31-45 (Adult),20,Low Value,25,Medium Engagement,Low Value - Medium Engagement,Yes,Annually,365,Accessories,Scarf,4.2,Yes,Free Shipping,Debit Card,Maryland,Spring
257,58,Male,46-60 (Middle-Aged),30,Low Value,20,Medium Engagement,Low Value - Medium Engagement,Yes,Quarterly,90,Accessories,Jewelry,4.7,Yes,Express,Credit Card,South Dakota,Spring
258,20,Male,18-30 (Young Adult),53,Medium Value,5,Low Engagement,Medium Value - Low Engagement,Yes,Quarterly,90,Accessories,Handbag,4.5,Yes,Express,Credit Card,West Virginia,Summer
259,61,Male,61-70 (Senior),74,Medium Value,16,Medium Engagement,Medium Value - Medium Engagement,Yes,Quarterly,90,Accessories,Gloves,2.8,Yes,Express,Cash,Alabama,Spring
260,32,Male,31-45 (Adult),57,Medium Value,13,Low Engagement,Medium Value - Low Engagement,Yes,Annually,365,Clothing,Jeans,2.9,Yes,Standard,Debit Card,Louisiana,Fall
261,38,Male,31-45 (Adult),57,Medium Value,11,Low Engagement,Medium Value - Low Engagement,Yes,Quarterly,90,Accessories,Hat,3.2,Yes,2-Day Shipping,Credit Card,Montana,Winter
262,21,Male,18-30 (Young Adult),77,High Value,21,Medium Engagement,High Value - Medium Engagement,Yes,Annually,365,Clothing,Jeans,4.9,Yes,Standard,Credit Card,California,Winter
263,37,Male,31-45 (Adult),40,Medium Value,6,Low Engagement,Medium Value - Low Engagement,Yes,Annually,365,Clothing,Pants,3.7,Yes,Next Day Air,Debit Card,Hawaii,Summer
264,27,Male,18-30 (Young Adult),46,Medium Value,29,Medium Engagement,Medium Value - Medium Engagement,Yes,Monthly,30,Clothing,Shorts,4.3,Yes,Store Pickup,Venmo,Iowa,Summer
265,36,Male,31-45 (Adult),78,High Value,15,Low Engagement,High Value - Low Engagement,Yes,Annually,365,Clothing,Pants,3.9,Yes,Store Pickup,Cash,Colorado,Fall
266,32,Male,31-45 (Adult),59,Medium Value,17,Medium Engagement,Medium Value - Medium Engagement,Yes,Bi-Weekly,14,Accessories,Backpack,3.2,Yes,2-Day Shipping,Bank Transfer,Michigan,Spring
267,51,Male,46-60 (Middle-Aged),75,Medium Value,32,Medium Engagement,Medium Value - Medium Engagement,Yes,Weekly,7,Accessories,Jewelry,3.1,Yes,Express,Credit Card,Louisiana,Summer
268,64,Male,61-70 (Senior),54,Medium Value,42,High Engagement,Medium Value - High Engagement,Yes,Annually,365,Clothing,Sweater,3.9,Yes,2-Day Shipping,Venmo,Maryland,Spring
269,68,Male,61-70 (Senior),42,Medium Value,21,Medium Engagement,Medium Value - Medium Engagement,Yes,Monthly,30,Footwear,Shoes,2.6,Yes,Store Pickup,Cash,Georgia,Spring
270,68,Male,61-70 (Senior),44,Medium Value,9,Low Engagement,Medium Value - Low Engagement,Yes,Bi-Weekly,14,Clothing,Blouse,3.3,Yes,Next Day Air,Cash,Georgia,Winter
271,33,Male,31-45 (Adult),52,Medium Value,16,Medium Engagement,Medium Value - Medium Engagement,Yes,Annually,365,Clothing,Jeans,4.6,Yes,Free Shipping,Bank Transfer,North Dakota,Fall
272,65,Male,61-70 (Senior),69,Medium Value,42,High Engagement,Medium Value - High Engagement,Yes,Bi-Weekly,14,Accessories,Sunglasses,4.6,Yes,Express,Credit Card,Maryland,Summer
273,48,Male,46-60 (Middle-Aged),26,Low Value,37,High Engagement,Low Value - High Engagement,Yes,Bi-Weekly,14,Accessories,Jewelry,4.4,Yes,2-Day Shipping,Debit Card,Oregon,Summer
274,69,Male,61-70 (Senior),33,Low Value,32,Medium Engagement,Low Value - Medium Engagement,Yes,Quarterly,90,Outerwear,Coat,4.2,Yes,Express,Debit Card,North Dakota,Spring
275,59,Male,46-60 (Middle-Aged),32,Low Value,28,Medium Engagement,Low Value - Medium Engagement,Yes,Bi-Weekly,14,Accessories,Jewelry,3.0,Yes,Express,Cash,Maryland,Spring
276,48,Male,46-60 (Middle-Aged),85,High Value,13,Low Engagement,High Value - Low Engagement,Yes,Weekly,7,Accessories,Backpack,4.0,Yes,Express,Credit Card,Virginia,Winter
277,25,Male,18-30 (Young Adult),30,Low Value,11,Low Engagement,Low Value - Low Engagement,Yes,Bi-Weekly,14,Clothing,Skirt,3.5,Yes,Express,Bank Transfer,South Dakota,Fall
278,29,Male,18-30 (Young Adult),29,Low Value,36,High Engagement,Low Value - High Engagement,Yes,Bi-Weekly,14,Clothing,Shirt,3.0,Yes,Store Pickup,Bank Transfer,Georgia,Winter
279,57,Male,46-60 (Middle-Aged),95,High Value,23,Medium Engagement,High Value - Medium Engagement,Yes,Annually,365,Clothing,Sweater,3.7,Yes,Express,Debit Card,Hawaii,Spring
280,23,Male,18-30 (Young Adult),69,Medium Value,37,High Engagement,Medium Value - High Engagement,Yes,Monthly,30,Footwear,Sneakers,4.0,Yes,Standard,Bank Transfer,Arkansas,Summer
281,45,Male,31-45 (Adult),69,Medium Value,21,Medium Engagement,Medium Value - Medium Engagement,Yes,Bi-Weekly,14,Footwear,Sandals,4.2,Yes,2-Day Shipping,Cash,Montana,Fall
282,38,Male,31-45 (Adult),61,Medium Value,22,Medium Engagement,Medium Value - Medium Engagement,Yes,Bi-Weekly,14,Accessories,Belt,2.5,Yes,Standard,Debit Card,Oklahoma,Spring
283,21,Male,18-30 (Young Adult),94,High Value,9,Low Engagement,High Value - Low Engagement,Yes,Monthly,30,Clothing,Skirt,3.0,Yes,2-Day Shipping,Cash,Minnesota,Summer
284,32,Male,31-45 (Adult),30,Low Value,16,Medium Engagement,Low Value - Medium Engagement,Yes,Annually,365,Clothing,Sweater,3.2,Yes,Next Day Air,Venmo,Montana,Fall
285,63,Male,61-70 (Senior),45,Medium Value,4,Low Engagement,Medium Value - Low Engagement,Yes,Quarterly,90,Clothing,Skirt,3.5,Yes,Standard,PayPal,Ohio,Summer
286,29,Male,18-30 (Young Adult),39,Low Value,3,Low Engagement,Low Value - Low Engagement,Yes,Bi-Weekly,14,Accessories,Handbag,4.8,Yes,Express,Debit Card,Kentucky,Summer
287,27,Male,18-30 (Young Adult),51,Medium Value,6,Low Engagement,Medium Value - Low Engagement,Yes,Annually,365,Accessories,Jewelry,2.6,Yes,Store Pickup,Debit Card,Nebraska,Summer
288,56,Male,46-60 (Middle-Aged),37,Low Value,18,Medium Engagement,Low Value - Medium Engagement,Yes,Bi-Weekly,14,Accessories,Scarf,3.4,Yes,2-Day Shipping,Venmo,Delaware,Spring
289,30,Male,18-30 (Young Adult),62,Medium Value,34,Medium Engagement,Medium Value - Medium Engagement,Yes,Bi-Weekly,14,Clothing,T-shirt,3.7,Yes,2-Day Shipping,Venmo,North Carolina,Winter
290,49,Male,46-60 (Middle-Aged),85,High Value,26,Medium Engagement,High Value - Medium Engagement,Yes,Monthly,30,Outerwear,Coat,4.5,Yes,2-Day Shipping,Credit Card,New York,Fall
291,58,Male,46-60 (Middle-Aged),33,Low Value,50,High Engagement,Low Value - High Engagement,Yes,Weekly,7,Clothing,T-shirt,3.7,Yes,Standard,PayPal,Colorado,Winter
292,57,Male,46-60 (Middle-Aged),26,Low Value,40,High Engagement,Low Value - High Engagement,Yes,Monthly,30,Clothing,Dress,3.3,Yes,Next Day Air,Bank Transfer,Delaware,Fall
293,60,Male,46-60 (Middle-Aged),99,High Value,24,Medium Engagement,High Value - Medium Engagement,Yes,Quarterly,90,Footwear,Shoes,4.7,Yes,Free Shipping,Cash,Utah,Spring
294,69,Male,61-70 (Senior),39,Low Value,33,Medium Engagement,Low Value - Medium Engagement,Yes,Annually,365,Accessories,Handbag,2.7,Yes,Express,PayPal,Connecticut,Spring
295,70,Male,61-70 (Senior),20,Low Value,19,Medium Engagement,Low Value - Medium Engagement,Yes,Quarterly,90,Clothing,Skirt,4.6,Yes,Store Pickup,Credit Card,New Jersey,Spring
296,53,Male,46-60 (Middle-Aged),42,Medium Value,24,Medium Engagement,Medium Value - Medium Engagement,Yes,Quarterly,90,Accessories,Sunglasses,2.7,Yes,Store Pickup,Credit Card,West Virginia,Winter
297,25,Male,18-30 (Young Adult),74,Medium Value,19,Medium Engagement,Medium Value - Medium Engagement,Yes,Weekly,7,Footwear,Sandals,4.8,Yes,2-Day Shipping,Credit Card,Indiana,Spring
298,48,Male,46-60 (Middle-Aged),26,Low Value,4,Low Engagement,Low Value - Low Engagement,Yes,Bi-Weekly,14,Footwear,Shoes,4.4,Yes,Standard,Credit Card,Delaware,Summer
299,69,Male,61-70 (Senior),53,Medium Value,11,Low Engagement,Medium Value - Low Engagement,Yes,Quarterly,90,Clothing,T-shirt,4.0,Yes,Standard,Venmo,Maryland,Winter
300,25,Male,18-30 (Young Adult),80,High Value,28,Medium Engagement,High Value - Medium Engagement,Yes,Bi-Weekly,14,Footwear,Sneakers,3.2,Yes,Next Day Air,PayPal,Pennsylvania,Summer
301,29,Male,18-30 (Young Adult),98,High Value,24,Medium Engagement,High Value - Medium Engagement,Yes,Weekly,7,Accessories,Hat,4.4,Yes,Store Pickup,PayPal,Iowa,Spring
302,46,Male,46-60 (Middle-Aged),95,High Value,25,Medium Engagement,High Value - Medium Engagement,Yes,Quarterly,90,Clothing,Skirt,3.8,Yes,Standard,Credit Card,Pennsylvania,Spring
303,37,Male,31-45 (Adult),44,Medium Value,27,Medium Engagement,Medium Value - Medium Engagement,Yes,Quarterly,90,Clothing,Sweater,3.6,Yes,Express,Bank Transfer,Delaware,Summer
304,20,Male,18-30 (Young Adult),60,Medium Value,49,High Engagement,Medium Value - High Engagement,Yes,Weekly,7,Footwear,Sandals,3.3,Yes,Next Day Air,Venmo,Oregon,Summer
305,40,Male,31-45 (Adult),84,High Value,45,High Engagement,High Value - High Engagement,Yes,Bi-Weekly,14,Clothing,Dress,3.4,Yes,Next Day Air,Credit Card,Oregon,Winter
306,60,Male,46-60 (Middle-Aged),59,Medium Value,26,Medium Engagement,Medium Value - Medium Engagement,Yes,Annually,365,Clothing,Sweater,3.5,Yes,2-Day Shipping,PayPal,Utah,Fall
307,26,Male,18-30 (Young Adult),49,Medium Value,4,Low Engagement,Medium Value - Low Engagement,Yes,Annually,365,Outerwear,Jacket,3.6,Yes,Express,Cash,North Dakota,Summer
308,29,Male,18-30 (Young Adult),32,Low Value,3,Low Engagement,Low Value - Low Engagement,Yes,Quarterly,90,Accessories,Gloves,3.2,Yes,Free Shipping,Credit Card,Florida,Winter
309,66,Male,61-70 (Senior),29,Low Value,45,High Engagement,Low Value - High Engagement,Yes,Bi-Weekly,14,Accessories,Handbag,3.7,Yes,Standard,Venmo,Maryland,Fall
310,66,Male,61-70 (Senior),22,Low Value,21,Medium Engagement,Low Value - Medium Engagement,Yes,Bi-Weekly,14,Clothing,Dress,4.5,Yes,Standard,Cash,Minnesota,Spring
311,56,Male,46-60 (Middle-Aged),85,High Value,50,High Engagement,High Value - High Engagement,Yes,Bi-Weekly,14,Clothing,Pants,4.6,Yes,Standard,Cash,Montana,Winter
312,69,Male,61-70 (Senior),52,Medium Value,19,Medium Engagement,Medium Value - Medium Engagement,Yes,Monthly,30,Clothing,Jeans,4.1,Yes,Store Pickup,Bank Transfer,Rhode Island,Winter
313,38,Male,31-45 (Adult),89,High Value,6,Low Engagement,High Value - Low Engagement,Yes,Annually,365,Clothing,Pants,3.4,Yes,Next Day Air,PayPal,Massachusetts,Spring
314,42,Male,31-45 (Adult),77,High Value,50,High Engagement,High Value - High Engagement,Yes,Quarterly,90,Clothing,Dress,3.7,Yes,Express,Credit Card,Vermont,Spring
315,30,Male,18-30 (Young Adult),24,Low Value,17,Medium Engagement,Low Value - Medium Engagement,Yes,Quarterly,90,Clothing,Pants,3.3,Yes,Store Pickup,Debit Card,New Jersey,Summer
316,66,Male,61-70 (Senior),24,Low Value,24,Medium Engagement,Low Value - Medium Engagement,Yes,Annually,365,Accessories,Jewelry,4.5,Yes,Express,Debit Card,Wisconsin,Spring
317,36,Male,31-45 (Adult),22,Low Value,46,High Engagement,Low Value - High Engagement,Yes,Monthly,30,Accessories,Handbag,3.3,Yes,Free Shipping,Venmo,California,Fall
318,58,Male,46-60 (Middle-Aged),82,High Value,42,High Engagement,High Value - High Engagement,Yes,Quarterly,90,Clothing,Sweater,4.3,Yes,Standard,Cash,West Virginia,Fall
319,45,Male,31-45 (Adult),67,Medium Value,10,Low Engagement,Medium Value - Low Engagement,Yes,Annually,365,Accessories,Backpack,2.5,Yes,Standard,Cash,South Dakota,Winter
320,47,Male,46-60 (Middle-Aged),74,Medium Value,1,Low Engagement,Medium Value - Low Engagement,Yes,Quarterly,90,Clothing,Shorts,2.6,Yes,Standard,Cash,Maine,Spring
321,66,Male,61-70 (Senior),72,Medium Value,28,Medium Engagement,Medium Value - Medium Engagement,Yes,Quarterly,90,Accessories,Jewelry,4.9,Yes,Standard,Debit Card,Kansas,Summer
322,41,Male,31-45 (Adult),36,Low Value,48,High Engagement,Low Value - High Engagement,Yes,Quarterly,90,Footwear,Sneakers,4.7,Yes,Free Shipping,Debit Card,Vermont,Summer
323,41,Male,31-45 (Adult),95,High Value,47,High Engagement,High Value - High Engagement,Yes,Monthly,30,Accessories,Belt,3.0,Yes,Standard,Credit Card,Tennessee,Winter
324,66,Male,61-70 (Senior),78,High Value,29,Medium Engagement,High Value - Medium Engagement,Yes,Bi-Weekly,14,Clothing,Hoodie,3.5,Yes,Next Day Air,PayPal,Tennessee,Winter
325,37,Male,31-45 (Adult),82,High Value,37,High Engagement,High Value - High Engagement,Yes,Quarterly,90,Clothing,Shirt,4.8,Yes,Standard,Venmo,Wyoming,Summer
326,70,Male,61-70 (Senior),70,Medium Value,38,High Engagement,Medium Value - High Engagement,Yes,Annually,365,Clothing,Pants,4.3,Yes,Free Shipping,Debit Card,Vermont,Winter
327,62,Male,61-70 (Senior),41,Medium Value,48,High Engagement,Medium Value - High Engagement,Yes,Weekly,7,Accessories,Scarf,3.2,Yes,Store Pickup,Bank Transfer,New Jersey,Fall
328,61,Male,61-70 (Senior),42,Medium Value,36,High Engagement,Medium Value - High Engagement,Yes,Weekly,7,Outerwear,Coat,3.1,Yes,Free Shipping,PayPal,Iowa,Summer
329,48,Male,46-60 (Middle-Aged),50,Medium Value,9,Low Engagement,Medium Value - Low Engagement,Yes,Weekly,7,Outerwear,Coat,2.8,Yes,Free Shipping,Credit Card,Florida,Fall
330,70,Male,61-70 (Senior),31,Low Value,34,Medium Engagement,Low Value - Medium Engagement,Yes,Monthly,30,Clothing,Socks,2.9,Yes,2-Day Shipping,Bank Transfer,Nevada,Summer
331,46,Male,46-60 (Middle-Aged),51,Medium Value,43,High Engagement,Medium Value - High Engagement,Yes,Bi-Weekly,14,Clothing,Sweater,3.7,Yes,Express,Venmo,North Dakota,Winter
332,31,Male,31-45 (Adult),98,High Value,46,High Engagement,High Value - High Engagement,Yes,Quarterly,90,Clothing,Shirt,3.3,Yes,Store Pickup,PayPal,Florida,Fall
333,19,Male,18-30 (Young Adult),86,High Value,5,Low Engagement,High Value - Low Engagement,Yes,Monthly,30,Clothing,Shirt,2.8,Yes,2-Day Shipping,Credit Card,New York,Winter
334,39,Male,31-45 (Adult),64,Medium Value,15,Low Engagement,Medium Value - Low Engagement,Yes,Bi-Weekly,14,Clothing,Sweater,4.5,Yes,Standard,Bank Transfer,Alaska,Winter
335,41,Male,31-45 (Adult),46,Medium Value,30,Medium Engagement,Medium Value - Medium Engagement,Yes,Annually,365,Clothing,Blouse,2.6,Yes,Next Day Air,Credit Card,Kansas,Fall
336,20,Male,18-30 (Young Adult),85,High Value,44,High Engagement,High Value - High Engagement,Yes,Quarterly,90,Clothing,Sweater,3.7,Yes,Standard,Venmo,Oregon,Spring
337,36,Male,31-45 (Adult),81,High Value,16,Medium Engagement,High Value - Medium Engagement,Yes,Annually,365,Accessories,Hat,4.4,Yes,Express,PayPal,Rhode Island,Fall
338,32,Male,31-45 (Adult),59,Medium Value,16,Medium Engagement,Medium Value - Medium Engagement,Yes,Annually,365,Clothing,Sweater,4.3,Yes,2-Day Shipping,Bank Transfer,New Mexico,Winter
339,69,Male,61-70 (Senior),79,High Value,16,Medium Engagement,High Value - Medium Engagement,Yes,Weekly,7,Clothing,Hoodie,3.5,Yes,Express,Cash,Massachusetts,Winter
340,40,Male,31-45 (Adult),33,Low Value,21,Medium Engagement,Low Value - Medium Engagement,Yes,Quarterly,90,Clothing,Shorts,3.8,Yes,2-Day Shipping,Credit Card,Pennsylvania,Spring
341,40,Male,31-45 (Adult),47,Medium Value,39,High Engagement,Medium Value - High Engagement,Yes,Quarterly,90,Clothing,Shorts,3.5,Yes,Express,Venmo,New Jersey,Summer
342,20,Male,18-30 (Young Adult),20,Low Value,40,High Engagement,Low Value - High Engagement,Yes,Bi-Weekly,14,Accessories,Hat,4.6,Yes,Store Pickup,Debit Card,Utah,Summer
343,64,Male,61-70 (Senior),36,Low Value,48,High Engagement,Low Value - High Engagement,Yes,Quarterly,90,Outerwear,Coat,2.6,Yes,Next Day Air,Credit Card,Kentucky,Spring
344,27,Male,18-30 (Young Adult),39,Low Value,26,Medium Engagement,Low Value - Medium Engagement,Yes,Monthly,30,Footwear,Sandals,4.4,Yes,Next Day Air,Venmo,Nebraska,Summer
345,24,Male,18-30 (Young Adult),71,Medium Value,46,High Engagement,Medium Value - High Engagement,Yes,Monthly,30,Clothing,Skirt,4.0,Yes,Standard,Debit Card,Virginia,Winter
346,48,Male,46-60 (Middle-Aged),59,Medium Value,27,Medium Engagement,Medium Value - Medium Engagement,Yes,Annually,365,Footwear,Shoes,4.4,Yes,Next Day Air,Bank Transfer,Wyoming,Winter
347,49,Male,46-60 (Middle-Aged),50,Medium Value,5,Low Engagement,Medium Value - Low Engagement,Yes,Weekly,7,Clothing,Jeans,4.7,Yes,Next Day Air,Cash,New Mexico,Spring
348,36,Male,31-45 (Adult),41,Medium Value,43,High Engagement,Medium Value - High Engagement,Yes,Bi-Weekly,14,Footwear,Sandals,3.9,Yes,Store Pickup,PayPal,Oregon,Fall
349,56,Male,46-60 (Middle-Aged),59,Medium Value,17,Medium Engagement,Medium Value - Medium Engagement,Yes,Bi-Weekly,14,Clothing,Blouse,2.7,Yes,Free Shipping,PayPal,South Carolina,Fall
350,37,Male,31-45 (Adult),87,High Value,3,Low Engagement,High Value - Low Engagement,Yes,Bi-Weekly,14,Accessories,Hat,3.7,Yes,2-Day Shipping,Bank Transfer,Arizona,Winter
351,42,Male,31-45 (Adult),68,Medium Value,47,High Engagement,Medium Value - High Engagement,Yes,Bi-Weekly,14,Clothing,Sweater,2.6,Yes,2-Day Shipping,Bank Transfer,Kentucky,Spring
352,28,Male,18-30 (Young Adult),90,High Value,24,Medium Engagement,High Value - Medium Engagement,Yes,Bi-Weekly,14,Clothing,Skirt,3.9,Yes,Standard,Debit Card,New York,Winter
353,27,Male,18-30 (Young Adult),71,Medium Value,12,Low Engagement,Medium Value - Low Engagement,Yes,Quarterly,90,Clothing,Jeans,4.9,Yes,Next Day Air,Cash,Texas,Fall
354,63,Male,61-70 (Senior),64,Medium Value,35,Medium Engagement,Medium Value - Medium Engagement,Yes,Monthly,30,Footwear,Sneakers,4.1,Yes,Store Pickup,Debit Card,Missouri,Fall
355,58,Male,46-60 (Middle-Aged),76,High Value,42,High Engagement,High Value - High Engagement,Yes,Weekly,7,Accessories,Jewelry,3.0,Yes,Free Shipping,Venmo,Pennsylvania,Fall
356,37,Male,31-45 (Adult),42,Medium Value,1,Low Engagement,Medium Value - Low Engagement,Yes,Quarterly,90,Accessories,Jewelry,4.1,Yes,2-Day Shipping,PayPal,Oregon,Fall
357,56,Male,46-60 (Middle-Aged),80,High Value,27,Medium Engagement,High Value - Medium Engagement,Yes,Weekly,7,Clothing,Pants,3.7,Yes,Standard,Cash,Nevada,Spring
358,18,Male,18-30 (Young Adult),56,Medium Value,16,Medium Engagement,Medium Value - Medium Engagement,Yes,Bi-Weekly,14,Accessories,Belt,4.0,Yes,Standard,Credit Card,Arkansas,Spring
359,48,Male,46-60 (Middle-Aged),25,Low Value,36,High Engagement,Low Value - High Engagement,Yes,Quarterly,90,Accessories,Hat,3.6,Yes,Express,Credit Card,Minnesota,Summer
360,31,Male,31-45 (Adult),74,Medium Value,30,Medium Engagement,Medium Value - Medium Engagement,Yes,Quarterly,90,Footwear,Sneakers,3.0,Yes,Store Pickup,Credit Card,Georgia,Winter
361,51,Male,46-60 (Middle-Aged),30,Low Value,18,Medium Engagement,Low Value - Medium Engagement,Yes,Bi-Weekly,14,Clothing,Pants,3.0,Yes,Standard,Debit Card,Rhode Island,Summer
362,65,Male,61-70 (Senior),96,High Value,45,High Engagement,High Value - High Engagement,Yes,Annually,365,Clothing,T-shirt,2.6,Yes,Free Shipping,Cash,Nevada,Spring
363,53,Male,46-60 (Middle-Aged),64,Medium Value,1,Low Engagement,Medium Value - Low Engagement,Yes,Bi-Weekly,14,Footwear,Sneakers,3.4,Yes,Free Shipping,Venmo,Texas,Fall
364,55,Male,46-60 (Middle-Aged),88,High Value,42,High Engagement,High Value - High Engagement,Yes,Bi-Weekly,14,Clothing,Shorts,3.1,Yes,Free Shipping,Bank Transfer,Florida,Winter
365,62,Male,61-70 (Senior),88,High Value,7,Low Engagement,High Value - Low Engagement,Yes,Quarterly,90,Footwear,Shoes,3.0,Yes,Free Shipping,Venmo,North Dakota,Summer
366,55,Male,46-60 (Middle-Aged),88,High Value,50,High Engagement,High Value - High Engagement,Yes,Quarterly,90,Accessories,Gloves,3.7,Yes,Standard,PayPal,West Virginia,Summer
367,64,Male,61-70 (Senior),36,Low Value,37,High Engagement,Low Value - High Engagement,Yes,Bi-Weekly,14,Clothing,Socks,3.5,Yes,Store Pickup,Venmo,Nebraska,Spring
368,52,Male,46-60 (Middle-Aged),40,Medium Value,18,Medium Engagement,Medium Value - Medium Engagement,Yes,Monthly,30,Clothing,Dress,2.8,Yes,Store Pickup,Bank Transfer,Tennessee,Spring
369,24,Male,18-30 (Young Adult),39,Low Value,29,Medium Engagement,Low Value - Medium Engagement,Yes,Monthly,30,Accessories,Handbag,4.5,Yes,Standard,Cash,Oklahoma,Spring
370,38,Male,31-45 (Adult),40,Medium Value,45,High Engagement,Medium Value - High Engagement,Yes,Quarterly,90,Accessories,Belt,3.3,Yes,Store Pickup,PayPal,Wisconsin,Summer
371,59,Male,46-60 (Middle-Aged),34,Low Value,13,Low Engagement,Low Value - Low Engagement,Yes,Weekly,7,Accessories,Scarf,3.4,Yes,Express,PayPal,Oregon,Winter
372,27,Male,18-30 (Young Adult),83,High Value,47,High Engagement,High Value - High Engagement,Yes,Monthly,30,Footwear,Sneakers,3.2,Yes,2-Day Shipping,PayPal,North Carolina,Winter
373,24,Male,18-30 (Young Adult),85,High Value,7,Low Engagement,High Value - Low Engagement,Yes,Weekly,7,Clothing,Sweater,3.7,Yes,Standard,Debit Card,Pennsylvania,Summer
374,23,Male,18-30 (Young Adult),27,Low Value,11,Low Engagement,Low Value - Low Engagement,Yes,Bi-Weekly,14,Outerwear,Coat,4.6,Yes,Express,Venmo,North Dakota,Summer
375,69,Male,61-70 (Senior),78,High Value,39,High Engagement,High Value - High Engagement,Yes,Monthly,30,Accessories,Jewelry,5.0,Yes,Store Pickup,Bank Transfer,Ohio,Spring
376,59,Male,46-60 (Middle-Aged),32,Low Value,6,Low Engagement,Low Value - Low Engagement,Yes,Quarterly,90,Accessories,Sunglasses,4.4,Yes,Standard,Debit Card,Oklahoma,Summer
377,51,Male,46-60 (Middle-Aged),51,Medium Value,2,Low Engagement,Medium Value - Low Engagement,Yes,Bi-Weekly,14,Footwear,Shoes,4.9,Yes,Express,Venmo,South Carolina,Fall
378,63,Male,61-70 (Senior),32,Low Value,39,High Engagement,Low Value - High Engagement,Yes,Quarterly,90,Accessories,Scarf,4.1,Yes,Standard,Credit Card,Maine,Spring
379,54,Male,46-60 (Middle-Aged),62,Medium Value,23,Medium Engagement,Medium Value - Medium Engagement,Yes,Monthly,30,Clothing,Dress,4.9,Yes,Next Day Air,Credit Card,Nevada,Winter
380,32,Male,31-45 (Adult),29,Low Value,46,High Engagement,Low Value - High Engagement,Yes,Bi-Weekly,14,Clothing,T-shirt,4.7,Yes,2-Day Shipping,Debit Card,Montana,Fall
381,39,Male,31-45 (Adult),69,Medium Value,19,Medium Engagement,Medium Value - Medium Engagement,Yes,Weekly,7,Accessories,Backpack,3.0,Yes,Store Pickup,Bank Transfer,New Hampshire,Fall
382,66,Male,61-70 (Senior),25,Low Value,3,Low Engagement,Low Value - Low Engagement,Yes,Quarterly,90,Accessories,Jewelry,3.4,Yes,Store Pickup,Credit Card,Maine,Winter
383,28,Male,18-30 (Young Adult),76,High Value,47,High Engagement,High Value - High Engagement,Yes,Quarterly,90,Clothing,Jeans,3.2,Yes,Store Pickup,PayPal,California,Winter
384,50,Male,46-60 (Middle-Aged),77,High Value,6,Low Engagement,High Value - Low Engagement,Yes,Quarterly,90,Accessories,Sunglasses,3.8,Yes,Standard,PayPal,West Virginia,Fall
385,70,Male,61-70 (Senior),33,Low Value,6,Low Engagement,Low Value - Low Engagement,Yes,Annually,365,Clothing,Sweater,4.5,Yes,2-Day Shipping,Venmo,California,Fall
386,67,Male,61-70 (Senior),93,High Value,12,Low Engagement,High Value - Low Engagement,Yes,Bi-Weekly,14,Clothing,Shorts,2.7,Yes,Next Day Air,Credit Card,West Virginia,Fall
387,64,Male,61-70 (Senior),39,Low Value,40,High Engagement,Low Value - High Engagement,Yes,Quarterly,90,Accessories,Jewelry,3.4,Yes,Express,PayPal,Louisiana,Spring
388,45,Male,31-45 (Adult),93,High Value,38,High Engagement,High Value - High Engagement,Yes,Bi-Weekly,14,Outerwear,Coat,4.6,Yes,Store Pickup,PayPal,Georgia,Summer
389,22,Male,18-30 (Young Adult),82,High Value,10,Low Engagement,High Value - Low Engagement,Yes,Quarterly,90,Accessories,Handbag,2.7,Yes,Store Pickup,PayPal,Washington,Summer
390,27,Male,18-30 (Young Adult),42,Medium Value,28,Medium Engagement,Medium Value - Medium Engagement,Yes,Monthly,30,Footwear,Boots,4.2,Yes,Standard,Bank Transfer,Virginia,Spring
391,25,Male,18-30 (Young Adult),71,Medium Value,19,Medium Engagement,Medium Value - Medium Engagement,Yes,Annually,365,Accessories,Gloves,3.2,Yes,2-Day Shipping,PayPal,Indiana,Winter
392,37,Male,31-45 (Adult),86,High Value,25,Medium Engagement,High Value - Medium Engagement,Yes,Bi-Weekly,14,Clothing,Sweater,4.8,Yes,Standard,Cash,Minnesota,Spring
393,26,Male,18-30 (Young Adult),82,High Value,38,High Engagement,High Value - High Engagement,Yes,Annually,365,Clothing,T-shirt,3.3,Yes,Next Day Air,Credit Card,Idaho,Spring
394,33,Male,31-45 (Adult),65,Medium Value,6,Low Engagement,Medium Value - Low Engagement,Yes,Bi-Weekly,14,Footwear,Shoes,4.2,Yes,Standard,PayPal,Vermont,Fall
395,43,Male,31-45 (Adult),29,Low Value,7,Low Engagement,Low Value - Low Engagement,Yes,Bi-Weekly,14,Accessories,Scarf,4.8,Yes,Store Pickup,Debit Card,North Dakota,Spring
396,37,Male,31-45 (Adult),65,Medium Value,2,Low Engagement,Medium Value - Low Engagement,Yes,Annually,365,Footwear,Sneakers,4.9,Yes,Store Pickup,PayPal,Rhode Island,Winter
397,46,Male,46-60 (Middle-Aged),88,High Value,24,Medium Engagement,High Value - Medium Engagement,Yes,Annually,365,Clothing,Dress,3.9,Yes,Standard,Bank Transfer,South Carolina,Fall
398,22,Male,18-30 (Young Adult),46,Medium Value,26,Medium Engagement,Medium Value - Medium Engagement,Yes,Annually,365,Accessories,Belt,3.0,Yes,Free Shipping,Cash,Mississippi,Fall
399,20,Male,18-30 (Young Adult),67,Medium Value,25,Medium Engagement,Medium Value - Medium Engagement,Yes,Quarterly,90,Footwear,Boots,4.6,Yes,Free Shipping,Debit Card,Montana,Winter
400,60,Male,46-60 (Middle-Aged),35,Low Value,10,Low Engagement,Low Value - Low Engagement,Yes,Monthly,30,Accessories,Scarf,3.5,Yes,2-Day Shipping,Debit Card,Idaho,Fall
401,39,Male,31-45 (Adult),66,Medium Value,14,Low Engagement,Medium Value - Low Engagement,Yes,Bi-Weekly,14,Footwear,Boots,4.8,Yes,Free Shipping,PayPal,Utah,Winter
402,43,Male,31-45 (Adult),91,High Value,21,Medium Engagement,High Value - Medium Engagement,Yes,Quarterly,90,Clothing,T-shirt,4.8,Yes,Standard,Cash,Oklahoma,Fall
403,31,Male,31-45 (Adult),78,High Value,26,Medium Engagement,High Value - Medium Engagement,Yes,Monthly,30,Accessories,Backpack,3.0,Yes,Express,PayPal,California,Fall
404,19,Male,18-30 (Young Adult),45,Medium Value,12,Low Engagement,Medium Value - Low Engagement,Yes,Annually,365,Footwear,Sneakers,4.5,Yes,Next Day Air,Bank Transfer,Nevada,Winter
405,35,Male,31-45 (Adult),93,High Value,11,Low Engagement,High Value - Low Engagement,Yes,Monthly,30,Clothing,T-shirt,4.8,Yes,Store Pickup,Credit Card,Delaware,Spring
406,41,Male,31-45 (Adult),74,Medium Value,15,Low Engagement,Medium Value - Low Engagement,Yes,Annually,365,Clothing,Jeans,3.8,Yes,Standard,Cash,South Carolina,Summer
407,52,Male,46-60 (Middle-Aged),55,Medium Value,13,Low Engagement,Medium Value - Low Engagement,Yes,Monthly,30,Accessories,Gloves,4.6,Yes,Express,Cash,Maryland,Spring
408,45,Male,31-45 (Adult),76,High Value,5,Low Engagement,High Value - Low Engagement,Yes,Bi-Weekly,14,Clothing,Hoodie,3.1,Yes,Next Day Air,Credit Card,North Carolina,Spring
409,34,Male,31-45 (Adult),66,Medium Value,36,High Engagement,Medium Value - High Engagement,Yes,Bi-Weekly,14,Footwear,Sneakers,3.4,Yes,Express,Cash,Alabama,Spring
410,35,Male,31-45 (Adult),51,Medium Value,32,Medium Engagement,Medium Value - Medium Engagement,Yes,Monthly,30,Clothing,Shorts,3.3,Yes,2-Day Shipping,Bank Transfer,Minnesota,Winter
411,29,Male,18-30 (Young Adult),26,Low Value,1,Low Engagement,Low Value - Low Engagement,Yes,Quarterly,90,Clothing,Sweater,4.8,Yes,2-Day Shipping,Credit Card,Virginia,Spring
412,59,Male,46-60 (Middle-Aged),29,Low Value,15,Low Engagement,Low Value - Low Engagement,Yes,Annually,365,Clothing,Jeans,2.8,Yes,Express,PayPal,Michigan,Summer
413,24,Male,18-30 (Young Adult),74,Medium Value,3,Low Engagement,Medium Value - Low Engagement,Yes,Weekly,7,Outerwear,Jacket,3.1,Yes,Store Pickup,Bank Transfer,Maine,Summer
414,70,Male,61-70 (Senior),99,High Value,48,High Engagement,High Value - High Engagement,Yes,Monthly,30,Accessories,Jewelry,4.6,Yes,Free Shipping,Cash,Nevada,Summer
415,29,Male,18-30 (Young Adult),88,High Value,30,Medium Engagement,High Value - Medium Engagement,Yes,Weekly,7,Accessories,Backpack,2.6,Yes,Store Pickup,Debit Card,Wyoming,Winter
416,67,Male,61-70 (Senior),31,Low Value,40,High Engagement,Low Value - High Engagement,Yes,Monthly,30,Outerwear,Coat,2.6,Yes,Express,Bank Transfer,Connecticut,Winter
417,36,Male,31-45 (Adult),55,Medium Value,24,Medium Engagement,Medium Value - Medium Engagement,Yes,Bi-Weekly,14,Accessories,Belt,3.8,Yes,Free Shipping,Bank Transfer,Oregon,Spring
418,23,Male,18-30 (Young Adult),81,High Value,48,High Engagement,High Value - High Engagement,Yes,Quarterly,90,Footwear,Sandals,4.5,Yes,Free Shipping,Debit Card,Mississippi,Fall
419,18,Male,18-30 (Young Adult),73,Medium Value,27,Medium Engagement,Medium Value - Medium Engagement,Yes,Bi-Weekly,14,Clothing,Sweater,3.0,Yes,Standard,Venmo,Illinois,Spring
420,53,Male,46-60 (Middle-Aged),91,High Value,14,Low Engagement,High Value - Low Engagement,Yes,Quarterly,90,Clothing,Shorts,3.7,Yes,Free Shipping,Credit Card,Utah,Winter
421,32,Male,31-45 (Adult),54,Medium Value,18,Medium Engagement,Medium Value - Medium Engagement,Yes,Bi-Weekly,14,Clothing,Socks,3.8,Yes,Free Shipping,Debit Card,North Carolina,Spring
422,38,Male,31-45 (Adult),40,Medium Value,48,High Engagement,Medium Value - High Engagement,Yes,Bi-Weekly,14,Clothing,Shirt,3.5,Yes,Standard,Cash,Kentucky,Winter
423,47,Male,46-60 (Middle-Aged),59,Medium Value,32,Medium Engagement,Medium Value - Medium Engagement,Yes,Annually,365,Clothing,Pants,3.1,Yes,Store Pickup,Debit Card,Minnesota,Fall
424,46,Male,46-60 (Middle-Aged),26,Low Value,21,Medium Engagement,Low Value - Medium Engagement,Yes,Bi-Weekly,14,Accessories,Scarf,3.0,Yes,Store Pickup,Credit Card,New York,Spring
425,66,Male,61-70 (Senior),23,Low Value,42,High Engagement,Low Value - High Engagement,Yes,Bi-Weekly,14,Clothing,Sweater,4.3,Yes,Standard,PayPal,Illinois,Winter
426,40,Male,31-45 (Adult),87,High Value,4,Low Engagement,High Value - Low Engagement,Yes,Quarterly,90,Clothing,Jeans,3.3,Yes,Store Pickup,Credit Card,North Dakota,Winter
427,43,Male,31-45 (Adult),71,Medium Value,19,Medium Engagement,Medium Value - Medium Engagement,Yes,Quarterly,90,Clothing,Pants,4.7,Yes,Express,Credit Card,Louisiana,Winter
428,58,Male,46-60 (Middle-Aged),91,High Value,6,Low Engagement,High Value - Low Engagement,Yes,Quarterly,90,Accessories,Backpack,4.5,Yes,Store Pickup,Credit Card,Illinois,Winter
429,21,Male,18-30 (Young Adult),64,Medium Value,2,Low Engagement,Medium Value - Low Engagement,Yes,Bi-Weekly,14,Outerwear,Coat,2.9,Yes,Free Shipping,Debit Card,Wyoming,Winter
430,42,Male,31-45 (Adult),94,High Value,21,Medium Engagement,High Value - Medium Engagement,Yes,Bi-Weekly,14,Footwear,Sandals,4.1,Yes,2-Day Shipping,Cash,Washington,Winter
431,24,Male,18-30 (Young Adult),40,Medium Value,40,High Engagement,Medium Value - High Engagement,Yes,Annually,365,Clothing,Shirt,3.5,Yes,Store Pickup,Debit Card,Texas,Summer
432,43,Male,31-45 (Adult),76,High Value,33,Medium Engagement,High Value - Medium Engagement,Yes,Bi-Weekly,14,Accessories,Hat,3.4,Yes,Store Pickup,Cash,New Hampshire,Winter
433,47,Male,46-60 (Middle-Aged),86,High Value,26,Medium Engagement,High Value - Medium Engagement,Yes,Weekly,7,Clothing,Shirt,3.3,Yes,Free Shipping,Venmo,Indiana,Fall
434,49,Male,46-60 (Middle-Aged),92,High Value,23,Medium Engagement,High Value - Medium Engagement,Yes,Bi-Weekly,14,Clothing,Skirt,3.2,Yes,Store Pickup,Credit Card,Alabama,Fall
435,50,Male,46-60 (Middle-Aged),52,Medium Value,39,High Engagement,Medium Value - High Engagement,Yes,Quarterly,90,Footwear,Shoes,4.0,Yes,Store Pickup,PayPal,Oklahoma,Spring
436,51,Male,46-60 (Middle-Aged),28,Low Value,42,High Engagement,Low Value - High Engagement,Yes,Monthly,30,Outerwear,Coat,3.6,Yes,Next Day Air,Bank Transfer,Montana,Winter
437,40,Male,31-45 (Adult),46,Medium Value,41,High Engagement,Medium Value - High Engagement,Yes,Weekly,7,Clothing,Pants,4.6,Yes,Free Shipping,Bank Transfer,Tennessee,Summer
438,45,Male,31-45 (Adult),50,Medium Value,41,High Engagement,Medium Value - High Engagement,Yes,Annually,365,Accessories,Jewelry,2.6,Yes,Next Day Air,PayPal,New Mexico,Summer
439,52,Male,46-60 (Middle-Aged),23,Low Value,12,Low Engagement,Low Value - Low Engagement,Yes,Bi-Weekly,14,Accessories,Belt,4.3,Yes,Express,Credit Card,Iowa,Winter
440,62,Male,61-70 (Senior),50,Medium Value,31,Medium Engagement,Medium Value - Medium Engagement,Yes,Monthly,30,Outerwear,Jacket,3.4,Yes,Free Shipping,Cash,Idaho,Summer
441,20,Male,18-30 (Young Adult),89,High Value,34,Medium Engagement,High Value - Medium Engagement,Yes,Bi-Weekly,14,Clothing,Shirt,3.5,Yes,Store Pickup,Debit Card,Oklahoma,Winter
442,43,Male,31-45 (Adult),81,High Value,32,Medium Engagement,High Value - Medium Engagement,Yes,Annually,365,Clothing,Hoodie,4.2,Yes,Standard,Credit Card,Florida,Winter
443,29,Male,18-30 (Young Adult),69,Medium Value,31,Medium Engagement,Medium Value - Medium Engagement,Yes,Quarterly,90,Accessories,Sunglasses,3.8,Yes,Store Pickup,Credit Card,Michigan,Fall
444,22,Male,18-30 (Young Adult),67,Medium Value,24,Medium Engagement,Medium Value - Medium Engagement,Yes,Annually,365,Accessories,Sunglasses,3.6,Yes,Free Shipping,PayPal,Hawaii,Summer
445,48,Male,46-60 (Middle-Aged),20,Low Value,31,Medium Engagement,Low Value - Medium Engagement,Yes,Annually,365,Clothing,Dress,4.3,Yes,Store Pickup,Debit Card,California,Summer
446,42,Male,31-45 (Adult),29,Low Value,18,Medium Engagement,Low Value - Medium Engagement,Yes,Annually,365,Footwear,Boots,4.9,Yes,Standard,Venmo,Iowa,Fall
447,19,Male,18-30 (Young Adult),74,Medium Value,15,Low Engagement,Medium Value - Low Engagement,Yes,Monthly,30,Clothing,Shirt,4.1,Yes,Store Pickup,Venmo,West Virginia,Summer
448,60,Male,46-60 (Middle-Aged),82,High Value,7,Low Engagement,High Value - Low Engagement,Yes,Quarterly,90,Clothing,Shorts,3.6,Yes,Standard,Bank Transfer,Washington,Spring
449,32,Male,31-45 (Adult),23,Low Value,35,Medium Engagement,Low Value - Medium Engagement,Yes,Bi-Weekly,14,Accessories,Gloves,3.4,Yes,Next Day Air,Bank Transfer,Missouri,Summer
450,26,Male,18-30 (Young Adult),45,Medium Value,35,Medium Engagement,Medium Value - Medium Engagement,Yes,Monthly,30,Accessories,Jewelry,2.9,Yes,2-Day Shipping,Bank Transfer,New York,Summer
451,25,Male,18-30 (Young Adult),21,Low Value,19,Medium Engagement,Low Value - Medium Engagement,Yes,Monthly,30,Footwear,Boots,2.7,Yes,Store Pickup,Credit Card,Connecticut,Summer
452,66,Male,61-70 (Senior),31,Low Value,26,Medium Engagement,Low Value - Medium Engagement,Yes,Bi-Weekly,14,Accessories,Jewelry,4.3,Yes,Express,Credit Card,Virginia,Summer
453,45,Male,31-45 (Adult),45,Medium Value,39,High Engagement,Medium Value - High Engagement,Yes,Bi-Weekly,14,Clothing,Pants,3.7,Yes,Express,PayPal,Missouri,Summer
454,54,Male,46-60 (Middle-Aged),56,Medium Value,22,Medium Engagement,Medium Value - Medium Engagement,Yes,Weekly,7,Accessories,Jewelry,2.8,Yes,Next Day Air,Credit Card,Nebraska,Winter
455,37,Male,31-45 (Adult),97,High Value,14,Low Engagement,High Value - Low Engagement,Yes,Bi-Weekly,14,Outerwear,Jacket,3.2,Yes,Next Day Air,Cash,New Jersey,Summer
456,54,Male,46-60 (Middle-Aged),100,High Value,50,High Engagement,High Value - High Engagement,Yes,Bi-Weekly,14,Clothing,Blouse,3.6,Yes,Store Pickup,Debit Card,Utah,Fall
457,50,Male,46-60 (Middle-Aged),96,High Value,33,Medium Engagement,High Value - Medium Engagement,Yes,Quarterly,90,Clothing,Blouse,4.0,Yes,2-Day Shipping,Credit Card,North Carolina,Fall
458,25,Male,18-30 (Young Adult),99,High Value,48,High Engagement,High Value - High Engagement,Yes,Quarterly,90,Accessories,Gloves,4.9,Yes,Next Day Air,Debit Card,Rhode Island,Spring
459,47,Male,46-60 (Middle-Aged),91,High Value,48,High Engagement,High Value - High Engagement,Yes,Monthly,30,Clothing,Shorts,4.0,Yes,2-Day Shipping,PayPal,Arkansas,Winter
460,63,Male,61-70 (Senior),30,Low Value,27,Medium Engagement,Low Value - Medium Engagement,Yes,Bi-Weekly,14,Accessories,Hat,3.8,Yes,Standard,PayPal,Maryland,Winter
461,64,Male,61-70 (Senior),65,Medium Value,27,Medium Engagement,Medium Value - Medium Engagement,Yes,Weekly,7,Footwear,Shoes,3.8,Yes,Store Pickup,Bank Transfer,South Carolina,Summer
462,18,Male,18-30 (Young Adult),93,High Value,20,Medium Engagement,High Value - Medium Engagement,Yes,Weekly,7,Footwear,Boots,3.9,Yes,Express,Venmo,Ohio,Winter
463,59,Male,46-60 (Middle-Aged),81,High Value,48,High Engagement,High Value - High Engagement,Yes,Quarterly,90,Outerwear,Jacket,3.3,Yes,Express,Venmo,Illinois,Fall
464,37,Male,31-45 (Adult),81,High Value,29,Medium Engagement,High Value - Medium Engagement,Yes,Weekly,7,Accessories,Jewelry,2.7,Yes,Standard,Venmo,Georgia,Summer
465,23,Male,18-30 (Young Adult),52,Medium Value,45,High Engagement,Medium Value - High Engagement,Yes,Monthly,30,Accessories,Sunglasses,4.7,Yes,Next Day Air,PayPal,Alabama,Winter
466,54,Male,46-60 (Middle-Aged),88,High Value,25,Medium Engagement,High Value - Medium Engagement,Yes,Quarterly,90,Clothing,Skirt,2.8,Yes,Next Day Air,Cash,Oklahoma,Summer
467,38,Male,31-45 (Adult),24,Low Value,25,Medium Engagement,Low Value - Medium Engagement,Yes,Weekly,7,Clothing,Jeans,4.6,Yes,Free Shipping,PayPal,Vermont,Winter
468,19,Male,18-30 (Young Adult),51,Medium Value,37,High Engagement,Medium Value - High Engagement,Yes,Quarterly,90,Accessories,Backpack,4.5,Yes,2-Day Shipping,Debit Card,Nebraska,Spring
469,34,Male,31-45 (Adult),38,Low Value,16,Medium Engagement,Low Value - Medium Engagement,Yes,Quarterly,90,Accessories,Backpack,5.0,Yes,Free Shipping,Cash,Georgia,Fall
470,21,Male,18-30 (Young Adult),46,Medium Value,30,Medium Engagement,Medium Value - Medium Engagement,Yes,Bi-Weekly,14,Clothing,Shorts,4.1,Yes,2-Day Shipping,Debit Card,Alabama,Fall
471,50,Male,46-60 (Middle-Aged),63,Medium Value,6,Low Engagement,Medium Value - Low Engagement,Yes,Quarterly,90,Clothing,Dress,4.6,Yes,Express,Cash,Minnesota,Summer
472,55,Male,46-60 (Middle-Aged),72,Medium Value,36,High Engagement,Medium Value - High Engagement,Yes,Quarterly,90,Accessories,Scarf,4.9,Yes,2-Day Shipping,Bank Transfer,Missouri,Winter
473,20,Male,18-30 (Young Adult),39,Low Value,3,Low Engagement,Low Value - Low Engagement,Yes,Quarterly,90,Clothing,Jeans,3.9,Yes,Free Shipping,Bank Transfer,Georgia,Winter
474,34,Male,31-45 (Adult),42,Medium Value,29,Medium Engagement,Medium Value - Medium Engagement,Yes,Quarterly,90,Outerwear,Coat,3.9,Yes,Store Pickup,PayPal,West Virginia,Spring
475,62,Male,61-70 (Senior),76,High Value,15,Low Engagement,High Value - Low Engagement,Yes,Quarterly,90,Clothing,Sweater,2.6,Yes,2-Day Shipping,Cash,Arkansas,Summer
476,21,Male,18-30 (Young Adult),66,Medium Value,18,Medium Engagement,Medium Value - Medium Engagement,Yes,Annually,365,Footwear,Sneakers,2.7,Yes,Free Shipping,Debit Card,Ohio,Summer
477,21,Male,18-30 (Young Adult),90,High Value,2,Low Engagement,High Value - Low Engagement,Yes,Bi-Weekly,14,Accessories,Scarf,3.5,Yes,Free Shipping,Debit Card,Connecticut,Spring
478,42,Male,31-45 (Adult),56,Medium Value,49,High Engagement,Medium Value - High Engagement,Yes,Weekly,7,Clothing,Sweater,3.7,Yes,Free Shipping,Debit Card,North Dakota,Summer
479,35,Male,31-45 (Adult),43,Medium Value,48,High Engagement,Medium Value - High Engagement,Yes,Annually,365,Accessories,Jewelry,3.2,Yes,Free Shipping,Venmo,Kansas,Winter
480,39,Male,31-45 (Adult),84,High Value,43,High Engagement,High Value - High Engagement,Yes,Monthly,30,Accessories,Handbag,3.3,Yes,Store Pickup,Venmo,Iowa,Winter
481,68,Male,61-70 (Senior),88,High Value,30,Medium Engagement,High Value - Medium Engagement,Yes,Bi-Weekly,14,Clothing,Hoodie,4.8,Yes,Standard,Debit Card,Vermont,Summer
482,46,Male,46-60 (Middle-Aged),88,High Value,10,Low Engagement,High Value - Low Engagement,Yes,Bi-Weekly,14,Accessories,Hat,3.2,Yes,2-Day Shipping,PayPal,Wisconsin,Fall
483,41,Male,31-45 (Adult),42,Medium Value,11,Low Engagement,Medium Value - Low Engagement,Yes,Annually,365,Accessories,Belt,2.5,Yes,2-Day Shipping,Venmo,Connecticut,Winter
484,23,Male,18-30 (Young Adult),73,Medium Value,12,Low Engagement,Medium Value - Low Engagement,Yes,Weekly,7,Clothing,Hoodie,3.9,Yes,Store Pickup,Debit Card,Oklahoma,Fall
485,68,Male,61-70 (Senior),73,Medium Value,28,Medium Engagement,Medium Value - Medium Engagement,Yes,Quarterly,90,Accessories,Hat,4.7,Yes,Free Shipping,Bank Transfer,Missouri,Summer
486,48,Male,46-60 (Middle-Aged),44,Medium Value,36,High Engagement,Medium Value - High Engagement,Yes,Bi-Weekly,14,Footwear,Shoes,2.6,Yes,Next Day Air,Debit Card,Tennessee,Spring
487,38,Male,31-45 (Adult),63,Medium Value,37,High Engagement,Medium Value - High Engagement,Yes,Quarterly,90,Footwear,Sandals,2.8,Yes,Store Pickup,Venmo,New Mexico,Fall
488,41,Male,31-45 (Adult),68,Medium Value,22,Medium Engagement,Medium Value - Medium Engagement,Yes,Quarterly,90,Outerwear,Jacket,4.4,Yes,Store Pickup,Credit Card,Iowa,Winter
489,58,Male,46-60 (Middle-Aged),29,Low Value,32,Medium Engagement,Low Value - Medium Engagement,Yes,Weekly,7,Clothing,Sweater,4.6,Yes,Standard,Venmo,Maine,Spring
490,49,Male,46-60 (Middle-Aged),85,High Value,40,High Engagement,High Value - High Engagement,Yes,Annually,365,Clothing,Socks,3.2,Yes,Standard,PayPal,South Dakota,Summer
491,57,Male,46-60 (Middle-Aged),42,Medium Value,47,High Engagement,Medium Value - High Engagement,Yes,Monthly,30,Footwear,Sneakers,4.2,Yes,2-Day Shipping,Cash,Colorado,Winter
492,49,Male,46-60 (Middle-Aged),69,Medium Value,24,Medium Engagement,Medium Value - Medium Engagement,Yes,Bi-Weekly,14,Outerwear,Coat,3.8,Yes,2-Day Shipping,Credit Card,Vermont,Summer
493,50,Male,46-60 (Middle-Aged),62,Medium Value,11,Low Engagement,Medium Value - Low Engagement,Yes,Weekly,7,Clothing,Shirt,3.9,Yes,Standard,Debit Card,Michigan,Fall
494,28,Male,18-30 (Young Adult),48,Medium Value,19,Medium Engagement,Medium Value - Medium Engagement,Yes,Bi-Weekly,14,Accessories,Backpack,4.7,Yes,Store Pickup,Cash,Nevada,Summer
495,38,Male,31-45 (Adult),68,Medium Value,42,High Engagement,Medium Value - High Engagement,Yes,Weekly,7,Footwear,Boots,4.5,Yes,Express,Debit Card,Indiana,Winter
496,33,Male,31-45 (Adult),36,Low Value,6,Low Engagement,Low Value - Low Engagement,Yes,Bi-Weekly,14,Accessories,Handbag,3.3,Yes,Free Shipping,Debit Card,Michigan,Fall
497,30,Male,18-30 (Young Adult),63,Medium Value,31,Medium Engagement,Medium Value - Medium Engagement,Yes,Bi-Weekly,14,Clothing,Dress,3.3,Yes,Express,Venmo,California,Fall
498,43,Male,31-45 (Adult),39,Low Value,31,Medium Engagement,Low Value - Medium Engagement,Yes,Weekly,7,Footwear,Sneakers,4.6,Yes,Free Shipping,Cash,Oklahoma,Winter
499,43,Male,31-45 (Adult),78,High Value,27,Medium Engagement,High Value - Medium Engagement,Yes,Monthly,30,Footwear,Boots,3.6,Yes,Free Shipping,Bank Transfer,Iowa,Spring
500,36,Male,31-45 (Adult),99,High Value,24,Medium Engagement,High Value - Medium Engagement,Yes,Monthly,30,Footwear,Shoes,4.8,Yes,Express,PayPal,Rhode Island,Winter
501,36,Male,31-45 (Adult),31,Low Value,35,Medium Engagement,Low Value - Medium Engagement,Yes,Quarterly,90,Clothing,T-shirt,4.8,Yes,Next Day Air,Venmo,Washington,Fall
502,64,Male,61-70 (Senior),45,Medium Value,21,Medium Engagement,Medium Value - Medium Engagement,Yes,Annually,365,Footwear,Boots,2.9,Yes,Next Day Air,Venmo,Florida,Spring
503,59,Male,46-60 (Middle-Aged),30,Low Value,8,Low Engagement,Low Value - Low Engagement,Yes,Bi-Weekly,14,Clothing,Pants,2.8,Yes,Express,PayPal,South Carolina,Fall
504,55,Male,46-60 (Middle-Aged),24,Low Value,26,Medium Engagement,Low Value - Medium Engagement,Yes,Quarterly,90,Footwear,Shoes,3.2,Yes,Next Day Air,Bank Transfer,West Virginia,Summer
505,42,Male,31-45 (Adult),22,Low Value,26,Medium Engagement,Low Value - Medium Engagement,Yes,Annually,365,Footwear,Shoes,3.9,Yes,Free Shipping,PayPal,Missouri,Winter
506,61,Male,61-70 (Senior),63,Medium Value,9,Low Engagement,Medium Value - Low Engagement,Yes,Bi-Weekly,14,Clothing,T-shirt,4.3,Yes,Express,Cash,Maine,Spring
507,28,Male,18-30 (Young Adult),40,Medium Value,48,High Engagement,Medium Value - High Engagement,Yes,Annually,365,Accessories,Scarf,2.7,Yes,2-Day Shipping,Debit Card,Georgia,Fall
508,65,Male,61-70 (Senior),20,Low Value,33,Medium Engagement,Low Value - Medium Engagement,Yes,Bi-Weekly,14,Clothing,Shorts,5.0,Yes,Store Pickup,Debit Card,Maine,Spring
509,27,Male,18-30 (Young Adult),20,Low Value,31,Medium Engagement,Low Value - Medium Engagement,Yes,Quarterly,90,Accessories,Jewelry,3.7,Yes,Store Pickup,PayPal,Illinois,Winter
510,41,Male,31-45 (Adult),80,High Value,17,Medium Engagement,High Value - Medium Engagement,Yes,Weekly,7,Clothing,T-shirt,3.9,Yes,Free Shipping,Debit Card,Delaware,Summer
511,21,Male,18-30 (Young Adult),87,High Value,22,Medium Engagement,High Value - Medium Engagement,Yes,Annually,365,Clothing,Shirt,3.9,Yes,2-Day Shipping,Venmo,West Virginia,Fall
512,61,Male,61-70 (Senior),46,Medium Value,8,Low Engagement,Medium Value - Low Engagement,Yes,Annually,365,Clothing,Shirt,3.1,Yes,Free Shipping,PayPal,Hawaii,Fall
513,19,Male,18-30 (Young Adult),49,Medium Value,2,Low Engagement,Medium Value - Low Engagement,Yes,Monthly,30,Accessories,Gloves,3.8,Yes,Next Day Air,Bank Transfer,New York,Winter
514,22,Male,18-30 (Young Adult),65,Medium Value,45,High Engagement,Medium Value - High Engagement,Yes,Annually,365,Accessories,Scarf,3.6,Yes,Store Pickup,Venmo,New Mexico,Fall
515,64,Male,61-70 (Senior),62,Medium Value,47,High Engagement,Medium Value - High Engagement,Yes,Quarterly,90,Clothing,Skirt,4.3,Yes,Standard,PayPal,Indiana,Winter
516,28,Male,18-30 (Young Adult),67,Medium Value,7,Low Engagement,Medium Value - Low Engagement,Yes,Monthly,30,Accessories,Hat,4.5,Yes,Next Day Air,Cash,Kentucky,Spring
517,34,Male,31-45 (Adult),41,Medium Value,19,Medium Engagement,Medium Value - Medium Engagement,Yes,Bi-Weekly,14,Clothing,Hoodie,2.8,Yes,2-Day Shipping,Debit Card,West Virginia,Fall
518,61,Male,61-70 (Senior),49,Medium Value,44,High Engagement,Medium Value - High Engagement,Yes,Quarterly,90,Footwear,Boots,2.7,Yes,Free Shipping,Cash,North Dakota,Fall
519,24,Male,18-30 (Young Adult),100,High Value,16,Medium Engagement,High Value - Medium Engagement,Yes,Quarterly,90,Clothing,Blouse,2.9,Yes,Next Day Air,Venmo,Oregon,Fall
520,19,Male,18-30 (Young Adult),54,Medium Value,17,Medium Engagement,Medium Value - Medium Engagement,Yes,Quarterly,90,Accessories,Belt,4.4,Yes,2-Day Shipping,Bank Transfer,Minnesota,Summer
521,51,Male,46-60 (Middle-Aged),84,High Value,20,Medium Engagement,High Value - Medium Engagement,Yes,Quarterly,90,Accessories,Sunglasses,3.9,Yes,Free Shipping,Debit Card,South Carolina,Spring
522,36,Male,31-45 (Adult),41,Medium Value,50,High Engagement,Medium Value - High Engagement,Yes,Annually,365,Clothing,Shorts,3.5,Yes,Standard,Bank Transfer,Vermont,Winter
523,65,Male,61-70 (Senior),88,High Value,37,High Engagement,High Value - High Engagement,Yes,Quarterly,90,Accessories,Gloves,2.5,Yes,Store Pickup,Cash,Minnesota,Spring
524,46,Male,46-60 (Middle-Aged),40,Medium Value,5,Low Engagement,Medium Value - Low Engagement,Yes,Quarterly,90,Footwear,Sandals,4.9,Yes,Express,PayPal,Delaware,Spring
525,59,Male,46-60 (Middle-Aged),39,Low Value,44,High Engagement,Low Value - High Engagement,Yes,Annually,365,Clothing,Shirt,4.8,Yes,Free Shipping,PayPal,Pennsylvania,Summer
526,51,Male,46-60 (Middle-Aged),37,Low Value,41,High Engagement,Low Value - High Engagement,Yes,Monthly,30,Outerwear,Coat,3.2,Yes,Next Day Air,Debit Card,Iowa,Spring
527,51,Male,46-60 (Middle-Aged),52,Medium Value,19,Medium Engagement,Medium Value - Medium Engagement,Yes,Monthly,30,Clothing,Pants,4.9,Yes,Standard,Cash,New Jersey,Winter
528,21,Male,18-30 (Young Adult),23,Low Value,47,High Engagement,Low Value - High Engagement,Yes,Quarterly,90,Clothing,T-shirt,4.3,Yes,Next Day Air,Bank Transfer,South Carolina,Winter
529,34,Male,31-45 (Adult),88,High Value,40,High Engagement,High Value - High Engagement,Yes,Annually,365,Footwear,Sneakers,3.2,Yes,Express,Cash,Maryland,Winter
530,32,Male,31-45 (Adult),84,High Value,6,Low Engagement,High Value - Low Engagement,Yes,Monthly,30,Clothing,Shorts,3.7,Yes,Standard,Credit Card,California,Fall
531,48,Male,46-60 (Middle-Aged),37,Low Value,25,Medium Engagement,Low Value - Medium Engagement,Yes,Bi-Weekly,14,Outerwear,Coat,3.2,Yes,Store Pickup,Credit Card,Montana,Winter
532,50,Male,46-60 (Middle-Aged),51,Medium Value,42,High Engagement,Medium Value - High Engagement,Yes,Weekly,7,Footwear,Sandals,3.4,Yes,Next Day Air,Cash,Vermont,Fall
533,26,Male,18-30 (Young Adult),76,High Value,35,Medium Engagement,High Value - Medium Engagement,Yes,Quarterly,90,Clothing,Pants,4.1,Yes,Express,Bank Transfer,Texas,Winter
534,57,Male,46-60 (Middle-Aged),60,Medium Value,17,Medium Engagement,Medium Value - Medium Engagement,Yes,Weekly,7,Footwear,Sandals,4.5,Yes,Next Day Air,Debit Card,North Carolina,Spring
535,65,Male,61-70 (Senior),72,Medium Value,4,Low Engagement,Medium Value - Low Engagement,Yes,Quarterly,90,Accessories,Gloves,4.5,Yes,Next Day Air,PayPal,Florida,Fall
536,56,Male,46-60 (Middle-Aged),45,Medium Value,24,Medium Engagement,Medium Value - Medium Engagement,Yes,Weekly,7,Clothing,T-shirt,3.2,Yes,Free Shipping,Bank Transfer,West Virginia,Spring
537,44,Male,31-45 (Adult),84,High Value,16,Medium Engagement,High Value - Medium Engagement,Yes,Quarterly,90,Outerwear,Jacket,4.4,Yes,Store Pickup,Debit Card,Illinois,Fall
538,50,Male,46-60 (Middle-Aged),49,Medium Value,14,Low Engagement,Medium Value - Low Engagement,Yes,Annually,365,Clothing,Blouse,3.0,Yes,Store Pickup,Debit Card,Virginia,Summer
539,27,Male,18-30 (Young Adult),22,Low Value,43,High Engagement,Low Value - High Engagement,Yes,Weekly,7,Clothing,Socks,3.2,Yes,Free Shipping,Cash,Virginia,Spring
540,49,Male,46-60 (Middle-Aged),48,Medium Value,49,High Engagement,Medium Value - High Engagement,Yes,Weekly,7,Outerwear,Coat,4.0,Yes,Store Pickup,Debit Card,Wyoming,Winter
541,49,Male,46-60 (Middle-Aged),37,Low Value,33,Medium Engagement,Low Value - Medium Engagement,Yes,Quarterly,90,Clothing,Dress,3.1,Yes,Next Day Air,Cash,South Carolina,Spring
542,52,Male,46-60 (Middle-Aged),27,Low Value,45,High Engagement,Low Value - High Engagement,Yes,Bi-Weekly,14,Outerwear,Jacket,2.8,Yes,Next Day Air,Cash,Connecticut,Fall
543,27,Male,18-30 (Young Adult),79,High Value,35,Medium Engagement,High Value - Medium Engagement,Yes,Bi-Weekly,14,Footwear,Boots,4.6,Yes,Next Day Air,Cash,Illinois,Spring
544,53,Male,46-60 (Middle-Aged),98,High Value,11,Low Engagement,High Value - Low Engagement,Yes,Monthly,30,Clothing,Skirt,4.3,Yes,Express,Credit Card,Alabama,Spring
545,34,Male,31-45 (Adult),64,Medium Value,30,Medium Engagement,Medium Value - Medium Engagement,Yes,Quarterly,90,Footwear,Sandals,3.3,Yes,Standard,Bank Transfer,Washington,Summer
546,33,Male,31-45 (Adult),32,Low Value,48,High Engagement,Low Value - High Engagement,Yes,Annually,365,Outerwear,Coat,3.5,Yes,2-Day Shipping,Debit Card,Alabama,Summer
547,62,Male,61-70 (Senior),74,Medium Value,45,High Engagement,Medium Value - High Engagement,Yes,Bi-Weekly,14,Clothing,Hoodie,3.4,Yes,Free Shipping,Venmo,New Mexico,Winter
548,38,Male,31-45 (Adult),50,Medium Value,26,Medium Engagement,Medium Value - Medium Engagement,Yes,Weekly,7,Outerwear,Jacket,2.8,Yes,Free Shipping,Venmo,Nevada,Winter
549,36,Male,31-45 (Adult),64,Medium Value,41,High Engagement,Medium Value - High Engagement,Yes,Quarterly,90,Accessories,Backpack,4.6,Yes,Store Pickup,Debit Card,Nebraska,Winter
550,31,Male,31-45 (Adult),29,Low Value,37,High Engagement,Low Value - High Engagement,Yes,Bi-Weekly,14,Accessories,Backpack,3.6,Yes,Express,Venmo,Arizona,Fall
551,62,Male,61-70 (Senior),62,Medium Value,12,Low Engagement,Medium Value - Low Engagement,Yes,Weekly,7,Accessories,Belt,3.3,Yes,Store Pickup,PayPal,Georgia,Summer
552,29,Male,18-30 (Young Adult),78,High Value,27,Medium Engagement,High Value - Medium Engagement,Yes,Bi-Weekly,14,Outerwear,Coat,3.1,Yes,2-Day Shipping,Cash,Idaho,Fall
553,24,Male,18-30 (Young Adult),94,High Value,18,Medium Engagement,High Value - Medium Engagement,Yes,Weekly,7,Clothing,T-shirt,3.5,Yes,Express,Bank Transfer,Missouri,Fall
554,63,Male,61-70 (Senior),59,Medium Value,15,Low Engagement,Medium Value - Low Engagement,Yes,Quarterly,90,Accessories,Sunglasses,3.2,Yes,Express,Credit Card,Florida,Winter
555,56,Male,46-60 (Middle-Aged),47,Medium Value,34,Medium Engagement,Medium Value - Medium Engagement,Yes,Weekly,7,Footwear,Sneakers,3.0,Yes,Express,Bank Transfer,Minnesota,Summer
556,63,Male,61-70 (Senior),57,Medium Value,37,High Engagement,Medium Value - High Engagement,Yes,Annually,365,Accessories,Gloves,4.8,Yes,Express,Venmo,Maine,Fall
557,40,Male,31-45 (Adult),90,High Value,21,Medium Engagement,High Value - Medium Engagement,Yes,Bi-Weekly,14,Outerwear,Coat,5.0,Yes,Store Pickup,Cash,Montana,Winter
558,18,Male,18-30 (Young Adult),60,Medium Value,31,Medium Engagement,Medium Value - Medium Engagement,Yes,Weekly,7,Clothing,Shirt,2.9,Yes,Free Shipping,Debit Card,Alaska,Spring
559,50,Male,46-60 (Middle-Aged),77,High Value,43,High Engagement,High Value - High Engagement,Yes,Quarterly,90,Footwear,Sneakers,3.2,Yes,Express,Debit Card,Iowa,Fall
560,66,Male,61-70 (Senior),41,Medium Value,22,Medium Engagement,Medium Value - Medium Engagement,Yes,Monthly,30,Accessories,Scarf,2.9,Yes,Store Pickup,Bank Transfer,Arizona,Fall
561,25,Male,18-30 (Young Adult),48,Medium Value,12,Low Engagement,Medium Value - Low Engagement,Yes,Annually,365,Accessories,Jewelry,3.8,Yes,Free Shipping,Debit Card,Louisiana,Fall
562,65,Male,61-70 (Senior),65,Medium Value,25,Medium Engagement,Medium Value - Medium Engagement,Yes,Bi-Weekly,14,Outerwear,Jacket,2.6,Yes,Next Day Air,PayPal,Alabama,Fall
563,53,Male,46-60 (Middle-Aged),62,Medium Value,40,High Engagement,Medium Value - High Engagement,Yes,Annually,365,Clothing,Jeans,3.5,Yes,Standard,Debit Card,Missouri,Summer
564,61,Male,61-70 (Senior),99,High Value,16,Medium Engagement,High Value - Medium Engagement,Yes,Quarterly,90,Footwear,Shoes,4.4,Yes,Standard,Debit Card,Idaho,Fall
565,67,Male,61-70 (Senior),58,Medium Value,30,Medium Engagement,Medium Value - Medium Engagement,Yes,Weekly,7,Clothing,Hoodie,3.4,Yes,Next Day Air,Bank Transfer,Florida,Winter
566,59,Male,46-60 (Middle-Aged),43,Medium Value,10,Low Engagement,Medium Value - Low Engagement,Yes,Weekly,7,Accessories,Backpack,4.2,Yes,Store Pickup,Venmo,Idaho,Fall
567,55,Male,46-60 (Middle-Aged),93,High Value,1,Low Engagement,High Value - Low Engagement,Yes,Bi-Weekly,14,Footwear,Sneakers,3.6,Yes,Store Pickup,Debit Card,Alabama,Spring
568,21,Male,18-30 (Young Adult),50,Medium Value,24,Medium Engagement,Medium Value - Medium Engagement,Yes,Bi-Weekly,14,Clothing,Blouse,3.0,Yes,Next Day Air,Venmo,New Hampshire,Winter
569,44,Male,31-45 (Adult),88,High Value,36,High Engagement,High Value - High Engagement,Yes,Monthly,30,Clothing,Pants,4.0,Yes,Free Shipping,PayPal,Utah,Summer
570,65,Male,61-70 (Senior),33,Low Value,46,High Engagement,Low Value - High Engagement,Yes,Quarterly,90,Clothing,Skirt,4.4,Yes,Express,Credit Card,Alabama,Fall
571,65,Male,61-70 (Senior),99,High Value,20,Medium Engagement,High Value - Medium Engagement,Yes,Annually,365,Clothing,T-shirt,4.1,Yes,Standard,Cash,Iowa,Fall
572,54,Male,46-60 (Middle-Aged),76,High Value,37,High Engagement,High Value - High Engagement,Yes,Weekly,7,Outerwear,Jacket,3.6,Yes,Free Shipping,Venmo,Kentucky,Spring
573,56,Male,46-60 (Middle-Aged),97,High Value,26,Medium Engagement,High Value - Medium Engagement,Yes,Annually,365,Accessories,Scarf,4.6,Yes,Next Day Air,Bank Transfer,South Carolina,Summer
574,58,Male,46-60 (Middle-Aged),68,Medium Value,23,Medium Engagement,Medium Value - Medium Engagement,Yes,Bi-Weekly,14,Clothing,Pants,3.2,Yes,2-Day Shipping,Credit Card,California,Summer
575,54,Male,46-60 (Middle-Aged),79,High Value,20,Medium Engagement,High Value - Medium Engagement,Yes,Bi-Weekly,14,Footwear,Sneakers,4.8,Yes,Free Shipping,Bank Transfer,Maine,Fall
576,58,Male,46-60 (Middle-Aged),86,High Value,38,High Engagement,High Value - High Engagement,Yes,Monthly,30,Clothing,Jeans,4.8,Yes,Express,PayPal,Nebraska,Fall
577,48,Male,46-60 (Middle-Aged),68,Medium Value,5,Low Engagement,Medium Value - Low Engagement,Yes,Quarterly,90,Accessories,Hat,5.0,Yes,2-Day Shipping,Credit Card,Washington,Winter
578,19,Male,18-30 (Young Adult),52,Medium Value,41,High Engagement,Medium Value - High Engagement,Yes,Annually,365,Clothing,Skirt,3.7,Yes,Store Pickup,Venmo,Alabama,Fall
579,69,Male,61-70 (Senior),90,High Value,22,Medium Engagement,High Value - Medium Engagement,Yes,Bi-Weekly,14,Footwear,Sandals,4.6,Yes,Next Day Air,Credit Card,Maine,Fall
580,58,Male,46-60 (Middle-Aged),41,Medium Value,48,High Engagement,Medium Value - High Engagement,Yes,Annually,365,Footwear,Sandals,3.7,Yes,Free Shipping,Credit Card,California,Winter
581,49,Male,46-60 (Middle-Aged),80,High Value,10,Low Engagement,High Value - Low Engagement,Yes,Weekly,7,Clothing,Sweater,4.1,Yes,Free Shipping,PayPal,Iowa,Spring
582,32,Male,31-45 (Adult),100,High Value,12,Low Engagement,High Value - Low Engagement,Yes,Quarterly,90,Clothing,Sweater,2.7,Yes,Store Pickup,Bank Transfer,Iowa,Winter
583,40,Male,31-45 (Adult),77,High Value,2,Low Engagement,High Value - Low Engagement,Yes,Quarterly,90,Outerwear,Jacket,4.9,Yes,Store Pickup,Bank Transfer,Colorado,Spring
584,25,Male,18-30 (Young Adult),78,High Value,38,High Engagement,High Value - High Engagement,Yes,Monthly,30,Clothing,Shorts,4.0,Yes,Store Pickup,PayPal,California,Spring
585,70,Male,61-70 (Senior),94,High Value,20,Medium Engagement,High Value - Medium Engagement,Yes,Monthly,30,Clothing,Socks,4.7,Yes,Free Shipping,Debit Card,Indiana,Spring
586,69,Male,61-70 (Senior),23,Low Value,5,Low Engagement,Low Value - Low Engagement,Yes,Quarterly,90,Clothing,Socks,2.8,Yes,Next Day Air,Cash,South Carolina,Fall
587,45,Male,31-45 (Adult),20,Low Value,9,Low Engagement,Low Value - Low Engagement,Yes,Annually,365,Clothing,Hoodie,4.9,Yes,2-Day Shipping,Venmo,Wisconsin,Winter
588,29,Male,18-30 (Young Adult),86,High Value,48,High Engagement,High Value - High Engagement,Yes,Quarterly,90,Clothing,Socks,4.2,Yes,Express,Debit Card,Washington,Fall
589,47,Male,46-60 (Middle-Aged),60,Medium Value,9,Low Engagement,Medium Value - Low Engagement,Yes,Quarterly,90,Footwear,Boots,3.0,Yes,Standard,Debit Card,South Dakota,Fall
590,28,Male,18-30 (Young Adult),70,Medium Value,40,High Engagement,Medium Value - High Engagement,Yes,Annually,365,Clothing,Shirt,3.4,Yes,2-Day Shipping,PayPal,Minnesota,Fall
591,64,Male,61-70 (Senior),39,Low Value,30,Medium Engagement,Low Value - Medium Engagement,Yes,Bi-Weekly,14,Accessories,Belt,4.6,Yes,Standard,Venmo,Alaska,Fall
592,47,Male,46-60 (Middle-Aged),37,Low Value,6,Low Engagement,Low Value - Low Engagement,Yes,Bi-Weekly,14,Accessories,Backpack,4.2,Yes,Store Pickup,Debit Card,Kentucky,Fall
593,60,Male,46-60 (Middle-Aged),29,Low Value,42,High Engagement,Low Value - High Engagement,Yes,Quarterly,90,Footwear,Boots,3.2,Yes,Free Shipping,Venmo,North Dakota,Fall
594,67,Male,61-70 (Senior),35,Low Value,9,Low Engagement,Low Value - Low Engagement,Yes,Quarterly,90,Outerwear,Coat,4.4,Yes,Store Pickup,PayPal,Alaska,Winter
595,35,Male,31-45 (Adult),83,High Value,6,Low Engagement,High Value - Low Engagement,Yes,Monthly,30,Clothing,Hoodie,2.5,Yes,Next Day Air,Debit Card,Oklahoma,Winter
596,30,Male,18-30 (Young Adult),77,High Value,47,High Engagement,High Value - High Engagement,Yes,Quarterly,90,Footwear,Shoes,3.6,Yes,Next Day Air,PayPal,Delaware,Summer
597,23,Male,18-30 (Young Adult),37,Low Value,36,High Engagement,Low Value - High Engagement,Yes,Annually,365,Footwear,Shoes,4.5,Yes,Store Pickup,Venmo,Montana,Summer
598,70,Male,61-70 (Senior),69,Medium Value,19,Medium Engagement,Medium Value - Medium Engagement,Yes,Bi-Weekly,14,Accessories,Jewelry,3.4,Yes,Standard,Bank Transfer,Alaska,Summer
599,21,Male,18-30 (Young Adult),66,Medium Value,30,Medium Engagement,Medium Value - Medium Engagement,Yes,Quarterly,90,Clothing,Dress,3.2,Yes,2-Day Shipping,Cash,California,Winter
600,51,Male,46-60 (Middle-Aged),26,Low Value,27,Medium Engagement,Low Value - Medium Engagement,Yes,Quarterly,90,Footwear,Boots,4.2,Yes,Standard,Debit Card,Massachusetts,Spring
601,22,Male,18-30 (Young Adult),63,Medium Value,25,Medium Engagement,Medium Value - Medium Engagement,Yes,Monthly,30,Accessories,Hat,5.0,Yes,2-Day Shipping,Venmo,South Carolina,Spring
602,32,Male,31-45 (Adult),38,Low Value,5,Low Engagement,Low Value - Low Engagement,Yes,Bi-Weekly,14,Accessories,Backpack,4.7,Yes,Store Pickup,Cash,West Virginia,Summer
603,37,Male,31-45 (Adult),58,Medium Value,10,Low Engagement,Medium Value - Low Engagement,Yes,Quarterly,90,Footwear,Shoes,4.2,Yes,Next Day Air,Cash,Oregon,Summer
604,31,Male,31-45 (Adult),46,Medium Value,26,Medium Engagement,Medium Value - Medium Engagement,Yes,Quarterly,90,Accessories,Handbag,3.4,Yes,2-Day Shipping,PayPal,Massachusetts,Winter
605,44,Male,31-45 (Adult),92,High Value,11,Low Engagement,High Value - Low Engagement,Yes,Quarterly,90,Accessories,Sunglasses,4.4,Yes,Store Pickup,Credit Card,West Virginia,Fall
606,40,Male,31-45 (Adult),32,Low Value,17,Medium Engagement,Low Value - Medium Engagement,Yes,Weekly,7,Accessories,Hat,4.2,Yes,Standard,Bank Transfer,California,Winter
607,27,Male,18-30 (Young Adult),90,High Value,44,High Engagement,High Value - High Engagement,Yes,Monthly,30,Accessories,Scarf,4.5,Yes,Standard,PayPal,Colorado,Spring
608,47,Male,46-60 (Middle-Aged),23,Low Value,44,High Engagement,Low Value - High Engagement,Yes,Monthly,30,Clothing,Hoodie,2.8,Yes,Next Day Air,Cash,Indiana,Fall
609,41,Male,31-45 (Adult),25,Low Value,21,Medium Engagement,Low Value - Medium Engagement,Yes,Quarterly,90,Accessories,Backpack,3.3,Yes,Next Day Air,Venmo,Delaware,Fall
610,51,Male,46-60 (Middle-Aged),54,Medium Value,49,High Engagement,Medium Value - High Engagement,Yes,Bi-Weekly,14,Clothing,Sweater,4.6,Yes,Next Day Air,Credit Card,Ohio,Fall
611,53,Male,46-60 (Middle-Aged),72,Medium Value,27,Medium Engagement,Medium Value - Medium Engagement,Yes,Quarterly,90,Clothing,Shorts,2.5,Yes,Free Shipping,Bank Transfer,Oklahoma,Summer
612,43,Male,31-45 (Adult),33,Low Value,19,Medium Engagement,Low Value - Medium Engagement,Yes,Monthly,30,Accessories,Scarf,4.7,Yes,Store Pickup,Cash,California,Winter
613,67,Male,61-70 (Senior),43,Medium Value,33,Medium Engagement,Medium Value - Medium Engagement,Yes,Quarterly,90,Accessories,Hat,4.6,Yes,Express,Credit Card,New Hampshire,Fall
614,61,Male,61-70 (Senior),51,Medium Value,46,High Engagement,Medium Value - High Engagement,Yes,Bi-Weekly,14,Outerwear,Coat,2.6,Yes,Standard,Cash,Pennsylvania,Fall
615,68,Male,61-70 (Senior),85,High Value,21,Medium Engagement,High Value - Medium Engagement,Yes,Bi-Weekly,14,Accessories,Jewelry,4.0,Yes,Standard,Credit Card,Idaho,Winter
616,67,Male,61-70 (Senior),100,High Value,23,Medium Engagement,High Value - Medium Engagement,Yes,Annually,365,Footwear,Sandals,2.6,Yes,Next Day Air,Venmo,Maryland,Summer
617,29,Male,18-30 (Young Adult),72,Medium Value,38,High Engagement,Medium Value - High Engagement,Yes,Quarterly,90,Accessories,Gloves,4.6,Yes,Free Shipping,Credit Card,Pennsylvania,Spring
618,50,Male,46-60 (Middle-Aged),57,Medium Value,2,Low Engagement,Medium Value - Low Engagement,Yes,Quarterly,90,Accessories,Backpack,2.6,Yes,Standard,Bank Transfer,Colorado,Fall
619,61,Male,61-70 (Senior),94,High Value,21,Medium Engagement,High Value - Medium Engagement,Yes,Bi-Weekly,14,Outerwear,Jacket,4.0,Yes,Express,Debit Card,Indiana,Spring
620,19,Male,18-30 (Young Adult),34,Low Value,1,Low Engagement,Low Value - Low Engagement,Yes,Quarterly,90,Accessories,Backpack,4.6,Yes,Store Pickup,Debit Card,Nebraska,Summer
621,33,Male,31-45 (Adult),89,High Value,10,Low Engagement,High Value - Low Engagement,Yes,Quarterly,90,Accessories,Backpack,3.7,Yes,2-Day Shipping,Venmo,Rhode Island,Fall
622,51,Male,46-60 (Middle-Aged),27,Low Value,45,High Engagement,Low Value - High Engagement,Yes,Weekly,7,Accessories,Sunglasses,4.4,Yes,Store Pickup,Credit Card,Kansas,Fall
623,69,Male,61-70 (Senior),63,Medium Value,44,High Engagement,Medium Value - High Engagement,Yes,Bi-Weekly,14,Clothing,Socks,4.0,Yes,Next Day Air,Bank Transfer,Georgia,Spring
624,19,Male,18-30 (Young Adult),70,Medium Value,48,High Engagement,Medium Value - High Engagement,Yes,Bi-Weekly,14,Footwear,Shoes,4.7,Yes,Standard,PayPal,Nevada,Fall
625,55,Male,46-60 (Middle-Aged),87,High Value,21,Medium Engagement,High Value - Medium Engagement,Yes,Annually,365,Clothing,Pants,3.4,Yes,Express,PayPal,South Carolina,Fall
626,49,Male,46-60 (Middle-Aged),79,High Value,1,Low Engagement,High Value - Low Engagement,Yes,Weekly,7,Accessories,Jewelry,4.0,Yes,Next Day Air,Venmo,Delaware,Fall
627,31,Male,31-45 (Adult),79,High Value,10,Low Engagement,High Value - Low Engagement,Yes,Annually,365,Accessories,Sunglasses,3.9,Yes,Standard,Venmo,New Hampshire,Spring
628,42,Male,31-45 (Adult),44,Medium Value,24,Medium Engagement,Medium Value - Medium Engagement,Yes,Monthly,30,Footwear,Sandals,4.1,Yes,Express,PayPal,Oregon,Winter
629,69,Male,61-70 (Senior),85,High Value,29,Medium Engagement,High Value - Medium Engagement,Yes,Monthly,30,Clothing,Sweater,3.7,Yes,2-Day Shipping,Credit Card,Massachusetts,Fall
630,26,Male,18-30 (Young Adult),90,High Value,11,Low Engagement,High Value - Low Engagement,Yes,Annually,365,Footwear,Shoes,4.7,Yes,Standard,Debit Card,Vermont,Spring
631,41,Male,31-45 (Adult),94,High Value,33,Medium Engagement,High Value - Medium Engagement,Yes,Annually,365,Accessories,Jewelry,4.3,Yes,2-Day Shipping,Debit Card,Mississippi,Fall
632,55,Male,46-60 (Middle-Aged),68,Medium Value,27,Medium Engagement,Medium Value - Medium Engagement,Yes,Bi-Weekly,14,Footwear,Boots,4.1,Yes,Store Pickup,Cash,Washington,Summer
633,35,Male,31-45 (Adult),51,Medium Value,19,Medium Engagement,Medium Value - Medium Engagement,Yes,Bi-Weekly,14,Accessories,Backpack,3.9,Yes,Next Day Air,Venmo,Wyoming,Winter
634,66,Male,61-70 (Senior),33,Low Value,50,High Engagement,Low Value - High Engagement,Yes,Quarterly,90,Footwear,Sandals,2.9,Yes,Express,Debit Card,Minnesota,Spring
635,36,Male,31-45 (Adult),60,Medium Value,46,High Engagement,Medium Value - High Engagement,Yes,Weekly,7,Footwear,Sneakers,3.9,Yes,Standard,PayPal,Ohio,Summer
636,27,Male,18-30 (Young Adult),59,Medium Value,28,Medium Engagement,Medium Value - Medium Engagement,Yes,Quarterly,90,Clothing,Hoodie,4.3,Yes,2-Day Shipping,Cash,South Carolina,Fall
637,41,Male,31-45 (Adult),30,Low Value,14,Low Engagement,Low Value - Low Engagement,Yes,Quarterly,90,Accessories,Handbag,2.8,Yes,Store Pickup,Bank Transfer,Wisconsin,Summer
638,21,Male,18-30 (Young Adult),20,Low Value,46,High Engagement,Low Value - High Engagement,Yes,Bi-Weekly,14,Clothing,Sweater,3.4,Yes,2-Day Shipping,Cash,Tennessee,Winter
639,53,Male,46-60 (Middle-Aged),20,Low Value,41,High Engagement,Low Value - High Engagement,Yes,Monthly,30,Footwear,Sandals,2.7,Yes,Express,PayPal,Maryland,Summer
640,54,Male,46-60 (Middle-Aged),24,Low Value,50,High Engagement,Low Value - High Engagement,Yes,Annually,365,Clothing,Dress,4.0,Yes,2-Day Shipping,Credit Card,Mississippi,Spring
641,53,Male,46-60 (Middle-Aged),88,High Value,28,Medium Engagement,High Value - Medium Engagement,Yes,Bi-Weekly,14,Clothing,Skirt,4.4,Yes,Store Pickup,Debit Card,Minnesota,Summer
642,47,Male,46-60 (Middle-Aged),78,High Value,23,Medium Engagement,High Value - Medium Engagement,Yes,Quarterly,90,Clothing,Blouse,3.9,Yes,2-Day Shipping,Credit Card,Alaska,Winter
643,64,Male,61-70 (Senior),25,Low Value,14,Low Engagement,Low Value - Low Engagement,Yes,Bi-Weekly,14,Clothing,Skirt,2.8,Yes,2-Day Shipping,Debit Card,Arkansas,Spring
644,18,Male,18-30 (Young Adult),57,Medium Value,10,Low Engagement,Medium Value - Low Engagement,Yes,Quarterly,90,Clothing,Sweater,3.2,Yes,Next Day Air,Bank Transfer,Oregon,Winter
645,68,Male,61-70 (Senior),93,High Value,37,High Engagement,High Value - High Engagement,Yes,Weekly,7,Accessories,Backpack,4.3,Yes,Next Day Air,Cash,Louisiana,Summer
646,62,Male,61-70 (Senior),42,Medium Value,15,Low Engagement,Medium Value - Low Engagement,Yes,Bi-Weekly,14,Clothing,Hoodie,4.2,Yes,Express,Venmo,Oklahoma,Summer
647,51,Male,46-60 (Middle-Aged),54,Medium Value,19,Medium Engagement,Medium Value - Medium Engagement,Yes,Bi-Weekly,14,Footwear,Boots,4.9,Yes,Standard,Venmo,Indiana,Spring
648,54,Male,46-60 (Middle-Aged),70,Medium Value,23,Medium Engagement,Medium Value - Medium Engagement,Yes,Bi-Weekly,14,Clothing,Blouse,3.7,Yes,Express,Credit Card,Mississippi,Summer
649,22,Male,18-30 (Young Adult),31,Low Value,35,Medium Engagement,Low Value - Medium Engagement,Yes,Weekly,7,Clothing,Hoodie,4.1,Yes,Store Pickup,Credit Card,Michigan,Winter
650,53,Male,46-60 (Middle-Aged),93,High Value,33,Medium Engagement,High Value - Medium Engagement,Yes,Quarterly,90,Clothing,Pants,4.2,Yes,Store Pickup,PayPal,Delaware,Spring
651,34,Male,31-45 (Adult),40,Medium Value,12,Low Engagement,Medium Value - Low Engagement,Yes,Annually,365,Accessories,Gloves,3.9,Yes,Next Day Air,Bank Transfer,Florida,Spring
652,32,Male,31-45 (Adult),32,Low Value,41,High Engagement,Low Value - High Engagement,Yes,Bi-Weekly,14,Accessories,Hat,2.9,Yes,Next Day Air,Venmo,Arkansas,Summer
653,64,Male,61-70 (Senior),27,Low Value,27,Medium Engagement,Low Value - Medium Engagement,Yes,Weekly,7,Accessories,Sunglasses,3.1,Yes,Free Shipping,Venmo,Minnesota,Winter
654,20,Male,18-30 (Young Adult),68,Medium Value,45,High Engagement,Medium Value - High Engagement,Yes,Bi-Weekly,14,Accessories,Scarf,3.6,Yes,2-Day Shipping,Cash,North Dakota,Winter
655,24,Male,18-30 (Young Adult),59,Medium Value,23,Medium Engagement,Medium Value - Medium Engagement,Yes,Annually,365,Accessories,Handbag,4.4,Yes,2-Day Shipping,Venmo,California,Summer
656,20,Male,18-30 (Young Adult),36,Low Value,19,Medium Engagement,Low Value - Medium Engagement,Yes,Monthly,30,Accessories,Handbag,3.1,Yes,Free Shipping,Venmo,Mississippi,Fall
657,42,Male,31-45 (Adult),23,Low Value,6,Low Engagement,Low Value - Low Engagement,Yes,Quarterly,90,Clothing,Jeans,3.9,Yes,Standard,PayPal,Pennsylvania,Summer
658,48,Male,46-60 (Middle-Aged),80,High Value,6,Low Engagement,High Value - Low Engagement,Yes,Quarterly,90,Outerwear,Jacket,4.3,Yes,Free Shipping,PayPal,Arizona,Winter
659,62,Male,61-70 (Senior),37,Low Value,20,Medium Engagement,Low Value - Medium Engagement,Yes,Weekly,7,Accessories,Backpack,4.9,Yes,Store Pickup,Venmo,Louisiana,Fall
660,62,Male,61-70 (Senior),52,Medium Value,8,Low Engagement,Medium Value - Low Engagement,Yes,Weekly,7,Clothing,Shorts,3.6,Yes,2-Day Shipping,Cash,Virginia,Spring
661,50,Male,46-60 (Middle-Aged),79,High Value,39,High Engagement,High Value - High Engagement,Yes,Quarterly,90,Outerwear,Coat,5.0,Yes,2-Day Shipping,Credit Card,Montana,Fall
662,57,Male,46-60 (Middle-Aged),68,Medium Value,39,High Engagement,Medium Value - High Engagement,Yes,Quarterly,90,Clothing,Shirt,4.1,Yes,Store Pickup,Credit Card,Iowa,Fall
663,24,Male,18-30 (Young Adult),98,High Value,39,High Engagement,High Value - High Engagement,Yes,Bi-Weekly,14,Accessories,Gloves,2.8,Yes,Express,Venmo,Illinois,Fall
664,59,Male,46-60 (Middle-Aged),83,High Value,23,Medium Engagement,High Value - Medium Engagement,Yes,Monthly,30,Clothing,Dress,4.7,Yes,Express,Credit Card,Alaska,Fall
665,63,Male,61-70 (Senior),83,High Value,41,High Engagement,High Value - High Engagement,Yes,Bi-Weekly,14,Clothing,Pants,4.4,Yes,Express,PayPal,Colorado,Winter
666,41,Male,31-45 (Adult),55,Medium Value,50,High Engagement,Medium Value - High Engagement,Yes,Annually,365,Clothing,Pants,4.9,Yes,2-Day Shipping,Credit Card,New Mexico,Spring
667,35,Male,31-45 (Adult),26,Low Value,30,Medium Engagement,Low Value - Medium Engagement,Yes,Quarterly,90,Clothing,Hoodie,3.1,Yes,Free Shipping,Debit Card,Colorado,Winter
668,34,Male,31-45 (Adult),76,High Value,32,Medium Engagement,High Value - Medium Engagement,Yes,Quarterly,90,Accessories,Sunglasses,2.6,Yes,Standard,Bank Transfer,Arizona,Winter
669,49,Male,46-60 (Middle-Aged),85,High Value,35,Medium Engagement,High Value - Medium Engagement,Yes,Monthly,30,Clothing,T-shirt,2.9,Yes,Express,Bank Transfer,Hawaii,Fall
670,43,Male,31-45 (Adult),89,High Value,45,High Engagement,High Value - High Engagement,Yes,Bi-Weekly,14,Outerwear,Jacket,3.3,Yes,Free Shipping,Venmo,Illinois,Spring
671,63,Male,61-70 (Senior),41,Medium Value,37,High Engagement,Medium Value - High Engagement,Yes,Bi-Weekly,14,Clothing,Sweater,4.8,Yes,Next Day Air,Cash,Louisiana,Spring
672,38,Male,31-45 (Adult),30,Low Value,45,High Engagement,Low Value - High Engagement,Yes,Weekly,7,Outerwear,Jacket,4.7,Yes,Express,Cash,Iowa,Winter
673,59,Male,46-60 (Middle-Aged),53,Medium Value,29,Medium Engagement,Medium Value - Medium Engagement,Yes,Quarterly,90,Clothing,Socks,3.3,Yes,2-Day Shipping,Cash,Washington,Winter
674,35,Male,31-45 (Adult),66,Medium Value,27,Medium Engagement,Medium Value - Medium Engagement,Yes,Bi-Weekly,14,Clothing,Shirt,4.2,Yes,Free Shipping,Venmo,Oklahoma,Spring
675,48,Male,46-60 (Middle-Aged),33,Low Value,36,High Engagement,Low Value - High Engagement,Yes,Annually,365,Accessories,Jewelry,4.7,Yes,Store Pickup,Bank Transfer,Washington,Winter
676,64,Male,61-70 (Senior),86,High Value,9,Low Engagement,High Value - Low Engagement,Yes,Annually,365,Accessories,Sunglasses,2.6,Yes,2-Day Shipping,Cash,Arkansas,Spring
677,28,Male,18-30 (Young Adult),60,Medium Value,38,High Engagement,Medium Value - High Engagement,Yes,Bi-Weekly,14,Clothing,Pants,2.9,Yes,2-Day Shipping,Venmo,Connecticut,Winter
678,60,Male,46-60 (Middle-Aged),62,Medium Value,41,High Engagement,Medium Value - High Engagement,Yes,Annually,365,Clothing,Socks,2.7,Yes,Express,PayPal,Washington,Summer
679,27,Male,18-30 (Young Adult),74,Medium Value,25,Medium Engagement,Medium Value - Medium Engagement,Yes,Quarterly,90,Clothing,Blouse,3.3,Yes,Store Pickup,Debit Card,Maine,Fall
680,56,Male,46-60 (Middle-Aged),95,High Value,37,High Engagement,High Value - High Engagement,Yes,Bi-Weekly,14,Footwear,Sandals,3.4,Yes,Express,Venmo,Michigan,Fall
681,58,Male,46-60 (Middle-Aged),25,Low Value,3,Low Engagement,Low Value - Low Engagement,Yes,Annually,365,Footwear,Sneakers,4.2,Yes,Express,PayPal,Tennessee,Spring
682,30,Male,18-30 (Young Adult),59,Medium Value,24,Medium Engagement,Medium Value - Medium Engagement,Yes,Quarterly,90,Clothing,Shirt,3.8,Yes,2-Day Shipping,Credit Card,Louisiana,Winter
683,23,Male,18-30 (Young Adult),29,Low Value,49,High Engagement,Low Value - High Engagement,Yes,Bi-Weekly,14,Outerwear,Jacket,4.0,Yes,Standard,Credit Card,Missouri,Summer
684,33,Male,31-45 (Adult),36,Low Value,3,Low Engagement,Low Value - Low Engagement,Yes,Monthly,30,Footwear,Sandals,2.7,Yes,Free Shipping,Bank Transfer,Michigan,Winter
685,63,Male,61-70 (Senior),82,High Value,42,High Engagement,High Value - High Engagement,Yes,Monthly,30,Accessories,Hat,4.7,Yes,Express,Debit Card,Alabama,Summer
686,70,Male,61-70 (Senior),71,Medium Value,32,Medium Engagement,Medium Value - Medium Engagement,Yes,Bi-Weekly,14,Clothing,Blouse,3.5,Yes,Standard,Cash,Massachusetts,Winter
687,70,Male,61-70 (Senior),35,Low Value,33,Medium Engagement,Low Value - Medium Engagement,Yes,Bi-Weekly,14,Clothing,Sweater,3.0,Yes,2-Day Shipping,Venmo,Indiana,Fall
688,19,Male,18-30 (Young Adult),38,Low Value,46,High Engagement,Low Value - High Engagement,Yes,Quarterly,90,Accessories,Gloves,3.3,Yes,Free Shipping,Bank Transfer,West Virginia,Winter
689,25,Male,18-30 (Young Adult),59,Medium Value,44,High Engagement,Medium Value - High Engagement,Yes,Monthly,30,Accessories,Scarf,4.7,Yes,Store Pickup,Venmo,Michigan,Summer
690,19,Male,18-30 (Young Adult),91,High Value,35,Medium Engagement,High Value - Medium Engagement,Yes,Quarterly,90,Clothing,Hoodie,4.7,Yes,Express,Credit Card,Pennsylvania,Summer
691,25,Male,18-30 (Young Adult),68,Medium Value,45,High Engagement,Medium Value - High Engagement,Yes,Weekly,7,Clothing,Shorts,4.8,Yes,Standard,Bank Transfer,Alaska,Spring
692,60,Male,46-60 (Middle-Aged),21,Low Value,37,High Engagement,Low Value - High Engagement,Yes,Bi-Weekly,14,Accessories,Backpack,2.9,Yes,Standard,PayPal,Massachusetts,Summer
693,35,Male,31-45 (Adult),95,High Value,40,High Engagement,High Value - High Engagement,Yes,Quarterly,90,Accessories,Sunglasses,4.0,Yes,2-Day Shipping,Debit Card,North Dakota,Spring
694,46,Male,46-60 (Middle-Aged),52,Medium Value,30,Medium Engagement,Medium Value - Medium Engagement,Yes,Quarterly,90,Clothing,Shorts,3.1,Yes,Free Shipping,Cash,Vermont,Spring
695,41,Male,31-45 (Adult),21,Low Value,38,High Engagement,Low Value - High Engagement,Yes,Quarterly,90,Clothing,Dress,3.5,Yes,2-Day Shipping,Venmo,Kentucky,Fall
696,30,Male,18-30 (Young Adult),67,Medium Value,15,Low Engagement,Medium Value - Low Engagement,Yes,Quarterly,90,Clothing,Shorts,3.7,Yes,Next Day Air,Debit Card,Nevada,Summer
697,44,Male,31-45 (Adult),42,Medium Value,49,High Engagement,Medium Value - High Engagement,Yes,Monthly,30,Accessories,Belt,2.8,Yes,Standard,Cash,Utah,Fall
698,61,Male,61-70 (Senior),63,Medium Value,40,High Engagement,Medium Value - High Engagement,Yes,Quarterly,90,Accessories,Scarf,4.6,Yes,Free Shipping,Debit Card,North Dakota,Summer
699,55,Male,46-60 (Middle-Aged),41,Medium Value,40,High Engagement,Medium Value - High Engagement,Yes,Weekly,7,Footwear,Boots,3.8,Yes,Standard,Debit Card,Iowa,Winter
700,50,Male,46-60 (Middle-Aged),46,Medium Value,5,Low Engagement,Medium Value - Low Engagement,Yes,Weekly,7,Accessories,Handbag,2.6,Yes,2-Day Shipping,PayPal,Connecticut,Fall
701,57,Male,46-60 (Middle-Aged),79,High Value,5,Low Engagement,High Value - Low Engagement,Yes,Monthly,30,Clothing,Pants,4.1,Yes,Standard,PayPal,Wisconsin,Winter
702,51,Male,46-60 (Middle-Aged),90,High Value,5,Low Engagement,High Value - Low Engagement,Yes,Quarterly,90,Footwear,Boots,3.3,Yes,Next Day Air,Debit Card,Idaho,Fall
703,18,Male,18-30 (Young Adult),71,Medium Value,1,Low Engagement,Medium Value - Low Engagement,Yes,Weekly,7,Clothing,Shirt,3.4,Yes,Store Pickup,Cash,Montana,Winter
704,63,Male,61-70 (Senior),87,High Value,21,Medium Engagement,High Value - Medium Engagement,Yes,Weekly,7,Clothing,Dress,3.0,Yes,Standard,Venmo,Connecticut,Summer
705,34,Male,31-45 (Adult),66,Medium Value,18,Medium Engagement,Medium Value - Medium Engagement,Yes,Annually,365,Clothing,Hoodie,3.2,Yes,Express,PayPal,Idaho,Spring
706,25,Male,18-30 (Young Adult),90,High Value,49,High Engagement,High Value - High Engagement,Yes,Quarterly,90,Clothing,Pants,4.5,Yes,Free Shipping,Cash,Arkansas,Summer
707,46,Male,46-60 (Middle-Aged),47,Medium Value,27,Medium Engagement,Medium Value - Medium Engagement,Yes,Weekly,7,Clothing,Jeans,4.8,Yes,Express,Debit Card,Iowa,Summer
708,59,Male,46-60 (Middle-Aged),38,Low Value,21,Medium Engagement,Low Value - Medium Engagement,Yes,Annually,365,Clothing,Shirt,3.7,Yes,Next Day Air,Venmo,Louisiana,Spring
709,37,Male,31-45 (Adult),50,Medium Value,19,Medium Engagement,Medium Value - Medium Engagement,Yes,Bi-Weekly,14,Accessories,Backpack,3.4,Yes,Store Pickup,Cash,Kentucky,Summer
710,49,Male,46-60 (Middle-Aged),79,High Value,23,Medium Engagement,High Value - Medium Engagement,Yes,Monthly,30,Outerwear,Jacket,4.6,Yes,Standard,Debit Card,Massachusetts,Summer
711,22,Male,18-30 (Young Adult),91,High Value,26,Medium Engagement,High Value - Medium Engagement,Yes,Bi-Weekly,14,Accessories,Scarf,4.1,Yes,Standard,PayPal,Virginia,Spring
712,64,Male,61-70 (Senior),60,Medium Value,13,Low Engagement,Medium Value - Low Engagement,Yes,Bi-Weekly,14,Footwear,Boots,3.5,Yes,2-Day Shipping,Bank Transfer,New Hampshire,Spring
713,42,Male,31-45 (Adult),81,High Value,36,High Engagement,High Value - High Engagement,Yes,Quarterly,90,Clothing,Blouse,3.8,Yes,Next Day Air,Bank Transfer,New Hampshire,Summer
714,37,Male,31-45 (Adult),90,High Value,39,High Engagement,High Value - High Engagement,Yes,Bi-Weekly,14,Clothing,Hoodie,2.6,Yes,Express,Bank Transfer,Oregon,Summer
715,26,Male,18-30 (Young Adult),70,Medium Value,40,High Engagement,Medium Value - High Engagement,Yes,Bi-Weekly,14,Outerwear,Jacket,4.4,Yes,Store Pickup,Debit Card,South Dakota,Fall
716,33,Male,31-45 (Adult),63,Medium Value,37,High Engagement,Medium Value - High Engagement,Yes,Quarterly,90,Clothing,Jeans,2.6,Yes,Express,Debit Card,Delaware,Spring
717,30,Male,18-30 (Young Adult),29,Low Value,9,Low Engagement,Low Value - Low Engagement,Yes,Bi-Weekly,14,Accessories,Jewelry,3.6,Yes,Express,Venmo,Missouri,Spring
718,21,Male,18-30 (Young Adult),90,High Value,7,Low Engagement,High Value - Low Engagement,Yes,Quarterly,90,Clothing,Socks,4.2,Yes,Express,Venmo,Alaska,Spring
719,22,Male,18-30 (Young Adult),22,Low Value,25,Medium Engagement,Low Value - Medium Engagement,Yes,Annually,365,Clothing,Shirt,4.6,Yes,Standard,Bank Transfer,Florida,Summer
720,63,Male,61-70 (Senior),22,Low Value,42,High Engagement,Low Value - High Engagement,Yes,Bi-Weekly,14,Clothing,Shorts,3.3,Yes,Next Day Air,Venmo,Mississippi,Summer
721,33,Male,31-45 (Adult),62,Medium Value,19,Medium Engagement,Medium Value - Medium Engagement,Yes,Weekly,7,Accessories,Jewelry,3.4,Yes,Free Shipping,Debit Card,New Mexico,Fall
722,43,Male,31-45 (Adult),57,Medium Value,41,High Engagement,Medium Value - High Engagement,Yes,Quarterly,90,Clothing,Blouse,4.4,Yes,Next Day Air,Debit Card,California,Summer
723,27,Male,18-30 (Young Adult),32,Low Value,50,High Engagement,Low Value - High Engagement,Yes,Bi-Weekly,14,Clothing,Sweater,4.3,Yes,Store Pickup,Cash,Wyoming,Summer
724,35,Male,31-45 (Adult),53,Medium Value,43,High Engagement,Medium Value - High Engagement,Yes,Monthly,30,Accessories,Jewelry,3.5,Yes,Express,PayPal,Missouri,Fall
725,37,Male,31-45 (Adult),79,High Value,36,High Engagement,High Value - High Engagement,Yes,Quarterly,90,Clothing,T-shirt,4.7,Yes,Store Pickup,Venmo,New Hampshire,Fall
726,61,Male,61-70 (Senior),61,Medium Value,33,Medium Engagement,Medium Value - Medium Engagement,Yes,Bi-Weekly,14,Accessories,Hat,3.1,Yes,Standard,Debit Card,Texas,Winter
727,32,Male,31-45 (Adult),78,High Value,20,Medium Engagement,High Value - Medium Engagement,Yes,Quarterly,90,Clothing,Shorts,3.6,Yes,Next Day Air,Bank Transfer,North Dakota,Summer
728,62,Male,61-70 (Senior),97,High Value,37,High Engagement,High Value - High Engagement,Yes,Quarterly,90,Clothing,Sweater,4.8,Yes,Next Day Air,Venmo,Arkansas,Winter
729,29,Male,18-30 (Young Adult),78,High Value,12,Low Engagement,High Value - Low Engagement,Yes,Quarterly,90,Clothing,Jeans,3.7,Yes,Next Day Air,PayPal,Nebraska,Winter
730,41,Male,31-45 (Adult),56,Medium Value,46,High Engagement,Medium Value - High Engagement,Yes,Quarterly,90,Accessories,Sunglasses,3.2,Yes,Express,PayPal,Minnesota,Summer
731,48,Male,46-60 (Middle-Aged),25,Low Value,28,Medium Engagement,Low Value - Medium Engagement,Yes,Bi-Weekly,14,Footwear,Boots,3.9,Yes,Standard,Venmo,Massachusetts,Summer
732,43,Male,31-45 (Adult),28,Low Value,30,Medium Engagement,Low Value - Medium Engagement,Yes,Bi-Weekly,14,Outerwear,Coat,3.5,Yes,Free Shipping,PayPal,Arkansas,Spring
733,34,Male,31-45 (Adult),57,Medium Value,28,Medium Engagement,Medium Value - Medium Engagement,Yes,Bi-Weekly,14,Clothing,Shirt,2.8,Yes,Express,Cash,New Hampshire,Spring
734,45,Male,31-45 (Adult),36,Low Value,20,Medium Engagement,Low Value - Medium Engagement,Yes,Bi-Weekly,14,Clothing,Dress,2.7,Yes,2-Day Shipping,Debit Card,Rhode Island,Fall
735,65,Male,61-70 (Senior),69,Medium Value,39,High Engagement,Medium Value - High Engagement,Yes,Quarterly,90,Clothing,Shirt,3.1,Yes,Express,Bank Transfer,New Jersey,Winter
736,61,Male,61-70 (Senior),48,Medium Value,48,High Engagement,Medium Value - High Engagement,Yes,Bi-Weekly,14,Accessories,Sunglasses,3.6,Yes,2-Day Shipping,Cash,Montana,Fall
737,18,Male,18-30 (Young Adult),58,Medium Value,32,Medium Engagement,Medium Value - Medium Engagement,Yes,Quarterly,90,Clothing,Dress,2.9,Yes,2-Day Shipping,Credit Card,Colorado,Spring
738,47,Male,46-60 (Middle-Aged),24,Low Value,28,Medium Engagement,Low Value - Medium Engagement,Yes,Annually,365,Accessories,Sunglasses,3.6,Yes,Store Pickup,PayPal,Nebraska,Spring
739,56,Male,46-60 (Middle-Aged),31,Low Value,27,Medium Engagement,Low Value - Medium Engagement,Yes,Quarterly,90,Accessories,Sunglasses,3.5,Yes,2-Day Shipping,Venmo,Minnesota,Winter
740,64,Male,61-70 (Senior),29,Low Value,26,Medium Engagement,Low Value - Medium Engagement,Yes,Bi-Weekly,14,Clothing,Shorts,3.5,Yes,Free Shipping,Venmo,Minnesota,Summer
741,26,Male,18-30 (Young Adult),69,Medium Value,22,Medium Engagement,Medium Value - Medium Engagement,Yes,Bi-Weekly,14,Clothing,Jeans,2.8,Yes,Next Day Air,Credit Card,South Dakota,Summer
742,22,Male,18-30 (Young Adult),79,High Value,23,Medium Engagement,High Value - Medium Engagement,Yes,Quarterly,90,Clothing,T-shirt,4.7,Yes,Free Shipping,Bank Transfer,West Virginia,Summer
743,64,Male,61-70 (Senior),39,Low Value,21,Medium Engagement,Low Value - Medium Engagement,Yes,Quarterly,90,Clothing,Pants,3.1,Yes,Express,Debit Card,Nevada,Summer
744,21,Male,18-30 (Young Adult),84,High Value,36,High Engagement,High Value - High Engagement,Yes,Weekly,7,Accessories,Sunglasses,4.9,Yes,Free Shipping,Cash,North Carolina,Fall
745,67,Male,61-70 (Senior),66,Medium Value,42,High Engagement,Medium Value - High Engagement,Yes,Bi-Weekly,14,Footwear,Boots,4.1,Yes,Next Day Air,Debit Card,Illinois,Spring
746,46,Male,46-60 (Middle-Aged),92,High Value,4,Low Engagement,High Value - Low Engagement,Yes,Monthly,30,Clothing,T-shirt,4.7,Yes,Standard,Venmo,Michigan,Fall
747,40,Male,31-45 (Adult),45,Medium Value,47,High Engagement,Medium Value - High Engagement,Yes,Annually,365,Footwear,Sandals,2.5,Yes,Free Shipping,Credit Card,Michigan,Winter
748,51,Male,46-60 (Middle-Aged),74,Medium Value,13,Low Engagement,Medium Value - Low Engagement,Yes,Weekly,7,Clothing,Shorts,4.4,Yes,Next Day Air,Bank Transfer,Oklahoma,Spring
749,35,Male,31-45 (Adult),39,Low Value,8,Low Engagement,Low Value - Low Engagement,Yes,Quarterly,90,Accessories,Hat,3.9,Yes,Free Shipping,Bank Transfer,South Dakota,Fall
750,56,Male,46-60 (Middle-Aged),71,Medium Value,11,Low Engagement,Medium Value - Low Engagement,Yes,Quarterly,90,Accessories,Scarf,3.7,Yes,Standard,Debit Card,Oklahoma,Winter
751,25,Male,18-30 (Young Adult),95,High Value,5,Low Engagement,High Value - Low Engagement,Yes,Annually,365,Clothing,T-shirt,3.4,Yes,Free Shipping,Venmo,Maryland,Fall
752,65,Male,61-70 (Senior),72,Medium Value,1,Low Engagement,Medium Value - Low Engagement,Yes,Monthly,30,Accessories,Gloves,4.8,Yes,Free Shipping,Credit Card,Ohio,Fall
753,39,Male,31-45 (Adult),85,High Value,17,Medium Engagement,High Value - Medium Engagement,Yes,Quarterly,90,Accessories,Scarf,4.2,Yes,2-Day Shipping,PayPal,Ohio,Fall
754,47,Male,46-60 (Middle-Aged),54,Medium Value,27,Medium Engagement,Medium Value - Medium Engagement,Yes,Quarterly,90,Footwear,Boots,3.4,Yes,Store Pickup,Venmo,Massachusetts,Fall
755,36,Male,31-45 (Adult),41,Medium Value,3,Low Engagement,Medium Value - Low Engagement,Yes,Quarterly,90,Accessories,Gloves,2.9,Yes,Store Pickup,Debit Card,North Carolina,Spring
756,66,Male,61-70 (Senior),24,Low Value,22,Medium Engagement,Low Value - Medium Engagement,Yes,Weekly,7,Outerwear,Coat,3.3,Yes,Free Shipping,PayPal,Florida,Spring
757,62,Male,61-70 (Senior),99,High Value,24,Medium Engagement,High Value - Medium Engagement,Yes,Bi-Weekly,14,Accessories,Belt,4.8,Yes,Standard,Cash,Montana,Summer
758,41,Male,31-45 (Adult),32,Low Value,18,Medium Engagement,Low Value - Medium Engagement,Yes,Quarterly,90,Clothing,Hoodie,3.8,Yes,Store Pickup,Debit Card,Minnesota,Fall
759,66,Male,61-70 (Senior),71,Medium Value,39,High Engagement,Medium Value - High Engagement,Yes,Quarterly,90,Footwear,Shoes,4.6,Yes,2-Day Shipping,Bank Transfer,Massachusetts,Summer
760,51,Male,46-60 (Middle-Aged),49,Medium Value,25,Medium Engagement,Medium Value - Medium Engagement,Yes,Bi-Weekly,14,Clothing,Dress,2.6,Yes,Next Day Air,Credit Card,Rhode Island,Winter
761,33,Male,31-45 (Adult),50,Medium Value,6,Low Engagement,Medium Value - Low Engagement,Yes,Annually,365,Accessories,Gloves,3.4,Yes,Free Shipping,Cash,Minnesota,Fall
762,57,Male,46-60 (Middle-Aged),91,High Value,26,Medium Engagement,High Value - Medium Engagement,Yes,Weekly,7,Accessories,Jewelry,4.2,Yes,Express,Bank Transfer,Nevada,Fall
763,45,Male,31-45 (Adult),46,Medium Value,43,High Engagement,Medium Value - High Engagement,Yes,Bi-Weekly,14,Accessories,Belt,3.9,Yes,Standard,Debit Card,New Mexico,Fall
764,61,Male,61-70 (Senior),50,Medium Value,6,Low Engagement,Medium Value - Low Engagement,Yes,Monthly,30,Clothing,Sweater,2.9,Yes,2-Day Shipping,Credit Card,North Carolina,Spring
765,55,Male,46-60 (Middle-Aged),39,Low Value,6,Low Engagement,Low Value - Low Engagement,Yes,Quarterly,90,Clothing,Skirt,4.2,Yes,Free Shipping,Debit Card,Virginia,Fall
766,54,Male,46-60 (Middle-Aged),99,High Value,13,Low Engagement,High Value - Low Engagement,Yes,Quarterly,90,Footwear,Sneakers,3.0,Yes,Store Pickup,Cash,Alaska,Summer
767,57,Male,46-60 (Middle-Aged),48,Medium Value,13,Low Engagement,Medium Value - Low Engagement,Yes,Monthly,30,Accessories,Gloves,3.6,Yes,Next Day Air,PayPal,Nevada,Winter
768,27,Male,18-30 (Young Adult),77,High Value,11,Low Engagement,High Value - Low Engagement,Yes,Annually,365,Outerwear,Coat,2.5,Yes,Next Day Air,Cash,Pennsylvania,Fall
769,64,Male,61-70 (Senior),95,High Value,45,High Engagement,High Value - High Engagement,Yes,Weekly,7,Accessories,Backpack,2.6,Yes,Express,Venmo,Illinois,Spring
770,52,Male,46-60 (Middle-Aged),100,High Value,8,Low Engagement,High Value - Low Engagement,Yes,Monthly,30,Clothing,Socks,4.3,Yes,Store Pickup,PayPal,Delaware,Spring
771,19,Male,18-30 (Young Adult),54,Medium Value,8,Low Engagement,Medium Value - Low Engagement,Yes,Annually,365,Footwear,Sneakers,3.3,Yes,Express,Credit Card,Vermont,Spring
772,22,Male,18-30 (Young Adult),68,Medium Value,34,Medium Engagement,Medium Value - Medium Engagement,Yes,Bi-Weekly,14,Clothing,Sweater,2.6,Yes,Next Day Air,Bank Transfer,Hawaii,Fall
773,18,Male,18-30 (Young Adult),22,Low Value,40,High Engagement,Low Value - High Engagement,Yes,Bi-Weekly,14,Clothing,Jeans,3.6,Yes,Free Shipping,Debit Card,Illinois,Fall
774,29,Male,18-30 (Young Adult),84,High Value,14,Low Engagement,High Value - Low Engagement,Yes,Bi-Weekly,14,Accessories,Hat,2.6,Yes,Express,Debit Card,California,Winter
775,42,Male,31-45 (Adult),46,Medium Value,11,Low Engagement,Medium Value - Low Engagement,Yes,Quarterly,90,Accessories,Hat,3.5,Yes,Standard,Credit Card,Nevada,Summer
776,49,Male,46-60 (Middle-Aged),53,Medium Value,8,Low Engagement,Medium Value - Low Engagement,Yes,Monthly,30,Accessories,Handbag,3.0,Yes,Store Pickup,PayPal,Kentucky,Winter
777,49,Male,46-60 (Middle-Aged),60,Medium Value,8,Low Engagement,Medium Value - Low Engagement,Yes,Quarterly,90,Clothing,Shirt,5.0,Yes,Standard,Venmo,Alabama,Spring
778,55,Male,46-60 (Middle-Aged),32,Low Value,37,High Engagement,Low Value - High Engagement,Yes,Weekly,7,Clothing,Socks,2.5,Yes,Express,Venmo,Wyoming,Spring
779,29,Male,18-30 (Young Adult),50,Medium Value,23,Medium Engagement,Medium Value - Medium Engagement,Yes,Annually,365,Clothing,Socks,2.9,Yes,Store Pickup,Debit Card,Massachusetts,Summer
780,60,Male,46-60 (Middle-Aged),94,High Value,38,High Engagement,High Value - High Engagement,Yes,Annually,365,Clothing,Dress,4.6,Yes,Express,Cash,Utah,Spring
781,34,Male,31-45 (Adult),26,Low Value,38,High Engagement,Low Value - High Engagement,Yes,Quarterly,90,Footwear,Shoes,3.6,Yes,Free Shipping,Cash,New York,Spring
782,30,Male,18-30 (Young Adult),44,Medium Value,12,Low Engagement,Medium Value - Low Engagement,Yes,Bi-Weekly,14,Accessories,Scarf,3.0,Yes,Store Pickup,Credit Card,Vermont,Winter
783,28,Male,18-30 (Young Adult),57,Medium Value,15,Low Engagement,Medium Value - Low Engagement,Yes,Weekly,7,Clothing,Hoodie,4.5,Yes,Standard,Cash,Hawaii,Summer
784,63,Male,61-70 (Senior),65,Medium Value,38,High Engagement,Medium Value - High Engagement,Yes,Bi-Weekly,14,Clothing,T-shirt,4.5,Yes,Next Day Air,PayPal,Louisiana,Winter
785,31,Male,31-45 (Adult),72,Medium Value,41,High Engagement,Medium Value - High Engagement,Yes,Quarterly,90,Clothing,Jeans,3.2,Yes,Store Pickup,Bank Transfer,Alabama,Winter
786,46,Male,46-60 (Middle-Aged),62,Medium Value,37,High Engagement,Medium Value - High Engagement,Yes,Bi-Weekly,14,Clothing,Shorts,4.0,Yes,Next Day Air,PayPal,Louisiana,Spring
787,70,Male,61-70 (Senior),21,Low Value,16,Medium Engagement,Low Value - Medium Engagement,Yes,Quarterly,90,Accessories,Hat,4.8,Yes,Express,Bank Transfer,Indiana,Winter
788,53,Male,46-60 (Middle-Aged),85,High Value,25,Medium Engagement,High Value - Medium Engagement,Yes,Weekly,7,Accessories,Handbag,3.7,Yes,Free Shipping,Venmo,Michigan,Spring
789,50,Male,46-60 (Middle-Aged),51,Medium Value,18,Medium Engagement,Medium Value - Medium Engagement,Yes,Quarterly,90,Clothing,Pants,3.8,Yes,Store Pickup,Bank Transfer,Rhode Island,Summer
790,33,Male,31-45 (Adult),84,High Value,4,Low Engagement,High Value - Low Engagement,Yes,Bi-Weekly,14,Accessories,Handbag,2.7,Yes,Standard,Credit Card,Idaho,Fall
791,22,Male,18-30 (Young Adult),37,Low Value,12,Low Engagement,Low Value - Low Engagement,Yes,Quarterly,90,Clothing,Sweater,4.9,Yes,Store Pickup,Bank Transfer,Louisiana,Summer
792,50,Male,46-60 (Middle-Aged),44,Medium Value,35,Medium Engagement,Medium Value - Medium Engagement,Yes,Bi-Weekly,14,Accessories,Scarf,3.1,Yes,2-Day Shipping,PayPal,North Carolina,Summer
793,34,Male,31-45 (Adult),45,Medium Value,45,High Engagement,Medium Value - High Engagement,Yes,Weekly,7,Footwear,Sneakers,4.2,Yes,Next Day Air,Venmo,New Jersey,Spring
794,24,Male,18-30 (Young Adult),35,Low Value,16,Medium Engagement,Low Value - Medium Engagement,Yes,Monthly,30,Clothing,Pants,3.8,Yes,Free Shipping,Credit Card,Alabama,Summer
795,69,Male,61-70 (Senior),50,Medium Value,10,Low Engagement,Medium Value - Low Engagement,Yes,Bi-Weekly,14,Accessories,Backpack,4.2,Yes,Store Pickup,Debit Card,Kentucky,Winter
796,39,Male,31-45 (Adult),26,Low Value,34,Medium Engagement,Low Value - Medium Engagement,Yes,Annually,365,Footwear,Sandals,4.6,Yes,Store Pickup,Venmo,New York,Summer
797,42,Male,31-45 (Adult),78,High Value,43,High Engagement,High Value - High Engagement,Yes,Annually,365,Clothing,Socks,4.0,Yes,2-Day Shipping,Credit Card,Arizona,Fall
798,42,Male,31-45 (Adult),82,High Value,38,High Engagement,High Value - High Engagement,Yes,Weekly,7,Outerwear,Coat,4.0,Yes,2-Day Shipping,Debit Card,Maryland,Fall
799,29,Male,18-30 (Young Adult),39,Low Value,48,High Engagement,Low Value - High Engagement,Yes,Quarterly,90,Clothing,Socks,3.8,Yes,2-Day Shipping,PayPal,Alaska,Spring
800,55,Male,46-60 (Middle-Aged),55,Medium Value,31,Medium Engagement,Medium Value - Medium Engagement,Yes,Annually,365,Accessories,Belt,3.8,Yes,Free Shipping,PayPal,Nevada,Summer
801,32,Male,31-45 (Adult),20,Low Value,20,Medium Engagement,Low Value - Medium Engagement,Yes,Quarterly,90,Clothing,Socks,2.6,Yes,Free Shipping,Cash,Utah,Summer
802,25,Male,18-30 (Young Adult),29,Low Value,12,Low Engagement,Low Value - Low Engagement,Yes,Bi-Weekly,14,Accessories,Belt,4.9,Yes,Express,Credit Card,New Mexico,Fall
803,38,Male,31-45 (Adult),41,Medium Value,2,Low Engagement,Medium Value - Low Engagement,Yes,Weekly,7,Clothing,Pants,3.5,Yes,Next Day Air,Bank Transfer,Delaware,Winter
804,32,Male,31-45 (Adult),38,Low Value,30,Medium Engagement,Low Value - Medium Engagement,Yes,Quarterly,90,Clothing,Shorts,2.8,Yes,Express,Venmo,Connecticut,Winter
805,43,Male,31-45 (Adult),47,Medium Value,28,Medium Engagement,Medium Value - Medium Engagement,Yes,Quarterly,90,Footwear,Boots,2.6,Yes,Store Pickup,Venmo,Mississippi,Summer
806,41,Male,31-45 (Adult),30,Low Value,40,High Engagement,Low Value - High Engagement,Yes,Monthly,30,Clothing,Dress,3.7,Yes,Next Day Air,Debit Card,Connecticut,Summer
807,56,Male,46-60 (Middle-Aged),56,Medium Value,46,High Engagement,Medium Value - High Engagement,Yes,Quarterly,90,Clothing,Jeans,2.7,Yes,Standard,PayPal,Florida,Summer
808,27,Male,18-30 (Young Adult),89,High Value,15,Low Engagement,High Value - Low Engagement,Yes,Weekly,7,Clothing,T-shirt,3.3,Yes,Express,Credit Card,New York,Winter
809,46,Male,46-60 (Middle-Aged),96,High Value,38,High Engagement,High Value - High Engagement,Yes,Quarterly,90,Footwear,Shoes,4.6,Yes,Next Day Air,Cash,Wisconsin,Fall
810,48,Male,46-60 (Middle-Aged),81,High Value,30,Medium Engagement,High Value - Medium Engagement,Yes,Bi-Weekly,14,Footwear,Boots,4.9,Yes,Next Day Air,PayPal,South Carolina,Fall
811,52,Male,46-60 (Middle-Aged),83,High Value,32,Medium Engagement,High Value - Medium Engagement,Yes,Bi-Weekly,14,Accessories,Scarf,4.9,Yes,Store Pickup,Debit Card,South Dakota,Fall
812,18,Male,18-30 (Young Adult),35,Low Value,36,High Engagement,Low Value - High Engagement,Yes,Quarterly,90,Footwear,Sneakers,2.7,Yes,Free Shipping,Venmo,Illinois,Winter
813,64,Male,61-70 (Senior),56,Medium Value,32,Medium Engagement,Medium Value - Medium Engagement,Yes,Weekly,7,Footwear,Boots,3.2,Yes,Standard,Credit Card,Alaska,Summer
814,54,Male,46-60 (Middle-Aged),45,Medium Value,14,Low Engagement,Medium Value - Low Engagement,Yes,Annually,365,Accessories,Handbag,2.9,Yes,Store Pickup,Debit Card,Montana,Summer
815,31,Male,31-45 (Adult),62,Medium Value,8,Low Engagement,Medium Value - Low Engagement,Yes,Monthly,30,Clothing,Shirt,3.8,Yes,Express,PayPal,Minnesota,Winter
816,30,Male,18-30 (Young Adult),84,High Value,27,Medium Engagement,High Value - Medium Engagement,Yes,Bi-Weekly,14,Accessories,Hat,3.0,Yes,Next Day Air,Venmo,West Virginia,Spring
817,26,Male,18-30 (Young Adult),24,Low Value,24,Medium Engagement,Low Value - Medium Engagement,Yes,Monthly,30,Clothing,Sweater,3.9,Yes,Store Pickup,Debit Card,Illinois,Summer
818,25,Male,18-30 (Young Adult),21,Low Value,30,Medium Engagement,Low Value - Medium Engagement,Yes,Bi-Weekly,14,Accessories,Handbag,4.7,Yes,Store Pickup,PayPal,Nevada,Spring
819,59,Male,46-60 (Middle-Aged),91,High Value,34,Medium Engagement,High Value - Medium Engagement,Yes,Monthly,30,Clothing,Shirt,4.9,Yes,Store Pickup,Debit Card,Idaho,Winter
820,55,Male,46-60 (Middle-Aged),36,Low Value,28,Medium Engagement,Low Value - Medium Engagement,Yes,Quarterly,90,Accessories,Sunglasses,4.8,Yes,Next Day Air,Debit Card,Colorado,Winter
821,56,Male,46-60 (Middle-Aged),39,Low Value,27,Medium Engagement,Low Value - Medium Engagement,Yes,Monthly,30,Footwear,Sneakers,2.5,Yes,2-Day Shipping,Debit Card,Louisiana,Spring
822,62,Male,61-70 (Senior),39,Low Value,31,Medium Engagement,Low Value - Medium Engagement,Yes,Bi-Weekly,14,Clothing,Hoodie,3.9,Yes,Standard,Credit Card,Vermont,Spring
823,35,Male,31-45 (Adult),59,Medium Value,23,Medium Engagement,Medium Value - Medium Engagement,Yes,Annually,365,Clothing,Shirt,3.4,Yes,Standard,Bank Transfer,Mississippi,Winter
824,51,Male,46-60 (Middle-Aged),27,Low Value,11,Low Engagement,Low Value - Low Engagement,Yes,Quarterly,90,Accessories,Sunglasses,2.5,Yes,Free Shipping,Credit Card,Georgia,Winter
825,61,Male,61-70 (Senior),94,High Value,48,High Engagement,High Value - High Engagement,Yes,Quarterly,90,Clothing,Blouse,3.0,Yes,Store Pickup,Cash,Georgia,Spring
826,27,Male,18-30 (Young Adult),94,High Value,17,Medium Engagement,High Value - Medium Engagement,Yes,Monthly,30,Accessories,Belt,3.6,Yes,Next Day Air,Cash,Nebraska,Fall
827,54,Male,46-60 (Middle-Aged),94,High Value,36,High Engagement,High Value - High Engagement,Yes,Weekly,7,Clothing,Dress,3.6,Yes,Standard,PayPal,Massachusetts,Winter
828,31,Male,31-45 (Adult),51,Medium Value,33,Medium Engagement,Medium Value - Medium Engagement,Yes,Bi-Weekly,14,Footwear,Shoes,4.1,Yes,Free Shipping,Bank Transfer,Colorado,Fall
829,24,Male,18-30 (Young Adult),62,Medium Value,27,Medium Engagement,Medium Value - Medium Engagement,Yes,Bi-Weekly,14,Clothing,Socks,3.7,Yes,2-Day Shipping,PayPal,Nevada,Fall
830,42,Male,31-45 (Adult),57,Medium Value,14,Low Engagement,Medium Value - Low Engagement,Yes,Bi-Weekly,14,Clothing,Socks,3.7,Yes,2-Day Shipping,Credit Card,Idaho,Spring
831,41,Male,31-45 (Adult),76,High Value,5,Low Engagement,High Value - Low Engagement,Yes,Annually,365,Clothing,Shorts,4.2,Yes,Express,Credit Card,Wyoming,Fall
832,66,Male,61-70 (Senior),63,Medium Value,47,High Engagement,Medium Value - High Engagement,Yes,Quarterly,90,Accessories,Gloves,4.3,Yes,Express,Cash,Washington,Summer
833,58,Male,46-60 (Middle-Aged),80,High Value,28,Medium Engagement,High Value - Medium Engagement,Yes,Bi-Weekly,14,Outerwear,Jacket,2.5,Yes,Express,Cash,California,Fall
834,43,Male,31-45 (Adult),68,Medium Value,11,Low Engagement,Medium Value - Low Engagement,Yes,Annually,365,Accessories,Handbag,3.5,Yes,Standard,Credit Card,Oklahoma,Fall
835,52,Male,46-60 (Middle-Aged),89,High Value,18,Medium Engagement,High Value - Medium Engagement,Yes,Weekly,7,Accessories,Backpack,3.1,Yes,Free Shipping,Credit Card,Nevada,Summer
836,35,Male,31-45 (Adult),26,Low Value,21,Medium Engagement,Low Value - Medium Engagement,Yes,Weekly,7,Footwear,Boots,2.5,Yes,Next Day Air,Debit Card,Maryland,Summer
837,23,Male,18-30 (Young Adult),90,High Value,22,Medium Engagement,High Value - Medium Engagement,Yes,Bi-Weekly,14,Accessories,Gloves,3.9,Yes,Store Pickup,Cash,West Virginia,Winter
838,25,Male,18-30 (Young Adult),28,Low Value,33,Medium Engagement,Low Value - Medium Engagement,Yes,Quarterly,90,Clothing,Hoodie,4.9,Yes,Express,Cash,Illinois,Spring
839,33,Male,31-45 (Adult),29,Low Value,49,High Engagement,Low Value - High Engagement,Yes,Annually,365,Outerwear,Coat,4.3,Yes,Express,Credit Card,Kentucky,Spring
840,48,Male,46-60 (Middle-Aged),31,Low Value,10,Low Engagement,Low Value - Low Engagement,Yes,Quarterly,90,Clothing,Shirt,2.6,Yes,Free Shipping,Debit Card,Illinois,Spring
841,42,Male,31-45 (Adult),24,Low Value,18,Medium Engagement,Low Value - Medium Engagement,Yes,Weekly,7,Clothing,Shirt,4.2,Yes,2-Day Shipping,PayPal,Alabama,Summer
842,55,Male,46-60 (Middle-Aged),88,High Value,28,Medium Engagement,High Value - Medium Engagement,Yes,Bi-Weekly,14,Clothing,Sweater,2.6,Yes,Store Pickup,PayPal,Texas,Summer
843,59,Male,46-60 (Middle-Aged),87,High Value,25,Medium Engagement,High Value - Medium Engagement,Yes,Weekly,7,Clothing,Shirt,3.6,Yes,Express,PayPal,Missouri,Spring
844,65,Male,61-70 (Senior),80,High Value,6,Low Engagement,High Value - Low Engagement,Yes,Weekly,7,Clothing,Hoodie,3.2,Yes,Express,PayPal,Pennsylvania,Summer
845,59,Male,46-60 (Middle-Aged),48,Medium Value,44,High Engagement,Medium Value - High Engagement,Yes,Bi-Weekly,14,Footwear,Sandals,4.4,Yes,Express,Venmo,Missouri,Winter
846,31,Male,31-45 (Adult),21,Low Value,30,Medium Engagement,Low Value - Medium Engagement,Yes,Monthly,30,Accessories,Belt,3.7,Yes,Standard,Venmo,Michigan,Winter
847,49,Male,46-60 (Middle-Aged),72,Medium Value,42,High Engagement,Medium Value - High Engagement,Yes,Quarterly,90,Footwear,Boots,3.7,Yes,Express,Debit Card,Kentucky,Spring
848,53,Male,46-60 (Middle-Aged),44,Medium Value,30,Medium Engagement,Medium Value - Medium Engagement,Yes,Monthly,30,Clothing,Hoodie,4.1,Yes,Standard,PayPal,New Jersey,Fall
849,48,Male,46-60 (Middle-Aged),73,Medium Value,33,Medium Engagement,Medium Value - Medium Engagement,Yes,Bi-Weekly,14,Footwear,Sandals,3.6,Yes,Store Pickup,Credit Card,Delaware,Fall
850,23,Male,18-30 (Young Adult),61,Medium Value,24,Medium Engagement,Medium Value - Medium Engagement,Yes,Quarterly,90,Clothing,Jeans,4.3,Yes,Express,PayPal,Missouri,Spring
851,68,Male,61-70 (Senior),20,Low Value,13,Low Engagement,Low Value - Low Engagement,Yes,Monthly,30,Footwear,Shoes,2.6,Yes,Store Pickup,Venmo,Connecticut,Winter
852,35,Male,31-45 (Adult),86,High Value,19,Medium Engagement,High Value - Medium Engagement,Yes,Monthly,30,Footwear,Sandals,2.9,Yes,Express,Debit Card,Massachusetts,Summer
853,34,Male,31-45 (Adult),60,Medium Value,23,Medium Engagement,Medium Value - Medium Engagement,Yes,Quarterly,90,Clothing,Dress,4.2,Yes,Next Day Air,Debit Card,Florida,Spring
854,62,Male,61-70 (Senior),43,Medium Value,35,Medium Engagement,Medium Value - Medium Engagement,Yes,Monthly,30,Accessories,Hat,4.0,Yes,Free Shipping,Cash,Delaware,Winter
855,21,Male,18-30 (Young Adult),44,Medium Value,22,Medium Engagement,Medium Value - Medium Engagement,Yes,Monthly,30,Clothing,Pants,4.3,Yes,Free Shipping,Venmo,California,Spring
856,70,Male,61-70 (Senior),76,High Value,14,Low Engagement,High Value - Low Engagement,Yes,Quarterly,90,Clothing,Socks,3.0,Yes,2-Day Shipping,Credit Card,Oregon,Spring
857,55,Male,46-60 (Middle-Aged),33,Low Value,47,High Engagement,Low Value - High Engagement,Yes,Bi-Weekly,14,Clothing,Shirt,3.5,Yes,Express,Debit Card,Alaska,Summer
858,43,Male,31-45 (Adult),60,Medium Value,50,High Engagement,Medium Value - High Engagement,Yes,Quarterly,90,Clothing,Shorts,3.0,Yes,Standard,Debit Card,Missouri,Fall
859,19,Male,18-30 (Young Adult),26,Low Value,33,Medium Engagement,Low Value - Medium Engagement,Yes,Weekly,7,Outerwear,Jacket,3.1,Yes,Free Shipping,PayPal,Oklahoma,Fall
860,47,Male,46-60 (Middle-Aged),73,Medium Value,7,Low Engagement,Medium Value - Low Engagement,Yes,Monthly,30,Clothing,Hoodie,4.0,Yes,Next Day Air,Debit Card,Wisconsin,Winter
861,26,Male,18-30 (Young Adult),87,High Value,3,Low Engagement,High Value - Low Engagement,Yes,Monthly,30,Footwear,Shoes,4.1,Yes,Standard,Cash,South Carolina,Spring
862,46,Male,46-60 (Middle-Aged),100,High Value,35,Medium Engagement,High Value - Medium Engagement,Yes,Quarterly,90,Clothing,Skirt,3.7,Yes,2-Day Shipping,Credit Card,Virginia,Spring
863,19,Male,18-30 (Young Adult),84,High Value,13,Low Engagement,High Value - Low Engagement,Yes,Bi-Weekly,14,Outerwear,Coat,4.9,Yes,Standard,PayPal,Arkansas,Winter
864,49,Male,46-60 (Middle-Aged),41,Medium Value,42,High Engagement,Medium Value - High Engagement,Yes,Bi-Weekly,14,Footwear,Sneakers,3.9,Yes,Standard,PayPal,Vermont,Summer
865,51,Male,46-60 (Middle-Aged),59,Medium Value,5,Low Engagement,Medium Value - Low Engagement,Yes,Annually,365,Clothing,Jeans,3.9,Yes,Next Day Air,PayPal,Kentucky,Winter
866,64,Male,61-70 (Senior),26,Low Value,23,Medium Engagement,Low Value - Medium Engagement,Yes,Annually,365,Clothing,Blouse,4.8,Yes,Store Pickup,Venmo,Colorado,Winter
867,67,Male,61-70 (Senior),69,Medium Value,11,Low Engagement,Medium Value - Low Engagement,Yes,Bi-Weekly,14,Accessories,Sunglasses,2.7,Yes,Free Shipping,PayPal,New Mexico,Summer
868,37,Male,31-45 (Adult),20,Low Value,23,Medium Engagement,Low Value - Medium Engagement,Yes,Bi-Weekly,14,Outerwear,Jacket,3.1,Yes,Free Shipping,Bank Transfer,Colorado,Spring
869,40,Male,31-45 (Adult),83,High Value,2,Low Engagement,High Value - Low Engagement,Yes,Quarterly,90,Clothing,Dress,3.2,Yes,Next Day Air,Credit Card,North Carolina,Summer
870,38,Male,31-45 (Adult),54,Medium Value,33,Medium Engagement,Medium Value - Medium Engagement,Yes,Weekly,7,Accessories,Hat,2.7,Yes,2-Day Shipping,PayPal,New Hampshire,Spring
871,66,Male,61-70 (Senior),66,Medium Value,6,Low Engagement,Medium Value - Low Engagement,Yes,Bi-Weekly,14,Clothing,Hoodie,2.5,Yes,Standard,Bank Transfer,West Virginia,Fall
872,47,Male,46-60 (Middle-Aged),42,Medium Value,45,High Engagement,Medium Value - High Engagement,Yes,Quarterly,90,Accessories,Handbag,2.6,Yes,Next Day Air,Debit Card,Hawaii,Spring
873,56,Male,46-60 (Middle-Aged),33,Low Value,25,Medium Engagement,Low Value - Medium Engagement,Yes,Quarterly,90,Clothing,Jeans,2.9,Yes,Standard,Cash,North Dakota,Spring
874,51,Male,46-60 (Middle-Aged),77,High Value,24,Medium Engagement,High Value - Medium Engagement,Yes,Quarterly,90,Footwear,Boots,4.2,Yes,Free Shipping,Venmo,Mississippi,Summer
875,25,Male,18-30 (Young Adult),65,Medium Value,10,Low Engagement,Medium Value - Low Engagement,Yes,Quarterly,90,Outerwear,Jacket,4.4,Yes,Free Shipping,Venmo,Maine,Fall
876,37,Male,31-45 (Adult),39,Low Value,7,Low Engagement,Low Value - Low Engagement,Yes,Quarterly,90,Footwear,Sandals,4.1,Yes,Free Shipping,Bank Transfer,North Dakota,Summer
877,41,Male,31-45 (Adult),51,Medium Value,1,Low Engagement,Medium Value - Low Engagement,Yes,Weekly,7,Accessories,Belt,3.8,Yes,2-Day Shipping,Debit Card,Nebraska,Summer
878,64,Male,61-70 (Senior),65,Medium Value,45,High Engagement,Medium Value - High Engagement,Yes,Quarterly,90,Accessories,Handbag,4.9,Yes,Next Day Air,Venmo,Nebraska,Winter
879,23,Male,18-30 (Young Adult),89,High Value,37,High Engagement,High Value - High Engagement,Yes,Weekly,7,Accessories,Sunglasses,4.9,Yes,Express,Debit Card,Tennessee,Summer
880,62,Male,61-70 (Senior),76,High Value,14,Low Engagement,High Value - Low Engagement,Yes,Quarterly,90,Clothing,Skirt,4.1,Yes,Free Shipping,PayPal,Wyoming,Spring
881,39,Male,31-45 (Adult),75,Medium Value,25,Medium Engagement,Medium Value - Medium Engagement,Yes,Monthly,30,Accessories,Backpack,3.1,Yes,Express,Debit Card,Nevada,Spring
882,52,Male,46-60 (Middle-Aged),61,Medium Value,18,Medium Engagement,Medium Value - Medium Engagement,Yes,Annually,365,Footwear,Sandals,2.7,Yes,Next Day Air,Venmo,South Carolina,Summer
883,50,Male,46-60 (Middle-Aged),35,Low Value,37,High Engagement,Low Value - High Engagement,Yes,Quarterly,90,Footwear,Boots,3.8,Yes,Next Day Air,Cash,Virginia,Fall
884,28,Male,18-30 (Young Adult),37,Low Value,30,Medium Engagement,Low Value - Medium Engagement,Yes,Monthly,30,Footwear,Sneakers,4.3,Yes,Free Shipping,Bank Transfer,Pennsylvania,Fall
885,67,Male,61-70 (Senior),91,High Value,34,Medium Engagement,High Value - Medium Engagement,Yes,Weekly,7,Clothing,Skirt,4.1,Yes,Express,Bank Transfer,Hawaii,Winter
886,41,Male,31-45 (Adult),99,High Value,49,High Engagement,High Value - High Engagement,Yes,Quarterly,90,Clothing,Dress,4.4,Yes,Free Shipping,Debit Card,Ohio,Fall
887,19,Male,18-30 (Young Adult),54,Medium Value,48,High Engagement,Medium Value - High Engagement,Yes,Monthly,30,Clothing,Shorts,3.6,Yes,Express,Bank Transfer,Utah,Summer
888,70,Male,61-70 (Senior),47,Medium Value,33,Medium Engagement,Medium Value - Medium Engagement,Yes,Bi-Weekly,14,Accessories,Handbag,3.3,Yes,2-Day Shipping,PayPal,Minnesota,Winter
889,49,Male,46-60 (Middle-Aged),77,High Value,44,High Engagement,High Value - High Engagement,Yes,Annually,365,Accessories,Scarf,3.8,Yes,Express,Cash,New Hampshire,Spring
890,59,Male,46-60 (Middle-Aged),84,High Value,50,High Engagement,High Value - High Engagement,Yes,Weekly,7,Accessories,Belt,2.8,Yes,Free Shipping,Venmo,Arizona,Fall
891,52,Male,46-60 (Middle-Aged),51,Medium Value,47,High Engagement,Medium Value - High Engagement,Yes,Monthly,30,Accessories,Gloves,4.3,Yes,2-Day Shipping,Credit Card,New York,Spring
892,20,Male,18-30 (Young Adult),26,Low Value,24,Medium Engagement,Low Value - Medium Engagement,Yes,Quarterly,90,Clothing,Skirt,3.9,Yes,Store Pickup,PayPal,Pennsylvania,Summer
893,31,Male,31-45 (Adult),64,Medium Value,43,High Engagement,Medium Value - High Engagement,Yes,Monthly,30,Clothing,Shorts,2.7,Yes,Free Shipping,Debit Card,New Mexico,Summer
894,33,Male,31-45 (Adult),51,Medium Value,14,Low Engagement,Medium Value - Low Engagement,Yes,Monthly,30,Accessories,Backpack,4.7,Yes,Express,Venmo,Nebraska,Spring
895,44,Male,31-45 (Adult),60,Medium Value,3,Low Engagement,Medium Value - Low Engagement,Yes,Quarterly,90,Clothing,Hoodie,3.8,Yes,Free Shipping,Debit Card,Wyoming,Spring
896,40,Male,31-45 (Adult),69,Medium Value,33,Medium Engagement,Medium Value - Medium Engagement,Yes,Quarterly,90,Accessories,Hat,4.7,Yes,Next Day Air,Debit Card,Mississippi,Spring
897,69,Male,61-70 (Senior),29,Low Value,38,High Engagement,Low Value - High Engagement,Yes,Bi-Weekly,14,Accessories,Jewelry,4.7,Yes,Express,Cash,Arkansas,Spring
898,29,Male,18-30 (Young Adult),91,High Value,46,High Engagement,High Value - High Engagement,Yes,Weekly,7,Clothing,Shirt,3.4,Yes,Express,Venmo,Illinois,Spring
899,54,Male,46-60 (Middle-Aged),70,Medium Value,19,Medium Engagement,Medium Value - Medium Engagement,Yes,Quarterly,90,Accessories,Belt,3.5,Yes,2-Day Shipping,Bank Transfer,Nevada,Spring
900,65,Male,61-70 (Senior),58,Medium Value,20,Medium Engagement,Medium Value - Medium Engagement,Yes,Annually,365,Clothing,Sweater,4.0,Yes,Standard,PayPal,Rhode Island,Summer
901,54,Male,46-60 (Middle-Aged),98,High Value,42,High Engagement,High Value - High Engagement,Yes,Quarterly,90,Accessories,Hat,3.3,Yes,Free Shipping,Bank Transfer,West Virginia,Fall
902,60,Male,46-60 (Middle-Aged),68,Medium Value,34,Medium Engagement,Medium Value - Medium Engagement,Yes,Monthly,30,Accessories,Scarf,4.7,Yes,2-Day Shipping,Cash,Missouri,Summer
903,43,Male,31-45 (Adult),44,Medium Value,5,Low Engagement,Medium Value - Low Engagement,Yes,Monthly,30,Accessories,Hat,2.8,Yes,Next Day Air,Cash,Kentucky,Summer
904,44,Male,31-45 (Adult),45,Medium Value,3,Low Engagement,Medium Value - Low Engagement,Yes,Quarterly,90,Outerwear,Jacket,3.3,Yes,Express,PayPal,Washington,Winter
905,69,Male,61-70 (Senior),99,High Value,46,High Engagement,High Value - High Engagement,Yes,Quarterly,90,Clothing,T-shirt,2.9,Yes,Free Shipping,PayPal,Alaska,Spring
906,46,Male,46-60 (Middle-Aged),68,Medium Value,16,Medium Engagement,Medium Value - Medium Engagement,Yes,Annually,365,Clothing,Dress,2.8,Yes,Standard,Venmo,Mississippi,Spring
907,41,Male,31-45 (Adult),56,Medium Value,21,Medium Engagement,Medium Value - Medium Engagement,Yes,Bi-Weekly,14,Clothing,Pants,4.2,Yes,Standard,Debit Card,South Carolina,Spring
908,32,Male,31-45 (Adult),43,Medium Value,34,Medium Engagement,Medium Value - Medium Engagement,Yes,Bi-Weekly,14,Clothing,Sweater,4.4,Yes,Express,Credit Card,Missouri,Winter
909,26,Male,18-30 (Young Adult),99,High Value,9,Low Engagement,High Value - Low Engagement,Yes,Quarterly,90,Accessories,Sunglasses,3.6,Yes,Free Shipping,PayPal,New Jersey,Winter
910,61,Male,61-70 (Senior),56,Medium Value,36,High Engagement,Medium Value - High Engagement,Yes,Weekly,7,Accessories,Belt,2.7,Yes,Express,PayPal,Louisiana,Fall
911,49,Male,46-60 (Middle-Aged),25,Low Value,22,Medium Engagement,Low Value - Medium Engagement,Yes,Monthly,30,Clothing,Hoodie,3.4,Yes,Express,Credit Card,South Carolina,Spring
912,53,Male,46-60 (Middle-Aged),74,Medium Value,2,Low Engagement,Medium Value - Low Engagement,Yes,Quarterly,90,Clothing,Pants,2.8,Yes,2-Day Shipping,Bank Transfer,Vermont,Winter
913,24,Male,18-30 (Young Adult),56,Medium Value,32,Medium Engagement,Medium Value - Medium Engagement,Yes,Monthly,30,Clothing,Hoodie,3.4,Yes,Next Day Air,Bank Transfer,Arkansas,Winter
914,37,Male,31-45 (Adult),47,Medium Value,29,Medium Engagement,Medium Value - Medium Engagement,Yes,Quarterly,90,Footwear,Sneakers,2.6,Yes,Next Day Air,Cash,Utah,Fall
915,43,Male,31-45 (Adult),67,Medium Value,27,Medium Engagement,Medium Value - Medium Engagement,Yes,Quarterly,90,Clothing,Dress,4.1,Yes,Standard,Venmo,Washington,Summer
916,31,Male,31-45 (Adult),22,Low Value,33,Medium Engagement,Low Value - Medium Engagement,Yes,Bi-Weekly,14,Clothing,Dress,2.9,Yes,Store Pickup,Credit Card,Rhode Island,Winter
917,49,Male,46-60 (Middle-Aged),34,Low Value,16,Medium Engagement,Low Value - Medium Engagement,Yes,Monthly,30,Clothing,Jeans,2.7,Yes,Standard,Venmo,Illinois,Spring
918,69,Male,61-70 (Senior),64,Medium Value,11,Low Engagement,Medium Value - Low Engagement,Yes,Quarterly,90,Clothing,Sweater,3.7,Yes,Standard,Bank Transfer,Missouri,Spring
919,65,Male,61-70 (Senior),42,Medium Value,11,Low Engagement,Medium Value - Low Engagement,Yes,Bi-Weekly,14,Clothing,Shorts,4.3,Yes,2-Day Shipping,Cash,North Carolina,Spring
920,41,Male,31-45 (Adult),82,High Value,17,Medium Engagement,High Value - Medium Engagement,Yes,Bi-Weekly,14,Clothing,Shirt,2.6,Yes,2-Day Shipping,Debit Card,Massachusetts,Winter
921,37,Male,31-45 (Adult),81,High Value,37,High Engagement,High Value - High Engagement,Yes,Weekly,7,Accessories,Belt,4.3,Yes,Free Shipping,Cash,Arkansas,Summer
922,70,Male,61-70 (Senior),24,Low Value,18,Medium Engagement,Low Value - Medium Engagement,Yes,Weekly,7,Outerwear,Coat,4.1,Yes,Express,PayPal,South Dakota,Summer
923,63,Male,61-70 (Senior),60,Medium Value,13,Low Engagement,Medium Value - Low Engagement,Yes,Monthly,30,Footwear,Sneakers,4.2,Yes,Standard,Credit Card,Georgia,Fall
924,55,Male,46-60 (Middle-Aged),24,Low Value,7,Low Engagement,Low Value - Low Engagement,Yes,Weekly,7,Clothing,Shirt,4.2,Yes,2-Day Shipping,PayPal,Arkansas,Spring
925,52,Male,46-60 (Middle-Aged),78,High Value,37,High Engagement,High Value - High Engagement,Yes,Quarterly,90,Clothing,Socks,3.1,Yes,Standard,Cash,Kansas,Winter
926,22,Male,18-30 (Young Adult),88,High Value,8,Low Engagement,High Value - Low Engagement,Yes,Monthly,30,Clothing,Jeans,4.9,Yes,Express,Cash,Arizona,Winter
927,54,Male,46-60 (Middle-Aged),63,Medium Value,11,Low Engagement,Medium Value - Low Engagement,Yes,Bi-Weekly,14,Clothing,Jeans,4.4,Yes,Express,Cash,Massachusetts,Spring
928,28,Male,18-30 (Young Adult),78,High Value,8,Low Engagement,High Value - Low Engagement,Yes,Bi-Weekly,14,Footwear,Sneakers,4.4,Yes,Standard,Venmo,New Mexico,Summer
929,67,Male,61-70 (Senior),37,Low Value,31,Medium Engagement,Low Value - Medium Engagement,Yes,Quarterly,90,Clothing,Dress,3.4,Yes,Store Pickup,Cash,Arkansas,Winter
930,59,Male,46-60 (Middle-Aged),94,High Value,26,Medium Engagement,High Value - Medium Engagement,Yes,Bi-Weekly,14,Footwear,Boots,4.5,Yes,2-Day Shipping,Debit Card,Nebraska,Fall
931,26,Male,18-30 (Young Adult),78,High Value,20,Medium Engagement,High Value - Medium Engagement,Yes,Bi-Weekly,14,Clothing,T-shirt,4.5,Yes,Store Pickup,Credit Card,Hawaii,Fall
932,24,Male,18-30 (Young Adult),36,Low Value,24,Medium Engagement,Low Value - Medium Engagement,Yes,Bi-Weekly,14,Outerwear,Coat,4.1,Yes,Standard,Bank Transfer,Nebraska,Winter
933,62,Male,61-70 (Senior),24,Low Value,45,High Engagement,Low Value - High Engagement,Yes,Bi-Weekly,14,Clothing,Skirt,3.2,Yes,Standard,Debit Card,Indiana,Winter
934,70,Male,61-70 (Senior),84,High Value,33,Medium Engagement,High Value - Medium Engagement,Yes,Monthly,30,Footwear,Sneakers,2.7,Yes,Store Pickup,Debit Card,Colorado,Spring
935,45,Male,31-45 (Adult),47,Medium Value,21,Medium Engagement,Medium Value - Medium Engagement,Yes,Monthly,30,Clothing,Jeans,3.7,Yes,Express,Bank Transfer,Oregon,Spring
936,58,Male,46-60 (Middle-Aged),51,Medium Value,2,Low Engagement,Medium Value - Low Engagement,Yes,Bi-Weekly,14,Clothing,Hoodie,2.6,Yes,Store Pickup,Bank Transfer,Ohio,Fall
937,31,Male,31-45 (Adult),84,High Value,28,Medium Engagement,High Value - Medium Engagement,Yes,Weekly,7,Footwear,Shoes,2.7,Yes,Free Shipping,Cash,Maine,Summer
938,32,Male,31-45 (Adult),24,Low Value,18,Medium Engagement,Low Value - Medium Engagement,Yes,Quarterly,90,Clothing,Shorts,2.7,Yes,Express,Venmo,Iowa,Summer
939,36,Male,31-45 (Adult),97,High Value,21,Medium Engagement,High Value - Medium Engagement,Yes,Bi-Weekly,14,Clothing,Blouse,4.8,Yes,Free Shipping,Debit Card,Wisconsin,Fall
940,25,Male,18-30 (Young Adult),89,High Value,24,Medium Engagement,High Value - Medium Engagement,Yes,Monthly,30,Clothing,T-shirt,4.8,Yes,Next Day Air,Credit Card,New York,Winter
941,48,Male,46-60 (Middle-Aged),44,Medium Value,15,Low Engagement,Medium Value - Low Engagement,Yes,Quarterly,90,Accessories,Belt,2.6,Yes,Store Pickup,PayPal,Colorado,Spring
942,39,Male,31-45 (Adult),35,Low Value,38,High Engagement,Low Value - High Engagement,Yes,Quarterly,90,Accessories,Handbag,4.5,Yes,2-Day Shipping,PayPal,Illinois,Winter
943,26,Male,18-30 (Young Adult),91,High Value,38,High Engagement,High Value - High Engagement,Yes,Bi-Weekly,14,Clothing,Dress,3.2,Yes,Express,PayPal,Arizona,Winter
944,32,Male,31-45 (Adult),63,Medium Value,13,Low Engagement,Medium Value - Low Engagement,Yes,Bi-Weekly,14,Accessories,Hat,3.8,Yes,Next Day Air,Venmo,Oklahoma,Winter
945,54,Male,46-60 (Middle-Aged),97,High Value,39,High Engagement,High Value - High Engagement,Yes,Bi-Weekly,14,Accessories,Belt,4.8,Yes,Express,Cash,Indiana,Spring
946,38,Male,31-45 (Adult),38,Low Value,8,Low Engagement,Low Value - Low Engagement,Yes,Quarterly,90,Footwear,Boots,4.1,Yes,Store Pickup,Venmo,Minnesota,Summer
947,46,Male,46-60 (Middle-Aged),24,Low Value,4,Low Engagement,Low Value - Low Engagement,Yes,Quarterly,90,Outerwear,Coat,2.8,Yes,Next Day Air,PayPal,Pennsylvania,Spring
948,57,Male,46-60 (Middle-Aged),32,Low Value,6,Low Engagement,Low Value - Low Engagement,Yes,Quarterly,90,Clothing,Blouse,3.9,Yes,Store Pickup,Cash,Indiana,Winter
949,49,Male,46-60 (Middle-Aged),90,High Value,11,Low Engagement,High Value - Low Engagement,Yes,Quarterly,90,Accessories,Hat,4.9,Yes,Express,Venmo,Alabama,Summer
950,33,Male,31-45 (Adult),36,Low Value,49,High Engagement,Low Value - High Engagement,Yes,Monthly,30,Clothing,Jeans,3.4,Yes,Standard,Venmo,Montana,Summer
951,54,Male,46-60 (Middle-Aged),37,Low Value,30,Medium Engagement,Low Value - Medium Engagement,Yes,Quarterly,90,Accessories,Backpack,4.1,Yes,Free Shipping,PayPal,New Mexico,Winter
952,47,Male,46-60 (Middle-Aged),51,Medium Value,34,Medium Engagement,Medium Value - Medium Engagement,Yes,Monthly,30,Clothing,Dress,2.9,Yes,Express,Bank Transfer,Alaska,Summer
953,36,Male,31-45 (Adult),71,Medium Value,28,Medium Engagement,Medium Value - Medium Engagement,Yes,Monthly,30,Accessories,Hat,3.1,Yes,2-Day Shipping,PayPal,Idaho,Fall
954,68,Male,61-70 (Senior),50,Medium Value,36,High Engagement,Medium Value - High Engagement,Yes,Quarterly,90,Accessories,Sunglasses,3.6,Yes,2-Day Shipping,Venmo,Utah,Spring
955,60,Male,46-60 (Middle-Aged),74,Medium Value,18,Medium Engagement,Medium Value - Medium Engagement,Yes,Quarterly,90,Accessories,Hat,3.5,Yes,Standard,Credit Card,Louisiana,Fall
956,55,Male,46-60 (Middle-Aged),75,Medium Value,4,Low Engagement,Medium Value - Low Engagement,Yes,Monthly,30,Clothing,Dress,3.4,Yes,Free Shipping,PayPal,Mississippi,Summer
957,29,Male,18-30 (Young Adult),99,High Value,42,High Engagement,High Value - High Engagement,Yes,Quarterly,90,Clothing,Shirt,2.9,Yes,2-Day Shipping,Debit Card,Mississippi,Spring
958,38,Male,31-45 (Adult),23,Low Value,11,Low Engagement,Low Value - Low Engagement,Yes,Quarterly,90,Accessories,Scarf,4.7,Yes,Store Pickup,Cash,Indiana,Spring
959,70,Male,61-70 (Senior),53,Medium Value,31,Medium Engagement,Medium Value - Medium Engagement,Yes,Bi-Weekly,14,Footwear,Sneakers,4.4,Yes,Free Shipping,Credit Card,Washington,Winter
960,36,Male,31-45 (Adult),99,High Value,12,Low Engagement,High Value - Low Engagement,Yes,Bi-Weekly,14,Clothing,Skirt,2.6,Yes,Standard,Cash,Nevada,Spring
961,18,Male,18-30 (Young Adult),48,Medium Value,20,Medium Engagement,Medium Value - Medium Engagement,Yes,Quarterly,90,Accessories,Jewelry,4.4,Yes,Standard,Venmo,Louisiana,Spring
962,62,Male,61-70 (Senior),72,Medium Value,37,High Engagement,Medium Value - High Engagement,Yes,Quarterly,90,Footwear,Boots,3.7,Yes,Next Day Air,Debit Card,Pennsylvania,Fall
963,29,Male,18-30 (Young Adult),64,Medium Value,26,Medium Engagement,Medium Value - Medium Engagement,Yes,Bi-Weekly,14,Accessories,Sunglasses,4.4,Yes,Standard,Debit Card,Michigan,Spring
964,21,Male,18-30 (Young Adult),63,Medium Value,14,Low Engagement,Medium Value - Low Engagement,Yes,Weekly,7,Footwear,Boots,2.5,Yes,2-Day Shipping,Credit Card,South Carolina,Spring
965,42,Male,31-45 (Adult),51,Medium Value,12,Low Engagement,Medium Value - Low Engagement,Yes,Bi-Weekly,14,Footwear,Sandals,2.6,Yes,Next Day Air,Venmo,Arizona,Spring
966,43,Male,31-45 (Adult),55,Medium Value,10,Low Engagement,Medium Value - Low Engagement,Yes,Annually,365,Footwear,Boots,5.0,Yes,Store Pickup,Credit Card,Delaware,Spring
967,58,Male,46-60 (Middle-Aged),55,Medium Value,19,Medium Engagement,Medium Value - Medium Engagement,Yes,Annually,365,Clothing,Dress,4.9,Yes,Express,Cash,Kentucky,Spring
968,27,Male,18-30 (Young Adult),26,Low Value,4,Low Engagement,Low Value - Low Engagement,Yes,Weekly,7,Clothing,Hoodie,3.7,Yes,Store Pickup,Cash,Georgia,Summer
969,57,Male,46-60 (Middle-Aged),67,Medium Value,48,High Engagement,Medium Value - High Engagement,Yes,Quarterly,90,Clothing,Shorts,3.1,Yes,Next Day Air,Bank Transfer,North Carolina,Summer
970,40,Male,31-45 (Adult),31,Low Value,37,High Engagement,Low Value - High Engagement,Yes,Monthly,30,Outerwear,Coat,3.2,Yes,Express,PayPal,California,Fall
971,45,Male,31-45 (Adult),66,Medium Value,4,Low Engagement,Medium Value - Low Engagement,Yes,Monthly,30,Clothing,Jeans,4.4,Yes,Free Shipping,Cash,California,Winter
972,47,Male,46-60 (Middle-Aged),67,Medium Value,15,Low Engagement,Medium Value - Low Engagement,Yes,Weekly,7,Accessories,Sunglasses,4.3,Yes,Next Day Air,Credit Card,Indiana,Summer
973,61,Male,61-70 (Senior),61,Medium Value,33,Medium Engagement,Medium Value - Medium Engagement,Yes,Weekly,7,Footwear,Sneakers,3.0,Yes,Standard,Credit Card,Colorado,Winter
974,60,Male,46-60 (Middle-Aged),75,Medium Value,30,Medium Engagement,Medium Value - Medium Engagement,Yes,Quarterly,90,Outerwear,Jacket,3.5,Yes,2-Day Shipping,Bank Transfer,Colorado,Fall
975,69,Male,61-70 (Senior),90,High Value,23,Medium Engagement,High Value - Medium Engagement,Yes,Monthly,30,Clothing,Skirt,3.6,Yes,2-Day Shipping,Bank Transfer,North Carolina,Spring
976,58,Male,46-60 (Middle-Aged),40,Medium Value,2,Low Engagement,Medium Value - Low Engagement,Yes,Weekly,7,Clothing,Sweater,3.8,Yes,2-Day Shipping,Bank Transfer,Washington,Summer
977,34,Male,31-45 (Adult),90,High Value,50,High Engagement,High Value - High Engagement,Yes,Quarterly,90,Clothing,T-shirt,3.6,Yes,Express,Credit Card,Florida,Fall
978,20,Male,18-30 (Young Adult),20,Low Value,34,Medium Engagement,Low Value - Medium Engagement,Yes,Bi-Weekly,14,Accessories,Belt,4.6,Yes,Express,Cash,Washington,Spring
979,56,Male,46-60 (Middle-Aged),40,Medium Value,33,Medium Engagement,Medium Value - Medium Engagement,Yes,Weekly,7,Accessories,Gloves,2.5,Yes,Standard,Credit Card,Colorado,Summer
980,64,Male,61-70 (Senior),33,Low Value,34,Medium Engagement,Low Value - Medium Engagement,Yes,Monthly,30,Accessories,Hat,3.5,Yes,Store Pickup,Debit Card,New Hampshire,Fall
981,56,Male,46-60 (Middle-Aged),98,High Value,39,High Engagement,High Value - High Engagement,Yes,Quarterly,90,Footwear,Boots,4.0,Yes,Free Shipping,PayPal,Maryland,Spring
982,27,Male,18-30 (Young Adult),42,Medium Value,47,High Engagement,Medium Value - High Engagement,Yes,Quarterly,90,Accessories,Belt,3.5,Yes,Next Day Air,Credit Card,Maryland,Spring
983,35,Male,31-45 (Adult),62,Medium Value,37,High Engagement,Medium Value - High Engagement,Yes,Monthly,30,Outerwear,Coat,3.2,Yes,Standard,PayPal,Texas,Summer
984,24,Male,18-30 (Young Adult),45,Medium Value,40,High Engagement,Medium Value - High Engagement,Yes,Bi-Weekly,14,Accessories,Hat,3.5,Yes,Free Shipping,Venmo,New Mexico,Winter
985,26,Male,18-30 (Young Adult),78,High Value,8,Low Engagement,High Value - Low Engagement,Yes,Bi-Weekly,14,Footwear,Shoes,3.4,Yes,Free Shipping,Credit Card,Utah,Summer
986,32,Male,31-45 (Adult),80,High Value,12,Low Engagement,High Value - Low Engagement,Yes,Annually,365,Accessories,Handbag,5.0,Yes,Express,Bank Transfer,West Virginia,Fall
987,54,Male,46-60 (Middle-Aged),96,High Value,36,High Engagement,High Value - High Engagement,Yes,Monthly,30,Accessories,Scarf,4.5,Yes,Store Pickup,Bank Transfer,Connecticut,Spring
988,62,Male,61-70 (Senior),47,Medium Value,48,High Engagement,Medium Value - High Engagement,Yes,Weekly,7,Accessories,Handbag,2.8,Yes,Express,PayPal,West Virginia,Summer
989,50,Male,46-60 (Middle-Aged),84,High Value,47,High Engagement,High Value - High Engagement,Yes,Bi-Weekly,14,Clothing,Pants,4.9,Yes,2-Day Shipping,PayPal,Ohio,Winter
990,70,Male,61-70 (Senior),31,Low Value,2,Low Engagement,Low Value - Low Engagement,Yes,Monthly,30,Footwear,Shoes,3.1,Yes,Store Pickup,Bank Transfer,Texas,Spring
991,48,Male,46-60 (Middle-Aged),63,Medium Value,24,Medium Engagement,Medium Value - Medium Engagement,Yes,Weekly,7,Accessories,Sunglasses,4.8,Yes,Store Pickup,Cash,Washington,Spring
992,20,Male,18-30 (Young Adult),97,High Value,40,High Engagement,High Value - High Engagement,Yes,Bi-Weekly,14,Clothing,Shorts,2.7,Yes,Standard,Bank Transfer,Wisconsin,Spring
993,46,Male,46-60 (Middle-Aged),99,High Value,50,High Engagement,High Value - High Engagement,Yes,Weekly,7,Outerwear,Jacket,4.6,Yes,Express,Debit Card,Louisiana,Winter
994,51,Male,46-60 (Middle-Aged),90,High Value,25,Medium Engagement,High Value - Medium Engagement,Yes,Weekly,7,Footwear,Sandals,4.4,Yes,Store Pickup,Cash,Iowa,Winter
995,53,Male,46-60 (Middle-Aged),68,Medium Value,20,Medium Engagement,Medium Value - Medium Engagement,Yes,Monthly,30,Footwear,Shoes,3.2,Yes,Express,Debit Card,New York,Fall
996,44,Male,31-45 (Adult),80,High Value,10,Low Engagement,High Value - Low Engagement,Yes,Weekly,7,Accessories,Jewelry,3.0,Yes,2-Day Shipping,Venmo,Idaho,Spring
997,29,Male,18-30 (Young Adult),91,High Value,32,Medium Engagement,High Value - Medium Engagement,Yes,Quarterly,90,Footwear,Sandals,4.9,Yes,Standard,Bank Transfer,Delaware,Summer
998,64,Male,61-70 (Senior),30,Low Value,31,Medium Engagement,Low Value - Medium Engagement,Yes,Bi-Weekly,14,Clothing,Pants,3.6,Yes,Express,Cash,Kentucky,Spring
999,51,Male,46-60 (Middle-Aged),90,High Value,48,High Engagement,High Value - High Engagement,Yes,Bi-Weekly,14,Footwear,Shoes,3.8,Yes,Next Day Air,Bank Transfer,Connecticut,Spring
1000,50,Male,46-60 (Middle-Aged),28,Low Value,23,Medium Engagement,Low Value - Medium Engagement,Yes,Monthly,30,Clothing,Socks,2.9,Yes,Standard,Debit Card,New Mexico,Spring
1001,43,Male,31-45 (Adult),46,Medium Value,1,Low Engagement,Medium Value - Low Engagement,Yes,Bi-Weekly,14,Clothing,Socks,3.9,Yes,Express,Bank Transfer,Georgia,Winter
1002,61,Male,61-70 (Senior),60,Medium Value,4,Low Engagement,Medium Value - Low Engagement,Yes,Bi-Weekly,14,Clothing,Dress,3.6,Yes,Standard,Debit Card,Washington,Fall
1003,55,Male,46-60 (Middle-Aged),59,Medium Value,3,Low Engagement,Medium Value - Low Engagement,Yes,Bi-Weekly,14,Footwear,Shoes,3.5,Yes,Store Pickup,Bank Transfer,North Dakota,Spring
1004,56,Male,46-60 (Middle-Aged),68,Medium Value,3,Low Engagement,Medium Value - Low Engagement,Yes,Bi-Weekly,14,Accessories,Hat,4.0,Yes,Store Pickup,Cash,Ohio,Fall
1005,33,Male,31-45 (Adult),79,High Value,44,High Engagement,High Value - High Engagement,Yes,Annually,365,Accessories,Backpack,4.8,Yes,2-Day Shipping,Cash,Tennessee,Summer
1006,43,Male,31-45 (Adult),94,High Value,5,Low Engagement,High Value - Low Engagement,Yes,Bi-Weekly,14,Accessories,Backpack,3.9,Yes,Store Pickup,Debit Card,New York,Winter
1007,21,Male,18-30 (Young Adult),83,High Value,50,High Engagement,High Value - High Engagement,Yes,Quarterly,90,Clothing,Pants,4.5,Yes,Next Day Air,Venmo,Michigan,Summer
1008,58,Male,46-60 (Middle-Aged),62,Medium Value,2,Low Engagement,Medium Value - Low Engagement,Yes,Annually,365,Accessories,Gloves,4.8,Yes,Standard,Credit Card,Georgia,Spring
1009,41,Male,31-45 (Adult),85,High Value,29,Medium Engagement,High Value - Medium Engagement,Yes,Annually,365,Accessories,Scarf,2.6,Yes,Store Pickup,PayPal,New Mexico,Spring
1010,39,Male,31-45 (Adult),30,Low Value,11,Low Engagement,Low Value - Low Engagement,Yes,Annually,365,Clothing,Hoodie,3.1,Yes,Express,Venmo,Louisiana,Summer
1011,54,Male,46-60 (Middle-Aged),24,Low Value,37,High Engagement,Low Value - High Engagement,Yes,Bi-Weekly,14,Clothing,Jeans,4.7,Yes,2-Day Shipping,Credit Card,South Dakota,Spring
1012,43,Male,31-45 (Adult),25,Low Value,32,Medium Engagement,Low Value - Medium Engagement,Yes,Bi-Weekly,14,Accessories,Backpack,2.9,Yes,Next Day Air,Debit Card,Montana,Spring
1013,28,Male,18-30 (Young Adult),37,Low Value,27,Medium Engagement,Low Value - Medium Engagement,Yes,Annually,365,Footwear,Sandals,3.8,Yes,Express,Credit Card,New Mexico,Summer
1014,59,Male,46-60 (Middle-Aged),69,Medium Value,31,Medium Engagement,Medium Value - Medium Engagement,Yes,Bi-Weekly,14,Accessories,Belt,3.8,Yes,2-Day Shipping,Venmo,South Carolina,Summer
1015,28,Male,18-30 (Young Adult),97,High Value,36,High Engagement,High Value - High Engagement,Yes,Bi-Weekly,14,Footwear,Shoes,3.0,Yes,Standard,Debit Card,Ohio,Summer
1016,68,Male,61-70 (Senior),24,Low Value,34,Medium Engagement,Low Value - Medium Engagement,Yes,Weekly,7,Accessories,Gloves,4.1,Yes,Standard,Cash,North Carolina,Summer
1017,20,Male,18-30 (Young Adult),30,Low Value,15,Low Engagement,Low Value - Low Engagement,Yes,Quarterly,90,Accessories,Belt,3.4,Yes,Express,Bank Transfer,Idaho,Summer
1018,21,Male,18-30 (Young Adult),53,Medium Value,14,Low Engagement,Medium Value - Low Engagement,Yes,Annually,365,Outerwear,Jacket,2.5,Yes,Express,Credit Card,Oklahoma,Fall
1019,50,Male,46-60 (Middle-Aged),70,Medium Value,46,High Engagement,Medium Value - High Engagement,Yes,Weekly,7,Clothing,Dress,4.9,Yes,Next Day Air,Cash,Georgia,Spring
1020,32,Male,31-45 (Adult),76,High Value,33,Medium Engagement,High Value - Medium Engagement,Yes,Bi-Weekly,14,Clothing,Shirt,2.8,Yes,Standard,Venmo,Kentucky,Winter
1021,24,Male,18-30 (Young Adult),95,High Value,41,High Engagement,High Value - High Engagement,Yes,Annually,365,Accessories,Scarf,4.5,Yes,Express,Debit Card,Delaware,Fall
1022,55,Male,46-60 (Middle-Aged),51,Medium Value,39,High Engagement,Medium Value - High Engagement,Yes,Weekly,7,Outerwear,Coat,4.9,Yes,2-Day Shipping,PayPal,Massachusetts,Winter
1023,61,Male,61-70 (Senior),41,Medium Value,7,Low Engagement,Medium Value - Low Engagement,Yes,Annually,365,Accessories,Handbag,4.9,Yes,Store Pickup,Cash,Nebraska,Winter
1024,61,Male,61-70 (Senior),71,Medium Value,29,Medium Engagement,Medium Value - Medium Engagement,Yes,Quarterly,90,Accessories,Sunglasses,3.5,Yes,Free Shipping,Bank Transfer,Maine,Winter
1025,28,Male,18-30 (Young Adult),66,Medium Value,18,Medium Engagement,Medium Value - Medium Engagement,Yes,Quarterly,90,Clothing,T-shirt,3.5,Yes,Free Shipping,Venmo,Pennsylvania,Summer
1026,60,Male,46-60 (Middle-Aged),84,High Value,15,Low Engagement,High Value - Low Engagement,Yes,Annually,365,Clothing,Shirt,4.9,Yes,Free Shipping,Credit Card,Nebraska,Winter
1027,49,Male,46-60 (Middle-Aged),95,High Value,39,High Engagement,High Value - High Engagement,Yes,Bi-Weekly,14,Accessories,Handbag,3.0,Yes,Express,PayPal,Virginia,Winter
1028,33,Male,31-45 (Adult),90,High Value,11,Low Engagement,High Value - Low Engagement,Yes,Monthly,30,Accessories,Jewelry,2.8,Yes,Next Day Air,Cash,Ohio,Summer
1029,45,Male,31-45 (Adult),36,Low Value,4,Low Engagement,Low Value - Low Engagement,Yes,Bi-Weekly,14,Clothing,Hoodie,3.7,Yes,Standard,Cash,Nebraska,Summer
1030,29,Male,18-30 (Young Adult),22,Low Value,33,Medium Engagement,Low Value - Medium Engagement,Yes,Bi-Weekly,14,Accessories,Gloves,3.6,Yes,2-Day Shipping,Venmo,Ohio,Spring
1031,58,Male,46-60 (Middle-Aged),89,High Value,37,High Engagement,High Value - High Engagement,Yes,Quarterly,90,Outerwear,Coat,3.3,Yes,Next Day Air,Debit Card,Kentucky,Winter
1032,22,Male,18-30 (Young Adult),50,Medium Value,32,Medium Engagement,Medium Value - Medium Engagement,Yes,Quarterly,90,Footwear,Sandals,3.4,Yes,Free Shipping,Cash,Tennessee,Spring
1033,55,Male,46-60 (Middle-Aged),36,Low Value,44,High Engagement,Low Value - High Engagement,Yes,Quarterly,90,Footwear,Boots,4.0,Yes,Free Shipping,Credit Card,Maine,Fall
1034,19,Male,18-30 (Young Adult),52,Medium Value,41,High Engagement,Medium Value - High Engagement,Yes,Quarterly,90,Clothing,Pants,4.6,Yes,Free Shipping,Bank Transfer,Montana,Spring
1035,68,Male,61-70 (Senior),29,Low Value,44,High Engagement,Low Value - High Engagement,Yes,Weekly,7,Clothing,Socks,4.2,Yes,Next Day Air,Bank Transfer,Maryland,Fall
1036,61,Male,61-70 (Senior),89,High Value,32,Medium Engagement,High Value - Medium Engagement,Yes,Annually,365,Clothing,Blouse,2.8,Yes,Express,Venmo,Georgia,Fall
1037,68,Male,61-70 (Senior),47,Medium Value,13,Low Engagement,Medium Value - Low Engagement,Yes,Monthly,30,Accessories,Handbag,3.7,Yes,2-Day Shipping,Bank Transfer,Hawaii,Fall
1038,52,Male,46-60 (Middle-Aged),25,Low Value,48,High Engagement,Low Value - High Engagement,Yes,Quarterly,90,Accessories,Jewelry,3.4,Yes,Standard,Debit Card,Rhode Island,Spring
1039,41,Male,31-45 (Adult),74,Medium Value,3,Low Engagement,Medium Value - Low Engagement,Yes,Weekly,7,Clothing,Pants,3.0,Yes,Express,Bank Transfer,Nebraska,Fall
1040,29,Male,18-30 (Young Adult),46,Medium Value,39,High Engagement,Medium Value - High Engagement,Yes,Monthly,30,Accessories,Belt,4.8,Yes,Standard,Venmo,Michigan,Fall
1041,68,Male,61-70 (Senior),22,Low Value,7,Low Engagement,Low Value - Low Engagement,Yes,Bi-Weekly,14,Clothing,Jeans,4.0,Yes,Next Day Air,Cash,North Carolina,Fall
1042,36,Male,31-45 (Adult),25,Low Value,11,Low Engagement,Low Value - Low Engagement,Yes,Bi-Weekly,14,Clothing,Shirt,4.9,Yes,Next Day Air,Cash,Minnesota,Summer
1043,55,Male,46-60 (Middle-Aged),80,High Value,47,High Engagement,High Value - High Engagement,Yes,Weekly,7,Accessories,Belt,4.9,Yes,Next Day Air,Credit Card,Maryland,Spring
1044,28,Male,18-30 (Young Adult),76,High Value,28,Medium Engagement,High Value - Medium Engagement,Yes,Bi-Weekly,14,Clothing,Jeans,3.3,Yes,2-Day Shipping,Debit Card,Hawaii,Spring
1045,39,Male,31-45 (Adult),30,Low Value,17,Medium Engagement,Low Value - Medium Engagement,Yes,Quarterly,90,Clothing,Jeans,4.4,Yes,Next Day Air,Bank Transfer,Oregon,Summer
1046,54,Male,46-60 (Middle-Aged),79,High Value,11,Low Engagement,High Value - Low Engagement,Yes,Bi-Weekly,14,Clothing,Sweater,3.5,Yes,2-Day Shipping,PayPal,New Mexico,Fall
1047,40,Male,31-45 (Adult),22,Low Value,12,Low Engagement,Low Value - Low Engagement,Yes,Annually,365,Footwear,Sneakers,4.2,Yes,Standard,Venmo,Illinois,Winter
1048,31,Male,31-45 (Adult),36,Low Value,7,Low Engagement,Low Value - Low Engagement,Yes,Bi-Weekly,14,Clothing,Socks,4.2,Yes,Standard,Credit Card,Utah,Fall
1049,30,Male,18-30 (Young Adult),77,High Value,19,Medium Engagement,High Value - Medium Engagement,Yes,Bi-Weekly,14,Clothing,Socks,2.7,Yes,Standard,Venmo,Maine,Fall
1050,45,Male,31-45 (Adult),33,Low Value,24,Medium Engagement,Low Value - Medium Engagement,Yes,Quarterly,90,Accessories,Sunglasses,2.8,Yes,Store Pickup,Cash,Virginia,Fall
1051,48,Male,46-60 (Middle-Aged),64,Medium Value,19,Medium Engagement,Medium Value - Medium Engagement,Yes,Monthly,30,Footwear,Sneakers,3.8,Yes,Next Day Air,Venmo,Florida,Winter
1052,45,Male,31-45 (Adult),53,Medium Value,39,High Engagement,Medium Value - High Engagement,Yes,Annually,365,Clothing,Socks,2.6,Yes,Free Shipping,PayPal,Ohio,Fall
1053,60,Male,46-60 (Middle-Aged),36,Low Value,1,Low Engagement,Low Value - Low Engagement,Yes,Bi-Weekly,14,Footwear,Shoes,3.0,Yes,2-Day Shipping,Credit Card,Virginia,Fall
1054,59,Male,46-60 (Middle-Aged),70,Medium Value,10,Low Engagement,Medium Value - Low Engagement,No,Bi-Weekly,14,Clothing,Blouse,3.3,Yes,2-Day Shipping,Debit Card,Kansas,Spring
1055,18,Male,18-30 (Young Adult),96,High Value,48,High Engagement,High Value - High Engagement,No,Quarterly,90,Clothing,Shorts,4.9,Yes,Express,PayPal,Arkansas,Winter
1056,70,Male,61-70 (Senior),27,Low Value,24,Medium Engagement,Low Value - Medium Engagement,No,Annually,365,Outerwear,Jacket,3.3,Yes,Next Day Air,Debit Card,Massachusetts,Spring
1057,20,Male,18-30 (Young Adult),64,Medium Value,42,High Engagement,Medium Value - High Engagement,No,Bi-Weekly,14,Clothing,Sweater,2.9,Yes,2-Day Shipping,Venmo,Idaho,Winter
1058,65,Male,61-70 (Senior),23,Low Value,20,Medium Engagement,Low Value - Medium Engagement,No,Weekly,7,Outerwear,Jacket,4.4,Yes,2-Day Shipping,Credit Card,Wisconsin,Spring
1059,29,Male,18-30 (Young Adult),33,Low Value,49,High Engagement,Low Value - High Engagement,No,Quarterly,90,Accessories,Scarf,3.1,Yes,Next Day Air,Bank Transfer,New Mexico,Summer
1060,22,Male,18-30 (Young Adult),34,Low Value,25,Medium Engagement,Low Value - Medium Engagement,No,Monthly,30,Outerwear,Jacket,2.5,Yes,Standard,Debit Card,North Carolina,Winter
1061,27,Male,18-30 (Young Adult),35,Low Value,21,Medium Engagement,Low Value - Medium Engagement,No,Quarterly,90,Clothing,Sweater,2.6,Yes,Next Day Air,Debit Card,Iowa,Summer
1062,36,Male,31-45 (Adult),62,Medium Value,12,Low Engagement,Medium Value - Low Engagement,No,Quarterly,90,Outerwear,Coat,4.4,Yes,Free Shipping,Venmo,Idaho,Summer
1063,59,Male,46-60 (Middle-Aged),75,Medium Value,21,Medium Engagement,Medium Value - Medium Engagement,No,Quarterly,90,Footwear,Boots,2.6,Yes,Next Day Air,Debit Card,Ohio,Fall
1064,62,Male,61-70 (Senior),29,Low Value,35,Medium Engagement,Low Value - Medium Engagement,No,Monthly,30,Clothing,Hoodie,3.3,Yes,Free Shipping,Cash,Alabama,Summer
1065,34,Male,31-45 (Adult),28,Low Value,42,High Engagement,Low Value - High Engagement,No,Quarterly,90,Accessories,Hat,3.5,Yes,Express,Credit Card,Wyoming,Spring
1066,59,Male,46-60 (Middle-Aged),20,Low Value,3,Low Engagement,Low Value - Low Engagement,No,Quarterly,90,Clothing,T-shirt,4.1,Yes,Store Pickup,PayPal,Alabama,Spring
1067,49,Male,46-60 (Middle-Aged),96,High Value,11,Low Engagement,High Value - Low Engagement,No,Bi-Weekly,14,Outerwear,Coat,4.0,Yes,Store Pickup,PayPal,Mississippi,Winter
1068,18,Male,18-30 (Young Adult),43,Medium Value,22,Medium Engagement,Medium Value - Medium Engagement,No,Quarterly,90,Clothing,Dress,2.7,Yes,2-Day Shipping,PayPal,Pennsylvania,Summer
1069,55,Male,46-60 (Middle-Aged),94,High Value,47,High Engagement,High Value - High Engagement,No,Weekly,7,Clothing,Shirt,2.5,Yes,Standard,Credit Card,Wyoming,Fall
1070,38,Male,31-45 (Adult),81,High Value,33,Medium Engagement,High Value - Medium Engagement,No,Quarterly,90,Clothing,Skirt,4.3,Yes,Next Day Air,Venmo,Maryland,Fall
1071,50,Male,46-60 (Middle-Aged),75,Medium Value,50,High Engagement,Medium Value - High Engagement,No,Weekly,7,Accessories,Jewelry,3.3,Yes,Free Shipping,Debit Card,North Carolina,Summer
1072,61,Male,61-70 (Senior),81,High Value,46,High Engagement,High Value - High Engagement,No,Monthly,30,Accessories,Hat,2.6,Yes,Express,Credit Card,Pennsylvania,Summer
1073,48,Male,46-60 (Middle-Aged),92,High Value,34,Medium Engagement,High Value - Medium Engagement,No,Bi-Weekly,14,Clothing,Shorts,3.7,Yes,Express,Debit Card,Idaho,Fall
1074,22,Male,18-30 (Young Adult),96,High Value,33,Medium Engagement,High Value - Medium Engagement,No,Monthly,30,Accessories,Scarf,4.0,Yes,Store Pickup,Credit Card,California,Spring
1075,48,Male,46-60 (Middle-Aged),71,Medium Value,45,High Engagement,Medium Value - High Engagement,No,Bi-Weekly,14,Accessories,Jewelry,2.6,Yes,Standard,Bank Transfer,Tennessee,Fall
1076,57,Male,46-60 (Middle-Aged),50,Medium Value,32,Medium Engagement,Medium Value - Medium Engagement,No,Bi-Weekly,14,Accessories,Sunglasses,4.9,Yes,Next Day Air,Debit Card,Missouri,Summer
1077,33,Male,31-45 (Adult),72,Medium Value,47,High Engagement,Medium Value - High Engagement,No,Bi-Weekly,14,Outerwear,Coat,2.9,Yes,Standard,Venmo,North Dakota,Spring
1078,58,Male,46-60 (Middle-Aged),28,Low Value,5,Low Engagement,Low Value - Low Engagement,No,Quarterly,90,Outerwear,Jacket,3.7,Yes,Standard,PayPal,West Virginia,Winter
1079,37,Male,31-45 (Adult),59,Medium Value,49,High Engagement,Medium Value - High Engagement,No,Bi-Weekly,14,Clothing,Sweater,4.4,Yes,Express,Credit Card,Arizona,Fall
1080,18,Male,18-30 (Young Adult),33,Low Value,48,High Engagement,Low Value - High Engagement,No,Monthly,30,Outerwear,Coat,4.4,Yes,Free Shipping,Bank Transfer,Oklahoma,Summer
1081,65,Male,61-70 (Senior),59,Medium Value,22,Medium Engagement,Medium Value - Medium Engagement,No,Quarterly,90,Accessories,Scarf,3.8,Yes,Express,Cash,Pennsylvania,Fall
1082,62,Male,61-70 (Senior),30,Low Value,45,High Engagement,Low Value - High Engagement,No,Annually,365,Accessories,Belt,4.5,Yes,Standard,Credit Card,Idaho,Spring
1083,54,Male,46-60 (Middle-Aged),85,High Value,30,Medium Engagement,High Value - Medium Engagement,No,Quarterly,90,Accessories,Hat,2.6,Yes,Next Day Air,Venmo,South Carolina,Winter
1084,35,Male,31-45 (Adult),97,High Value,43,High Engagement,High Value - High Engagement,No,Weekly,7,Accessories,Backpack,3.3,Yes,Store Pickup,Cash,Washington,Summer
1085,34,Male,31-45 (Adult),36,Low Value,48,High Engagement,Low Value - High Engagement,No,Quarterly,90,Clothing,T-shirt,4.1,Yes,Next Day Air,Cash,Arkansas,Fall
1086,25,Male,18-30 (Young Adult),85,High Value,23,Medium Engagement,High Value - Medium Engagement,No,Bi-Weekly,14,Accessories,Jewelry,3.0,Yes,Store Pickup,Venmo,Utah,Winter
1087,53,Male,46-60 (Middle-Aged),62,Medium Value,27,Medium Engagement,Medium Value - Medium Engagement,No,Bi-Weekly,14,Accessories,Sunglasses,3.0,Yes,Free Shipping,PayPal,Alaska,Winter
1088,45,Male,31-45 (Adult),71,Medium Value,7,Low Engagement,Medium Value - Low Engagement,No,Monthly,30,Clothing,Jeans,3.4,Yes,Next Day Air,Bank Transfer,West Virginia,Winter
1089,49,Male,46-60 (Middle-Aged),21,Low Value,2,Low Engagement,Low Value - Low Engagement,No,Weekly,7,Clothing,Pants,2.7,Yes,Free Shipping,PayPal,Louisiana,Winter
1090,40,Male,31-45 (Adult),61,Medium Value,33,Medium Engagement,Medium Value - Medium Engagement,No,Bi-Weekly,14,Accessories,Backpack,3.8,Yes,Next Day Air,PayPal,Arizona,Spring
1091,38,Male,31-45 (Adult),58,Medium Value,27,Medium Engagement,Medium Value - Medium Engagement,No,Bi-Weekly,14,Accessories,Scarf,4.2,Yes,Store Pickup,Cash,Connecticut,Spring
1092,44,Male,31-45 (Adult),80,High Value,6,Low Engagement,High Value - Low Engagement,No,Bi-Weekly,14,Clothing,Sweater,4.7,Yes,Store Pickup,Credit Card,North Carolina,Spring
1093,68,Male,61-70 (Senior),50,Medium Value,20,Medium Engagement,Medium Value - Medium Engagement,No,Quarterly,90,Accessories,Jewelry,4.1,Yes,2-Day Shipping,Venmo,South Dakota,Spring
1094,60,Male,46-60 (Middle-Aged),48,Medium Value,46,High Engagement,Medium Value - High Engagement,No,Quarterly,90,Footwear,Sneakers,4.2,Yes,2-Day Shipping,Venmo,Delaware,Winter
1095,25,Male,18-30 (Young Adult),40,Medium Value,25,Medium Engagement,Medium Value - Medium Engagement,No,Quarterly,90,Accessories,Jewelry,4.8,Yes,Next Day Air,Cash,Connecticut,Winter
1096,19,Male,18-30 (Young Adult),34,Low Value,30,Medium Engagement,Low Value - Medium Engagement,No,Quarterly,90,Outerwear,Coat,3.0,Yes,Free Shipping,Bank Transfer,Tennessee,Summer
1097,57,Male,46-60 (Middle-Aged),46,Medium Value,48,High Engagement,Medium Value - High Engagement,No,Annually,365,Outerwear,Coat,2.6,Yes,Standard,Credit Card,New Hampshire,Fall
1098,58,Male,46-60 (Middle-Aged),27,Low Value,47,High Engagement,Low Value - High Engagement,No,Weekly,7,Accessories,Sunglasses,3.2,Yes,Store Pickup,Bank Transfer,Vermont,Summer
1099,49,Male,46-60 (Middle-Aged),98,High Value,27,Medium Engagement,High Value - Medium Engagement,No,Weekly,7,Accessories,Handbag,3.6,Yes,Next Day Air,Credit Card,Idaho,Spring
1100,19,Male,18-30 (Young Adult),73,Medium Value,45,High Engagement,Medium Value - High Engagement,No,Bi-Weekly,14,Clothing,Sweater,2.6,Yes,Next Day Air,Bank Transfer,North Carolina,Fall
1101,50,Male,46-60 (Middle-Aged),28,Low Value,2,Low Engagement,Low Value - Low Engagement,No,Weekly,7,Clothing,Pants,4.4,Yes,Express,Credit Card,Nevada,Spring
1102,30,Male,18-30 (Young Adult),76,High Value,39,High Engagement,High Value - High Engagement,No,Bi-Weekly,14,Accessories,Gloves,3.0,Yes,Free Shipping,Cash,Delaware,Fall
1103,52,Male,46-60 (Middle-Aged),83,High Value,24,Medium Engagement,High Value - Medium Engagement,No,Bi-Weekly,14,Clothing,Sweater,2.9,Yes,Express,Cash,Texas,Fall
1104,35,Male,31-45 (Adult),23,Low Value,8,Low Engagement,Low Value - Low Engagement,No,Bi-Weekly,14,Clothing,Hoodie,4.3,Yes,Free Shipping,Debit Card,Tennessee,Spring
1105,35,Male,31-45 (Adult),28,Low Value,8,Low Engagement,Low Value - Low Engagement,No,Quarterly,90,Accessories,Hat,3.1,Yes,Express,Bank Transfer,Delaware,Fall
1106,33,Male,31-45 (Adult),83,High Value,6,Low Engagement,High Value - Low Engagement,No,Quarterly,90,Clothing,T-shirt,3.0,Yes,Next Day Air,Venmo,Massachusetts,Spring
1107,52,Male,46-60 (Middle-Aged),96,High Value,12,Low Engagement,High Value - Low Engagement,No,Bi-Weekly,14,Clothing,Skirt,3.6,Yes,Store Pickup,Venmo,Minnesota,Winter
1108,69,Male,61-70 (Senior),62,Medium Value,26,Medium Engagement,Medium Value - Medium Engagement,No,Weekly,7,Footwear,Sneakers,2.8,Yes,Store Pickup,Bank Transfer,Texas,Fall
1109,27,Male,18-30 (Young Adult),25,Low Value,50,High Engagement,Low Value - High Engagement,No,Bi-Weekly,14,Clothing,Shorts,2.8,Yes,Standard,Cash,Nebraska,Fall
1110,66,Male,61-70 (Senior),97,High Value,2,Low Engagement,High Value - Low Engagement,No,Weekly,7,Clothing,Hoodie,3.7,Yes,Next Day Air,Venmo,Oklahoma,Winter
1111,28,Male,18-30 (Young Adult),61,Medium Value,31,Medium Engagement,Medium Value - Medium Engagement,No,Bi-Weekly,14,Clothing,Hoodie,3.0,Yes,Standard,Cash,Texas,Fall
1112,22,Male,18-30 (Young Adult),66,Medium Value,4,Low Engagement,Medium Value - Low Engagement,No,Bi-Weekly,14,Footwear,Shoes,4.1,Yes,Next Day Air,Credit Card,New York,Summer
1113,69,Male,61-70 (Senior),67,Medium Value,32,Medium Engagement,Medium Value - Medium Engagement,No,Quarterly,90,Clothing,Hoodie,4.6,Yes,Free Shipping,PayPal,Washington,Spring
1114,28,Male,18-30 (Young Adult),80,High Value,11,Low Engagement,High Value - Low Engagement,No,Bi-Weekly,14,Accessories,Sunglasses,4.8,Yes,Next Day Air,PayPal,Maryland,Summer
1115,55,Male,46-60 (Middle-Aged),25,Low Value,47,High Engagement,Low Value - High Engagement,No,Quarterly,90,Clothing,Skirt,2.6,Yes,Next Day Air,Bank Transfer,New Hampshire,Fall
1116,30,Male,18-30 (Young Adult),58,Medium Value,37,High Engagement,Medium Value - High Engagement,No,Weekly,7,Accessories,Hat,4.0,Yes,2-Day Shipping,Cash,New York,Fall
1117,67,Male,61-70 (Senior),96,High Value,39,High Engagement,High Value - High Engagement,No,Bi-Weekly,14,Accessories,Backpack,4.2,Yes,Express,PayPal,Hawaii,Winter
1118,25,Male,18-30 (Young Adult),77,High Value,24,Medium Engagement,High Value - Medium Engagement,No,Monthly,30,Accessories,Sunglasses,4.5,Yes,Store Pickup,Credit Card,California,Spring
1119,49,Male,46-60 (Middle-Aged),65,Medium Value,11,Low Engagement,Medium Value - Low Engagement,No,Quarterly,90,Accessories,Belt,4.9,Yes,Standard,PayPal,Indiana,Summer
1120,34,Male,31-45 (Adult),36,Low Value,36,High Engagement,Low Value - High Engagement,No,Weekly,7,Accessories,Jewelry,3.1,Yes,Standard,Credit Card,Louisiana,Spring
1121,22,Male,18-30 (Young Adult),84,High Value,40,High Engagement,High Value - High Engagement,No,Monthly,30,Footwear,Sneakers,4.0,Yes,Next Day Air,Debit Card,Pennsylvania,Winter
1122,63,Male,61-70 (Senior),58,Medium Value,25,Medium Engagement,Medium Value - Medium Engagement,No,Quarterly,90,Clothing,T-shirt,3.2,Yes,Express,Cash,Florida,Fall
1123,70,Male,61-70 (Senior),62,Medium Value,12,Low Engagement,Medium Value - Low Engagement,No,Annually,365,Accessories,Handbag,4.3,Yes,2-Day Shipping,Credit Card,North Carolina,Spring
1124,36,Male,31-45 (Adult),67,Medium Value,38,High Engagement,Medium Value - High Engagement,No,Monthly,30,Accessories,Hat,2.5,Yes,Store Pickup,Cash,Massachusetts,Fall
1125,42,Male,31-45 (Adult),20,Low Value,40,High Engagement,Low Value - High Engagement,No,Quarterly,90,Clothing,Sweater,3.7,Yes,Express,Cash,Iowa,Spring
1126,27,Male,18-30 (Young Adult),90,High Value,10,Low Engagement,High Value - Low Engagement,No,Weekly,7,Footwear,Sandals,2.7,Yes,2-Day Shipping,Bank Transfer,North Dakota,Summer
1127,23,Male,18-30 (Young Adult),58,Medium Value,47,High Engagement,Medium Value - High Engagement,No,Bi-Weekly,14,Accessories,Scarf,3.4,Yes,Standard,Venmo,Iowa,Winter
1128,50,Male,46-60 (Middle-Aged),53,Medium Value,22,Medium Engagement,Medium Value - Medium Engagement,No,Monthly,30,Clothing,Shirt,4.8,Yes,Store Pickup,Debit Card,Delaware,Spring
1129,56,Male,46-60 (Middle-Aged),30,Low Value,35,Medium Engagement,Low Value - Medium Engagement,No,Monthly,30,Accessories,Gloves,4.7,Yes,Next Day Air,Debit Card,New York,Winter
1130,37,Male,31-45 (Adult),65,Medium Value,46,High Engagement,Medium Value - High Engagement,No,Bi-Weekly,14,Clothing,Hoodie,4.7,Yes,Express,Venmo,New Hampshire,Winter
1131,67,Male,61-70 (Senior),41,Medium Value,30,Medium Engagement,Medium Value - Medium Engagement,No,Bi-Weekly,14,Accessories,Jewelry,3.9,Yes,Standard,PayPal,Kentucky,Summer
1132,67,Male,61-70 (Senior),73,Medium Value,20,Medium Engagement,Medium Value - Medium Engagement,No,Monthly,30,Clothing,Shirt,3.7,Yes,Express,Bank Transfer,Illinois,Spring
1133,50,Male,46-60 (Middle-Aged),98,High Value,25,Medium Engagement,High Value - Medium Engagement,No,Bi-Weekly,14,Clothing,Hoodie,4.3,Yes,Store Pickup,Cash,North Carolina,Spring
1134,36,Male,31-45 (Adult),36,Low Value,29,Medium Engagement,Low Value - Medium Engagement,No,Weekly,7,Footwear,Shoes,4.1,Yes,2-Day Shipping,Cash,Connecticut,Winter
1135,62,Male,61-70 (Senior),81,High Value,2,Low Engagement,High Value - Low Engagement,No,Quarterly,90,Clothing,T-shirt,3.7,Yes,Express,Venmo,Wisconsin,Summer
1136,65,Male,61-70 (Senior),90,High Value,32,Medium Engagement,High Value - Medium Engagement,No,Quarterly,90,Clothing,Skirt,3.6,Yes,2-Day Shipping,Bank Transfer,Massachusetts,Winter
1137,23,Male,18-30 (Young Adult),83,High Value,37,High Engagement,High Value - High Engagement,No,Monthly,30,Accessories,Handbag,4.8,Yes,Free Shipping,Cash,Illinois,Summer
1138,46,Male,46-60 (Middle-Aged),91,High Value,16,Medium Engagement,High Value - Medium Engagement,No,Quarterly,90,Clothing,Shirt,2.8,Yes,2-Day Shipping,Bank Transfer,New Mexico,Winter
1139,18,Male,18-30 (Young Adult),36,Low Value,32,Medium Engagement,Low Value - Medium Engagement,No,Bi-Weekly,14,Clothing,Pants,4.7,Yes,Express,Venmo,Iowa,Summer
1140,58,Male,46-60 (Middle-Aged),53,Medium Value,42,High Engagement,Medium Value - High Engagement,No,Bi-Weekly,14,Outerwear,Coat,3.9,Yes,Standard,Debit Card,Alabama,Spring
1141,31,Male,31-45 (Adult),39,Low Value,6,Low Engagement,Low Value - Low Engagement,No,Quarterly,90,Clothing,Jeans,2.6,Yes,Store Pickup,Credit Card,Maryland,Winter
1142,39,Male,31-45 (Adult),33,Low Value,23,Medium Engagement,Low Value - Medium Engagement,No,Bi-Weekly,14,Accessories,Gloves,4.7,Yes,Next Day Air,PayPal,Ohio,Winter
1143,69,Male,61-70 (Senior),76,High Value,27,Medium Engagement,High Value - Medium Engagement,No,Bi-Weekly,14,Clothing,T-shirt,3.5,Yes,Store Pickup,Venmo,Ohio,Spring
1144,68,Male,61-70 (Senior),23,Low Value,43,High Engagement,Low Value - High Engagement,No,Quarterly,90,Footwear,Boots,4.4,Yes,Standard,PayPal,Nevada,Winter
1145,41,Male,31-45 (Adult),54,Medium Value,25,Medium Engagement,Medium Value - Medium Engagement,No,Bi-Weekly,14,Clothing,Jeans,4.4,Yes,2-Day Shipping,Bank Transfer,South Carolina,Fall
1146,31,Male,31-45 (Adult),89,High Value,30,Medium Engagement,High Value - Medium Engagement,No,Quarterly,90,Footwear,Sneakers,3.0,Yes,Express,Cash,Nevada,Summer
1147,48,Male,46-60 (Middle-Aged),38,Low Value,7,Low Engagement,Low Value - Low Engagement,No,Quarterly,90,Footwear,Sneakers,4.2,Yes,Standard,Bank Transfer,Wisconsin,Summer
1148,59,Male,46-60 (Middle-Aged),36,Low Value,17,Medium Engagement,Low Value - Medium Engagement,No,Annually,365,Accessories,Hat,4.3,Yes,Next Day Air,Debit Card,Tennessee,Winter
1149,34,Male,31-45 (Adult),66,Medium Value,10,Low Engagement,Medium Value - Low Engagement,No,Bi-Weekly,14,Clothing,Pants,2.6,Yes,Store Pickup,PayPal,Florida,Spring
1150,21,Male,18-30 (Young Adult),42,Medium Value,40,High Engagement,Medium Value - High Engagement,No,Annually,365,Accessories,Jewelry,3.3,Yes,Store Pickup,Venmo,Georgia,Spring
1151,29,Male,18-30 (Young Adult),36,Low Value,50,High Engagement,Low Value - High Engagement,No,Bi-Weekly,14,Accessories,Jewelry,2.7,Yes,Next Day Air,Venmo,Kentucky,Winter
1152,41,Male,31-45 (Adult),86,High Value,24,Medium Engagement,High Value - Medium Engagement,No,Weekly,7,Clothing,Blouse,3.7,Yes,Express,Credit Card,Ohio,Spring
1153,62,Male,61-70 (Senior),49,Medium Value,8,Low Engagement,Medium Value - Low Engagement,No,Quarterly,90,Accessories,Handbag,4.0,Yes,Standard,PayPal,Connecticut,Fall
1154,27,Male,18-30 (Young Adult),41,Medium Value,6,Low Engagement,Medium Value - Low Engagement,No,Quarterly,90,Clothing,Shirt,4.0,Yes,Free Shipping,Bank Transfer,Idaho,Summer
1155,49,Male,46-60 (Middle-Aged),82,High Value,44,High Engagement,High Value - High Engagement,No,Bi-Weekly,14,Clothing,Dress,2.9,Yes,2-Day Shipping,Credit Card,Georgia,Spring
1156,67,Male,61-70 (Senior),53,Medium Value,47,High Engagement,Medium Value - High Engagement,No,Quarterly,90,Clothing,T-shirt,2.6,Yes,Express,PayPal,Tennessee,Fall
1157,20,Male,18-30 (Young Adult),21,Low Value,6,Low Engagement,Low Value - Low Engagement,No,Quarterly,90,Footwear,Shoes,4.8,Yes,Express,Venmo,Hawaii,Summer
1158,37,Male,31-45 (Adult),66,Medium Value,11,Low Engagement,Medium Value - Low Engagement,No,Quarterly,90,Accessories,Belt,4.4,Yes,Standard,Cash,Maryland,Fall
1159,69,Male,61-70 (Senior),89,High Value,41,High Engagement,High Value - High Engagement,No,Annually,365,Accessories,Belt,4.0,Yes,2-Day Shipping,Bank Transfer,Nevada,Summer
1160,66,Male,61-70 (Senior),55,Medium Value,46,High Engagement,Medium Value - High Engagement,No,Quarterly,90,Accessories,Handbag,3.6,Yes,2-Day Shipping,Venmo,New Hampshire,Fall
1161,37,Male,31-45 (Adult),42,Medium Value,9,Low Engagement,Medium Value - Low Engagement,No,Bi-Weekly,14,Accessories,Scarf,3.2,Yes,Next Day Air,Venmo,North Dakota,Summer
1162,63,Male,61-70 (Senior),52,Medium Value,37,High Engagement,Medium Value - High Engagement,No,Monthly,30,Clothing,Shorts,3.1,Yes,2-Day Shipping,PayPal,Oklahoma,Fall
1163,47,Male,46-60 (Middle-Aged),92,High Value,13,Low Engagement,High Value - Low Engagement,No,Weekly,7,Footwear,Sandals,4.2,Yes,Express,PayPal,North Carolina,Winter
1164,26,Male,18-30 (Young Adult),56,Medium Value,24,Medium Engagement,Medium Value - Medium Engagement,No,Monthly,30,Clothing,Pants,3.0,Yes,2-Day Shipping,Debit Card,Tennessee,Summer
1165,68,Male,61-70 (Senior),96,High Value,47,High Engagement,High Value - High Engagement,No,Quarterly,90,Clothing,Dress,4.2,Yes,Standard,PayPal,Montana,Winter
1166,51,Male,46-60 (Middle-Aged),64,Medium Value,21,Medium Engagement,Medium Value - Medium Engagement,No,Quarterly,90,Clothing,T-shirt,2.9,Yes,Next Day Air,Venmo,Wisconsin,Winter
1167,48,Male,46-60 (Middle-Aged),48,Medium Value,22,Medium Engagement,Medium Value - Medium Engagement,No,Bi-Weekly,14,Clothing,Dress,3.7,Yes,Store Pickup,Venmo,Connecticut,Winter
1168,60,Male,46-60 (Middle-Aged),83,High Value,16,Medium Engagement,High Value - Medium Engagement,No,Quarterly,90,Clothing,Socks,3.6,Yes,Free Shipping,PayPal,New Jersey,Summer
1169,68,Male,61-70 (Senior),91,High Value,37,High Engagement,High Value - High Engagement,No,Bi-Weekly,14,Accessories,Scarf,3.6,Yes,Standard,Debit Card,Mississippi,Summer
1170,25,Male,18-30 (Young Adult),94,High Value,3,Low Engagement,High Value - Low Engagement,No,Annually,365,Accessories,Backpack,4.5,Yes,2-Day Shipping,Cash,Wyoming,Fall
1171,57,Male,46-60 (Middle-Aged),62,Medium Value,33,Medium Engagement,Medium Value - Medium Engagement,No,Bi-Weekly,14,Clothing,Skirt,3.2,Yes,Express,Cash,Illinois,Spring
1172,41,Male,31-45 (Adult),55,Medium Value,15,Low Engagement,Medium Value - Low Engagement,No,Annually,365,Clothing,Socks,3.9,Yes,Next Day Air,Debit Card,Louisiana,Spring
1173,59,Male,46-60 (Middle-Aged),68,Medium Value,42,High Engagement,Medium Value - High Engagement,No,Bi-Weekly,14,Outerwear,Coat,4.6,Yes,Store Pickup,Bank Transfer,Oregon,Spring
1174,44,Male,31-45 (Adult),76,High Value,42,High Engagement,High Value - High Engagement,No,Bi-Weekly,14,Accessories,Jewelry,2.5,Yes,Express,Cash,South Dakota,Winter
1175,42,Male,31-45 (Adult),31,Low Value,19,Medium Engagement,Low Value - Medium Engagement,No,Bi-Weekly,14,Accessories,Backpack,4.3,Yes,Express,Bank Transfer,Michigan,Winter
1176,35,Male,31-45 (Adult),81,High Value,26,Medium Engagement,High Value - Medium Engagement,No,Quarterly,90,Accessories,Belt,4.1,Yes,Store Pickup,PayPal,New Jersey,Spring
1177,36,Male,31-45 (Adult),83,High Value,39,High Engagement,High Value - High Engagement,No,Quarterly,90,Clothing,Dress,3.7,Yes,Free Shipping,PayPal,Oregon,Winter
1178,54,Male,46-60 (Middle-Aged),21,Low Value,24,Medium Engagement,Low Value - Medium Engagement,No,Monthly,30,Clothing,Skirt,4.8,Yes,Standard,Debit Card,Iowa,Spring
1179,37,Male,31-45 (Adult),22,Low Value,23,Medium Engagement,Low Value - Medium Engagement,No,Annually,365,Clothing,Dress,4.9,Yes,Express,Debit Card,South Carolina,Spring
1180,20,Male,18-30 (Young Adult),33,Low Value,44,High Engagement,Low Value - High Engagement,No,Annually,365,Clothing,T-shirt,2.8,Yes,Free Shipping,Bank Transfer,Indiana,Summer
1181,23,Male,18-30 (Young Adult),23,Low Value,34,Medium Engagement,Low Value - Medium Engagement,No,Monthly,30,Clothing,Skirt,4.9,Yes,Standard,Cash,Oregon,Spring
1182,61,Male,61-70 (Senior),96,High Value,43,High Engagement,High Value - High Engagement,No,Quarterly,90,Clothing,Shorts,3.5,Yes,Free Shipping,Bank Transfer,New York,Summer
1183,37,Male,31-45 (Adult),21,Low Value,45,High Engagement,Low Value - High Engagement,No,Quarterly,90,Accessories,Jewelry,3.8,Yes,Express,PayPal,New Mexico,Spring
1184,23,Male,18-30 (Young Adult),39,Low Value,4,Low Engagement,Low Value - Low Engagement,No,Weekly,7,Clothing,Pants,4.5,Yes,2-Day Shipping,Credit Card,Louisiana,Spring
1185,63,Male,61-70 (Senior),73,Medium Value,19,Medium Engagement,Medium Value - Medium Engagement,No,Annually,365,Accessories,Belt,3.4,Yes,Express,Credit Card,South Carolina,Fall
1186,47,Male,46-60 (Middle-Aged),64,Medium Value,29,Medium Engagement,Medium Value - Medium Engagement,No,Monthly,30,Clothing,Jeans,3.9,Yes,Standard,Credit Card,Maine,Spring
1187,63,Male,61-70 (Senior),68,Medium Value,27,Medium Engagement,Medium Value - Medium Engagement,No,Annually,365,Clothing,Jeans,4.1,Yes,2-Day Shipping,Credit Card,Indiana,Summer
1188,56,Male,46-60 (Middle-Aged),89,High Value,37,High Engagement,High Value - High Engagement,No,Quarterly,90,Accessories,Hat,3.0,Yes,Express,Credit Card,Iowa,Fall
1189,68,Male,61-70 (Senior),29,Low Value,11,Low Engagement,Low Value - Low Engagement,No,Weekly,7,Clothing,Blouse,3.3,Yes,Next Day Air,Credit Card,Mississippi,Summer
1190,64,Male,61-70 (Senior),97,High Value,28,Medium Engagement,High Value - Medium Engagement,No,Annually,365,Clothing,Shirt,3.7,Yes,Free Shipping,Debit Card,Arkansas,Summer
1191,62,Male,61-70 (Senior),45,Medium Value,31,Medium Engagement,Medium Value - Medium Engagement,No,Weekly,7,Clothing,Shirt,4.3,Yes,Next Day Air,Credit Card,South Carolina,Winter
1192,34,Male,31-45 (Adult),70,Medium Value,50,High Engagement,Medium Value - High Engagement,No,Quarterly,90,Clothing,T-shirt,4.1,Yes,Free Shipping,Venmo,Indiana,Winter
1193,49,Male,46-60 (Middle-Aged),56,Medium Value,42,High Engagement,Medium Value - High Engagement,No,Quarterly,90,Outerwear,Coat,4.0,Yes,2-Day Shipping,Venmo,Florida,Summer
1194,40,Male,31-45 (Adult),55,Medium Value,18,Medium Engagement,Medium Value - Medium Engagement,No,Bi-Weekly,14,Outerwear,Jacket,5.0,Yes,2-Day Shipping,Credit Card,Alaska,Fall
1195,50,Male,46-60 (Middle-Aged),46,Medium Value,6,Low Engagement,Medium Value - Low Engagement,No,Bi-Weekly,14,Clothing,Hoodie,3.1,Yes,2-Day Shipping,Credit Card,New York,Winter
1196,25,Male,18-30 (Young Adult),95,High Value,33,Medium Engagement,High Value - Medium Engagement,No,Monthly,30,Accessories,Scarf,4.0,Yes,2-Day Shipping,Venmo,Texas,Winter
1197,30,Male,18-30 (Young Adult),88,High Value,13,Low Engagement,High Value - Low Engagement,No,Bi-Weekly,14,Accessories,Belt,3.2,Yes,2-Day Shipping,Bank Transfer,North Dakota,Winter
1198,54,Male,46-60 (Middle-Aged),92,High Value,26,Medium Engagement,High Value - Medium Engagement,No,Annually,365,Footwear,Sneakers,3.9,Yes,Standard,PayPal,Vermont,Fall
1199,40,Male,31-45 (Adult),49,Medium Value,17,Medium Engagement,Medium Value - Medium Engagement,No,Annually,365,Clothing,Socks,3.9,Yes,2-Day Shipping,Cash,New Jersey,Summer
1200,49,Male,46-60 (Middle-Aged),89,High Value,3,Low Engagement,High Value - Low Engagement,No,Weekly,7,Footwear,Sandals,4.5,Yes,Free Shipping,Debit Card,Maryland,Fall
1201,27,Male,18-30 (Young Adult),22,Low Value,7,Low Engagement,Low Value - Low Engagement,No,Weekly,7,Outerwear,Coat,4.4,Yes,Store Pickup,PayPal,Connecticut,Winter
1202,27,Male,18-30 (Young Adult),61,Medium Value,46,High Engagement,Medium Value - High Engagement,No,Bi-Weekly,14,Footwear,Shoes,3.1,Yes,2-Day Shipping,Venmo,Illinois,Summer
1203,48,Male,46-60 (Middle-Aged),29,Low Value,14,Low Engagement,Low Value - Low Engagement,No,Quarterly,90,Accessories,Scarf,2.9,Yes,Standard,Venmo,Maryland,Spring
1204,40,Male,31-45 (Adult),82,High Value,23,Medium Engagement,High Value - Medium Engagement,No,Annually,365,Footwear,Sneakers,3.7,Yes,Free Shipping,Bank Transfer,Minnesota,Winter
1205,67,Male,61-70 (Senior),94,High Value,20,Medium Engagement,High Value - Medium Engagement,No,Quarterly,90,Accessories,Belt,3.2,Yes,2-Day Shipping,Credit Card,Florida,Spring
1206,52,Male,46-60 (Middle-Aged),99,High Value,38,High Engagement,High Value - High Engagement,No,Bi-Weekly,14,Accessories,Handbag,3.5,Yes,Standard,Bank Transfer,California,Spring
1207,22,Male,18-30 (Young Adult),59,Medium Value,16,Medium Engagement,Medium Value - Medium Engagement,No,Quarterly,90,Accessories,Handbag,3.0,Yes,Free Shipping,Venmo,Mississippi,Fall
1208,62,Male,61-70 (Senior),90,High Value,48,High Engagement,High Value - High Engagement,No,Quarterly,90,Footwear,Boots,4.1,Yes,Next Day Air,Credit Card,Washington,Summer
1209,20,Male,18-30 (Young Adult),100,High Value,8,Low Engagement,High Value - Low Engagement,No,Annually,365,Footwear,Boots,3.8,Yes,2-Day Shipping,Debit Card,Wisconsin,Winter
1210,41,Male,31-45 (Adult),62,Medium Value,16,Medium Engagement,Medium Value - Medium Engagement,No,Monthly,30,Clothing,Pants,3.8,Yes,Next Day Air,Bank Transfer,Pennsylvania,Winter
1211,34,Male,31-45 (Adult),78,High Value,5,Low Engagement,High Value - Low Engagement,No,Quarterly,90,Accessories,Sunglasses,4.1,Yes,Next Day Air,Cash,Missouri,Fall
1212,23,Male,18-30 (Young Adult),94,High Value,14,Low Engagement,High Value - Low Engagement,No,Quarterly,90,Clothing,Hoodie,4.6,Yes,Store Pickup,Venmo,Oklahoma,Spring
1213,32,Male,31-45 (Adult),74,Medium Value,18,Medium Engagement,Medium Value - Medium Engagement,No,Weekly,7,Footwear,Shoes,2.5,Yes,Free Shipping,Credit Card,Pennsylvania,Summer
1214,68,Male,61-70 (Senior),52,Medium Value,14,Low Engagement,Medium Value - Low Engagement,No,Quarterly,90,Accessories,Handbag,3.7,Yes,Express,Debit Card,Kentucky,Spring
1215,30,Male,18-30 (Young Adult),81,High Value,5,Low Engagement,High Value - Low Engagement,No,Quarterly,90,Outerwear,Jacket,3.8,Yes,Free Shipping,Cash,Vermont,Fall
1216,66,Male,61-70 (Senior),20,Low Value,15,Low Engagement,Low Value - Low Engagement,No,Quarterly,90,Clothing,Blouse,2.6,Yes,2-Day Shipping,Credit Card,Oregon,Winter
1217,62,Male,61-70 (Senior),32,Low Value,3,Low Engagement,Low Value - Low Engagement,No,Quarterly,90,Clothing,Pants,3.7,Yes,Free Shipping,Venmo,Utah,Summer
1218,50,Male,46-60 (Middle-Aged),63,Medium Value,12,Low Engagement,Medium Value - Low Engagement,No,Quarterly,90,Footwear,Boots,2.6,Yes,Free Shipping,Cash,Nebraska,Fall
1219,55,Male,46-60 (Middle-Aged),79,High Value,43,High Engagement,High Value - High Engagement,No,Quarterly,90,Footwear,Boots,3.1,Yes,Store Pickup,Cash,Pennsylvania,Spring
1220,19,Male,18-30 (Young Adult),23,Low Value,35,Medium Engagement,Low Value - Medium Engagement,No,Bi-Weekly,14,Clothing,Sweater,2.5,Yes,Next Day Air,Credit Card,Vermont,Winter
1221,67,Male,61-70 (Senior),64,Medium Value,36,High Engagement,Medium Value - High Engagement,No,Quarterly,90,Accessories,Gloves,3.8,Yes,Express,Bank Transfer,Kentucky,Winter
1222,18,Male,18-30 (Young Adult),69,Medium Value,3,Low Engagement,Medium Value - Low Engagement,No,Quarterly,90,Clothing,Socks,4.5,Yes,Standard,Cash,Iowa,Winter
1223,58,Male,46-60 (Middle-Aged),69,Medium Value,27,Medium Engagement,Medium Value - Medium Engagement,No,Annually,365,Clothing,Jeans,3.4,Yes,Store Pickup,Bank Transfer,Indiana,Fall
1224,69,Male,61-70 (Senior),24,Low Value,21,Medium Engagement,Low Value - Medium Engagement,No,Weekly,7,Clothing,Pants,3.9,Yes,Free Shipping,Bank Transfer,Kansas,Winter
1225,62,Male,61-70 (Senior),50,Medium Value,18,Medium Engagement,Medium Value - Medium Engagement,No,Weekly,7,Clothing,Shorts,3.7,Yes,Store Pickup,Venmo,Illinois,Summer
1226,28,Male,18-30 (Young Adult),97,High Value,16,Medium Engagement,High Value - Medium Engagement,No,Weekly,7,Accessories,Gloves,2.6,Yes,Free Shipping,Debit Card,North Carolina,Fall
1227,53,Male,46-60 (Middle-Aged),91,High Value,18,Medium Engagement,High Value - Medium Engagement,No,Bi-Weekly,14,Footwear,Sandals,3.4,Yes,Store Pickup,Venmo,Ohio,Fall
1228,27,Male,18-30 (Young Adult),37,Low Value,19,Medium Engagement,Low Value - Medium Engagement,No,Bi-Weekly,14,Clothing,Blouse,4.9,Yes,Store Pickup,Bank Transfer,Illinois,Spring
1229,55,Male,46-60 (Middle-Aged),55,Medium Value,1,Low Engagement,Medium Value - Low Engagement,No,Annually,365,Outerwear,Jacket,3.9,Yes,Express,Cash,Indiana,Winter
1230,34,Male,31-45 (Adult),52,Medium Value,39,High Engagement,Medium Value - High Engagement,No,Annually,365,Accessories,Jewelry,3.6,Yes,Express,Bank Transfer,Kansas,Winter
1231,25,Male,18-30 (Young Adult),80,High Value,49,High Engagement,High Value - High Engagement,No,Monthly,30,Accessories,Hat,3.8,Yes,Standard,Venmo,Illinois,Spring
1232,66,Male,61-70 (Senior),79,High Value,43,High Engagement,High Value - High Engagement,No,Bi-Weekly,14,Clothing,Socks,4.0,Yes,2-Day Shipping,Credit Card,Pennsylvania,Spring
1233,57,Male,46-60 (Middle-Aged),23,Low Value,31,Medium Engagement,Low Value - Medium Engagement,No,Quarterly,90,Accessories,Handbag,3.6,Yes,Free Shipping,Debit Card,New York,Summer
1234,46,Male,46-60 (Middle-Aged),73,Medium Value,40,High Engagement,Medium Value - High Engagement,No,Quarterly,90,Clothing,Pants,3.5,Yes,Next Day Air,Venmo,Utah,Winter
1235,38,Male,31-45 (Adult),99,High Value,2,Low Engagement,High Value - Low Engagement,No,Bi-Weekly,14,Accessories,Gloves,4.1,Yes,Store Pickup,Bank Transfer,New Jersey,Fall
1236,23,Male,18-30 (Young Adult),22,Low Value,46,High Engagement,Low Value - High Engagement,No,Quarterly,90,Clothing,Sweater,3.0,Yes,Store Pickup,PayPal,Idaho,Spring
1237,42,Male,31-45 (Adult),68,Medium Value,35,Medium Engagement,Medium Value - Medium Engagement,No,Quarterly,90,Accessories,Hat,4.4,Yes,Store Pickup,Debit Card,New Mexico,Summer
1238,25,Male,18-30 (Young Adult),92,High Value,42,High Engagement,High Value - High Engagement,No,Quarterly,90,Clothing,Dress,4.4,Yes,2-Day Shipping,Credit Card,Michigan,Spring
1239,55,Male,46-60 (Middle-Aged),77,High Value,3,Low Engagement,High Value - Low Engagement,No,Bi-Weekly,14,Clothing,Pants,3.7,Yes,Express,Venmo,Wyoming,Winter
1240,62,Male,61-70 (Senior),37,Low Value,32,Medium Engagement,Low Value - Medium Engagement,No,Quarterly,90,Outerwear,Coat,4.8,Yes,Standard,Debit Card,New Jersey,Spring
1241,41,Male,31-45 (Adult),79,High Value,48,High Engagement,High Value - High Engagement,No,Annually,365,Accessories,Scarf,2.9,Yes,Store Pickup,Debit Card,New Jersey,Winter
1242,58,Male,46-60 (Middle-Aged),51,Medium Value,34,Medium Engagement,Medium Value - Medium Engagement,No,Weekly,7,Clothing,Hoodie,3.1,Yes,Express,Credit Card,Hawaii,Winter
1243,56,Male,46-60 (Middle-Aged),27,Low Value,15,Low Engagement,Low Value - Low Engagement,No,Quarterly,90,Clothing,Socks,4.0,Yes,Next Day Air,Bank Transfer,Nevada,Summer
1244,25,Male,18-30 (Young Adult),23,Low Value,22,Medium Engagement,Low Value - Medium Engagement,No,Annually,365,Clothing,Blouse,3.0,Yes,Store Pickup,Debit Card,New Hampshire,Spring
1245,70,Male,61-70 (Senior),76,High Value,2,Low Engagement,High Value - Low Engagement,No,Monthly,30,Clothing,Socks,3.9,Yes,2-Day Shipping,Cash,Indiana,Summer
1246,42,Male,31-45 (Adult),31,Low Value,30,Medium Engagement,Low Value - Medium Engagement,No,Weekly,7,Clothing,Dress,3.4,Yes,Standard,Bank Transfer,New York,Fall
1247,27,Male,18-30 (Young Adult),60,Medium Value,27,Medium Engagement,Medium Value - Medium Engagement,No,Monthly,30,Clothing,Hoodie,2.7,Yes,Standard,Cash,Louisiana,Winter
1248,65,Male,61-70 (Senior),99,High Value,18,Medium Engagement,High Value - Medium Engagement,No,Bi-Weekly,14,Clothing,T-shirt,3.7,Yes,Express,Venmo,Virginia,Spring
1249,62,Male,61-70 (Senior),37,Low Value,8,Low Engagement,Low Value - Low Engagement,No,Annually,365,Accessories,Hat,3.0,Yes,Free Shipping,Credit Card,Wisconsin,Winter
1250,62,Male,61-70 (Senior),50,Medium Value,48,High Engagement,Medium Value - High Engagement,No,Bi-Weekly,14,Footwear,Boots,4.5,Yes,Express,Venmo,Oregon,Winter
1251,52,Male,46-60 (Middle-Aged),26,Low Value,24,Medium Engagement,Low Value - Medium Engagement,No,Monthly,30,Clothing,Jeans,4.1,Yes,Free Shipping,Cash,New Hampshire,Winter
1252,56,Male,46-60 (Middle-Aged),86,High Value,43,High Engagement,High Value - High Engagement,No,Monthly,30,Clothing,Shorts,5.0,Yes,Next Day Air,Credit Card,Indiana,Spring
1253,28,Male,18-30 (Young Adult),41,Medium Value,8,Low Engagement,Medium Value - Low Engagement,No,Quarterly,90,Footwear,Sandals,4.0,Yes,Standard,Cash,Massachusetts,Fall
1254,39,Male,31-45 (Adult),23,Low Value,49,High Engagement,Low Value - High Engagement,No,Annually,365,Footwear,Sandals,4.9,Yes,Express,PayPal,Montana,Winter
1255,54,Male,46-60 (Middle-Aged),56,Medium Value,2,Low Engagement,Medium Value - Low Engagement,No,Bi-Weekly,14,Footwear,Sneakers,3.3,Yes,2-Day Shipping,Credit Card,California,Spring
1256,30,Male,18-30 (Young Adult),68,Medium Value,38,High Engagement,Medium Value - High Engagement,No,Bi-Weekly,14,Accessories,Hat,4.1,Yes,Standard,Cash,Indiana,Fall
1257,45,Male,31-45 (Adult),48,Medium Value,4,Low Engagement,Medium Value - Low Engagement,No,Bi-Weekly,14,Outerwear,Coat,3.6,Yes,Express,Cash,West Virginia,Winter
1258,68,Male,61-70 (Senior),67,Medium Value,31,Medium Engagement,Medium Value - Medium Engagement,No,Quarterly,90,Clothing,Dress,3.0,Yes,Free Shipping,Cash,Minnesota,Spring
1259,47,Male,46-60 (Middle-Aged),87,High Value,34,Medium Engagement,High Value - Medium Engagement,No,Quarterly,90,Footwear,Boots,4.1,Yes,2-Day Shipping,Debit Card,Ohio,Spring
1260,68,Male,61-70 (Senior),64,Medium Value,45,High Engagement,Medium Value - High Engagement,No,Monthly,30,Clothing,Skirt,3.9,Yes,Standard,Credit Card,Minnesota,Fall
1261,63,Male,61-70 (Senior),93,High Value,30,Medium Engagement,High Value - Medium Engagement,No,Quarterly,90,Clothing,Shirt,4.1,Yes,Store Pickup,Debit Card,Virginia,Spring
1262,20,Male,18-30 (Young Adult),29,Low Value,2,Low Engagement,Low Value - Low Engagement,No,Bi-Weekly,14,Clothing,Shirt,2.8,Yes,Next Day Air,Credit Card,Connecticut,Summer
1263,29,Male,18-30 (Young Adult),62,Medium Value,44,High Engagement,Medium Value - High Engagement,No,Monthly,30,Footwear,Boots,4.8,Yes,Store Pickup,Venmo,Tennessee,Winter
1264,41,Male,31-45 (Adult),70,Medium Value,1,Low Engagement,Medium Value - Low Engagement,No,Bi-Weekly,14,Clothing,Hoodie,4.6,Yes,2-Day Shipping,Credit Card,Delaware,Winter
1265,52,Male,46-60 (Middle-Aged),92,High Value,1,Low Engagement,High Value - Low Engagement,No,Bi-Weekly,14,Clothing,Sweater,2.5,Yes,Next Day Air,Venmo,Vermont,Winter
1266,32,Male,31-45 (Adult),79,High Value,27,Medium Engagement,High Value - Medium Engagement,No,Weekly,7,Clothing,Shirt,2.7,Yes,Next Day Air,Bank Transfer,Louisiana,Spring
1267,20,Male,18-30 (Young Adult),31,Low Value,14,Low Engagement,Low Value - Low Engagement,No,Quarterly,90,Clothing,Blouse,4.0,Yes,Standard,Debit Card,North Dakota,Fall
1268,47,Male,46-60 (Middle-Aged),83,High Value,41,High Engagement,High Value - High Engagement,No,Weekly,7,Clothing,T-shirt,2.7,Yes,Standard,Cash,Oregon,Spring
1269,23,Male,18-30 (Young Adult),88,High Value,25,Medium Engagement,High Value - Medium Engagement,No,Bi-Weekly,14,Outerwear,Jacket,2.9,Yes,Next Day Air,Debit Card,Idaho,Winter
1270,43,Male,31-45 (Adult),53,Medium Value,47,High Engagement,Medium Value - High Engagement,No,Quarterly,90,Accessories,Jewelry,3.0,Yes,Standard,PayPal,Vermont,Spring
1271,67,Male,61-70 (Senior),98,High Value,20,Medium Engagement,High Value - Medium Engagement,No,Annually,365,Clothing,Hoodie,3.3,Yes,Standard,Cash,West Virginia,Fall
1272,70,Male,61-70 (Senior),57,Medium Value,42,High Engagement,Medium Value - High Engagement,No,Annually,365,Accessories,Jewelry,4.3,Yes,Store Pickup,PayPal,Kentucky,Spring
1273,35,Male,31-45 (Adult),80,High Value,16,Medium Engagement,High Value - Medium Engagement,No,Monthly,30,Footwear,Sandals,4.4,Yes,Express,Bank Transfer,Wisconsin,Winter
1274,41,Male,31-45 (Adult),29,Low Value,32,Medium Engagement,Low Value - Medium Engagement,No,Quarterly,90,Clothing,Jeans,4.1,Yes,Next Day Air,Credit Card,Mississippi,Spring
1275,54,Male,46-60 (Middle-Aged),73,Medium Value,37,High Engagement,Medium Value - High Engagement,No,Quarterly,90,Accessories,Hat,3.1,Yes,2-Day Shipping,PayPal,Missouri,Spring
1276,55,Male,46-60 (Middle-Aged),32,Low Value,1,Low Engagement,Low Value - Low Engagement,No,Monthly,30,Clothing,Sweater,4.5,Yes,Standard,PayPal,Arkansas,Fall
1277,51,Male,46-60 (Middle-Aged),68,Medium Value,37,High Engagement,Medium Value - High Engagement,No,Weekly,7,Footwear,Boots,4.8,Yes,Next Day Air,Bank Transfer,Wyoming,Spring
1278,19,Male,18-30 (Young Adult),97,High Value,5,Low Engagement,High Value - Low Engagement,No,Quarterly,90,Clothing,Blouse,5.0,Yes,Express,Venmo,Rhode Island,Spring
1279,28,Male,18-30 (Young Adult),98,High Value,31,Medium Engagement,High Value - Medium Engagement,No,Bi-Weekly,14,Clothing,Shorts,2.8,Yes,Next Day Air,Venmo,Utah,Fall
1280,63,Male,61-70 (Senior),56,Medium Value,18,Medium Engagement,Medium Value - Medium Engagement,No,Annually,365,Clothing,Hoodie,3.7,Yes,Express,Debit Card,Maryland,Fall
1281,30,Male,18-30 (Young Adult),78,High Value,39,High Engagement,High Value - High Engagement,No,Quarterly,90,Clothing,Pants,4.4,Yes,2-Day Shipping,Venmo,Georgia,Winter
1282,29,Male,18-30 (Young Adult),81,High Value,8,Low Engagement,High Value - Low Engagement,No,Bi-Weekly,14,Accessories,Belt,4.5,Yes,Store Pickup,Venmo,New Jersey,Spring
1283,24,Male,18-30 (Young Adult),68,Medium Value,20,Medium Engagement,Medium Value - Medium Engagement,No,Monthly,30,Clothing,Shirt,3.0,Yes,Free Shipping,Venmo,New Hampshire,Winter
1284,69,Male,61-70 (Senior),94,High Value,23,Medium Engagement,High Value - Medium Engagement,No,Quarterly,90,Clothing,Shirt,3.9,Yes,2-Day Shipping,Debit Card,Oregon,Winter
1285,65,Male,61-70 (Senior),93,High Value,38,High Engagement,High Value - High Engagement,No,Bi-Weekly,14,Clothing,Dress,3.9,Yes,Express,PayPal,Arkansas,Spring
1286,64,Male,61-70 (Senior),99,High Value,45,High Engagement,High Value - High Engagement,No,Bi-Weekly,14,Accessories,Gloves,3.5,Yes,Next Day Air,Bank Transfer,North Carolina,Fall
1287,40,Male,31-45 (Adult),49,Medium Value,44,High Engagement,Medium Value - High Engagement,No,Bi-Weekly,14,Accessories,Gloves,4.9,Yes,Next Day Air,Debit Card,West Virginia,Winter
1288,24,Male,18-30 (Young Adult),28,Low Value,20,Medium Engagement,Low Value - Medium Engagement,No,Monthly,30,Clothing,Jeans,3.4,Yes,Standard,PayPal,Utah,Winter
1289,66,Male,61-70 (Senior),93,High Value,34,Medium Engagement,High Value - Medium Engagement,No,Bi-Weekly,14,Accessories,Belt,4.1,Yes,Standard,PayPal,South Dakota,Winter
1290,35,Male,31-45 (Adult),24,Low Value,10,Low Engagement,Low Value - Low Engagement,No,Weekly,7,Outerwear,Jacket,2.9,Yes,Next Day Air,PayPal,New Hampshire,Fall
1291,67,Male,61-70 (Senior),35,Low Value,3,Low Engagement,Low Value - Low Engagement,No,Annually,365,Clothing,Skirt,3.4,Yes,Free Shipping,PayPal,Maryland,Spring
1292,69,Male,61-70 (Senior),68,Medium Value,23,Medium Engagement,Medium Value - Medium Engagement,No,Bi-Weekly,14,Footwear,Sandals,3.2,Yes,2-Day Shipping,Debit Card,South Dakota,Spring
1293,26,Male,18-30 (Young Adult),61,Medium Value,42,High Engagement,Medium Value - High Engagement,No,Annually,365,Accessories,Belt,3.8,Yes,Free Shipping,Bank Transfer,Kentucky,Summer
1294,23,Male,18-30 (Young Adult),74,Medium Value,30,Medium Engagement,Medium Value - Medium Engagement,No,Annually,365,Clothing,Sweater,4.1,Yes,Standard,Debit Card,Florida,Fall
1295,27,Male,18-30 (Young Adult),64,Medium Value,21,Medium Engagement,Medium Value - Medium Engagement,No,Quarterly,90,Clothing,Shirt,4.5,Yes,Standard,Cash,Texas,Summer
1296,30,Male,18-30 (Young Adult),60,Medium Value,50,High Engagement,Medium Value - High Engagement,No,Weekly,7,Footwear,Sneakers,2.8,Yes,Standard,PayPal,New Mexico,Fall
1297,48,Male,46-60 (Middle-Aged),29,Low Value,16,Medium Engagement,Low Value - Medium Engagement,No,Bi-Weekly,14,Clothing,Jeans,2.8,Yes,Express,Cash,South Dakota,Spring
1298,44,Male,31-45 (Adult),85,High Value,32,Medium Engagement,High Value - Medium Engagement,No,Annually,365,Footwear,Sandals,4.6,Yes,Standard,Venmo,New Jersey,Summer
1299,29,Male,18-30 (Young Adult),81,High Value,14,Low Engagement,High Value - Low Engagement,No,Bi-Weekly,14,Clothing,Pants,3.0,Yes,Free Shipping,Bank Transfer,Indiana,Summer
1300,29,Male,18-30 (Young Adult),23,Low Value,42,High Engagement,Low Value - High Engagement,No,Bi-Weekly,14,Accessories,Belt,3.6,Yes,2-Day Shipping,Venmo,Louisiana,Fall
1301,67,Male,61-70 (Senior),100,High Value,47,High Engagement,High Value - High Engagement,No,Quarterly,90,Clothing,T-shirt,4.5,Yes,Next Day Air,Credit Card,West Virginia,Spring
1302,42,Male,31-45 (Adult),54,Medium Value,21,Medium Engagement,Medium Value - Medium Engagement,No,Weekly,7,Clothing,Shirt,5.0,Yes,Express,Debit Card,Maine,Fall
1303,23,Male,18-30 (Young Adult),25,Low Value,37,High Engagement,Low Value - High Engagement,No,Monthly,30,Footwear,Sneakers,2.9,Yes,Next Day Air,Credit Card,Idaho,Fall
1304,34,Male,31-45 (Adult),32,Low Value,10,Low Engagement,Low Value - Low Engagement,No,Annually,365,Clothing,Blouse,3.1,Yes,Next Day Air,Credit Card,New York,Summer
1305,64,Male,61-70 (Senior),63,Medium Value,18,Medium Engagement,Medium Value - Medium Engagement,No,Quarterly,90,Accessories,Backpack,4.0,Yes,2-Day Shipping,PayPal,Montana,Spring
1306,31,Male,31-45 (Adult),56,Medium Value,2,Low Engagement,Medium Value - Low Engagement,No,Quarterly,90,Clothing,Pants,4.5,Yes,Express,PayPal,Mississippi,Spring
1307,54,Male,46-60 (Middle-Aged),33,Low Value,40,High Engagement,Low Value - High Engagement,No,Annually,365,Clothing,Sweater,4.5,Yes,Next Day Air,PayPal,Alaska,Winter
1308,23,Male,18-30 (Young Adult),32,Low Value,43,High Engagement,Low Value - High Engagement,No,Annually,365,Outerwear,Coat,3.1,Yes,Express,PayPal,Missouri,Summer
1309,59,Male,46-60 (Middle-Aged),38,Low Value,14,Low Engagement,Low Value - Low Engagement,No,Quarterly,90,Clothing,Dress,4.4,Yes,Next Day Air,Credit Card,Rhode Island,Summer
1310,32,Male,31-45 (Adult),21,Low Value,41,High Engagement,Low Value - High Engagement,No,Quarterly,90,Clothing,Blouse,4.7,Yes,Store Pickup,Cash,Hawaii,Summer
1311,43,Male,31-45 (Adult),59,Medium Value,38,High Engagement,Medium Value - High Engagement,No,Quarterly,90,Clothing,Hoodie,3.1,Yes,Store Pickup,Credit Card,South Carolina,Winter
1312,32,Male,31-45 (Adult),87,High Value,12,Low Engagement,High Value - Low Engagement,No,Annually,365,Footwear,Shoes,4.2,Yes,Express,Venmo,Tennessee,Fall
1313,66,Male,61-70 (Senior),79,High Value,19,Medium Engagement,High Value - Medium Engagement,No,Monthly,30,Clothing,T-shirt,3.0,Yes,Store Pickup,Bank Transfer,Missouri,Winter
1314,70,Male,61-70 (Senior),28,Low Value,23,Medium Engagement,Low Value - Medium Engagement,No,Bi-Weekly,14,Footwear,Shoes,3.8,Yes,Free Shipping,Credit Card,Missouri,Summer
1315,42,Male,31-45 (Adult),67,Medium Value,49,High Engagement,Medium Value - High Engagement,No,Annually,365,Footwear,Boots,3.4,Yes,Free Shipping,Debit Card,Missouri,Summer
1316,56,Male,46-60 (Middle-Aged),75,Medium Value,29,Medium Engagement,Medium Value - Medium Engagement,No,Quarterly,90,Clothing,Shorts,4.2,Yes,2-Day Shipping,Debit Card,Mississippi,Spring
1317,28,Male,18-30 (Young Adult),32,Low Value,14,Low Engagement,Low Value - Low Engagement,No,Bi-Weekly,14,Accessories,Belt,4.6,Yes,Standard,Debit Card,Arkansas,Spring
1318,28,Male,18-30 (Young Adult),43,Medium Value,19,Medium Engagement,Medium Value - Medium Engagement,No,Monthly,30,Clothing,Pants,2.8,Yes,Free Shipping,Cash,Kentucky,Spring
1319,52,Male,46-60 (Middle-Aged),93,High Value,19,Medium Engagement,High Value - Medium Engagement,No,Bi-Weekly,14,Clothing,Shorts,2.7,Yes,Express,Credit Card,Connecticut,Spring
1320,65,Male,61-70 (Senior),24,Low Value,48,High Engagement,Low Value - High Engagement,No,Weekly,7,Accessories,Sunglasses,4.0,Yes,Standard,Bank Transfer,Oklahoma,Spring
1321,56,Male,46-60 (Middle-Aged),31,Low Value,19,Medium Engagement,Low Value - Medium Engagement,No,Annually,365,Accessories,Hat,3.1,Yes,Free Shipping,Debit Card,California,Fall
1322,59,Male,46-60 (Middle-Aged),84,High Value,45,High Engagement,High Value - High Engagement,No,Quarterly,90,Clothing,T-shirt,3.7,Yes,Express,Bank Transfer,Missouri,Winter
1323,23,Male,18-30 (Young Adult),74,Medium Value,17,Medium Engagement,Medium Value - Medium Engagement,No,Quarterly,90,Clothing,Pants,4.0,Yes,Next Day Air,Bank Transfer,Washington,Winter
1324,58,Male,46-60 (Middle-Aged),62,Medium Value,15,Low Engagement,Medium Value - Low Engagement,No,Quarterly,90,Clothing,Shorts,4.6,Yes,Standard,Debit Card,New York,Spring
1325,39,Male,31-45 (Adult),77,High Value,11,Low Engagement,High Value - Low Engagement,No,Bi-Weekly,14,Accessories,Jewelry,3.8,Yes,Free Shipping,Credit Card,Indiana,Summer
1326,28,Male,18-30 (Young Adult),73,Medium Value,1,Low Engagement,Medium Value - Low Engagement,No,Monthly,30,Accessories,Backpack,3.5,Yes,Express,Cash,Oregon,Summer
1327,40,Male,31-45 (Adult),50,Medium Value,17,Medium Engagement,Medium Value - Medium Engagement,No,Monthly,30,Footwear,Shoes,3.8,Yes,Free Shipping,Cash,Texas,Spring
1328,52,Male,46-60 (Middle-Aged),40,Medium Value,37,High Engagement,Medium Value - High Engagement,No,Weekly,7,Outerwear,Coat,2.8,Yes,Standard,Cash,Florida,Winter
1329,37,Male,31-45 (Adult),97,High Value,40,High Engagement,High Value - High Engagement,No,Weekly,7,Clothing,Sweater,3.7,Yes,Standard,Bank Transfer,Rhode Island,Winter
1330,70,Male,61-70 (Senior),63,Medium Value,50,High Engagement,Medium Value - High Engagement,No,Quarterly,90,Accessories,Gloves,3.3,Yes,Express,PayPal,Texas,Fall
1331,30,Male,18-30 (Young Adult),65,Medium Value,20,Medium Engagement,Medium Value - Medium Engagement,No,Bi-Weekly,14,Accessories,Handbag,2.9,Yes,Standard,PayPal,Vermont,Fall
1332,38,Male,31-45 (Adult),91,High Value,8,Low Engagement,High Value - Low Engagement,No,Bi-Weekly,14,Clothing,Socks,3.2,Yes,Standard,PayPal,Maryland,Spring
1333,66,Male,61-70 (Senior),60,Medium Value,16,Medium Engagement,Medium Value - Medium Engagement,No,Quarterly,90,Clothing,Hoodie,4.3,Yes,Store Pickup,Bank Transfer,Alaska,Spring
1334,29,Male,18-30 (Young Adult),69,Medium Value,9,Low Engagement,Medium Value - Low Engagement,No,Quarterly,90,Clothing,Pants,2.7,Yes,Next Day Air,Bank Transfer,Idaho,Winter
1335,46,Male,46-60 (Middle-Aged),52,Medium Value,12,Low Engagement,Medium Value - Low Engagement,No,Monthly,30,Outerwear,Coat,3.8,Yes,Store Pickup,Venmo,West Virginia,Spring
1336,56,Male,46-60 (Middle-Aged),49,Medium Value,26,Medium Engagement,Medium Value - Medium Engagement,No,Weekly,7,Footwear,Boots,4.8,Yes,2-Day Shipping,Credit Card,Nevada,Fall
1337,23,Male,18-30 (Young Adult),85,High Value,44,High Engagement,High Value - High Engagement,No,Bi-Weekly,14,Footwear,Sneakers,4.8,Yes,Store Pickup,Debit Card,Oregon,Spring
1338,37,Male,31-45 (Adult),86,High Value,19,Medium Engagement,High Value - Medium Engagement,No,Bi-Weekly,14,Clothing,Sweater,3.4,Yes,Express,Credit Card,Tennessee,Spring
1339,56,Male,46-60 (Middle-Aged),51,Medium Value,43,High Engagement,Medium Value - High Engagement,No,Bi-Weekly,14,Accessories,Handbag,2.6,Yes,Standard,PayPal,Alabama,Winter
1340,36,Male,31-45 (Adult),56,Medium Value,5,Low Engagement,Medium Value - Low Engagement,No,Quarterly,90,Accessories,Belt,5.0,Yes,Next Day Air,Bank Transfer,Indiana,Winter
1341,40,Male,31-45 (Adult),72,Medium Value,5,Low Engagement,Medium Value - Low Engagement,No,Quarterly,90,Accessories,Belt,4.4,Yes,Next Day Air,Debit Card,Idaho,Fall
1342,26,Male,18-30 (Young Adult),27,Low Value,31,Medium Engagement,Low Value - Medium Engagement,No,Quarterly,90,Clothing,Hoodie,3.7,Yes,Standard,Bank Transfer,Rhode Island,Fall
1343,57,Male,46-60 (Middle-Aged),43,Medium Value,11,Low Engagement,Medium Value - Low Engagement,No,Monthly,30,Accessories,Sunglasses,3.4,Yes,2-Day Shipping,Bank Transfer,Arizona,Summer
1344,68,Male,61-70 (Senior),56,Medium Value,34,Medium Engagement,Medium Value - Medium Engagement,No,Monthly,30,Footwear,Sneakers,3.4,Yes,Standard,Bank Transfer,Florida,Spring
1345,56,Male,46-60 (Middle-Aged),37,Low Value,14,Low Engagement,Low Value - Low Engagement,No,Annually,365,Clothing,T-shirt,4.9,Yes,Next Day Air,Cash,New York,Fall
1346,40,Male,31-45 (Adult),21,Low Value,42,High Engagement,Low Value - High Engagement,No,Weekly,7,Clothing,Dress,3.6,Yes,Standard,Venmo,Nebraska,Fall
1347,44,Male,31-45 (Adult),91,High Value,15,Low Engagement,High Value - Low Engagement,No,Bi-Weekly,14,Clothing,Hoodie,3.0,Yes,Free Shipping,Venmo,Mississippi,Winter
1348,44,Male,31-45 (Adult),95,High Value,47,High Engagement,High Value - High Engagement,No,Monthly,30,Clothing,Sweater,3.9,Yes,2-Day Shipping,Bank Transfer,Vermont,Summer
1349,19,Male,18-30 (Young Adult),54,Medium Value,23,Medium Engagement,Medium Value - Medium Engagement,No,Bi-Weekly,14,Accessories,Belt,3.2,Yes,Standard,Credit Card,Nebraska,Spring
1350,21,Male,18-30 (Young Adult),36,Low Value,23,Medium Engagement,Low Value - Medium Engagement,No,Bi-Weekly,14,Clothing,Socks,3.2,Yes,Next Day Air,Cash,South Carolina,Spring
1351,31,Male,31-45 (Adult),71,Medium Value,1,Low Engagement,Medium Value - Low Engagement,No,Quarterly,90,Accessories,Sunglasses,4.3,Yes,Next Day Air,Cash,Delaware,Fall
1352,30,Male,18-30 (Young Adult),31,Low Value,28,Medium Engagement,Low Value - Medium Engagement,No,Quarterly,90,Outerwear,Coat,2.8,Yes,2-Day Shipping,Bank Transfer,Vermont,Summer
1353,65,Male,61-70 (Senior),89,High Value,37,High Engagement,High Value - High Engagement,No,Bi-Weekly,14,Accessories,Hat,4.5,Yes,Next Day Air,Credit Card,Indiana,Spring
1354,39,Male,31-45 (Adult),83,High Value,4,Low Engagement,High Value - Low Engagement,No,Quarterly,90,Clothing,Pants,4.1,Yes,Next Day Air,Cash,Oregon,Winter
1355,64,Male,61-70 (Senior),42,Medium Value,21,Medium Engagement,Medium Value - Medium Engagement,No,Quarterly,90,Accessories,Backpack,3.6,Yes,2-Day Shipping,Bank Transfer,Maryland,Spring
1356,59,Male,46-60 (Middle-Aged),91,High Value,50,High Engagement,High Value - High Engagement,No,Bi-Weekly,14,Clothing,Shorts,3.0,Yes,2-Day Shipping,PayPal,Florida,Summer
1357,49,Male,46-60 (Middle-Aged),61,Medium Value,34,Medium Engagement,Medium Value - Medium Engagement,No,Annually,365,Outerwear,Jacket,4.0,Yes,Free Shipping,Bank Transfer,Indiana,Spring
1358,24,Male,18-30 (Young Adult),66,Medium Value,20,Medium Engagement,Medium Value - Medium Engagement,No,Quarterly,90,Accessories,Backpack,3.5,Yes,Next Day Air,Cash,Texas,Summer
1359,19,Male,18-30 (Young Adult),22,Low Value,25,Medium Engagement,Low Value - Medium Engagement,No,Quarterly,90,Accessories,Scarf,2.5,Yes,Store Pickup,Venmo,Nebraska,Spring
1360,27,Male,18-30 (Young Adult),68,Medium Value,26,Medium Engagement,Medium Value - Medium Engagement,No,Bi-Weekly,14,Clothing,Hoodie,4.3,Yes,Store Pickup,Bank Transfer,North Carolina,Winter
1361,56,Male,46-60 (Middle-Aged),43,Medium Value,4,Low Engagement,Medium Value - Low Engagement,No,Annually,365,Clothing,Skirt,2.8,Yes,Express,Bank Transfer,Alabama,Fall
1362,49,Male,46-60 (Middle-Aged),32,Low Value,39,High Engagement,Low Value - High Engagement,No,Monthly,30,Clothing,Dress,3.7,Yes,Next Day Air,Debit Card,Alabama,Fall
1363,41,Male,31-45 (Adult),46,Medium Value,29,Medium Engagement,Medium Value - Medium Engagement,No,Weekly,7,Outerwear,Coat,4.3,Yes,Express,Cash,Colorado,Fall
1364,36,Male,31-45 (Adult),90,High Value,47,High Engagement,High Value - High Engagement,No,Quarterly,90,Clothing,Blouse,4.0,Yes,Express,PayPal,Wisconsin,Summer
1365,68,Male,61-70 (Senior),75,Medium Value,5,Low Engagement,Medium Value - Low Engagement,No,Quarterly,90,Accessories,Hat,4.7,Yes,Express,Cash,Delaware,Fall
1366,28,Male,18-30 (Young Adult),69,Medium Value,18,Medium Engagement,Medium Value - Medium Engagement,No,Bi-Weekly,14,Accessories,Handbag,4.5,Yes,Store Pickup,Bank Transfer,Indiana,Winter
1367,45,Male,31-45 (Adult),40,Medium Value,10,Low Engagement,Medium Value - Low Engagement,No,Bi-Weekly,14,Accessories,Belt,3.1,Yes,Free Shipping,Credit Card,Iowa,Fall
1368,60,Male,46-60 (Middle-Aged),63,Medium Value,25,Medium Engagement,Medium Value - Medium Engagement,No,Quarterly,90,Accessories,Belt,3.8,Yes,Express,Cash,Iowa,Fall
1369,21,Male,18-30 (Young Adult),36,Low Value,2,Low Engagement,Low Value - Low Engagement,No,Weekly,7,Clothing,Shirt,4.9,Yes,Express,Cash,Wisconsin,Summer
1370,32,Male,31-45 (Adult),75,Medium Value,48,High Engagement,Medium Value - High Engagement,No,Bi-Weekly,14,Footwear,Shoes,3.2,Yes,Standard,Venmo,Iowa,Winter
1371,27,Male,18-30 (Young Adult),67,Medium Value,41,High Engagement,Medium Value - High Engagement,No,Quarterly,90,Accessories,Scarf,3.8,Yes,2-Day Shipping,Bank Transfer,Montana,Summer
1372,40,Male,31-45 (Adult),64,Medium Value,42,High Engagement,Medium Value - High Engagement,No,Monthly,30,Clothing,Pants,2.8,Yes,Store Pickup,Credit Card,Mississippi,Spring
1373,64,Male,61-70 (Senior),61,Medium Value,44,High Engagement,Medium Value - High Engagement,No,Bi-Weekly,14,Clothing,Blouse,4.0,Yes,2-Day Shipping,PayPal,Michigan,Fall
1374,18,Male,18-30 (Young Adult),40,Medium Value,6,Low Engagement,Medium Value - Low Engagement,No,Quarterly,90,Accessories,Gloves,2.6,Yes,Store Pickup,Cash,Virginia,Winter
1375,22,Male,18-30 (Young Adult),97,High Value,5,Low Engagement,High Value - Low Engagement,No,Quarterly,90,Accessories,Handbag,2.7,Yes,Free Shipping,Bank Transfer,New York,Fall
1376,42,Male,31-45 (Adult),31,Low Value,8,Low Engagement,Low Value - Low Engagement,No,Annually,365,Footwear,Sneakers,4.1,Yes,2-Day Shipping,Credit Card,Maine,Spring
1377,57,Male,46-60 (Middle-Aged),65,Medium Value,24,Medium Engagement,Medium Value - Medium Engagement,No,Annually,365,Footwear,Sandals,5.0,Yes,Free Shipping,PayPal,New Jersey,Spring
1378,33,Male,31-45 (Adult),54,Medium Value,42,High Engagement,Medium Value - High Engagement,No,Monthly,30,Accessories,Sunglasses,3.0,Yes,Next Day Air,Venmo,Maryland,Spring
1379,37,Male,31-45 (Adult),49,Medium Value,24,Medium Engagement,Medium Value - Medium Engagement,No,Weekly,7,Outerwear,Jacket,3.6,Yes,Free Shipping,Venmo,Kentucky,Fall
1380,21,Male,18-30 (Young Adult),64,Medium Value,38,High Engagement,Medium Value - High Engagement,No,Bi-Weekly,14,Clothing,T-shirt,2.8,Yes,2-Day Shipping,Venmo,Minnesota,Fall
1381,51,Male,46-60 (Middle-Aged),35,Low Value,41,High Engagement,Low Value - High Engagement,No,Bi-Weekly,14,Footwear,Sneakers,4.6,Yes,Standard,Cash,Massachusetts,Winter
1382,30,Male,18-30 (Young Adult),86,High Value,48,High Engagement,High Value - High Engagement,No,Quarterly,90,Footwear,Shoes,2.9,Yes,Standard,Venmo,Illinois,Winter
1383,68,Male,61-70 (Senior),55,Medium Value,16,Medium Engagement,Medium Value - Medium Engagement,No,Quarterly,90,Outerwear,Jacket,4.8,Yes,Express,Bank Transfer,Michigan,Winter
1384,36,Male,31-45 (Adult),58,Medium Value,4,Low Engagement,Medium Value - Low Engagement,No,Monthly,30,Accessories,Scarf,3.3,Yes,Express,Venmo,Wisconsin,Spring
1385,46,Male,46-60 (Middle-Aged),96,High Value,8,Low Engagement,High Value - Low Engagement,No,Weekly,7,Footwear,Sneakers,4.6,Yes,Standard,Bank Transfer,Alaska,Fall
1386,41,Male,31-45 (Adult),64,Medium Value,1,Low Engagement,Medium Value - Low Engagement,No,Bi-Weekly,14,Accessories,Jewelry,2.6,Yes,Store Pickup,Bank Transfer,Mississippi,Fall
1387,68,Male,61-70 (Senior),56,Medium Value,4,Low Engagement,Medium Value - Low Engagement,No,Quarterly,90,Outerwear,Jacket,4.0,Yes,Next Day Air,Debit Card,Oregon,Fall
1388,21,Male,18-30 (Young Adult),85,High Value,20,Medium Engagement,High Value - Medium Engagement,No,Monthly,30,Clothing,Blouse,3.8,Yes,Standard,Credit Card,Maryland,Winter
1389,62,Male,61-70 (Senior),23,Low Value,40,High Engagement,Low Value - High Engagement,No,Quarterly,90,Clothing,Dress,3.9,Yes,Express,Cash,Arkansas,Spring
1390,59,Male,46-60 (Middle-Aged),72,Medium Value,8,Low Engagement,Medium Value - Low Engagement,No,Bi-Weekly,14,Accessories,Scarf,2.6,Yes,Store Pickup,Debit Card,Illinois,Fall
1391,25,Male,18-30 (Young Adult),38,Low Value,42,High Engagement,Low Value - High Engagement,No,Weekly,7,Accessories,Hat,4.3,Yes,Standard,Debit Card,Arkansas,Summer
1392,53,Male,46-60 (Middle-Aged),29,Low Value,38,High Engagement,Low Value - High Engagement,No,Annually,365,Clothing,Blouse,3.6,Yes,Express,Credit Card,Mississippi,Winter
1393,31,Male,31-45 (Adult),46,Medium Value,34,Medium Engagement,Medium Value - Medium Engagement,No,Quarterly,90,Accessories,Gloves,4.2,Yes,Express,Venmo,Arkansas,Spring
1394,46,Male,46-60 (Middle-Aged),58,Medium Value,14,Low Engagement,Medium Value - Low Engagement,No,Bi-Weekly,14,Accessories,Gloves,3.9,Yes,Express,PayPal,Idaho,Spring
1395,26,Male,18-30 (Young Adult),43,Medium Value,39,High Engagement,Medium Value - High Engagement,No,Weekly,7,Outerwear,Coat,4.7,Yes,Next Day Air,Cash,Iowa,Fall
1396,47,Male,46-60 (Middle-Aged),32,Low Value,40,High Engagement,Low Value - High Engagement,No,Bi-Weekly,14,Accessories,Scarf,2.8,Yes,Next Day Air,PayPal,West Virginia,Spring
1397,37,Male,31-45 (Adult),30,Low Value,49,High Engagement,Low Value - High Engagement,No,Monthly,30,Clothing,Pants,3.0,Yes,Next Day Air,Debit Card,Wisconsin,Winter
1398,55,Male,46-60 (Middle-Aged),67,Medium Value,33,Medium Engagement,Medium Value - Medium Engagement,No,Annually,365,Accessories,Sunglasses,4.7,Yes,Store Pickup,PayPal,Massachusetts,Summer
1399,30,Male,18-30 (Young Adult),45,Medium Value,25,Medium Engagement,Medium Value - Medium Engagement,No,Weekly,7,Clothing,Dress,2.5,Yes,Free Shipping,Credit Card,Texas,Summer
1400,19,Male,18-30 (Young Adult),81,High Value,48,High Engagement,High Value - High Engagement,No,Annually,365,Accessories,Hat,3.1,Yes,Store Pickup,Venmo,Nebraska,Winter
1401,36,Male,31-45 (Adult),23,Low Value,22,Medium Engagement,Low Value - Medium Engagement,No,Quarterly,90,Accessories,Backpack,3.6,Yes,Next Day Air,Credit Card,Nevada,Fall
1402,23,Male,18-30 (Young Adult),59,Medium Value,1,Low Engagement,Medium Value - Low Engagement,No,Weekly,7,Footwear,Sandals,3.5,Yes,2-Day Shipping,PayPal,Indiana,Fall
1403,62,Male,61-70 (Senior),21,Low Value,47,High Engagement,Low Value - High Engagement,No,Monthly,30,Accessories,Sunglasses,3.1,Yes,Express,PayPal,North Dakota,Summer
1404,26,Male,18-30 (Young Adult),20,Low Value,20,Medium Engagement,Low Value - Medium Engagement,No,Bi-Weekly,14,Accessories,Backpack,3.6,Yes,Store Pickup,Credit Card,Georgia,Spring
1405,36,Male,31-45 (Adult),28,Low Value,10,Low Engagement,Low Value - Low Engagement,No,Weekly,7,Accessories,Jewelry,3.5,Yes,Next Day Air,Debit Card,New Mexico,Winter
1406,33,Male,31-45 (Adult),100,High Value,39,High Engagement,High Value - High Engagement,No,Monthly,30,Clothing,Socks,2.7,Yes,Store Pickup,Credit Card,New Hampshire,Winter
1407,32,Male,31-45 (Adult),46,Medium Value,15,Low Engagement,Medium Value - Low Engagement,No,Monthly,30,Clothing,Shirt,3.6,Yes,Express,Debit Card,Washington,Spring
1408,56,Male,46-60 (Middle-Aged),61,Medium Value,11,Low Engagement,Medium Value - Low Engagement,No,Annually,365,Accessories,Handbag,4.5,Yes,Express,Credit Card,Nevada,Spring
1409,58,Male,46-60 (Middle-Aged),58,Medium Value,38,High Engagement,Medium Value - High Engagement,No,Weekly,7,Clothing,Blouse,4.1,Yes,Free Shipping,Venmo,Maine,Winter
1410,34,Male,31-45 (Adult),50,Medium Value,41,High Engagement,Medium Value - High Engagement,No,Bi-Weekly,14,Accessories,Backpack,4.2,Yes,Standard,Cash,Idaho,Spring
1411,61,Male,61-70 (Senior),93,High Value,18,Medium Engagement,High Value - Medium Engagement,No,Annually,365,Accessories,Hat,4.0,Yes,Store Pickup,Debit Card,Tennessee,Summer
1412,48,Male,46-60 (Middle-Aged),24,Low Value,13,Low Engagement,Low Value - Low Engagement,No,Quarterly,90,Clothing,Skirt,2.8,Yes,Store Pickup,Venmo,Louisiana,Summer
1413,25,Male,18-30 (Young Adult),100,High Value,43,High Engagement,High Value - High Engagement,No,Annually,365,Clothing,Shorts,2.6,Yes,2-Day Shipping,Venmo,Michigan,Summer
1414,51,Male,46-60 (Middle-Aged),79,High Value,12,Low Engagement,High Value - Low Engagement,No,Quarterly,90,Clothing,Blouse,2.7,Yes,Store Pickup,Bank Transfer,New Hampshire,Fall
1415,29,Male,18-30 (Young Adult),51,Medium Value,3,Low Engagement,Medium Value - Low Engagement,No,Bi-Weekly,14,Clothing,Socks,4.5,Yes,Store Pickup,Credit Card,Minnesota,Summer
1416,54,Male,46-60 (Middle-Aged),90,High Value,12,Low Engagement,High Value - Low Engagement,No,Quarterly,90,Accessories,Belt,3.7,Yes,Free Shipping,Credit Card,Illinois,Winter
1417,48,Male,46-60 (Middle-Aged),56,Medium Value,46,High Engagement,Medium Value - High Engagement,No,Quarterly,90,Footwear,Boots,3.4,Yes,Free Shipping,Cash,Idaho,Summer
1418,62,Male,61-70 (Senior),25,Low Value,21,Medium Engagement,Low Value - Medium Engagement,No,Bi-Weekly,14,Clothing,Shorts,4.6,Yes,Standard,Debit Card,Montana,Spring
1419,18,Male,18-30 (Young Adult),75,Medium Value,23,Medium Engagement,Medium Value - Medium Engagement,No,Quarterly,90,Clothing,Shirt,4.1,Yes,2-Day Shipping,Venmo,Alabama,Summer
1420,43,Male,31-45 (Adult),75,Medium Value,4,Low Engagement,Medium Value - Low Engagement,No,Quarterly,90,Accessories,Handbag,2.6,Yes,Free Shipping,Debit Card,Montana,Summer
1421,22,Male,18-30 (Young Adult),53,Medium Value,45,High Engagement,Medium Value - High Engagement,No,Quarterly,90,Clothing,Jeans,4.6,Yes,Store Pickup,PayPal,California,Summer
1422,68,Male,61-70 (Senior),100,High Value,24,Medium Engagement,High Value - Medium Engagement,No,Bi-Weekly,14,Clothing,Dress,3.0,Yes,Standard,Bank Transfer,Pennsylvania,Spring
1423,44,Male,31-45 (Adult),27,Low Value,3,Low Engagement,Low Value - Low Engagement,No,Bi-Weekly,14,Clothing,Dress,3.4,Yes,Free Shipping,PayPal,Texas,Fall
1424,51,Male,46-60 (Middle-Aged),60,Medium Value,12,Low Engagement,Medium Value - Low Engagement,No,Quarterly,90,Footwear,Sandals,3.5,Yes,Free Shipping,Venmo,Michigan,Fall
1425,66,Male,61-70 (Senior),23,Low Value,34,Medium Engagement,Low Value - Medium Engagement,No,Quarterly,90,Outerwear,Jacket,3.5,Yes,Standard,Bank Transfer,Connecticut,Fall
1426,59,Male,46-60 (Middle-Aged),40,Medium Value,39,High Engagement,Medium Value - High Engagement,No,Annually,365,Outerwear,Coat,3.7,Yes,Next Day Air,Credit Card,Wyoming,Winter
1427,60,Male,46-60 (Middle-Aged),38,Low Value,35,Medium Engagement,Low Value - Medium Engagement,No,Quarterly,90,Clothing,Pants,4.8,Yes,Free Shipping,PayPal,Michigan,Summer
1428,31,Male,31-45 (Adult),90,High Value,8,Low Engagement,High Value - Low Engagement,No,Annually,365,Accessories,Backpack,4.9,Yes,Store Pickup,Credit Card,South Dakota,Summer
1429,20,Male,18-30 (Young Adult),97,High Value,42,High Engagement,High Value - High Engagement,No,Quarterly,90,Clothing,Blouse,4.9,Yes,Express,PayPal,North Dakota,Summer
1430,24,Male,18-30 (Young Adult),38,Low Value,6,Low Engagement,Low Value - Low Engagement,No,Quarterly,90,Clothing,Skirt,4.7,Yes,Standard,Credit Card,Maryland,Fall
1431,48,Male,46-60 (Middle-Aged),30,Low Value,3,Low Engagement,Low Value - Low Engagement,No,Bi-Weekly,14,Footwear,Sandals,4.9,Yes,Free Shipping,Credit Card,Michigan,Summer
1432,39,Male,31-45 (Adult),88,High Value,29,Medium Engagement,High Value - Medium Engagement,No,Quarterly,90,Clothing,Pants,2.9,Yes,Express,Venmo,South Dakota,Fall
1433,34,Male,31-45 (Adult),33,Low Value,32,Medium Engagement,Low Value - Medium Engagement,No,Quarterly,90,Accessories,Hat,4.4,Yes,Express,Debit Card,Florida,Winter
1434,70,Male,61-70 (Senior),60,Medium Value,45,High Engagement,Medium Value - High Engagement,No,Weekly,7,Clothing,Hoodie,3.2,Yes,Next Day Air,Debit Card,Minnesota,Winter
1435,59,Male,46-60 (Middle-Aged),64,Medium Value,21,Medium Engagement,Medium Value - Medium Engagement,No,Bi-Weekly,14,Clothing,Sweater,4.6,Yes,Free Shipping,Debit Card,New York,Summer
1436,45,Male,31-45 (Adult),95,High Value,41,High Engagement,High Value - High Engagement,No,Weekly,7,Accessories,Scarf,4.0,Yes,Standard,Cash,Oregon,Fall
1437,35,Male,31-45 (Adult),83,High Value,23,Medium Engagement,High Value - Medium Engagement,No,Bi-Weekly,14,Footwear,Sneakers,3.7,Yes,Free Shipping,PayPal,Minnesota,Winter
1438,69,Male,61-70 (Senior),97,High Value,14,Low Engagement,High Value - Low Engagement,No,Annually,365,Footwear,Boots,4.2,Yes,Free Shipping,Cash,Montana,Winter
1439,58,Male,46-60 (Middle-Aged),38,Low Value,24,Medium Engagement,Low Value - Medium Engagement,No,Monthly,30,Outerwear,Coat,2.9,Yes,Standard,Debit Card,Washington,Spring
1440,25,Male,18-30 (Young Adult),48,Medium Value,25,Medium Engagement,Medium Value - Medium Engagement,No,Bi-Weekly,14,Footwear,Boots,4.8,Yes,Next Day Air,Cash,New Mexico,Summer
1441,27,Male,18-30 (Young Adult),76,High Value,13,Low Engagement,High Value - Low Engagement,No,Monthly,30,Footwear,Sandals,4.4,Yes,Standard,Venmo,Arizona,Spring
1442,34,Male,31-45 (Adult),25,Low Value,3,Low Engagement,Low Value - Low Engagement,No,Quarterly,90,Clothing,Pants,3.4,Yes,Free Shipping,Venmo,Nebraska,Summer
1443,53,Male,46-60 (Middle-Aged),92,High Value,42,High Engagement,High Value - High Engagement,No,Annually,365,Clothing,Hoodie,2.8,Yes,2-Day Shipping,Credit Card,Idaho,Spring
1444,58,Male,46-60 (Middle-Aged),47,Medium Value,2,Low Engagement,Medium Value - Low Engagement,No,Monthly,30,Footwear,Sandals,4.2,Yes,Next Day Air,Cash,Idaho,Fall
1445,32,Male,31-45 (Adult),36,Low Value,26,Medium Engagement,Low Value - Medium Engagement,No,Quarterly,90,Clothing,Sweater,3.8,Yes,Express,Cash,Vermont,Fall
1446,64,Male,61-70 (Senior),51,Medium Value,24,Medium Engagement,Medium Value - Medium Engagement,No,Annually,365,Accessories,Belt,3.1,Yes,2-Day Shipping,Credit Card,Arkansas,Fall
1447,63,Male,61-70 (Senior),35,Low Value,6,Low Engagement,Low Value - Low Engagement,No,Quarterly,90,Clothing,Jeans,3.2,Yes,Express,Credit Card,Wyoming,Summer
1448,23,Male,18-30 (Young Adult),57,Medium Value,25,Medium Engagement,Medium Value - Medium Engagement,No,Monthly,30,Clothing,Hoodie,3.0,Yes,Next Day Air,PayPal,New Mexico,Summer
1449,64,Male,61-70 (Senior),95,High Value,11,Low Engagement,High Value - Low Engagement,No,Quarterly,90,Footwear,Boots,3.6,Yes,Free Shipping,Credit Card,West Virginia,Summer
1450,18,Male,18-30 (Young Adult),41,Medium Value,20,Medium Engagement,Medium Value - Medium Engagement,No,Quarterly,90,Clothing,Socks,2.5,Yes,Store Pickup,Cash,New York,Winter
1451,25,Male,18-30 (Young Adult),44,Medium Value,25,Medium Engagement,Medium Value - Medium Engagement,No,Quarterly,90,Clothing,Dress,3.4,Yes,Free Shipping,Cash,Illinois,Winter
1452,54,Male,46-60 (Middle-Aged),34,Low Value,35,Medium Engagement,Low Value - Medium Engagement,No,Quarterly,90,Outerwear,Jacket,2.5,Yes,Next Day Air,PayPal,Utah,Fall
1453,60,Male,46-60 (Middle-Aged),25,Low Value,11,Low Engagement,Low Value - Low Engagement,No,Quarterly,90,Outerwear,Jacket,4.7,Yes,2-Day Shipping,Bank Transfer,Colorado,Spring
1454,36,Male,31-45 (Adult),93,High Value,41,High Engagement,High Value - High Engagement,No,Bi-Weekly,14,Footwear,Boots,3.2,Yes,2-Day Shipping,Bank Transfer,Virginia,Winter
1455,66,Male,61-70 (Senior),50,Medium Value,17,Medium Engagement,Medium Value - Medium Engagement,No,Annually,365,Footwear,Sneakers,2.9,Yes,Free Shipping,Credit Card,Georgia,Winter
1456,60,Male,46-60 (Middle-Aged),79,High Value,1,Low Engagement,High Value - Low Engagement,No,Quarterly,90,Clothing,Pants,4.9,Yes,Express,PayPal,Alabama,Fall
1457,59,Male,46-60 (Middle-Aged),100,High Value,30,Medium Engagement,High Value - Medium Engagement,No,Quarterly,90,Outerwear,Coat,2.7,Yes,Store Pickup,PayPal,Montana,Spring
1458,58,Male,46-60 (Middle-Aged),57,Medium Value,47,High Engagement,Medium Value - High Engagement,No,Bi-Weekly,14,Clothing,Shirt,4.7,Yes,Express,Venmo,Pennsylvania,Spring
1459,35,Male,31-45 (Adult),28,Low Value,34,Medium Engagement,Low Value - Medium Engagement,No,Weekly,7,Clothing,Sweater,2.9,Yes,2-Day Shipping,Venmo,Missouri,Spring
1460,20,Male,18-30 (Young Adult),35,Low Value,18,Medium Engagement,Low Value - Medium Engagement,No,Bi-Weekly,14,Footwear,Shoes,4.8,Yes,Express,Venmo,Maine,Winter
1461,70,Male,61-70 (Senior),85,High Value,33,Medium Engagement,High Value - Medium Engagement,No,Bi-Weekly,14,Footwear,Boots,4.6,Yes,Standard,Venmo,Pennsylvania,Fall
1462,54,Male,46-60 (Middle-Aged),95,High Value,42,High Engagement,High Value - High Engagement,No,Quarterly,90,Accessories,Sunglasses,5.0,Yes,2-Day Shipping,Venmo,Oregon,Summer
1463,38,Male,31-45 (Adult),90,High Value,2,Low Engagement,High Value - Low Engagement,No,Quarterly,90,Footwear,Sneakers,4.8,Yes,2-Day Shipping,Venmo,Utah,Summer
1464,54,Male,46-60 (Middle-Aged),49,Medium Value,1,Low Engagement,Medium Value - Low Engagement,No,Monthly,30,Accessories,Jewelry,4.9,Yes,Store Pickup,Bank Transfer,Oklahoma,Summer
1465,33,Male,31-45 (Adult),92,High Value,23,Medium Engagement,High Value - Medium Engagement,No,Quarterly,90,Accessories,Belt,4.6,Yes,2-Day Shipping,Bank Transfer,Montana,Winter
1466,46,Male,46-60 (Middle-Aged),72,Medium Value,42,High Engagement,Medium Value - High Engagement,No,Bi-Weekly,14,Accessories,Gloves,3.9,Yes,Store Pickup,Cash,Nebraska,Winter
1467,58,Male,46-60 (Middle-Aged),71,Medium Value,3,Low Engagement,Medium Value - Low Engagement,No,Annually,365,Clothing,Shorts,4.5,Yes,Store Pickup,PayPal,Alabama,Summer
1468,30,Male,18-30 (Young Adult),27,Low Value,16,Medium Engagement,Low Value - Medium Engagement,No,Bi-Weekly,14,Accessories,Jewelry,4.7,Yes,Store Pickup,Debit Card,Ohio,Winter
1469,42,Male,31-45 (Adult),39,Low Value,46,High Engagement,Low Value - High Engagement,No,Bi-Weekly,14,Accessories,Gloves,3.9,Yes,Express,Cash,Arkansas,Fall
1470,28,Male,18-30 (Young Adult),98,High Value,31,Medium Engagement,High Value - Medium Engagement,No,Quarterly,90,Accessories,Jewelry,4.4,Yes,Standard,PayPal,Mississippi,Winter
1471,43,Male,31-45 (Adult),27,Low Value,15,Low Engagement,Low Value - Low Engagement,No,Quarterly,90,Footwear,Sandals,3.9,Yes,Next Day Air,Cash,California,Spring
1472,31,Male,31-45 (Adult),71,Medium Value,48,High Engagement,Medium Value - High Engagement,No,Quarterly,90,Accessories,Jewelry,2.8,Yes,2-Day Shipping,Venmo,Alaska,Spring
1473,39,Male,31-45 (Adult),24,Low Value,11,Low Engagement,Low Value - Low Engagement,No,Weekly,7,Accessories,Hat,3.5,Yes,Store Pickup,Cash,Indiana,Spring
1474,69,Male,61-70 (Senior),63,Medium Value,20,Medium Engagement,Medium Value - Medium Engagement,No,Quarterly,90,Clothing,Shorts,4.3,Yes,Express,Credit Card,Wisconsin,Fall
1475,31,Male,31-45 (Adult),72,Medium Value,6,Low Engagement,Medium Value - Low Engagement,No,Monthly,30,Clothing,Sweater,3.9,Yes,Next Day Air,Credit Card,New Jersey,Fall
1476,44,Male,31-45 (Adult),61,Medium Value,24,Medium Engagement,Medium Value - Medium Engagement,No,Monthly,30,Clothing,Blouse,4.0,Yes,Express,Cash,Rhode Island,Spring
1477,39,Male,31-45 (Adult),56,Medium Value,18,Medium Engagement,Medium Value - Medium Engagement,No,Monthly,30,Accessories,Hat,4.1,Yes,Next Day Air,Credit Card,Wyoming,Fall
1478,24,Male,18-30 (Young Adult),32,Low Value,1,Low Engagement,Low Value - Low Engagement,No,Quarterly,90,Accessories,Belt,4.3,Yes,Standard,PayPal,Oregon,Summer
1479,28,Male,18-30 (Young Adult),23,Low Value,13,Low Engagement,Low Value - Low Engagement,No,Bi-Weekly,14,Accessories,Gloves,4.2,Yes,Free Shipping,Venmo,Washington,Summer
1480,48,Male,46-60 (Middle-Aged),100,High Value,2,Low Engagement,High Value - Low Engagement,No,Weekly,7,Outerwear,Coat,4.0,Yes,Standard,Bank Transfer,Washington,Spring
1481,39,Male,31-45 (Adult),74,Medium Value,26,Medium Engagement,Medium Value - Medium Engagement,No,Quarterly,90,Accessories,Jewelry,3.6,Yes,Express,Cash,New Hampshire,Fall
1482,64,Male,61-70 (Senior),33,Low Value,31,Medium Engagement,Low Value - Medium Engagement,No,Quarterly,90,Clothing,Skirt,3.3,Yes,Standard,PayPal,Maryland,Spring
1483,28,Male,18-30 (Young Adult),67,Medium Value,43,High Engagement,Medium Value - High Engagement,No,Weekly,7,Accessories,Gloves,4.1,Yes,2-Day Shipping,Bank Transfer,Wisconsin,Spring
1484,39,Male,31-45 (Adult),61,Medium Value,12,Low Engagement,Medium Value - Low Engagement,No,Bi-Weekly,14,Accessories,Jewelry,4.7,Yes,Next Day Air,Debit Card,Massachusetts,Summer
1485,49,Male,46-60 (Middle-Aged),46,Medium Value,22,Medium Engagement,Medium Value - Medium Engagement,No,Quarterly,90,Clothing,Shorts,4.4,Yes,Store Pickup,Venmo,Nebraska,Summer
1486,22,Male,18-30 (Young Adult),56,Medium Value,3,Low Engagement,Medium Value - Low Engagement,No,Bi-Weekly,14,Accessories,Gloves,3.4,Yes,Standard,Cash,Nebraska,Spring
1487,25,Male,18-30 (Young Adult),73,Medium Value,23,Medium Engagement,Medium Value - Medium Engagement,No,Quarterly,90,Footwear,Sneakers,5.0,Yes,Free Shipping,Venmo,Idaho,Spring
1488,40,Male,31-45 (Adult),44,Medium Value,26,Medium Engagement,Medium Value - Medium Engagement,No,Annually,365,Clothing,Skirt,4.6,Yes,Store Pickup,PayPal,Arizona,Summer
1489,23,Male,18-30 (Young Adult),44,Medium Value,37,High Engagement,Medium Value - High Engagement,No,Weekly,7,Accessories,Hat,4.0,Yes,Standard,Credit Card,Hawaii,Winter
1490,24,Male,18-30 (Young Adult),26,Low Value,42,High Engagement,Low Value - High Engagement,No,Quarterly,90,Accessories,Jewelry,4.1,Yes,Next Day Air,Venmo,Missouri,Summer
1491,66,Male,61-70 (Senior),52,Medium Value,15,Low Engagement,Medium Value - Low Engagement,No,Bi-Weekly,14,Footwear,Sneakers,4.9,Yes,Express,Venmo,Louisiana,Spring
1492,27,Male,18-30 (Young Adult),54,Medium Value,10,Low Engagement,Medium Value - Low Engagement,No,Quarterly,90,Clothing,Shirt,2.7,Yes,Free Shipping,Bank Transfer,Arkansas,Summer
1493,62,Male,61-70 (Senior),38,Low Value,3,Low Engagement,Low Value - Low Engagement,No,Quarterly,90,Outerwear,Jacket,4.5,Yes,Free Shipping,Venmo,North Carolina,Summer
1494,70,Male,61-70 (Senior),44,Medium Value,44,High Engagement,Medium Value - High Engagement,No,Quarterly,90,Accessories,Belt,2.7,Yes,Standard,Credit Card,North Dakota,Fall
1495,43,Male,31-45 (Adult),76,High Value,23,Medium Engagement,High Value - Medium Engagement,No,Bi-Weekly,14,Clothing,T-shirt,3.0,Yes,Next Day Air,Bank Transfer,Montana,Spring
1496,45,Male,31-45 (Adult),23,Low Value,6,Low Engagement,Low Value - Low Engagement,No,Weekly,7,Accessories,Jewelry,4.5,Yes,Next Day Air,PayPal,Rhode Island,Winter
1497,63,Male,61-70 (Senior),98,High Value,9,Low Engagement,High Value - Low Engagement,No,Bi-Weekly,14,Clothing,T-shirt,5.0,Yes,Standard,Venmo,Idaho,Winter
1498,69,Male,61-70 (Senior),33,Low Value,16,Medium Engagement,Low Value - Medium Engagement,No,Quarterly,90,Outerwear,Jacket,3.8,Yes,2-Day Shipping,Debit Card,Michigan,Spring
1499,59,Male,46-60 (Middle-Aged),32,Low Value,46,High Engagement,Low Value - High Engagement,No,Bi-Weekly,14,Clothing,Sweater,3.1,Yes,Standard,Venmo,Illinois,Summer
1500,19,Male,18-30 (Young Adult),85,High Value,24,Medium Engagement,High Value - Medium Engagement,No,Quarterly,90,Footwear,Boots,3.4,Yes,Free Shipping,Credit Card,Georgia,Fall
1501,63,Male,61-70 (Senior),69,Medium Value,22,Medium Engagement,Medium Value - Medium Engagement,No,Monthly,30,Clothing,Jeans,4.8,Yes,Next Day Air,Debit Card,Alabama,Summer
1502,37,Male,31-45 (Adult),55,Medium Value,13,Low Engagement,Medium Value - Low Engagement,No,Quarterly,90,Clothing,Jeans,2.7,Yes,Standard,Debit Card,Alaska,Spring
1503,37,Male,31-45 (Adult),66,Medium Value,20,Medium Engagement,Medium Value - Medium Engagement,No,Bi-Weekly,14,Clothing,Pants,3.2,Yes,Store Pickup,Cash,Massachusetts,Summer
1504,50,Male,46-60 (Middle-Aged),30,Low Value,46,High Engagement,Low Value - High Engagement,No,Quarterly,90,Outerwear,Jacket,3.9,Yes,2-Day Shipping,Cash,Michigan,Fall
1505,60,Male,46-60 (Middle-Aged),80,High Value,10,Low Engagement,High Value - Low Engagement,No,Monthly,30,Outerwear,Jacket,4.2,Yes,Next Day Air,Bank Transfer,Alaska,Winter
1506,46,Male,46-60 (Middle-Aged),20,Low Value,39,High Engagement,Low Value - High Engagement,No,Monthly,30,Accessories,Belt,3.0,Yes,Express,Cash,North Dakota,Summer
1507,35,Male,31-45 (Adult),30,Low Value,44,High Engagement,Low Value - High Engagement,No,Quarterly,90,Clothing,Shirt,3.0,Yes,2-Day Shipping,PayPal,South Carolina,Fall
1508,66,Male,61-70 (Senior),86,High Value,7,Low Engagement,High Value - Low Engagement,No,Annually,365,Clothing,Dress,3.7,Yes,2-Day Shipping,Venmo,Pennsylvania,Winter
1509,35,Male,31-45 (Adult),84,High Value,3,Low Engagement,High Value - Low Engagement,No,Quarterly,90,Clothing,Blouse,4.4,Yes,Store Pickup,Cash,Colorado,Spring
1510,20,Male,18-30 (Young Adult),54,Medium Value,44,High Engagement,Medium Value - High Engagement,No,Annually,365,Clothing,Dress,4.6,Yes,Free Shipping,Debit Card,New Hampshire,Summer
1511,55,Male,46-60 (Middle-Aged),30,Low Value,31,Medium Engagement,Low Value - Medium Engagement,No,Annually,365,Clothing,Blouse,3.0,Yes,Free Shipping,Venmo,Maryland,Fall
1512,34,Male,31-45 (Adult),91,High Value,48,High Engagement,High Value - High Engagement,No,Weekly,7,Clothing,Dress,3.6,Yes,Express,Credit Card,Georgia,Winter
1513,60,Male,46-60 (Middle-Aged),23,Low Value,18,Medium Engagement,Low Value - Medium Engagement,No,Bi-Weekly,14,Footwear,Sneakers,3.9,Yes,Standard,PayPal,Wisconsin,Winter
1514,22,Male,18-30 (Young Adult),35,Low Value,27,Medium Engagement,Low Value - Medium Engagement,No,Monthly,30,Clothing,Socks,4.1,Yes,Free Shipping,Cash,Texas,Spring
1515,26,Male,18-30 (Young Adult),90,High Value,1,Low Engagement,High Value - Low Engagement,No,Weekly,7,Footwear,Shoes,3.9,Yes,2-Day Shipping,Venmo,Utah,Winter
1516,39,Male,31-45 (Adult),93,High Value,34,Medium Engagement,High Value - Medium Engagement,No,Weekly,7,Clothing,Jeans,3.9,Yes,2-Day Shipping,Cash,Indiana,Fall
1517,20,Male,18-30 (Young Adult),68,Medium Value,5,Low Engagement,Medium Value - Low Engagement,No,Bi-Weekly,14,Clothing,Jeans,4.5,Yes,Express,Bank Transfer,Nevada,Winter
1518,57,Male,46-60 (Middle-Aged),41,Medium Value,12,Low Engagement,Medium Value - Low Engagement,No,Quarterly,90,Accessories,Gloves,3.4,Yes,Standard,Cash,New Hampshire,Spring
1519,68,Male,61-70 (Senior),73,Medium Value,14,Low Engagement,Medium Value - Low Engagement,No,Bi-Weekly,14,Accessories,Belt,4.1,Yes,Next Day Air,Venmo,New York,Winter
1520,50,Male,46-60 (Middle-Aged),73,Medium Value,40,High Engagement,Medium Value - High Engagement,No,Weekly,7,Accessories,Sunglasses,4.9,Yes,Next Day Air,PayPal,Texas,Fall
1521,21,Male,18-30 (Young Adult),66,Medium Value,39,High Engagement,Medium Value - High Engagement,No,Quarterly,90,Accessories,Hat,4.4,Yes,2-Day Shipping,Cash,Iowa,Summer
1522,29,Male,18-30 (Young Adult),59,Medium Value,50,High Engagement,Medium Value - High Engagement,No,Weekly,7,Accessories,Backpack,2.7,Yes,2-Day Shipping,Bank Transfer,Washington,Summer
1523,38,Male,31-45 (Adult),72,Medium Value,5,Low Engagement,Medium Value - Low Engagement,No,Monthly,30,Clothing,Shorts,4.8,Yes,Free Shipping,Debit Card,Tennessee,Spring
1524,54,Male,46-60 (Middle-Aged),88,High Value,35,Medium Engagement,High Value - Medium Engagement,No,Annually,365,Clothing,Socks,3.3,Yes,2-Day Shipping,Debit Card,Georgia,Summer
1525,22,Male,18-30 (Young Adult),76,High Value,6,Low Engagement,High Value - Low Engagement,No,Bi-Weekly,14,Clothing,Socks,4.4,Yes,Free Shipping,Cash,Massachusetts,Summer
1526,29,Male,18-30 (Young Adult),31,Low Value,22,Medium Engagement,Low Value - Medium Engagement,No,Bi-Weekly,14,Accessories,Belt,4.6,Yes,2-Day Shipping,Cash,Oregon,Winter
1527,41,Male,31-45 (Adult),22,Low Value,27,Medium Engagement,Low Value - Medium Engagement,No,Monthly,30,Outerwear,Jacket,3.1,Yes,Next Day Air,PayPal,Oklahoma,Summer
1528,26,Male,18-30 (Young Adult),75,Medium Value,33,Medium Engagement,Medium Value - Medium Engagement,No,Bi-Weekly,14,Accessories,Hat,4.5,Yes,2-Day Shipping,Debit Card,Wisconsin,Fall
1529,69,Male,61-70 (Senior),75,Medium Value,47,High Engagement,Medium Value - High Engagement,No,Bi-Weekly,14,Clothing,T-shirt,4.0,Yes,Store Pickup,Venmo,Oregon,Spring
1530,20,Male,18-30 (Young Adult),63,Medium Value,48,High Engagement,Medium Value - High Engagement,No,Bi-Weekly,14,Accessories,Backpack,3.1,Yes,Free Shipping,Credit Card,Georgia,Winter
1531,59,Male,46-60 (Middle-Aged),21,Low Value,22,Medium Engagement,Low Value - Medium Engagement,No,Quarterly,90,Outerwear,Coat,3.9,Yes,Next Day Air,Bank Transfer,New Mexico,Spring
1532,63,Male,61-70 (Senior),83,High Value,8,Low Engagement,High Value - Low Engagement,No,Bi-Weekly,14,Accessories,Backpack,4.5,Yes,Next Day Air,PayPal,Mississippi,Spring
1533,68,Male,61-70 (Senior),46,Medium Value,5,Low Engagement,Medium Value - Low Engagement,No,Quarterly,90,Outerwear,Jacket,4.4,Yes,Next Day Air,PayPal,Wisconsin,Winter
1534,50,Male,46-60 (Middle-Aged),59,Medium Value,16,Medium Engagement,Medium Value - Medium Engagement,No,Quarterly,90,Footwear,Shoes,3.6,Yes,2-Day Shipping,Bank Transfer,New Hampshire,Summer
1535,55,Male,46-60 (Middle-Aged),66,Medium Value,26,Medium Engagement,Medium Value - Medium Engagement,No,Bi-Weekly,14,Clothing,Blouse,3.4,Yes,Free Shipping,Venmo,Wyoming,Summer
1536,36,Male,31-45 (Adult),74,Medium Value,8,Low Engagement,Medium Value - Low Engagement,No,Monthly,30,Footwear,Sandals,4.0,Yes,2-Day Shipping,Venmo,West Virginia,Fall
1537,18,Male,18-30 (Young Adult),82,High Value,17,Medium Engagement,High Value - Medium Engagement,No,Quarterly,90,Accessories,Sunglasses,2.6,Yes,Store Pickup,Cash,Michigan,Summer
1538,68,Male,61-70 (Senior),89,High Value,50,High Engagement,High Value - High Engagement,No,Annually,365,Footwear,Shoes,3.2,Yes,Next Day Air,Venmo,Alaska,Spring
1539,56,Male,46-60 (Middle-Aged),65,Medium Value,22,Medium Engagement,Medium Value - Medium Engagement,No,Bi-Weekly,14,Clothing,Dress,3.2,Yes,Standard,Venmo,Illinois,Fall
1540,32,Male,31-45 (Adult),55,Medium Value,19,Medium Engagement,Medium Value - Medium Engagement,No,Quarterly,90,Accessories,Belt,5.0,Yes,2-Day Shipping,Cash,Hawaii,Spring
1541,28,Male,18-30 (Young Adult),95,High Value,14,Low Engagement,High Value - Low Engagement,No,Monthly,30,Clothing,Shorts,2.9,Yes,Next Day Air,Bank Transfer,Colorado,Winter
1542,24,Male,18-30 (Young Adult),77,High Value,35,Medium Engagement,High Value - Medium Engagement,No,Bi-Weekly,14,Accessories,Handbag,2.9,Yes,Store Pickup,Cash,Illinois,Winter
1543,59,Male,46-60 (Middle-Aged),44,Medium Value,43,High Engagement,Medium Value - High Engagement,No,Weekly,7,Clothing,Blouse,3.5,Yes,Next Day Air,PayPal,Hawaii,Winter
1544,56,Male,46-60 (Middle-Aged),89,High Value,24,Medium Engagement,High Value - Medium Engagement,No,Annually,365,Clothing,Jeans,4.0,Yes,Standard,Venmo,Wisconsin,Fall
1545,30,Male,18-30 (Young Adult),24,Low Value,17,Medium Engagement,Low Value - Medium Engagement,No,Bi-Weekly,14,Accessories,Jewelry,3.9,Yes,Standard,Debit Card,Arkansas,Spring
1546,48,Male,46-60 (Middle-Aged),43,Medium Value,49,High Engagement,Medium Value - High Engagement,No,Annually,365,Accessories,Belt,4.9,Yes,Store Pickup,Bank Transfer,Delaware,Winter
1547,60,Male,46-60 (Middle-Aged),51,Medium Value,17,Medium Engagement,Medium Value - Medium Engagement,No,Annually,365,Footwear,Sneakers,3.8,Yes,Express,Bank Transfer,Oregon,Summer
1548,46,Male,46-60 (Middle-Aged),46,Medium Value,40,High Engagement,Medium Value - High Engagement,No,Quarterly,90,Accessories,Hat,3.5,Yes,Standard,Cash,South Carolina,Summer
1549,69,Male,61-70 (Senior),32,Low Value,43,High Engagement,Low Value - High Engagement,No,Weekly,7,Clothing,Dress,3.7,Yes,Store Pickup,Bank Transfer,Maryland,Summer
1550,19,Male,18-30 (Young Adult),55,Medium Value,19,Medium Engagement,Medium Value - Medium Engagement,No,Quarterly,90,Footwear,Sneakers,2.9,Yes,2-Day Shipping,Debit Card,Kansas,Spring
1551,66,Male,61-70 (Senior),26,Low Value,40,High Engagement,Low Value - High Engagement,No,Quarterly,90,Accessories,Sunglasses,2.8,Yes,Free Shipping,Bank Transfer,Arkansas,Summer
1552,64,Male,61-70 (Senior),29,Low Value,13,Low Engagement,Low Value - Low Engagement,No,Monthly,30,Accessories,Handbag,3.7,Yes,2-Day Shipping,Credit Card,Minnesota,Summer
1553,54,Male,46-60 (Middle-Aged),49,Medium Value,20,Medium Engagement,Medium Value - Medium Engagement,No,Monthly,30,Clothing,Blouse,3.0,Yes,Express,Credit Card,New Mexico,Spring
1554,27,Male,18-30 (Young Adult),45,Medium Value,21,Medium Engagement,Medium Value - Medium Engagement,No,Quarterly,90,Clothing,Blouse,4.8,Yes,Free Shipping,Debit Card,Delaware,Spring
1555,64,Male,61-70 (Senior),48,Medium Value,18,Medium Engagement,Medium Value - Medium Engagement,No,Bi-Weekly,14,Clothing,Shorts,2.7,Yes,Standard,Cash,Utah,Winter
1556,43,Male,31-45 (Adult),47,Medium Value,44,High Engagement,Medium Value - High Engagement,No,Quarterly,90,Clothing,Shorts,4.5,Yes,Free Shipping,Cash,Ohio,Winter
1557,43,Male,31-45 (Adult),57,Medium Value,26,Medium Engagement,Medium Value - Medium Engagement,No,Quarterly,90,Clothing,Hoodie,2.7,Yes,Standard,Credit Card,Alabama,Fall
1558,27,Male,18-30 (Young Adult),34,Low Value,34,Medium Engagement,Low Value - Medium Engagement,No,Quarterly,90,Accessories,Backpack,3.5,Yes,Next Day Air,PayPal,South Dakota,Fall
1559,35,Male,31-45 (Adult),75,Medium Value,24,Medium Engagement,Medium Value - Medium Engagement,No,Quarterly,90,Accessories,Sunglasses,3.5,Yes,Express,Credit Card,New Mexico,Fall
1560,43,Male,31-45 (Adult),94,High Value,23,Medium Engagement,High Value - Medium Engagement,No,Bi-Weekly,14,Accessories,Scarf,4.5,Yes,Store Pickup,PayPal,Oregon,Fall
1561,57,Male,46-60 (Middle-Aged),84,High Value,3,Low Engagement,High Value - Low Engagement,No,Weekly,7,Accessories,Hat,3.8,Yes,Free Shipping,Debit Card,Oregon,Winter
1562,50,Male,46-60 (Middle-Aged),38,Low Value,2,Low Engagement,Low Value - Low Engagement,No,Quarterly,90,Accessories,Scarf,3.8,Yes,Standard,Bank Transfer,Mississippi,Summer
1563,37,Male,31-45 (Adult),75,Medium Value,23,Medium Engagement,Medium Value - Medium Engagement,No,Bi-Weekly,14,Accessories,Scarf,3.2,Yes,Next Day Air,Venmo,Alabama,Winter
1564,68,Male,61-70 (Senior),44,Medium Value,8,Low Engagement,Medium Value - Low Engagement,No,Weekly,7,Clothing,Pants,4.3,Yes,Next Day Air,Cash,Kansas,Fall
1565,22,Male,18-30 (Young Adult),33,Low Value,30,Medium Engagement,Low Value - Medium Engagement,No,Quarterly,90,Accessories,Backpack,4.5,Yes,Next Day Air,Debit Card,California,Summer
1566,58,Male,46-60 (Middle-Aged),93,High Value,48,High Engagement,High Value - High Engagement,No,Annually,365,Accessories,Sunglasses,4.2,Yes,Free Shipping,PayPal,Idaho,Fall
1567,48,Male,46-60 (Middle-Aged),99,High Value,21,Medium Engagement,High Value - Medium Engagement,No,Bi-Weekly,14,Footwear,Sneakers,3.0,Yes,Free Shipping,Cash,Wyoming,Winter
1568,30,Male,18-30 (Young Adult),33,Low Value,9,Low Engagement,Low Value - Low Engagement,No,Monthly,30,Accessories,Backpack,4.1,Yes,Standard,Cash,Minnesota,Spring
1569,51,Male,46-60 (Middle-Aged),76,High Value,8,Low Engagement,High Value - Low Engagement,No,Monthly,30,Footwear,Sneakers,4.6,Yes,Store Pickup,Debit Card,Washington,Spring
1570,20,Male,18-30 (Young Adult),63,Medium Value,29,Medium Engagement,Medium Value - Medium Engagement,No,Weekly,7,Clothing,Skirt,2.9,Yes,Standard,Debit Card,Hawaii,Summer
1571,30,Male,18-30 (Young Adult),41,Medium Value,3,Low Engagement,Medium Value - Low Engagement,No,Quarterly,90,Clothing,Pants,4.8,Yes,Next Day Air,Bank Transfer,Missouri,Winter
1572,28,Male,18-30 (Young Adult),88,High Value,11,Low Engagement,High Value - Low Engagement,No,Bi-Weekly,14,Accessories,Jewelry,4.5,Yes,Next Day Air,Bank Transfer,Colorado,Winter
1573,37,Male,31-45 (Adult),92,High Value,16,Medium Engagement,High Value - Medium Engagement,No,Monthly,30,Clothing,Skirt,3.4,Yes,2-Day Shipping,Debit Card,Washington,Summer
1574,36,Male,31-45 (Adult),31,Low Value,25,Medium Engagement,Low Value - Medium Engagement,No,Weekly,7,Clothing,T-shirt,4.3,Yes,2-Day Shipping,Debit Card,North Dakota,Summer
1575,18,Male,18-30 (Young Adult),25,Low Value,32,Medium Engagement,Low Value - Medium Engagement,No,Bi-Weekly,14,Clothing,Skirt,4.2,Yes,Free Shipping,PayPal,Minnesota,Spring
1576,52,Male,46-60 (Middle-Aged),28,Low Value,28,Medium Engagement,Low Value - Medium Engagement,No,Bi-Weekly,14,Clothing,Shirt,3.6,Yes,Next Day Air,Cash,California,Spring
1577,56,Male,46-60 (Middle-Aged),75,Medium Value,36,High Engagement,Medium Value - High Engagement,No,Monthly,30,Clothing,Dress,3.7,Yes,2-Day Shipping,PayPal,Michigan,Spring
1578,68,Male,61-70 (Senior),34,Low Value,7,Low Engagement,Low Value - Low Engagement,No,Bi-Weekly,14,Footwear,Boots,4.0,Yes,Standard,Venmo,Delaware,Spring
1579,62,Male,61-70 (Senior),97,High Value,2,Low Engagement,High Value - Low Engagement,No,Quarterly,90,Clothing,Pants,4.9,Yes,2-Day Shipping,PayPal,California,Winter
1580,35,Male,31-45 (Adult),80,High Value,6,Low Engagement,High Value - Low Engagement,No,Monthly,30,Outerwear,Jacket,3.1,Yes,Free Shipping,Bank Transfer,Oklahoma,Summer
1581,65,Male,61-70 (Senior),71,Medium Value,30,Medium Engagement,Medium Value - Medium Engagement,No,Annually,365,Footwear,Sneakers,3.7,Yes,Standard,Cash,North Dakota,Summer
1582,69,Male,61-70 (Senior),77,High Value,46,High Engagement,High Value - High Engagement,No,Quarterly,90,Accessories,Jewelry,4.2,Yes,Free Shipping,Cash,Ohio,Fall
1583,28,Male,18-30 (Young Adult),41,Medium Value,39,High Engagement,Medium Value - High Engagement,No,Monthly,30,Accessories,Belt,2.5,Yes,Next Day Air,Cash,Hawaii,Spring
1584,37,Male,31-45 (Adult),92,High Value,8,Low Engagement,High Value - Low Engagement,No,Annually,365,Accessories,Scarf,4.3,Yes,Next Day Air,Venmo,Maryland,Summer
1585,41,Male,31-45 (Adult),95,High Value,46,High Engagement,High Value - High Engagement,No,Quarterly,90,Clothing,Blouse,3.1,Yes,Store Pickup,Credit Card,Hawaii,Spring
1586,37,Male,31-45 (Adult),25,Low Value,40,High Engagement,Low Value - High Engagement,No,Bi-Weekly,14,Clothing,Sweater,3.0,Yes,Next Day Air,Debit Card,Alabama,Fall
1587,25,Male,18-30 (Young Adult),77,High Value,21,Medium Engagement,High Value - Medium Engagement,No,Weekly,7,Footwear,Boots,4.0,Yes,Express,Bank Transfer,Oklahoma,Fall
1588,41,Male,31-45 (Adult),99,High Value,33,Medium Engagement,High Value - Medium Engagement,No,Bi-Weekly,14,Clothing,Socks,3.5,Yes,Free Shipping,Credit Card,Alabama,Summer
1589,48,Male,46-60 (Middle-Aged),24,Low Value,3,Low Engagement,Low Value - Low Engagement,No,Monthly,30,Accessories,Belt,3.2,Yes,Next Day Air,Venmo,Vermont,Winter
1590,42,Male,31-45 (Adult),72,Medium Value,48,High Engagement,Medium Value - High Engagement,No,Weekly,7,Footwear,Sneakers,2.7,Yes,Store Pickup,Cash,Ohio,Summer
1591,54,Male,46-60 (Middle-Aged),80,High Value,8,Low Engagement,High Value - Low Engagement,No,Annually,365,Clothing,Jeans,3.0,Yes,Free Shipping,PayPal,Wisconsin,Winter
1592,18,Male,18-30 (Young Adult),100,High Value,24,Medium Engagement,High Value - Medium Engagement,No,Annually,365,Clothing,Skirt,2.9,Yes,Next Day Air,PayPal,South Dakota,Winter
1593,56,Male,46-60 (Middle-Aged),83,High Value,10,Low Engagement,High Value - Low Engagement,No,Quarterly,90,Footwear,Shoes,3.3,Yes,Free Shipping,Bank Transfer,Iowa,Summer
1594,61,Male,61-70 (Senior),95,High Value,25,Medium Engagement,High Value - Medium Engagement,No,Monthly,30,Clothing,Dress,4.9,Yes,2-Day Shipping,Bank Transfer,Maryland,Spring
1595,40,Male,31-45 (Adult),41,Medium Value,3,Low Engagement,Medium Value - Low Engagement,No,Bi-Weekly,14,Accessories,Handbag,3.7,Yes,Store Pickup,Cash,Colorado,Summer
1596,34,Male,31-45 (Adult),35,Low Value,45,High Engagement,Low Value - High Engagement,No,Bi-Weekly,14,Accessories,Backpack,3.5,Yes,Standard,Debit Card,Wisconsin,Spring
1597,42,Male,31-45 (Adult),30,Low Value,15,Low Engagement,Low Value - Low Engagement,No,Monthly,30,Accessories,Jewelry,4.7,Yes,Store Pickup,Debit Card,Mississippi,Fall
1598,43,Male,31-45 (Adult),21,Low Value,34,Medium Engagement,Low Value - Medium Engagement,No,Quarterly,90,Accessories,Hat,2.6,Yes,Store Pickup,Bank Transfer,Mississippi,Winter
1599,47,Male,46-60 (Middle-Aged),85,High Value,21,Medium Engagement,High Value - Medium Engagement,No,Bi-Weekly,14,Accessories,Jewelry,4.1,Yes,Express,Venmo,California,Fall
1600,48,Male,46-60 (Middle-Aged),54,Medium Value,22,Medium Engagement,Medium Value - Medium Engagement,No,Bi-Weekly,14,Clothing,Shirt,2.8,Yes,2-Day Shipping,Debit Card,Delaware,Winter
1601,20,Male,18-30 (Young Adult),26,Low Value,24,Medium Engagement,Low Value - Medium Engagement,No,Weekly,7,Footwear,Boots,4.7,Yes,Next Day Air,PayPal,Montana,Spring
1602,65,Male,61-70 (Senior),59,Medium Value,33,Medium Engagement,Medium Value - Medium Engagement,No,Monthly,30,Clothing,Shirt,2.9,Yes,Store Pickup,Credit Card,Indiana,Spring
1603,54,Male,46-60 (Middle-Aged),48,Medium Value,13,Low Engagement,Medium Value - Low Engagement,No,Bi-Weekly,14,Accessories,Sunglasses,2.8,Yes,Free Shipping,Venmo,West Virginia,Winter
1604,23,Male,18-30 (Young Adult),98,High Value,17,Medium Engagement,High Value - Medium Engagement,No,Bi-Weekly,14,Clothing,Shorts,4.3,Yes,Next Day Air,Debit Card,Iowa,Summer
1605,18,Male,18-30 (Young Adult),92,High Value,25,Medium Engagement,High Value - Medium Engagement,No,Quarterly,90,Clothing,Sweater,4.8,Yes,2-Day Shipping,Credit Card,Maine,Summer
1606,70,Male,61-70 (Senior),46,Medium Value,15,Low Engagement,Medium Value - Low Engagement,No,Bi-Weekly,14,Accessories,Belt,3.4,Yes,Next Day Air,Credit Card,Connecticut,Winter
1607,55,Male,46-60 (Middle-Aged),21,Low Value,4,Low Engagement,Low Value - Low Engagement,No,Bi-Weekly,14,Clothing,T-shirt,4.3,Yes,Standard,PayPal,Kansas,Spring
1608,49,Male,46-60 (Middle-Aged),72,Medium Value,43,High Engagement,Medium Value - High Engagement,No,Quarterly,90,Clothing,Shorts,2.7,Yes,Free Shipping,Debit Card,Vermont,Fall
1609,26,Male,18-30 (Young Adult),58,Medium Value,12,Low Engagement,Medium Value - Low Engagement,No,Bi-Weekly,14,Footwear,Sandals,4.6,Yes,Next Day Air,Bank Transfer,Nebraska,Fall
1610,33,Male,31-45 (Adult),93,High Value,3,Low Engagement,High Value - Low Engagement,No,Monthly,30,Clothing,Shirt,4.1,Yes,Standard,Venmo,Nevada,Fall
1611,20,Male,18-30 (Young Adult),31,Low Value,1,Low Engagement,Low Value - Low Engagement,No,Annually,365,Clothing,Socks,3.4,Yes,2-Day Shipping,PayPal,Tennessee,Spring
1612,41,Male,31-45 (Adult),26,Low Value,6,Low Engagement,Low Value - Low Engagement,No,Monthly,30,Clothing,Pants,4.5,Yes,Next Day Air,Debit Card,Arkansas,Winter
1613,18,Male,18-30 (Young Adult),68,Medium Value,26,Medium Engagement,Medium Value - Medium Engagement,No,Monthly,30,Clothing,Skirt,4.4,Yes,Standard,Venmo,Wisconsin,Summer
1614,26,Male,18-30 (Young Adult),31,Low Value,6,Low Engagement,Low Value - Low Engagement,No,Bi-Weekly,14,Accessories,Jewelry,4.0,Yes,Next Day Air,Credit Card,Illinois,Summer
1615,30,Male,18-30 (Young Adult),41,Medium Value,22,Medium Engagement,Medium Value - Medium Engagement,No,Bi-Weekly,14,Clothing,T-shirt,3.4,Yes,Free Shipping,Cash,Kansas,Summer
1616,64,Male,61-70 (Senior),62,Medium Value,45,High Engagement,Medium Value - High Engagement,No,Bi-Weekly,14,Accessories,Jewelry,3.2,Yes,Standard,Cash,New York,Fall
1617,26,Male,18-30 (Young Adult),41,Medium Value,50,High Engagement,Medium Value - High Engagement,No,Quarterly,90,Accessories,Hat,3.4,Yes,Standard,Cash,Colorado,Spring
1618,43,Male,31-45 (Adult),64,Medium Value,50,High Engagement,Medium Value - High Engagement,No,Bi-Weekly,14,Clothing,Blouse,4.3,Yes,Standard,Credit Card,Wisconsin,Winter
1619,63,Male,61-70 (Senior),72,Medium Value,39,High Engagement,Medium Value - High Engagement,No,Quarterly,90,Footwear,Sandals,5.0,Yes,Standard,Debit Card,Michigan,Summer
1620,57,Male,46-60 (Middle-Aged),78,High Value,50,High Engagement,High Value - High Engagement,No,Bi-Weekly,14,Accessories,Handbag,3.5,Yes,Store Pickup,Venmo,Hawaii,Winter
1621,25,Male,18-30 (Young Adult),47,Medium Value,27,Medium Engagement,Medium Value - Medium Engagement,No,Quarterly,90,Accessories,Hat,3.1,Yes,2-Day Shipping,PayPal,Virginia,Winter
1622,68,Male,61-70 (Senior),46,Medium Value,38,High Engagement,Medium Value - High Engagement,No,Bi-Weekly,14,Accessories,Scarf,3.9,Yes,2-Day Shipping,Debit Card,Ohio,Summer
1623,31,Male,31-45 (Adult),43,Medium Value,37,High Engagement,Medium Value - High Engagement,No,Quarterly,90,Clothing,Shorts,4.0,Yes,Store Pickup,Bank Transfer,Missouri,Winter
1624,64,Male,61-70 (Senior),58,Medium Value,50,High Engagement,Medium Value - High Engagement,No,Annually,365,Accessories,Backpack,3.5,Yes,Next Day Air,Debit Card,Indiana,Summer
1625,38,Male,31-45 (Adult),32,Low Value,40,High Engagement,Low Value - High Engagement,No,Quarterly,90,Clothing,Sweater,3.6,Yes,Free Shipping,PayPal,Florida,Winter
1626,34,Male,31-45 (Adult),45,Medium Value,3,Low Engagement,Medium Value - Low Engagement,No,Bi-Weekly,14,Clothing,Skirt,3.0,Yes,Next Day Air,PayPal,Minnesota,Winter
1627,32,Male,31-45 (Adult),35,Low Value,45,High Engagement,Low Value - High Engagement,No,Bi-Weekly,14,Footwear,Sneakers,2.6,Yes,Next Day Air,Credit Card,Nevada,Summer
1628,69,Male,61-70 (Senior),21,Low Value,8,Low Engagement,Low Value - Low Engagement,No,Annually,365,Accessories,Sunglasses,2.9,Yes,Next Day Air,Credit Card,Maine,Winter
1629,45,Male,31-45 (Adult),64,Medium Value,7,Low Engagement,Medium Value - Low Engagement,No,Monthly,30,Clothing,Dress,3.1,Yes,Next Day Air,Cash,Massachusetts,Winter
1630,35,Male,31-45 (Adult),88,High Value,13,Low Engagement,High Value - Low Engagement,No,Quarterly,90,Clothing,Blouse,3.3,Yes,Next Day Air,Venmo,North Dakota,Spring
1631,63,Male,61-70 (Senior),48,Medium Value,29,Medium Engagement,Medium Value - Medium Engagement,No,Quarterly,90,Footwear,Shoes,2.9,Yes,Store Pickup,Venmo,New Jersey,Summer
1632,65,Male,61-70 (Senior),36,Low Value,7,Low Engagement,Low Value - Low Engagement,No,Bi-Weekly,14,Clothing,Sweater,3.9,Yes,2-Day Shipping,Bank Transfer,Indiana,Summer
1633,35,Male,31-45 (Adult),28,Low Value,50,High Engagement,Low Value - High Engagement,No,Quarterly,90,Accessories,Gloves,4.7,Yes,2-Day Shipping,Debit Card,Oregon,Summer
1634,54,Male,46-60 (Middle-Aged),80,High Value,33,Medium Engagement,High Value - Medium Engagement,No,Bi-Weekly,14,Clothing,Socks,4.4,Yes,2-Day Shipping,Debit Card,North Dakota,Spring
1635,28,Male,18-30 (Young Adult),23,Low Value,30,Medium Engagement,Low Value - Medium Engagement,No,Quarterly,90,Outerwear,Coat,3.6,Yes,Store Pickup,Cash,South Carolina,Summer
1636,68,Male,61-70 (Senior),24,Low Value,40,High Engagement,Low Value - High Engagement,No,Annually,365,Accessories,Sunglasses,3.2,Yes,Standard,Cash,North Carolina,Summer
1637,58,Male,46-60 (Middle-Aged),22,Low Value,49,High Engagement,Low Value - High Engagement,No,Bi-Weekly,14,Footwear,Boots,4.0,Yes,Free Shipping,Cash,North Dakota,Fall
1638,35,Male,31-45 (Adult),21,Low Value,32,Medium Engagement,Low Value - Medium Engagement,No,Bi-Weekly,14,Clothing,Dress,3.5,Yes,Next Day Air,Venmo,Massachusetts,Spring
1639,68,Male,61-70 (Senior),51,Medium Value,18,Medium Engagement,Medium Value - Medium Engagement,No,Weekly,7,Outerwear,Jacket,4.6,Yes,Free Shipping,Venmo,Tennessee,Spring
1640,41,Male,31-45 (Adult),65,Medium Value,50,High Engagement,Medium Value - High Engagement,No,Annually,365,Accessories,Gloves,3.3,Yes,Free Shipping,PayPal,Missouri,Summer
1641,65,Male,61-70 (Senior),51,Medium Value,13,Low Engagement,Medium Value - Low Engagement,No,Weekly,7,Accessories,Scarf,4.0,Yes,2-Day Shipping,PayPal,Tennessee,Spring
1642,50,Male,46-60 (Middle-Aged),32,Low Value,1,Low Engagement,Low Value - Low Engagement,No,Quarterly,90,Clothing,Hoodie,3.4,Yes,Free Shipping,Bank Transfer,Colorado,Summer
1643,18,Male,18-30 (Young Adult),70,Medium Value,16,Medium Engagement,Medium Value - Medium Engagement,No,Bi-Weekly,14,Outerwear,Coat,4.2,Yes,Store Pickup,PayPal,Mississippi,Spring
1644,38,Male,31-45 (Adult),77,High Value,6,Low Engagement,High Value - Low Engagement,No,Monthly,30,Accessories,Scarf,3.9,Yes,2-Day Shipping,PayPal,Ohio,Summer
1645,68,Male,61-70 (Senior),90,High Value,21,Medium Engagement,High Value - Medium Engagement,No,Monthly,30,Outerwear,Coat,3.9,Yes,Next Day Air,Debit Card,North Carolina,Summer
1646,53,Male,46-60 (Middle-Aged),36,Low Value,36,High Engagement,Low Value - High Engagement,No,Quarterly,90,Accessories,Scarf,2.8,Yes,Standard,Venmo,Ohio,Summer
1647,58,Male,46-60 (Middle-Aged),77,High Value,20,Medium Engagement,High Value - Medium Engagement,No,Quarterly,90,Accessories,Handbag,3.7,Yes,Standard,Bank Transfer,Nebraska,Summer
1648,34,Male,31-45 (Adult),78,High Value,8,Low Engagement,High Value - Low Engagement,No,Quarterly,90,Footwear,Boots,4.9,Yes,Store Pickup,Debit Card,Hawaii,Summer
1649,36,Male,31-45 (Adult),69,Medium Value,22,Medium Engagement,Medium Value - Medium Engagement,No,Monthly,30,Clothing,Pants,2.6,Yes,Express,Credit Card,Oklahoma,Summer
1650,58,Male,46-60 (Middle-Aged),63,Medium Value,3,Low Engagement,Medium Value - Low Engagement,No,Quarterly,90,Clothing,T-shirt,4.9,Yes,Free Shipping,Credit Card,Wisconsin,Summer
1651,60,Male,46-60 (Middle-Aged),36,Low Value,46,High Engagement,Low Value - High Engagement,No,Bi-Weekly,14,Accessories,Scarf,3.4,Yes,Next Day Air,Credit Card,Arkansas,Winter
1652,59,Male,46-60 (Middle-Aged),80,High Value,42,High Engagement,High Value - High Engagement,No,Monthly,30,Outerwear,Coat,3.9,Yes,Standard,Debit Card,Texas,Winter
1653,65,Male,61-70 (Senior),35,Low Value,1,Low Engagement,Low Value - Low Engagement,No,Bi-Weekly,14,Clothing,Sweater,4.0,Yes,Next Day Air,Bank Transfer,New Mexico,Summer
1654,31,Male,31-45 (Adult),93,High Value,29,Medium Engagement,High Value - Medium Engagement,No,Bi-Weekly,14,Accessories,Belt,3.0,Yes,2-Day Shipping,Debit Card,Colorado,Winter
1655,43,Male,31-45 (Adult),25,Low Value,14,Low Engagement,Low Value - Low Engagement,No,Quarterly,90,Accessories,Belt,2.6,Yes,Store Pickup,Credit Card,Indiana,Spring
1656,37,Male,31-45 (Adult),81,High Value,4,Low Engagement,High Value - Low Engagement,No,Monthly,30,Clothing,Sweater,3.2,Yes,Next Day Air,PayPal,Arizona,Spring
1657,21,Male,18-30 (Young Adult),42,Medium Value,41,High Engagement,Medium Value - High Engagement,No,Quarterly,90,Clothing,Blouse,2.6,Yes,2-Day Shipping,PayPal,Indiana,Spring
1658,69,Male,61-70 (Senior),36,Low Value,4,Low Engagement,Low Value - Low Engagement,No,Bi-Weekly,14,Clothing,Skirt,3.2,Yes,Store Pickup,Debit Card,Indiana,Spring
1659,32,Male,31-45 (Adult),66,Medium Value,47,High Engagement,Medium Value - High Engagement,No,Weekly,7,Accessories,Jewelry,4.1,Yes,Store Pickup,Cash,Alaska,Spring
1660,53,Male,46-60 (Middle-Aged),37,Low Value,44,High Engagement,Low Value - High Engagement,No,Annually,365,Accessories,Gloves,3.9,Yes,Next Day Air,Venmo,Utah,Fall
1661,59,Male,46-60 (Middle-Aged),45,Medium Value,37,High Engagement,Medium Value - High Engagement,No,Monthly,30,Clothing,T-shirt,4.1,Yes,Standard,Venmo,Louisiana,Winter
1662,64,Male,61-70 (Senior),86,High Value,21,Medium Engagement,High Value - Medium Engagement,No,Quarterly,90,Accessories,Gloves,2.7,Yes,2-Day Shipping,Debit Card,Iowa,Summer
1663,63,Male,61-70 (Senior),24,Low Value,46,High Engagement,Low Value - High Engagement,No,Bi-Weekly,14,Accessories,Sunglasses,4.6,Yes,Free Shipping,Debit Card,New Mexico,Winter
1664,43,Male,31-45 (Adult),22,Low Value,1,Low Engagement,Low Value - Low Engagement,No,Bi-Weekly,14,Clothing,Shirt,3.5,Yes,Standard,Cash,Maine,Summer
1665,19,Male,18-30 (Young Adult),53,Medium Value,35,Medium Engagement,Medium Value - Medium Engagement,No,Weekly,7,Accessories,Handbag,5.0,Yes,Next Day Air,PayPal,Minnesota,Spring
1666,40,Male,31-45 (Adult),41,Medium Value,49,High Engagement,Medium Value - High Engagement,No,Monthly,30,Outerwear,Jacket,3.4,Yes,Next Day Air,Venmo,New Mexico,Fall
1667,51,Male,46-60 (Middle-Aged),64,Medium Value,47,High Engagement,Medium Value - High Engagement,No,Annually,365,Clothing,Skirt,3.1,Yes,Store Pickup,PayPal,Arkansas,Summer
1668,51,Male,46-60 (Middle-Aged),40,Medium Value,24,Medium Engagement,Medium Value - Medium Engagement,No,Quarterly,90,Accessories,Handbag,3.4,Yes,2-Day Shipping,Bank Transfer,Oklahoma,Winter
1669,66,Male,61-70 (Senior),33,Low Value,28,Medium Engagement,Low Value - Medium Engagement,No,Bi-Weekly,14,Clothing,Blouse,4.0,Yes,Standard,Debit Card,Utah,Summer
1670,42,Male,31-45 (Adult),59,Medium Value,22,Medium Engagement,Medium Value - Medium Engagement,No,Quarterly,90,Clothing,T-shirt,2.7,Yes,Store Pickup,Bank Transfer,Wisconsin,Winter
1671,22,Male,18-30 (Young Adult),73,Medium Value,20,Medium Engagement,Medium Value - Medium Engagement,No,Weekly,7,Clothing,Pants,3.6,Yes,Free Shipping,Cash,Utah,Fall
1672,31,Male,31-45 (Adult),22,Low Value,25,Medium Engagement,Low Value - Medium Engagement,No,Weekly,7,Clothing,Hoodie,4.0,Yes,Free Shipping,Bank Transfer,Utah,Winter
1673,18,Male,18-30 (Young Adult),73,Medium Value,15,Low Engagement,Medium Value - Low Engagement,No,Quarterly,90,Footwear,Boots,3.8,Yes,Free Shipping,Venmo,South Carolina,Fall
1674,21,Male,18-30 (Young Adult),62,Medium Value,49,High Engagement,Medium Value - High Engagement,No,Bi-Weekly,14,Clothing,Blouse,3.4,Yes,Next Day Air,Venmo,Hawaii,Fall
1675,35,Male,31-45 (Adult),56,Medium Value,10,Low Engagement,Medium Value - Low Engagement,No,Bi-Weekly,14,Outerwear,Coat,3.2,Yes,Free Shipping,Debit Card,Alaska,Winter
1676,35,Male,31-45 (Adult),90,High Value,21,Medium Engagement,High Value - Medium Engagement,No,Annually,365,Clothing,Pants,4.7,Yes,Next Day Air,Credit Card,Colorado,Spring
1677,27,Male,18-30 (Young Adult),44,Medium Value,34,Medium Engagement,Medium Value - Medium Engagement,No,Weekly,7,Accessories,Sunglasses,3.1,Yes,Next Day Air,Bank Transfer,West Virginia,Winter
1678,65,Male,61-70 (Senior),35,Low Value,41,High Engagement,Low Value - High Engagement,No,Weekly,7,Clothing,Jeans,3.3,No,Next Day Air,Debit Card,Oregon,Summer
1679,41,Male,31-45 (Adult),71,Medium Value,30,Medium Engagement,Medium Value - Medium Engagement,No,Bi-Weekly,14,Clothing,Pants,4.8,No,2-Day Shipping,Venmo,Ohio,Summer
1680,60,Male,46-60 (Middle-Aged),52,Medium Value,24,Medium Engagement,Medium Value - Medium Engagement,No,Bi-Weekly,14,Clothing,Dress,4.5,No,Next Day Air,Debit Card,Massachusetts,Fall
1681,61,Male,61-70 (Senior),37,Low Value,6,Low Engagement,Low Value - Low Engagement,No,Annually,365,Footwear,Shoes,3.4,No,Store Pickup,Credit Card,Louisiana,Summer
1682,24,Male,18-30 (Young Adult),95,High Value,14,Low Engagement,High Value - Low Engagement,No,Bi-Weekly,14,Footwear,Sneakers,3.7,No,2-Day Shipping,Credit Card,Virginia,Winter
1683,65,Male,61-70 (Senior),97,High Value,37,High Engagement,High Value - High Engagement,No,Bi-Weekly,14,Clothing,Socks,4.9,No,2-Day Shipping,Credit Card,New York,Fall
1684,23,Male,18-30 (Young Adult),57,Medium Value,37,High Engagement,Medium Value - High Engagement,No,Quarterly,90,Outerwear,Coat,3.5,No,Next Day Air,Venmo,Arkansas,Spring
1685,30,Male,18-30 (Young Adult),93,High Value,28,Medium Engagement,High Value - Medium Engagement,No,Weekly,7,Clothing,Shirt,4.6,No,Standard,PayPal,New Mexico,Spring
1686,33,Male,31-45 (Adult),48,Medium Value,43,High Engagement,Medium Value - High Engagement,No,Bi-Weekly,14,Clothing,Blouse,4.6,No,Standard,PayPal,Minnesota,Winter
1687,22,Male,18-30 (Young Adult),75,Medium Value,25,Medium Engagement,Medium Value - Medium Engagement,No,Annually,365,Accessories,Gloves,4.2,No,Store Pickup,Cash,Illinois,Fall
1688,67,Male,61-70 (Senior),70,Medium Value,4,Low Engagement,Medium Value - Low Engagement,No,Annually,365,Clothing,Skirt,3.7,No,Free Shipping,PayPal,Georgia,Winter
1689,28,Male,18-30 (Young Adult),26,Low Value,13,Low Engagement,Low Value - Low Engagement,No,Bi-Weekly,14,Accessories,Handbag,3.0,No,Next Day Air,Venmo,Mississippi,Winter
1690,32,Male,31-45 (Adult),73,Medium Value,32,Medium Engagement,Medium Value - Medium Engagement,No,Monthly,30,Clothing,Shirt,4.6,No,Store Pickup,Bank Transfer,North Carolina,Winter
1691,40,Male,31-45 (Adult),30,Low Value,1,Low Engagement,Low Value - Low Engagement,No,Annually,365,Outerwear,Coat,3.2,No,Free Shipping,Cash,Nevada,Summer
1692,64,Male,61-70 (Senior),61,Medium Value,4,Low Engagement,Medium Value - Low Engagement,No,Annually,365,Footwear,Shoes,3.5,No,Next Day Air,Cash,Connecticut,Summer
1693,56,Male,46-60 (Middle-Aged),75,Medium Value,33,Medium Engagement,Medium Value - Medium Engagement,No,Bi-Weekly,14,Accessories,Handbag,2.6,No,Standard,Cash,Utah,Winter
1694,63,Male,61-70 (Senior),88,High Value,45,High Engagement,High Value - High Engagement,No,Bi-Weekly,14,Outerwear,Jacket,4.9,No,Standard,Bank Transfer,Tennessee,Fall
1695,20,Male,18-30 (Young Adult),67,Medium Value,20,Medium Engagement,Medium Value - Medium Engagement,No,Bi-Weekly,14,Clothing,Shirt,2.7,No,Express,Debit Card,Mississippi,Summer
1696,54,Male,46-60 (Middle-Aged),95,High Value,1,Low Engagement,High Value - Low Engagement,No,Bi-Weekly,14,Accessories,Hat,4.7,No,2-Day Shipping,PayPal,Nebraska,Fall
1697,31,Male,31-45 (Adult),69,Medium Value,7,Low Engagement,Medium Value - Low Engagement,No,Bi-Weekly,14,Accessories,Sunglasses,4.0,No,Free Shipping,Credit Card,West Virginia,Spring
1698,36,Male,31-45 (Adult),87,High Value,48,High Engagement,High Value - High Engagement,No,Quarterly,90,Clothing,Shirt,3.5,No,Next Day Air,Credit Card,South Carolina,Fall
1699,25,Male,18-30 (Young Adult),41,Medium Value,46,High Engagement,Medium Value - High Engagement,No,Quarterly,90,Accessories,Belt,4.8,No,Standard,Bank Transfer,Iowa,Winter
1700,20,Male,18-30 (Young Adult),67,Medium Value,34,Medium Engagement,Medium Value - Medium Engagement,No,Annually,365,Clothing,Sweater,4.0,No,Free Shipping,Debit Card,North Dakota,Spring
1701,62,Male,61-70 (Senior),70,Medium Value,36,High Engagement,Medium Value - High Engagement,No,Monthly,30,Clothing,Hoodie,4.1,No,Express,Bank Transfer,West Virginia,Fall
1702,69,Male,61-70 (Senior),41,Medium Value,44,High Engagement,Medium Value - High Engagement,No,Quarterly,90,Accessories,Handbag,3.8,No,Next Day Air,Debit Card,Mississippi,Winter
1703,54,Male,46-60 (Middle-Aged),83,High Value,48,High Engagement,High Value - High Engagement,No,Weekly,7,Clothing,Jeans,5.0,No,Express,Bank Transfer,Alabama,Summer
1704,39,Male,31-45 (Adult),22,Low Value,12,Low Engagement,Low Value - Low Engagement,No,Annually,365,Accessories,Backpack,4.0,No,Next Day Air,Bank Transfer,California,Spring
1705,56,Male,46-60 (Middle-Aged),20,Low Value,19,Medium Engagement,Low Value - Medium Engagement,No,Quarterly,90,Footwear,Sneakers,3.9,No,Store Pickup,Cash,Idaho,Summer
1706,39,Male,31-45 (Adult),29,Low Value,49,High Engagement,Low Value - High Engagement,No,Bi-Weekly,14,Accessories,Jewelry,3.4,No,2-Day Shipping,Venmo,South Dakota,Summer
1707,37,Male,31-45 (Adult),87,High Value,25,Medium Engagement,High Value - Medium Engagement,No,Bi-Weekly,14,Accessories,Sunglasses,3.0,No,Standard,Venmo,North Dakota,Spring
1708,25,Male,18-30 (Young Adult),81,High Value,25,Medium Engagement,High Value - Medium Engagement,No,Bi-Weekly,14,Clothing,Shorts,4.9,No,2-Day Shipping,Cash,Nevada,Fall
1709,35,Male,31-45 (Adult),58,Medium Value,1,Low Engagement,Medium Value - Low Engagement,No,Quarterly,90,Footwear,Boots,3.2,No,Express,Credit Card,Florida,Spring
1710,45,Male,31-45 (Adult),83,High Value,19,Medium Engagement,High Value - Medium Engagement,No,Annually,365,Clothing,Skirt,3.8,No,Standard,Bank Transfer,Indiana,Winter
1711,19,Male,18-30 (Young Adult),59,Medium Value,7,Low Engagement,Medium Value - Low Engagement,No,Quarterly,90,Clothing,Pants,3.8,No,Store Pickup,Credit Card,Arkansas,Fall
1712,21,Male,18-30 (Young Adult),93,High Value,19,Medium Engagement,High Value - Medium Engagement,No,Monthly,30,Clothing,T-shirt,4.7,No,Express,Credit Card,North Carolina,Spring
1713,65,Male,61-70 (Senior),87,High Value,9,Low Engagement,High Value - Low Engagement,No,Bi-Weekly,14,Clothing,T-shirt,3.8,No,2-Day Shipping,Cash,Illinois,Fall
1714,49,Male,46-60 (Middle-Aged),22,Low Value,37,High Engagement,Low Value - High Engagement,No,Quarterly,90,Outerwear,Jacket,4.6,No,Free Shipping,PayPal,Missouri,Winter
1715,30,Male,18-30 (Young Adult),71,Medium Value,15,Low Engagement,Medium Value - Low Engagement,No,Monthly,30,Clothing,Jeans,4.4,No,Standard,Cash,South Dakota,Summer
1716,23,Male,18-30 (Young Adult),69,Medium Value,30,Medium Engagement,Medium Value - Medium Engagement,No,Bi-Weekly,14,Clothing,Dress,3.4,No,2-Day Shipping,PayPal,Idaho,Spring
1717,69,Male,61-70 (Senior),47,Medium Value,30,Medium Engagement,Medium Value - Medium Engagement,No,Quarterly,90,Clothing,Blouse,4.7,No,Standard,Cash,Connecticut,Winter
1718,29,Male,18-30 (Young Adult),50,Medium Value,16,Medium Engagement,Medium Value - Medium Engagement,No,Bi-Weekly,14,Clothing,Hoodie,2.9,No,Express,Debit Card,Hawaii,Summer
1719,54,Male,46-60 (Middle-Aged),96,High Value,14,Low Engagement,High Value - Low Engagement,No,Quarterly,90,Clothing,T-shirt,3.4,No,2-Day Shipping,PayPal,Maryland,Winter
1720,45,Male,31-45 (Adult),39,Low Value,8,Low Engagement,Low Value - Low Engagement,No,Quarterly,90,Clothing,Sweater,3.2,No,Free Shipping,Venmo,Maryland,Winter
1721,25,Male,18-30 (Young Adult),84,High Value,40,High Engagement,High Value - High Engagement,No,Bi-Weekly,14,Clothing,Shorts,2.8,No,Express,Debit Card,Massachusetts,Winter
1722,34,Male,31-45 (Adult),28,Low Value,24,Medium Engagement,Low Value - Medium Engagement,No,Monthly,30,Accessories,Jewelry,4.3,No,Free Shipping,Credit Card,Delaware,Spring
1723,46,Male,46-60 (Middle-Aged),51,Medium Value,14,Low Engagement,Medium Value - Low Engagement,No,Bi-Weekly,14,Clothing,T-shirt,3.3,No,Standard,Cash,Massachusetts,Summer
1724,70,Male,61-70 (Senior),20,Low Value,39,High Engagement,Low Value - High Engagement,No,Annually,365,Accessories,Scarf,3.3,No,Standard,PayPal,New York,Spring
1725,42,Male,31-45 (Adult),72,Medium Value,21,Medium Engagement,Medium Value - Medium Engagement,No,Weekly,7,Footwear,Shoes,3.3,No,Free Shipping,PayPal,Delaware,Winter
1726,45,Male,31-45 (Adult),33,Low Value,32,Medium Engagement,Low Value - Medium Engagement,No,Quarterly,90,Accessories,Sunglasses,3.0,No,Next Day Air,Venmo,Massachusetts,Spring
1727,57,Male,46-60 (Middle-Aged),28,Low Value,45,High Engagement,Low Value - High Engagement,No,Weekly,7,Outerwear,Coat,2.8,No,Express,Debit Card,Indiana,Summer
1728,49,Male,46-60 (Middle-Aged),53,Medium Value,19,Medium Engagement,Medium Value - Medium Engagement,No,Monthly,30,Clothing,Blouse,4.0,No,Express,PayPal,Virginia,Spring
1729,23,Male,18-30 (Young Adult),48,Medium Value,1,Low Engagement,Medium Value - Low Engagement,No,Quarterly,90,Clothing,Jeans,4.3,No,Express,Debit Card,Wyoming,Fall
1730,47,Male,46-60 (Middle-Aged),21,Low Value,12,Low Engagement,Low Value - Low Engagement,No,Bi-Weekly,14,Clothing,Shorts,3.8,No,Store Pickup,Venmo,Illinois,Winter
1731,23,Male,18-30 (Young Adult),22,Low Value,26,Medium Engagement,Low Value - Medium Engagement,No,Weekly,7,Clothing,Shirt,4.2,No,Free Shipping,Credit Card,Alabama,Fall
1732,21,Male,18-30 (Young Adult),87,High Value,12,Low Engagement,High Value - Low Engagement,No,Monthly,30,Accessories,Backpack,3.1,No,Next Day Air,Cash,Idaho,Fall
1733,45,Male,31-45 (Adult),50,Medium Value,36,High Engagement,Medium Value - High Engagement,No,Quarterly,90,Accessories,Belt,2.6,No,Free Shipping,Cash,Rhode Island,Winter
1734,67,Male,61-70 (Senior),85,High Value,22,Medium Engagement,High Value - Medium Engagement,No,Annually,365,Clothing,Blouse,3.4,No,Express,Credit Card,New York,Summer
1735,31,Male,31-45 (Adult),98,High Value,16,Medium Engagement,High Value - Medium Engagement,No,Quarterly,90,Clothing,Jeans,3.1,No,Next Day Air,PayPal,Missouri,Spring
1736,58,Male,46-60 (Middle-Aged),34,Low Value,31,Medium Engagement,Low Value - Medium Engagement,No,Annually,365,Clothing,Dress,3.6,No,Express,Venmo,Texas,Winter
1737,57,Male,46-60 (Middle-Aged),61,Medium Value,43,High Engagement,Medium Value - High Engagement,No,Quarterly,90,Clothing,Shorts,2.6,No,2-Day Shipping,Cash,Tennessee,Summer
1738,42,Male,31-45 (Adult),98,High Value,50,High Engagement,High Value - High Engagement,No,Bi-Weekly,14,Accessories,Jewelry,4.2,No,Store Pickup,Venmo,Ohio,Summer
1739,60,Male,46-60 (Middle-Aged),61,Medium Value,37,High Engagement,Medium Value - High Engagement,No,Weekly,7,Accessories,Handbag,2.9,No,2-Day Shipping,Credit Card,Tennessee,Spring
1740,21,Male,18-30 (Young Adult),98,High Value,23,Medium Engagement,High Value - Medium Engagement,No,Weekly,7,Accessories,Jewelry,4.2,No,Express,Cash,Minnesota,Winter
1741,69,Male,61-70 (Senior),21,Low Value,10,Low Engagement,Low Value - Low Engagement,No,Quarterly,90,Clothing,Pants,3.3,No,Next Day Air,Bank Transfer,Wisconsin,Fall
1742,41,Male,31-45 (Adult),51,Medium Value,20,Medium Engagement,Medium Value - Medium Engagement,No,Monthly,30,Clothing,Pants,3.6,No,Next Day Air,Bank Transfer,Delaware,Winter
1743,51,Male,46-60 (Middle-Aged),80,High Value,18,Medium Engagement,High Value - Medium Engagement,No,Quarterly,90,Footwear,Sandals,4.3,No,Express,Venmo,Kansas,Spring
1744,23,Male,18-30 (Young Adult),72,Medium Value,3,Low Engagement,Medium Value - Low Engagement,No,Weekly,7,Clothing,Skirt,3.3,No,Standard,Bank Transfer,Missouri,Winter
1745,57,Male,46-60 (Middle-Aged),63,Medium Value,23,Medium Engagement,Medium Value - Medium Engagement,No,Weekly,7,Accessories,Sunglasses,3.0,No,Standard,PayPal,Michigan,Winter
1746,40,Male,31-45 (Adult),27,Low Value,27,Medium Engagement,Low Value - Medium Engagement,No,Weekly,7,Clothing,Skirt,3.6,No,Store Pickup,Cash,West Virginia,Winter
1747,65,Male,61-70 (Senior),44,Medium Value,44,High Engagement,Medium Value - High Engagement,No,Bi-Weekly,14,Accessories,Handbag,3.1,No,Store Pickup,Bank Transfer,Alabama,Summer
1748,61,Male,61-70 (Senior),23,Low Value,41,High Engagement,Low Value - High Engagement,No,Quarterly,90,Outerwear,Coat,2.9,No,Express,Venmo,New Hampshire,Winter
1749,34,Male,31-45 (Adult),93,High Value,41,High Engagement,High Value - High Engagement,No,Annually,365,Clothing,Skirt,3.9,No,2-Day Shipping,Bank Transfer,Montana,Winter
1750,43,Male,31-45 (Adult),70,Medium Value,36,High Engagement,Medium Value - High Engagement,No,Quarterly,90,Clothing,Hoodie,3.2,No,2-Day Shipping,Debit Card,Wyoming,Fall
1751,31,Male,31-45 (Adult),85,High Value,38,High Engagement,High Value - High Engagement,No,Quarterly,90,Accessories,Sunglasses,3.1,No,Express,Venmo,Missouri,Fall
1752,57,Male,46-60 (Middle-Aged),40,Medium Value,34,Medium Engagement,Medium Value - Medium Engagement,No,Annually,365,Clothing,Sweater,3.2,No,2-Day Shipping,Cash,Ohio,Winter
1753,34,Male,31-45 (Adult),29,Low Value,14,Low Engagement,Low Value - Low Engagement,No,Quarterly,90,Footwear,Boots,3.3,No,Store Pickup,Venmo,South Dakota,Winter
1754,25,Male,18-30 (Young Adult),27,Low Value,23,Medium Engagement,Low Value - Medium Engagement,No,Bi-Weekly,14,Clothing,Skirt,4.8,No,Next Day Air,Credit Card,Colorado,Fall
1755,66,Male,61-70 (Senior),93,High Value,18,Medium Engagement,High Value - Medium Engagement,No,Bi-Weekly,14,Clothing,Dress,3.8,No,2-Day Shipping,Credit Card,Massachusetts,Fall
1756,56,Male,46-60 (Middle-Aged),20,Low Value,45,High Engagement,Low Value - High Engagement,No,Monthly,30,Accessories,Belt,4.6,No,Next Day Air,Cash,Delaware,Spring
1757,49,Male,46-60 (Middle-Aged),55,Medium Value,14,Low Engagement,Medium Value - Low Engagement,No,Weekly,7,Accessories,Jewelry,2.8,No,Free Shipping,Bank Transfer,New Hampshire,Fall
1758,19,Male,18-30 (Young Adult),94,High Value,48,High Engagement,High Value - High Engagement,No,Annually,365,Clothing,Dress,3.6,No,Standard,Debit Card,Michigan,Fall
1759,27,Male,18-30 (Young Adult),56,Medium Value,17,Medium Engagement,Medium Value - Medium Engagement,No,Bi-Weekly,14,Accessories,Hat,4.3,No,Free Shipping,Venmo,Pennsylvania,Winter
1760,68,Male,61-70 (Senior),58,Medium Value,1,Low Engagement,Medium Value - Low Engagement,No,Weekly,7,Clothing,Sweater,4.0,No,Next Day Air,PayPal,Louisiana,Spring
1761,20,Male,18-30 (Young Adult),44,Medium Value,39,High Engagement,Medium Value - High Engagement,No,Weekly,7,Clothing,Skirt,3.5,No,Standard,PayPal,Minnesota,Spring
1762,21,Male,18-30 (Young Adult),95,High Value,24,Medium Engagement,High Value - Medium Engagement,No,Weekly,7,Clothing,Hoodie,4.9,No,2-Day Shipping,Cash,Hawaii,Fall
1763,36,Male,31-45 (Adult),42,Medium Value,41,High Engagement,Medium Value - High Engagement,No,Bi-Weekly,14,Footwear,Sandals,3.1,No,Express,Bank Transfer,Idaho,Summer
1764,37,Male,31-45 (Adult),93,High Value,28,Medium Engagement,High Value - Medium Engagement,No,Annually,365,Accessories,Jewelry,3.9,No,Store Pickup,PayPal,Vermont,Winter
1765,61,Male,61-70 (Senior),56,Medium Value,34,Medium Engagement,Medium Value - Medium Engagement,No,Quarterly,90,Clothing,Dress,3.0,No,Store Pickup,Venmo,Delaware,Summer
1766,68,Male,61-70 (Senior),88,High Value,41,High Engagement,High Value - High Engagement,No,Quarterly,90,Clothing,Hoodie,4.1,No,2-Day Shipping,Venmo,New Mexico,Spring
1767,60,Male,46-60 (Middle-Aged),54,Medium Value,27,Medium Engagement,Medium Value - Medium Engagement,No,Bi-Weekly,14,Clothing,Sweater,4.3,No,2-Day Shipping,Cash,Alaska,Winter
1768,69,Male,61-70 (Senior),89,High Value,46,High Engagement,High Value - High Engagement,No,Bi-Weekly,14,Accessories,Jewelry,3.8,No,2-Day Shipping,Debit Card,Minnesota,Fall
1769,25,Male,18-30 (Young Adult),45,Medium Value,2,Low Engagement,Medium Value - Low Engagement,No,Quarterly,90,Footwear,Sandals,3.9,No,2-Day Shipping,PayPal,Nebraska,Summer
1770,32,Male,31-45 (Adult),75,Medium Value,45,High Engagement,Medium Value - High Engagement,No,Monthly,30,Clothing,Socks,4.3,No,Free Shipping,Cash,Alaska,Winter
1771,53,Male,46-60 (Middle-Aged),22,Low Value,34,Medium Engagement,Low Value - Medium Engagement,No,Weekly,7,Accessories,Backpack,4.3,No,Express,Bank Transfer,Michigan,Fall
1772,46,Male,46-60 (Middle-Aged),82,High Value,9,Low Engagement,High Value - Low Engagement,No,Annually,365,Clothing,Shirt,4.7,No,Store Pickup,Credit Card,Indiana,Fall
1773,58,Male,46-60 (Middle-Aged),34,Low Value,1,Low Engagement,Low Value - Low Engagement,No,Annually,365,Footwear,Shoes,3.1,No,2-Day Shipping,Bank Transfer,Hawaii,Summer
1774,21,Male,18-30 (Young Adult),92,High Value,17,Medium Engagement,High Value - Medium Engagement,No,Annually,365,Outerwear,Coat,2.7,No,Free Shipping,PayPal,West Virginia,Summer
1775,46,Male,46-60 (Middle-Aged),78,High Value,6,Low Engagement,High Value - Low Engagement,No,Weekly,7,Clothing,Sweater,3.7,No,Express,PayPal,New York,Spring
1776,18,Male,18-30 (Young Adult),47,Medium Value,12,Low Engagement,Medium Value - Low Engagement,No,Bi-Weekly,14,Outerwear,Jacket,3.3,No,2-Day Shipping,Cash,Iowa,Spring
1777,56,Male,46-60 (Middle-Aged),64,Medium Value,10,Low Engagement,Medium Value - Low Engagement,No,Quarterly,90,Outerwear,Jacket,3.4,No,Free Shipping,Venmo,Arizona,Summer
1778,18,Male,18-30 (Young Adult),44,Medium Value,4,Low Engagement,Medium Value - Low Engagement,No,Bi-Weekly,14,Footwear,Sneakers,4.7,No,Free Shipping,Cash,Minnesota,Winter
1779,49,Male,46-60 (Middle-Aged),94,High Value,8,Low Engagement,High Value - Low Engagement,No,Bi-Weekly,14,Accessories,Belt,4.9,No,Store Pickup,Debit Card,Texas,Winter
1780,29,Male,18-30 (Young Adult),62,Medium Value,41,High Engagement,Medium Value - High Engagement,No,Weekly,7,Accessories,Scarf,4.3,No,Free Shipping,Venmo,Virginia,Winter
1781,67,Male,61-70 (Senior),81,High Value,49,High Engagement,High Value - High Engagement,No,Weekly,7,Accessories,Jewelry,4.2,No,Next Day Air,Credit Card,North Dakota,Summer
1782,31,Male,31-45 (Adult),33,Low Value,49,High Engagement,Low Value - High Engagement,No,Quarterly,90,Clothing,T-shirt,3.7,No,Express,Bank Transfer,Iowa,Fall
1783,52,Male,46-60 (Middle-Aged),88,High Value,40,High Engagement,High Value - High Engagement,No,Bi-Weekly,14,Clothing,Pants,2.7,No,Next Day Air,Bank Transfer,Utah,Fall
1784,42,Male,31-45 (Adult),49,Medium Value,30,Medium Engagement,Medium Value - Medium Engagement,No,Monthly,30,Accessories,Handbag,3.3,No,Free Shipping,Credit Card,Ohio,Winter
1785,32,Male,31-45 (Adult),31,Low Value,4,Low Engagement,Low Value - Low Engagement,No,Quarterly,90,Accessories,Backpack,4.8,No,Standard,Debit Card,Louisiana,Summer
1786,47,Male,46-60 (Middle-Aged),29,Low Value,22,Medium Engagement,Low Value - Medium Engagement,No,Monthly,30,Accessories,Gloves,4.1,No,Next Day Air,Venmo,Iowa,Fall
1787,45,Male,31-45 (Adult),34,Low Value,22,Medium Engagement,Low Value - Medium Engagement,No,Monthly,30,Outerwear,Jacket,4.6,No,2-Day Shipping,Venmo,Maryland,Spring
1788,20,Male,18-30 (Young Adult),38,Low Value,10,Low Engagement,Low Value - Low Engagement,No,Quarterly,90,Clothing,Sweater,4.9,No,2-Day Shipping,Bank Transfer,Montana,Fall
1789,66,Male,61-70 (Senior),41,Medium Value,23,Medium Engagement,Medium Value - Medium Engagement,No,Bi-Weekly,14,Clothing,Blouse,3.1,No,Store Pickup,Cash,Illinois,Summer
1790,52,Male,46-60 (Middle-Aged),34,Low Value,43,High Engagement,Low Value - High Engagement,No,Quarterly,90,Clothing,Blouse,3.0,No,2-Day Shipping,Debit Card,Arizona,Spring
1791,50,Male,46-60 (Middle-Aged),26,Low Value,31,Medium Engagement,Low Value - Medium Engagement,No,Bi-Weekly,14,Accessories,Gloves,3.7,No,Store Pickup,PayPal,North Carolina,Summer
1792,62,Male,61-70 (Senior),98,High Value,38,High Engagement,High Value - High Engagement,No,Annually,365,Clothing,Jeans,4.0,No,Store Pickup,Cash,Montana,Winter
1793,38,Male,31-45 (Adult),59,Medium Value,22,Medium Engagement,Medium Value - Medium Engagement,No,Quarterly,90,Footwear,Sneakers,3.0,No,Express,Debit Card,Iowa,Fall
1794,65,Male,61-70 (Senior),92,High Value,45,High Engagement,High Value - High Engagement,No,Quarterly,90,Accessories,Hat,3.8,No,Store Pickup,Cash,Iowa,Fall
1795,60,Male,46-60 (Middle-Aged),40,Medium Value,21,Medium Engagement,Medium Value - Medium Engagement,No,Bi-Weekly,14,Accessories,Backpack,3.7,No,Express,Debit Card,Ohio,Spring
1796,68,Male,61-70 (Senior),20,Low Value,9,Low Engagement,Low Value - Low Engagement,No,Bi-Weekly,14,Clothing,Jeans,4.0,No,2-Day Shipping,Debit Card,Wisconsin,Fall
1797,62,Male,61-70 (Senior),35,Low Value,34,Medium Engagement,Low Value - Medium Engagement,No,Weekly,7,Clothing,Skirt,3.1,No,Store Pickup,Venmo,South Carolina,Spring
1798,62,Male,61-70 (Senior),35,Low Value,26,Medium Engagement,Low Value - Medium Engagement,No,Weekly,7,Accessories,Belt,3.9,No,2-Day Shipping,Venmo,Oregon,Spring
1799,40,Male,31-45 (Adult),82,High Value,1,Low Engagement,High Value - Low Engagement,No,Weekly,7,Clothing,Dress,3.7,No,Express,Cash,North Dakota,Winter
1800,32,Male,31-45 (Adult),48,Medium Value,47,High Engagement,Medium Value - High Engagement,No,Weekly,7,Clothing,Hoodie,3.9,No,Express,Venmo,California,Fall
1801,22,Male,18-30 (Young Adult),58,Medium Value,30,Medium Engagement,Medium Value - Medium Engagement,No,Weekly,7,Outerwear,Coat,2.7,No,Express,Credit Card,Mississippi,Winter
1802,33,Male,31-45 (Adult),57,Medium Value,48,High Engagement,Medium Value - High Engagement,No,Bi-Weekly,14,Clothing,Sweater,3.9,No,Express,Debit Card,New Jersey,Spring
1803,57,Male,46-60 (Middle-Aged),96,High Value,31,Medium Engagement,High Value - Medium Engagement,No,Bi-Weekly,14,Clothing,Shorts,2.6,No,Store Pickup,Venmo,Rhode Island,Winter
1804,60,Male,46-60 (Middle-Aged),97,High Value,33,Medium Engagement,High Value - Medium Engagement,No,Bi-Weekly,14,Footwear,Sneakers,3.5,No,Free Shipping,Venmo,New Hampshire,Summer
1805,30,Male,18-30 (Young Adult),42,Medium Value,39,High Engagement,Medium Value - High Engagement,No,Weekly,7,Clothing,Sweater,4.4,No,Next Day Air,Credit Card,Louisiana,Winter
1806,41,Male,31-45 (Adult),62,Medium Value,46,High Engagement,Medium Value - High Engagement,No,Weekly,7,Clothing,T-shirt,4.9,No,Store Pickup,Debit Card,Arizona,Spring
1807,58,Male,46-60 (Middle-Aged),67,Medium Value,24,Medium Engagement,Medium Value - Medium Engagement,No,Annually,365,Accessories,Handbag,3.9,No,Standard,Venmo,Rhode Island,Fall
1808,34,Male,31-45 (Adult),46,Medium Value,37,High Engagement,Medium Value - High Engagement,No,Bi-Weekly,14,Footwear,Sneakers,3.5,No,Standard,Venmo,Vermont,Summer
1809,67,Male,61-70 (Senior),71,Medium Value,7,Low Engagement,Medium Value - Low Engagement,No,Monthly,30,Outerwear,Jacket,4.3,No,Next Day Air,Debit Card,Tennessee,Spring
1810,58,Male,46-60 (Middle-Aged),99,High Value,6,Low Engagement,High Value - Low Engagement,No,Bi-Weekly,14,Accessories,Backpack,3.4,No,Free Shipping,Debit Card,Alaska,Fall
1811,41,Male,31-45 (Adult),28,Low Value,16,Medium Engagement,Low Value - Medium Engagement,No,Bi-Weekly,14,Clothing,Jeans,2.7,No,Standard,Cash,Maryland,Fall
1812,42,Male,31-45 (Adult),77,High Value,33,Medium Engagement,High Value - Medium Engagement,No,Annually,365,Accessories,Belt,3.6,No,Standard,Bank Transfer,Wisconsin,Summer
1813,50,Male,46-60 (Middle-Aged),63,Medium Value,18,Medium Engagement,Medium Value - Medium Engagement,No,Bi-Weekly,14,Footwear,Boots,4.9,No,Express,PayPal,Nevada,Summer
1814,40,Male,31-45 (Adult),62,Medium Value,24,Medium Engagement,Medium Value - Medium Engagement,No,Weekly,7,Clothing,Shorts,3.5,No,Free Shipping,PayPal,Illinois,Spring
1815,32,Male,31-45 (Adult),92,High Value,24,Medium Engagement,High Value - Medium Engagement,No,Quarterly,90,Clothing,Jeans,3.8,No,Free Shipping,Cash,Montana,Summer
1816,51,Male,46-60 (Middle-Aged),72,Medium Value,48,High Engagement,Medium Value - High Engagement,No,Quarterly,90,Footwear,Shoes,4.5,No,2-Day Shipping,Credit Card,New Mexico,Winter
1817,26,Male,18-30 (Young Adult),79,High Value,4,Low Engagement,High Value - Low Engagement,No,Weekly,7,Accessories,Hat,4.0,No,Express,Cash,Virginia,Summer
1818,32,Male,31-45 (Adult),27,Low Value,20,Medium Engagement,Low Value - Medium Engagement,No,Weekly,7,Clothing,T-shirt,4.7,No,Free Shipping,Cash,Delaware,Summer
1819,58,Male,46-60 (Middle-Aged),39,Low Value,47,High Engagement,Low Value - High Engagement,No,Quarterly,90,Accessories,Sunglasses,3.8,No,Express,Debit Card,North Carolina,Fall
1820,51,Male,46-60 (Middle-Aged),86,High Value,50,High Engagement,High Value - High Engagement,No,Quarterly,90,Clothing,Socks,4.5,No,Next Day Air,Cash,Nevada,Spring
1821,19,Male,18-30 (Young Adult),94,High Value,31,Medium Engagement,High Value - Medium Engagement,No,Monthly,30,Clothing,Shirt,5.0,No,Express,PayPal,Washington,Fall
1822,57,Male,46-60 (Middle-Aged),53,Medium Value,29,Medium Engagement,Medium Value - Medium Engagement,No,Quarterly,90,Clothing,Shorts,2.8,No,Express,PayPal,Maine,Spring
1823,66,Male,61-70 (Senior),85,High Value,4,Low Engagement,High Value - Low Engagement,No,Annually,365,Clothing,Shirt,4.4,No,Standard,Cash,Connecticut,Summer
1824,62,Male,61-70 (Senior),50,Medium Value,40,High Engagement,Medium Value - High Engagement,No,Bi-Weekly,14,Clothing,Socks,4.7,No,Free Shipping,Bank Transfer,Louisiana,Fall
1825,58,Male,46-60 (Middle-Aged),47,Medium Value,31,Medium Engagement,Medium Value - Medium Engagement,No,Monthly,30,Clothing,Pants,3.8,No,Express,Cash,Illinois,Winter
1826,23,Male,18-30 (Young Adult),75,Medium Value,41,High Engagement,Medium Value - High Engagement,No,Weekly,7,Footwear,Boots,4.9,No,Next Day Air,Credit Card,South Dakota,Winter
1827,45,Male,31-45 (Adult),60,Medium Value,44,High Engagement,Medium Value - High Engagement,No,Annually,365,Clothing,T-shirt,4.2,No,Express,Debit Card,Indiana,Winter
1828,20,Male,18-30 (Young Adult),36,Low Value,31,Medium Engagement,Low Value - Medium Engagement,No,Weekly,7,Clothing,T-shirt,4.9,No,2-Day Shipping,Bank Transfer,Vermont,Spring
1829,33,Male,31-45 (Adult),80,High Value,45,High Engagement,High Value - High Engagement,No,Quarterly,90,Outerwear,Coat,3.9,No,Express,Cash,New Hampshire,Spring
1830,30,Male,18-30 (Young Adult),96,High Value,50,High Engagement,High Value - High Engagement,No,Quarterly,90,Accessories,Hat,4.9,No,2-Day Shipping,Credit Card,Oregon,Spring
1831,50,Male,46-60 (Middle-Aged),80,High Value,7,Low Engagement,High Value - Low Engagement,No,Annually,365,Accessories,Sunglasses,4.8,No,Express,Venmo,Kansas,Winter
1832,62,Male,61-70 (Senior),71,Medium Value,5,Low Engagement,Medium Value - Low Engagement,No,Quarterly,90,Clothing,Blouse,3.3,No,Free Shipping,Bank Transfer,Maine,Summer
1833,69,Male,61-70 (Senior),29,Low Value,48,High Engagement,Low Value - High Engagement,No,Monthly,30,Accessories,Jewelry,4.6,No,Free Shipping,Cash,Louisiana,Fall
1834,34,Male,31-45 (Adult),53,Medium Value,19,Medium Engagement,Medium Value - Medium Engagement,No,Bi-Weekly,14,Accessories,Jewelry,4.5,No,2-Day Shipping,PayPal,Louisiana,Spring
1835,49,Male,46-60 (Middle-Aged),35,Low Value,39,High Engagement,Low Value - High Engagement,No,Bi-Weekly,14,Clothing,Skirt,4.1,No,2-Day Shipping,Venmo,Indiana,Summer
1836,65,Male,61-70 (Senior),75,Medium Value,45,High Engagement,Medium Value - High Engagement,No,Quarterly,90,Accessories,Scarf,3.2,No,2-Day Shipping,Credit Card,Kentucky,Fall
1837,66,Male,61-70 (Senior),52,Medium Value,35,Medium Engagement,Medium Value - Medium Engagement,No,Monthly,30,Clothing,Pants,4.2,No,2-Day Shipping,Credit Card,South Carolina,Fall
1838,41,Male,31-45 (Adult),77,High Value,8,Low Engagement,High Value - Low Engagement,No,Monthly,30,Accessories,Hat,4.8,No,Free Shipping,Venmo,Montana,Winter
1839,37,Male,31-45 (Adult),24,Low Value,11,Low Engagement,Low Value - Low Engagement,No,Quarterly,90,Accessories,Gloves,4.1,No,Next Day Air,Credit Card,Vermont,Fall
1840,32,Male,31-45 (Adult),78,High Value,32,Medium Engagement,High Value - Medium Engagement,No,Annually,365,Clothing,Shirt,3.7,No,Store Pickup,Cash,Mississippi,Winter
1841,42,Male,31-45 (Adult),98,High Value,46,High Engagement,High Value - High Engagement,No,Quarterly,90,Footwear,Sandals,2.6,No,Store Pickup,Bank Transfer,Wyoming,Winter
1842,31,Male,31-45 (Adult),57,Medium Value,7,Low Engagement,Medium Value - Low Engagement,No,Quarterly,90,Clothing,Socks,3.0,No,Standard,PayPal,Vermont,Winter
1843,61,Male,61-70 (Senior),78,High Value,1,Low Engagement,High Value - Low Engagement,No,Annually,365,Accessories,Handbag,4.4,No,Express,Debit Card,Alabama,Summer
1844,36,Male,31-45 (Adult),76,High Value,32,Medium Engagement,High Value - Medium Engagement,No,Monthly,30,Outerwear,Jacket,4.7,No,Next Day Air,Credit Card,Kentucky,Fall
1845,60,Male,46-60 (Middle-Aged),26,Low Value,31,Medium Engagement,Low Value - Medium Engagement,No,Annually,365,Clothing,Shorts,2.7,No,2-Day Shipping,Credit Card,South Dakota,Spring
1846,51,Male,46-60 (Middle-Aged),78,High Value,39,High Engagement,High Value - High Engagement,No,Quarterly,90,Footwear,Sandals,2.8,No,2-Day Shipping,Bank Transfer,Delaware,Winter
1847,68,Male,61-70 (Senior),53,Medium Value,9,Low Engagement,Medium Value - Low Engagement,No,Quarterly,90,Accessories,Scarf,2.9,No,Standard,Venmo,Wisconsin,Summer
1848,46,Male,46-60 (Middle-Aged),100,High Value,49,High Engagement,High Value - High Engagement,No,Weekly,7,Footwear,Sandals,4.4,No,Free Shipping,Credit Card,Arizona,Summer
1849,19,Male,18-30 (Young Adult),73,Medium Value,34,Medium Engagement,Medium Value - Medium Engagement,No,Quarterly,90,Clothing,Jeans,2.7,No,Express,Cash,Maine,Winter
1850,30,Male,18-30 (Young Adult),40,Medium Value,35,Medium Engagement,Medium Value - Medium Engagement,No,Monthly,30,Clothing,Skirt,4.5,No,Store Pickup,Bank Transfer,New Mexico,Winter
1851,51,Male,46-60 (Middle-Aged),76,High Value,50,High Engagement,High Value - High Engagement,No,Weekly,7,Accessories,Gloves,2.8,No,Store Pickup,Debit Card,Wyoming,Winter
1852,28,Male,18-30 (Young Adult),80,High Value,4,Low Engagement,High Value - Low Engagement,No,Bi-Weekly,14,Clothing,Skirt,3.1,No,Free Shipping,Bank Transfer,Delaware,Fall
1853,41,Male,31-45 (Adult),80,High Value,32,Medium Engagement,High Value - Medium Engagement,No,Weekly,7,Clothing,Sweater,3.8,No,Store Pickup,Cash,Pennsylvania,Winter
1854,29,Male,18-30 (Young Adult),67,Medium Value,11,Low Engagement,Medium Value - Low Engagement,No,Bi-Weekly,14,Clothing,Blouse,2.9,No,Express,PayPal,North Dakota,Spring
1855,25,Male,18-30 (Young Adult),61,Medium Value,49,High Engagement,Medium Value - High Engagement,No,Annually,365,Clothing,Sweater,3.8,No,Express,Credit Card,Kentucky,Spring
1856,60,Male,46-60 (Middle-Aged),76,High Value,9,Low Engagement,High Value - Low Engagement,No,Annually,365,Clothing,Shirt,4.7,No,Standard,Cash,Rhode Island,Spring
1857,63,Male,61-70 (Senior),55,Medium Value,30,Medium Engagement,Medium Value - Medium Engagement,No,Bi-Weekly,14,Accessories,Jewelry,3.2,No,Free Shipping,PayPal,Arizona,Summer
1858,51,Male,46-60 (Middle-Aged),85,High Value,33,Medium Engagement,High Value - Medium Engagement,No,Monthly,30,Clothing,T-shirt,4.0,No,Next Day Air,Cash,Colorado,Summer
1859,22,Male,18-30 (Young Adult),69,Medium Value,8,Low Engagement,Medium Value - Low Engagement,No,Annually,365,Accessories,Scarf,4.9,No,2-Day Shipping,Debit Card,Maine,Spring
1860,54,Male,46-60 (Middle-Aged),26,Low Value,29,Medium Engagement,Low Value - Medium Engagement,No,Bi-Weekly,14,Accessories,Belt,3.7,No,Store Pickup,Debit Card,New Jersey,Summer
1861,18,Male,18-30 (Young Adult),64,Medium Value,4,Low Engagement,Medium Value - Low Engagement,No,Monthly,30,Clothing,T-shirt,4.8,No,Next Day Air,Credit Card,Kansas,Summer
1862,29,Male,18-30 (Young Adult),60,Medium Value,19,Medium Engagement,Medium Value - Medium Engagement,No,Monthly,30,Footwear,Sneakers,3.6,No,Standard,Debit Card,South Dakota,Fall
1863,59,Male,46-60 (Middle-Aged),36,Low Value,10,Low Engagement,Low Value - Low Engagement,No,Bi-Weekly,14,Accessories,Gloves,4.6,No,Express,PayPal,New Hampshire,Winter
1864,25,Male,18-30 (Young Adult),21,Low Value,39,High Engagement,Low Value - High Engagement,No,Monthly,30,Footwear,Sandals,4.3,No,2-Day Shipping,Debit Card,Connecticut,Spring
1865,19,Male,18-30 (Young Adult),72,Medium Value,21,Medium Engagement,Medium Value - Medium Engagement,No,Quarterly,90,Accessories,Backpack,3.2,No,2-Day Shipping,Venmo,Wyoming,Fall
1866,56,Male,46-60 (Middle-Aged),62,Medium Value,12,Low Engagement,Medium Value - Low Engagement,No,Monthly,30,Clothing,Pants,3.8,No,Store Pickup,Bank Transfer,Missouri,Summer
1867,31,Male,31-45 (Adult),44,Medium Value,9,Low Engagement,Medium Value - Low Engagement,No,Bi-Weekly,14,Clothing,T-shirt,4.2,No,Standard,Credit Card,Alaska,Winter
1868,45,Male,31-45 (Adult),52,Medium Value,20,Medium Engagement,Medium Value - Medium Engagement,No,Quarterly,90,Clothing,Skirt,3.4,No,2-Day Shipping,Venmo,Delaware,Fall
1869,23,Male,18-30 (Young Adult),58,Medium Value,44,High Engagement,Medium Value - High Engagement,No,Bi-Weekly,14,Accessories,Gloves,4.7,No,Next Day Air,Cash,Indiana,Spring
1870,18,Male,18-30 (Young Adult),77,High Value,16,Medium Engagement,High Value - Medium Engagement,No,Quarterly,90,Clothing,Blouse,3.9,No,2-Day Shipping,Debit Card,West Virginia,Spring
1871,43,Male,31-45 (Adult),99,High Value,27,Medium Engagement,High Value - Medium Engagement,No,Bi-Weekly,14,Clothing,Blouse,4.3,No,Store Pickup,Debit Card,Wyoming,Spring
1872,56,Male,46-60 (Middle-Aged),96,High Value,14,Low Engagement,High Value - Low Engagement,No,Quarterly,90,Clothing,Jeans,2.7,No,Standard,Cash,Illinois,Fall
1873,43,Male,31-45 (Adult),64,Medium Value,24,Medium Engagement,Medium Value - Medium Engagement,No,Monthly,30,Clothing,T-shirt,4.6,No,Standard,Credit Card,Alaska,Summer
1874,64,Male,61-70 (Senior),44,Medium Value,49,High Engagement,Medium Value - High Engagement,No,Weekly,7,Clothing,Sweater,2.9,No,Express,Bank Transfer,Wisconsin,Fall
1875,67,Male,61-70 (Senior),33,Low Value,14,Low Engagement,Low Value - Low Engagement,No,Weekly,7,Clothing,Pants,3.6,No,Free Shipping,Cash,Indiana,Fall
1876,63,Male,61-70 (Senior),71,Medium Value,6,Low Engagement,Medium Value - Low Engagement,No,Quarterly,90,Footwear,Boots,3.9,No,Next Day Air,Credit Card,Tennessee,Winter
1877,54,Male,46-60 (Middle-Aged),36,Low Value,20,Medium Engagement,Low Value - Medium Engagement,No,Quarterly,90,Clothing,Skirt,2.6,No,Standard,Venmo,Illinois,Fall
1878,69,Male,61-70 (Senior),62,Medium Value,3,Low Engagement,Medium Value - Low Engagement,No,Annually,365,Accessories,Gloves,3.6,No,Express,Credit Card,Pennsylvania,Fall
1879,34,Male,31-45 (Adult),29,Low Value,5,Low Engagement,Low Value - Low Engagement,No,Monthly,30,Clothing,Socks,3.4,No,Store Pickup,Credit Card,Oklahoma,Summer
1880,56,Male,46-60 (Middle-Aged),33,Low Value,46,High Engagement,Low Value - High Engagement,No,Bi-Weekly,14,Clothing,T-shirt,3.5,No,Express,Cash,Tennessee,Spring
1881,34,Male,31-45 (Adult),33,Low Value,8,Low Engagement,Low Value - Low Engagement,No,Monthly,30,Clothing,Blouse,3.1,No,2-Day Shipping,Debit Card,New Jersey,Fall
1882,58,Male,46-60 (Middle-Aged),41,Medium Value,13,Low Engagement,Medium Value - Low Engagement,No,Bi-Weekly,14,Clothing,Blouse,4.3,No,Standard,Cash,New Jersey,Winter
1883,44,Male,31-45 (Adult),54,Medium Value,25,Medium Engagement,Medium Value - Medium Engagement,No,Quarterly,90,Accessories,Scarf,5.0,No,Store Pickup,Bank Transfer,Tennessee,Winter
1884,25,Male,18-30 (Young Adult),58,Medium Value,39,High Engagement,Medium Value - High Engagement,No,Bi-Weekly,14,Accessories,Backpack,4.9,No,Store Pickup,Debit Card,Georgia,Spring
1885,27,Male,18-30 (Young Adult),30,Low Value,15,Low Engagement,Low Value - Low Engagement,No,Bi-Weekly,14,Clothing,Shorts,4.3,No,Next Day Air,Bank Transfer,Arizona,Summer
1886,26,Male,18-30 (Young Adult),53,Medium Value,35,Medium Engagement,Medium Value - Medium Engagement,No,Monthly,30,Accessories,Jewelry,4.4,No,Standard,Cash,Nevada,Winter
1887,18,Male,18-30 (Young Adult),91,High Value,46,High Engagement,High Value - High Engagement,No,Bi-Weekly,14,Accessories,Gloves,4.4,No,Next Day Air,Cash,Arkansas,Spring
1888,64,Male,61-70 (Senior),44,Medium Value,3,Low Engagement,Medium Value - Low Engagement,No,Monthly,30,Clothing,Hoodie,3.5,No,Express,PayPal,North Dakota,Fall
1889,62,Male,61-70 (Senior),89,High Value,48,High Engagement,High Value - High Engagement,No,Weekly,7,Clothing,Hoodie,3.4,No,Free Shipping,Credit Card,South Dakota,Winter
1890,59,Male,46-60 (Middle-Aged),57,Medium Value,27,Medium Engagement,Medium Value - Medium Engagement,No,Weekly,7,Clothing,Skirt,2.5,No,Next Day Air,Bank Transfer,North Carolina,Spring
1891,36,Male,31-45 (Adult),57,Medium Value,5,Low Engagement,Medium Value - Low Engagement,No,Weekly,7,Accessories,Sunglasses,3.4,No,Store Pickup,Credit Card,Hawaii,Spring
1892,69,Male,61-70 (Senior),74,Medium Value,48,High Engagement,Medium Value - High Engagement,No,Quarterly,90,Accessories,Jewelry,2.6,No,Next Day Air,Debit Card,New Hampshire,Summer
1893,39,Male,31-45 (Adult),30,Low Value,12,Low Engagement,Low Value - Low Engagement,No,Weekly,7,Outerwear,Jacket,4.6,No,2-Day Shipping,Venmo,California,Fall
1894,28,Male,18-30 (Young Adult),20,Low Value,10,Low Engagement,Low Value - Low Engagement,No,Bi-Weekly,14,Clothing,Dress,3.7,No,Express,PayPal,Delaware,Summer
1895,42,Male,31-45 (Adult),90,High Value,48,High Engagement,High Value - High Engagement,No,Bi-Weekly,14,Clothing,Hoodie,2.5,No,Free Shipping,Debit Card,Arizona,Fall
1896,31,Male,31-45 (Adult),61,Medium Value,3,Low Engagement,Medium Value - Low Engagement,No,Monthly,30,Clothing,Jeans,4.5,No,Express,Debit Card,Washington,Fall
1897,57,Male,46-60 (Middle-Aged),51,Medium Value,19,Medium Engagement,Medium Value - Medium Engagement,No,Monthly,30,Footwear,Sandals,2.9,No,Standard,Venmo,Nevada,Fall
1898,53,Male,46-60 (Middle-Aged),97,High Value,11,Low Engagement,High Value - Low Engagement,No,Bi-Weekly,14,Accessories,Sunglasses,2.9,No,Free Shipping,Debit Card,Alaska,Winter
1899,59,Male,46-60 (Middle-Aged),97,High Value,25,Medium Engagement,High Value - Medium Engagement,No,Monthly,30,Clothing,Pants,3.5,No,Next Day Air,Venmo,Texas,Fall
1900,32,Male,31-45 (Adult),40,Medium Value,42,High Engagement,Medium Value - High Engagement,No,Weekly,7,Clothing,Shorts,4.2,No,Store Pickup,PayPal,New York,Winter
1901,65,Male,61-70 (Senior),85,High Value,34,Medium Engagement,High Value - Medium Engagement,No,Quarterly,90,Accessories,Jewelry,3.3,No,Free Shipping,Cash,Iowa,Summer
1902,56,Male,46-60 (Middle-Aged),76,High Value,50,High Engagement,High Value - High Engagement,No,Quarterly,90,Clothing,Socks,3.9,No,Store Pickup,Cash,Arizona,Winter
1903,31,Male,31-45 (Adult),22,Low Value,21,Medium Engagement,Low Value - Medium Engagement,No,Monthly,30,Footwear,Sandals,5.0,No,Store Pickup,Venmo,New Mexico,Spring
1904,59,Male,46-60 (Middle-Aged),63,Medium Value,37,High Engagement,Medium Value - High Engagement,No,Weekly,7,Clothing,Pants,3.3,No,Standard,Bank Transfer,North Carolina,Summer
1905,22,Male,18-30 (Young Adult),71,Medium Value,46,High Engagement,Medium Value - High Engagement,No,Monthly,30,Clothing,T-shirt,4.2,No,Free Shipping,Cash,Nevada,Spring
1906,47,Male,46-60 (Middle-Aged),35,Low Value,14,Low Engagement,Low Value - Low Engagement,No,Bi-Weekly,14,Footwear,Boots,4.9,No,2-Day Shipping,Bank Transfer,Idaho,Summer
1907,23,Male,18-30 (Young Adult),30,Low Value,24,Medium Engagement,Low Value - Medium Engagement,No,Bi-Weekly,14,Accessories,Backpack,4.6,No,2-Day Shipping,PayPal,Vermont,Spring
1908,69,Male,61-70 (Senior),74,Medium Value,36,High Engagement,Medium Value - High Engagement,No,Quarterly,90,Clothing,Skirt,4.8,No,Store Pickup,Credit Card,New Mexico,Fall
1909,18,Male,18-30 (Young Adult),71,Medium Value,19,Medium Engagement,Medium Value - Medium Engagement,No,Bi-Weekly,14,Accessories,Scarf,2.7,No,Next Day Air,Debit Card,Georgia,Winter
1910,50,Male,46-60 (Middle-Aged),84,High Value,12,Low Engagement,High Value - Low Engagement,No,Monthly,30,Clothing,Sweater,4.3,No,Store Pickup,Credit Card,Kentucky,Spring
1911,29,Male,18-30 (Young Adult),38,Low Value,13,Low Engagement,Low Value - Low Engagement,No,Quarterly,90,Footwear,Sandals,3.8,No,Express,Debit Card,New York,Fall
1912,65,Male,61-70 (Senior),81,High Value,32,Medium Engagement,High Value - Medium Engagement,No,Bi-Weekly,14,Accessories,Jewelry,4.9,No,Express,Debit Card,Arizona,Spring
1913,29,Male,18-30 (Young Adult),56,Medium Value,5,Low Engagement,Medium Value - Low Engagement,No,Bi-Weekly,14,Clothing,Sweater,3.4,No,2-Day Shipping,Credit Card,Colorado,Winter
1914,49,Male,46-60 (Middle-Aged),48,Medium Value,29,Medium Engagement,Medium Value - Medium Engagement,No,Annually,365,Clothing,Skirt,3.6,No,Express,Cash,Kentucky,Winter
1915,28,Male,18-30 (Young Adult),97,High Value,40,High Engagement,High Value - High Engagement,No,Bi-Weekly,14,Clothing,Shorts,3.4,No,Standard,Credit Card,Alaska,Fall
1916,51,Male,46-60 (Middle-Aged),74,Medium Value,44,High Engagement,Medium Value - High Engagement,No,Weekly,7,Accessories,Backpack,4.7,No,2-Day Shipping,Cash,Alabama,Fall
1917,26,Male,18-30 (Young Adult),50,Medium Value,3,Low Engagement,Medium Value - Low Engagement,No,Bi-Weekly,14,Clothing,Hoodie,3.0,No,Next Day Air,Debit Card,Connecticut,Winter
1918,38,Male,31-45 (Adult),71,Medium Value,35,Medium Engagement,Medium Value - Medium Engagement,No,Bi-Weekly,14,Clothing,Skirt,3.4,No,Free Shipping,PayPal,Hawaii,Winter
1919,35,Male,31-45 (Adult),33,Low Value,33,Medium Engagement,Low Value - Medium Engagement,No,Monthly,30,Clothing,Skirt,4.6,No,Standard,Debit Card,Idaho,Summer
1920,34,Male,31-45 (Adult),56,Medium Value,20,Medium Engagement,Medium Value - Medium Engagement,No,Bi-Weekly,14,Accessories,Backpack,3.1,No,Express,PayPal,Virginia,Summer
1921,51,Male,46-60 (Middle-Aged),84,High Value,40,High Engagement,High Value - High Engagement,No,Quarterly,90,Clothing,Blouse,2.8,No,Standard,Cash,Connecticut,Spring
1922,47,Male,46-60 (Middle-Aged),36,Low Value,13,Low Engagement,Low Value - Low Engagement,No,Annually,365,Clothing,Shirt,3.5,No,Store Pickup,Venmo,Michigan,Fall
1923,18,Male,18-30 (Young Adult),63,Medium Value,9,Low Engagement,Medium Value - Low Engagement,No,Monthly,30,Accessories,Gloves,4.6,No,Standard,PayPal,Kentucky,Summer
1924,64,Male,61-70 (Senior),36,Low Value,7,Low Engagement,Low Value - Low Engagement,No,Annually,365,Footwear,Sandals,4.3,No,Standard,Cash,Nebraska,Summer
1925,30,Male,18-30 (Young Adult),63,Medium Value,42,High Engagement,Medium Value - High Engagement,No,Quarterly,90,Outerwear,Jacket,4.8,No,Free Shipping,PayPal,Michigan,Fall
1926,59,Male,46-60 (Middle-Aged),32,Low Value,44,High Engagement,Low Value - High Engagement,No,Bi-Weekly,14,Footwear,Sneakers,2.9,No,Express,Credit Card,Utah,Winter
1927,66,Male,61-70 (Senior),93,High Value,6,Low Engagement,High Value - Low Engagement,No,Annually,365,Accessories,Backpack,3.0,No,Express,PayPal,New Mexico,Spring
1928,40,Male,31-45 (Adult),29,Low Value,8,Low Engagement,Low Value - Low Engagement,No,Quarterly,90,Clothing,Pants,2.9,No,Standard,Cash,Florida,Summer
1929,25,Male,18-30 (Young Adult),92,High Value,10,Low Engagement,High Value - Low Engagement,No,Weekly,7,Accessories,Sunglasses,3.7,No,Standard,PayPal,Mississippi,Summer
1930,59,Male,46-60 (Middle-Aged),33,Low Value,46,High Engagement,Low Value - High Engagement,No,Quarterly,90,Clothing,Jeans,4.7,No,Standard,Venmo,Hawaii,Fall
1931,66,Male,61-70 (Senior),52,Medium Value,26,Medium Engagement,Medium Value - Medium Engagement,No,Weekly,7,Clothing,Pants,3.5,No,Store Pickup,Cash,North Carolina,Spring
1932,54,Male,46-60 (Middle-Aged),42,Medium Value,6,Low Engagement,Medium Value - Low Engagement,No,Quarterly,90,Accessories,Jewelry,2.7,No,Store Pickup,Debit Card,Illinois,Spring
1933,42,Male,31-45 (Adult),36,Low Value,47,High Engagement,Low Value - High Engagement,No,Quarterly,90,Clothing,Hoodie,5.0,No,Free Shipping,Credit Card,Maryland,Spring
1934,48,Male,46-60 (Middle-Aged),67,Medium Value,28,Medium Engagement,Medium Value - Medium Engagement,No,Annually,365,Footwear,Sandals,4.1,No,Next Day Air,Venmo,Montana,Summer
1935,34,Male,31-45 (Adult),43,Medium Value,23,Medium Engagement,Medium Value - Medium Engagement,No,Annually,365,Outerwear,Jacket,2.7,No,Free Shipping,Bank Transfer,Michigan,Winter
1936,19,Male,18-30 (Young Adult),68,Medium Value,45,High Engagement,Medium Value - High Engagement,No,Bi-Weekly,14,Clothing,Blouse,4.8,No,Free Shipping,Cash,North Carolina,Spring
1937,70,Male,61-70 (Senior),60,Medium Value,44,High Engagement,Medium Value - High Engagement,No,Quarterly,90,Accessories,Jewelry,4.3,No,2-Day Shipping,PayPal,Minnesota,Summer
1938,43,Male,31-45 (Adult),53,Medium Value,11,Low Engagement,Medium Value - Low Engagement,No,Monthly,30,Clothing,Socks,4.5,No,2-Day Shipping,Bank Transfer,Delaware,Summer
1939,46,Male,46-60 (Middle-Aged),23,Low Value,39,High Engagement,Low Value - High Engagement,No,Bi-Weekly,14,Clothing,Jeans,3.8,No,Standard,Debit Card,Kentucky,Spring
1940,66,Male,61-70 (Senior),57,Medium Value,20,Medium Engagement,Medium Value - Medium Engagement,No,Quarterly,90,Accessories,Gloves,3.7,No,Store Pickup,PayPal,Ohio,Winter
1941,50,Male,46-60 (Middle-Aged),89,High Value,48,High Engagement,High Value - High Engagement,No,Bi-Weekly,14,Accessories,Hat,3.9,No,2-Day Shipping,PayPal,Alaska,Fall
1942,55,Male,46-60 (Middle-Aged),99,High Value,46,High Engagement,High Value - High Engagement,No,Quarterly,90,Footwear,Shoes,3.3,No,Standard,Credit Card,Vermont,Winter
1943,63,Male,61-70 (Senior),28,Low Value,22,Medium Engagement,Low Value - Medium Engagement,No,Monthly,30,Clothing,Pants,3.4,No,Express,PayPal,Alabama,Fall
1944,32,Male,31-45 (Adult),53,Medium Value,45,High Engagement,Medium Value - High Engagement,No,Annually,365,Clothing,Socks,3.8,No,Next Day Air,Cash,Wisconsin,Summer
1945,30,Male,18-30 (Young Adult),45,Medium Value,49,High Engagement,Medium Value - High Engagement,No,Quarterly,90,Clothing,Hoodie,2.7,No,Free Shipping,Cash,Arkansas,Winter
1946,35,Male,31-45 (Adult),38,Low Value,9,Low Engagement,Low Value - Low Engagement,No,Quarterly,90,Clothing,Hoodie,2.9,No,2-Day Shipping,Credit Card,Georgia,Winter
1947,59,Male,46-60 (Middle-Aged),49,Medium Value,41,High Engagement,Medium Value - High Engagement,No,Quarterly,90,Clothing,Pants,4.5,No,Standard,Credit Card,Louisiana,Summer
1948,59,Male,46-60 (Middle-Aged),32,Low Value,2,Low Engagement,Low Value - Low Engagement,No,Monthly,30,Clothing,Shirt,2.6,No,Store Pickup,PayPal,New York,Summer
1949,54,Male,46-60 (Middle-Aged),37,Low Value,39,High Engagement,Low Value - High Engagement,No,Bi-Weekly,14,Clothing,T-shirt,3.1,No,Next Day Air,PayPal,Connecticut,Winter
1950,63,Male,61-70 (Senior),80,High Value,12,Low Engagement,High Value - Low Engagement,No,Quarterly,90,Clothing,Dress,4.7,No,Store Pickup,PayPal,Nebraska,Winter
1951,43,Male,31-45 (Adult),78,High Value,26,Medium Engagement,High Value - Medium Engagement,No,Quarterly,90,Accessories,Backpack,4.6,No,Free Shipping,PayPal,Arkansas,Summer
1952,33,Male,31-45 (Adult),53,Medium Value,32,Medium Engagement,Medium Value - Medium Engagement,No,Bi-Weekly,14,Accessories,Gloves,2.7,No,Next Day Air,Bank Transfer,Connecticut,Summer
1953,57,Male,46-60 (Middle-Aged),82,High Value,50,High Engagement,High Value - High Engagement,No,Bi-Weekly,14,Footwear,Shoes,4.6,No,2-Day Shipping,Cash,Maryland,Summer
1954,25,Male,18-30 (Young Adult),33,Low Value,3,Low Engagement,Low Value - Low Engagement,No,Bi-Weekly,14,Clothing,Skirt,4.8,No,Standard,PayPal,Colorado,Spring
1955,26,Male,18-30 (Young Adult),77,High Value,3,Low Engagement,High Value - Low Engagement,No,Quarterly,90,Accessories,Gloves,4.2,No,Free Shipping,Venmo,Colorado,Winter
1956,50,Male,46-60 (Middle-Aged),56,Medium Value,37,High Engagement,Medium Value - High Engagement,No,Monthly,30,Clothing,Hoodie,4.9,No,Express,Cash,Maine,Winter
1957,70,Male,61-70 (Senior),37,Low Value,20,Medium Engagement,Low Value - Medium Engagement,No,Bi-Weekly,14,Clothing,Socks,4.9,No,Express,Credit Card,Oklahoma,Winter
1958,68,Male,61-70 (Senior),54,Medium Value,26,Medium Engagement,Medium Value - Medium Engagement,No,Bi-Weekly,14,Accessories,Gloves,4.5,No,Store Pickup,Cash,South Carolina,Spring
1959,39,Male,31-45 (Adult),67,Medium Value,47,High Engagement,Medium Value - High Engagement,No,Quarterly,90,Clothing,Shorts,2.7,No,Store Pickup,Cash,Nevada,Winter
1960,46,Male,46-60 (Middle-Aged),90,High Value,7,Low Engagement,High Value - Low Engagement,No,Quarterly,90,Footwear,Shoes,3.1,No,Store Pickup,Credit Card,Colorado,Fall
1961,57,Male,46-60 (Middle-Aged),72,Medium Value,40,High Engagement,Medium Value - High Engagement,No,Annually,365,Clothing,Jeans,3.3,No,2-Day Shipping,Credit Card,Massachusetts,Summer
1962,47,Male,46-60 (Middle-Aged),59,Medium Value,45,High Engagement,Medium Value - High Engagement,No,Quarterly,90,Footwear,Boots,2.6,No,Free Shipping,Debit Card,Nevada,Summer
1963,40,Male,31-45 (Adult),45,Medium Value,20,Medium Engagement,Medium Value - Medium Engagement,No,Bi-Weekly,14,Accessories,Hat,4.4,No,Standard,PayPal,Iowa,Fall
1964,52,Male,46-60 (Middle-Aged),30,Low Value,11,Low Engagement,Low Value - Low Engagement,No,Weekly,7,Clothing,Shorts,3.9,No,Standard,Credit Card,Michigan,Spring
1965,40,Male,31-45 (Adult),51,Medium Value,50,High Engagement,Medium Value - High Engagement,No,Monthly,30,Clothing,Pants,4.6,No,Express,Debit Card,West Virginia,Summer
1966,67,Male,61-70 (Senior),90,High Value,25,Medium Engagement,High Value - Medium Engagement,No,Quarterly,90,Clothing,Sweater,4.9,No,Express,Debit Card,Indiana,Fall
1967,67,Male,61-70 (Senior),95,High Value,5,Low Engagement,High Value - Low Engagement,No,Bi-Weekly,14,Outerwear,Jacket,3.7,No,Express,Credit Card,Indiana,Winter
1968,37,Male,31-45 (Adult),81,High Value,4,Low Engagement,High Value - Low Engagement,No,Annually,365,Clothing,Dress,3.7,No,Standard,Venmo,Georgia,Fall
1969,67,Male,61-70 (Senior),70,Medium Value,25,Medium Engagement,Medium Value - Medium Engagement,No,Weekly,7,Clothing,Shirt,4.2,No,Standard,Credit Card,Minnesota,Spring
1970,64,Male,61-70 (Senior),32,Low Value,11,Low Engagement,Low Value - Low Engagement,No,Bi-Weekly,14,Clothing,Dress,3.5,No,Next Day Air,Bank Transfer,Louisiana,Winter
1971,28,Male,18-30 (Young Adult),94,High Value,4,Low Engagement,High Value - Low Engagement,No,Bi-Weekly,14,Accessories,Belt,2.9,No,Next Day Air,Credit Card,Maryland,Spring
1972,54,Male,46-60 (Middle-Aged),29,Low Value,1,Low Engagement,Low Value - Low Engagement,No,Monthly,30,Accessories,Hat,3.4,No,Next Day Air,Venmo,Pennsylvania,Spring
1973,54,Male,46-60 (Middle-Aged),31,Low Value,48,High Engagement,Low Value - High Engagement,No,Quarterly,90,Accessories,Backpack,3.3,No,Express,PayPal,Louisiana,Summer
1974,24,Male,18-30 (Young Adult),20,Low Value,9,Low Engagement,Low Value - Low Engagement,No,Quarterly,90,Clothing,Skirt,4.5,No,Standard,Venmo,Maryland,Fall
1975,27,Male,18-30 (Young Adult),44,Medium Value,2,Low Engagement,Medium Value - Low Engagement,No,Bi-Weekly,14,Accessories,Gloves,4.6,No,2-Day Shipping,PayPal,Tennessee,Winter
1976,53,Male,46-60 (Middle-Aged),77,High Value,4,Low Engagement,High Value - Low Engagement,No,Quarterly,90,Outerwear,Jacket,2.9,No,Express,Cash,Illinois,Fall
1977,32,Male,31-45 (Adult),51,Medium Value,43,High Engagement,Medium Value - High Engagement,No,Bi-Weekly,14,Accessories,Handbag,3.2,No,Next Day Air,PayPal,Wyoming,Spring
1978,24,Male,18-30 (Young Adult),49,Medium Value,32,Medium Engagement,Medium Value - Medium Engagement,No,Annually,365,Footwear,Sandals,2.6,No,Free Shipping,Bank Transfer,Florida,Summer
1979,45,Male,31-45 (Adult),78,High Value,1,Low Engagement,High Value - Low Engagement,No,Quarterly,90,Accessories,Sunglasses,3.8,No,Store Pickup,Cash,Massachusetts,Spring
1980,49,Male,46-60 (Middle-Aged),98,High Value,38,High Engagement,High Value - High Engagement,No,Bi-Weekly,14,Clothing,Jeans,2.8,No,Store Pickup,Debit Card,Tennessee,Spring
1981,51,Male,46-60 (Middle-Aged),94,High Value,25,Medium Engagement,High Value - Medium Engagement,No,Bi-Weekly,14,Footwear,Sandals,4.4,No,Store Pickup,PayPal,Iowa,Winter
1982,69,Male,61-70 (Senior),91,High Value,42,High Engagement,High Value - High Engagement,No,Quarterly,90,Footwear,Shoes,4.7,No,Express,PayPal,Michigan,Summer
1983,41,Male,31-45 (Adult),77,High Value,32,Medium Engagement,High Value - Medium Engagement,No,Monthly,30,Accessories,Sunglasses,2.7,No,2-Day Shipping,PayPal,Kansas,Summer
1984,59,Male,46-60 (Middle-Aged),97,High Value,21,Medium Engagement,High Value - Medium Engagement,No,Quarterly,90,Accessories,Scarf,2.6,No,Next Day Air,Debit Card,Georgia,Summer
1985,26,Male,18-30 (Young Adult),58,Medium Value,26,Medium Engagement,Medium Value - Medium Engagement,No,Bi-Weekly,14,Clothing,Skirt,3.4,No,2-Day Shipping,PayPal,West Virginia,Summer
1986,23,Male,18-30 (Young Adult),97,High Value,6,Low Engagement,High Value - Low Engagement,No,Bi-Weekly,14,Accessories,Gloves,3.9,No,2-Day Shipping,Credit Card,Tennessee,Spring
1987,62,Male,61-70 (Senior),48,Medium Value,14,Low Engagement,Medium Value - Low Engagement,No,Quarterly,90,Outerwear,Coat,3.4,No,2-Day Shipping,Venmo,Arkansas,Summer
1988,69,Male,61-70 (Senior),23,Low Value,4,Low Engagement,Low Value - Low Engagement,No,Quarterly,90,Accessories,Belt,3.4,No,Express,Cash,Vermont,Summer
1989,46,Male,46-60 (Middle-Aged),79,High Value,26,Medium Engagement,High Value - Medium Engagement,No,Weekly,7,Clothing,Pants,3.9,No,Free Shipping,Bank Transfer,Virginia,Winter
1990,35,Male,31-45 (Adult),42,Medium Value,39,High Engagement,Medium Value - High Engagement,No,Bi-Weekly,14,Accessories,Jewelry,4.0,No,Express,PayPal,Maryland,Spring
1991,32,Male,31-45 (Adult),95,High Value,15,Low Engagement,High Value - Low Engagement,No,Annually,365,Accessories,Backpack,3.4,No,2-Day Shipping,PayPal,Connecticut,Spring
1992,46,Male,46-60 (Middle-Aged),29,Low Value,1,Low Engagement,Low Value - Low Engagement,No,Quarterly,90,Footwear,Sneakers,3.7,No,Next Day Air,Venmo,Missouri,Summer
1993,33,Male,31-45 (Adult),98,High Value,28,Medium Engagement,High Value - Medium Engagement,No,Monthly,30,Clothing,Hoodie,4.9,No,2-Day Shipping,Venmo,New Jersey,Winter
1994,32,Male,31-45 (Adult),96,High Value,17,Medium Engagement,High Value - Medium Engagement,No,Weekly,7,Clothing,Blouse,5.0,No,Express,Cash,Arkansas,Spring
1995,33,Male,31-45 (Adult),66,Medium Value,24,Medium Engagement,Medium Value - Medium Engagement,No,Weekly,7,Accessories,Sunglasses,2.9,No,Next Day Air,Credit Card,Nevada,Fall
1996,67,Male,61-70 (Senior),80,High Value,29,Medium Engagement,High Value - Medium Engagement,No,Quarterly,90,Footwear,Boots,3.0,No,Standard,Debit Card,Missouri,Spring
1997,67,Male,61-70 (Senior),27,Low Value,18,Medium Engagement,Low Value - Medium Engagement,No,Quarterly,90,Footwear,Sneakers,3.3,No,Next Day Air,Cash,South Dakota,Summer
1998,42,Male,31-45 (Adult),25,Low Value,10,Low Engagement,Low Value - Low Engagement,No,Bi-Weekly,14,Accessories,Backpack,4.7,No,Express,Debit Card,Connecticut,Fall
1999,20,Male,18-30 (Young Adult),45,Medium Value,19,Medium Engagement,Medium Value - Medium Engagement,No,Quarterly,90,Clothing,Pants,3.4,No,2-Day Shipping,Cash,Vermont,Fall
2000,39,Male,31-45 (Adult),89,High Value,26,Medium Engagement,High Value - Medium Engagement,No,Monthly,30,Clothing,Socks,4.6,No,2-Day Shipping,Debit Card,Tennessee,Winter
2001,26,Male,18-30 (Young Adult),27,Low Value,25,Medium Engagement,Low Value - Medium Engagement,No,Bi-Weekly,14,Accessories,Belt,3.6,No,2-Day Shipping,Cash,California,Winter
2002,51,Male,46-60 (Middle-Aged),90,High Value,2,Low Engagement,High Value - Low Engagement,No,Bi-Weekly,14,Accessories,Sunglasses,2.6,No,Free Shipping,Debit Card,Wyoming,Winter
2003,31,Male,31-45 (Adult),65,Medium Value,19,Medium Engagement,Medium Value - Medium Engagement,No,Quarterly,90,Clothing,Shirt,2.7,No,Express,PayPal,New York,Summer
2004,68,Male,61-70 (Senior),72,Medium Value,32,Medium Engagement,Medium Value - Medium Engagement,No,Quarterly,90,Footwear,Sneakers,3.1,No,Express,Cash,Maine,Spring
2005,44,Male,31-45 (Adult),70,Medium Value,13,Low Engagement,Medium Value - Low Engagement,No,Bi-Weekly,14,Footwear,Shoes,3.2,No,2-Day Shipping,Cash,Georgia,Fall
2006,18,Male,18-30 (Young Adult),82,High Value,30,Medium Engagement,High Value - Medium Engagement,No,Bi-Weekly,14,Footwear,Sandals,3.4,No,Store Pickup,PayPal,Tennessee,Winter
2007,58,Male,46-60 (Middle-Aged),97,High Value,2,Low Engagement,High Value - Low Engagement,No,Annually,365,Accessories,Scarf,4.4,No,Express,Credit Card,New Mexico,Fall
2008,26,Male,18-30 (Young Adult),25,Low Value,8,Low Engagement,Low Value - Low Engagement,No,Quarterly,90,Clothing,Shirt,3.2,No,2-Day Shipping,PayPal,Virginia,Summer
2009,57,Male,46-60 (Middle-Aged),48,Medium Value,27,Medium Engagement,Medium Value - Medium Engagement,No,Quarterly,90,Clothing,Skirt,2.5,No,Free Shipping,PayPal,Florida,Spring
2010,37,Male,31-45 (Adult),99,High Value,26,Medium Engagement,High Value - Medium Engagement,No,Bi-Weekly,14,Footwear,Boots,3.8,No,Next Day Air,Venmo,Alabama,Summer
2011,24,Male,18-30 (Young Adult),21,Low Value,3,Low Engagement,Low Value - Low Engagement,No,Bi-Weekly,14,Clothing,Sweater,4.4,No,2-Day Shipping,Debit Card,Texas,Summer
2012,57,Male,46-60 (Middle-Aged),94,High Value,4,Low Engagement,High Value - Low Engagement,No,Monthly,30,Footwear,Sandals,3.7,No,Express,Bank Transfer,West Virginia,Spring
2013,48,Male,46-60 (Middle-Aged),53,Medium Value,5,Low Engagement,Medium Value - Low Engagement,No,Bi-Weekly,14,Clothing,Jeans,3.2,No,Store Pickup,Cash,Nevada,Fall
2014,39,Male,31-45 (Adult),70,Medium Value,25,Medium Engagement,Medium Value - Medium Engagement,No,Quarterly,90,Accessories,Backpack,4.9,No,Standard,Debit Card,Virginia,Winter
2015,51,Male,46-60 (Middle-Aged),26,Low Value,47,High Engagement,Low Value - High Engagement,No,Bi-Weekly,14,Clothing,Skirt,3.9,No,Standard,PayPal,Wisconsin,Summer
2016,57,Male,46-60 (Middle-Aged),82,High Value,8,Low Engagement,High Value - Low Engagement,No,Bi-Weekly,14,Accessories,Belt,4.5,No,Next Day Air,Credit Card,Virginia,Summer
2017,53,Male,46-60 (Middle-Aged),47,Medium Value,20,Medium Engagement,Medium Value - Medium Engagement,No,Bi-Weekly,14,Footwear,Shoes,3.4,No,Standard,Debit Card,Maine,Winter
2018,70,Male,61-70 (Senior),32,Low Value,42,High Engagement,Low Value - High Engagement,No,Quarterly,90,Clothing,Socks,4.1,No,Next Day Air,Bank Transfer,Massachusetts,Winter
2019,60,Male,46-60 (Middle-Aged),97,High Value,20,Medium Engagement,High Value - Medium Engagement,No,Weekly,7,Accessories,Backpack,4.5,No,Store Pickup,Bank Transfer,Arkansas,Fall
2020,31,Male,31-45 (Adult),68,Medium Value,23,Medium Engagement,Medium Value - Medium Engagement,No,Bi-Weekly,14,Clothing,Shirt,4.7,No,Store Pickup,Cash,Idaho,Winter
2021,41,Male,31-45 (Adult),23,Low Value,26,Medium Engagement,Low Value - Medium Engagement,No,Quarterly,90,Clothing,Sweater,4.8,No,Next Day Air,Cash,Pennsylvania,Winter
2022,62,Male,61-70 (Senior),33,Low Value,48,High Engagement,Low Value - High Engagement,No,Quarterly,90,Accessories,Handbag,4.4,No,Standard,Venmo,Maine,Winter
2023,59,Male,46-60 (Middle-Aged),38,Low Value,16,Medium Engagement,Low Value - Medium Engagement,No,Bi-Weekly,14,Accessories,Jewelry,4.0,No,Store Pickup,Cash,Alabama,Winter
2024,46,Male,46-60 (Middle-Aged),68,Medium Value,28,Medium Engagement,Medium Value - Medium Engagement,No,Bi-Weekly,14,Clothing,Socks,4.1,No,Store Pickup,Cash,Idaho,Winter
2025,62,Male,61-70 (Senior),23,Low Value,39,High Engagement,Low Value - High Engagement,No,Weekly,7,Clothing,Socks,3.7,No,Express,PayPal,Arkansas,Fall
2026,42,Male,31-45 (Adult),29,Low Value,43,High Engagement,Low Value - High Engagement,No,Bi-Weekly,14,Clothing,Shirt,3.0,No,Express,Debit Card,Delaware,Summer
2027,37,Male,31-45 (Adult),35,Low Value,45,High Engagement,Low Value - High Engagement,No,Quarterly,90,Accessories,Scarf,3.6,No,Express,Bank Transfer,Maine,Winter
2028,50,Male,46-60 (Middle-Aged),73,Medium Value,50,High Engagement,Medium Value - High Engagement,No,Quarterly,90,Footwear,Shoes,4.8,No,Standard,Credit Card,Nebraska,Fall
2029,29,Male,18-30 (Young Adult),84,High Value,10,Low Engagement,High Value - Low Engagement,No,Bi-Weekly,14,Footwear,Shoes,3.7,No,2-Day Shipping,Venmo,Ohio,Fall
2030,25,Male,18-30 (Young Adult),23,Low Value,40,High Engagement,Low Value - High Engagement,No,Quarterly,90,Accessories,Scarf,4.6,No,Next Day Air,PayPal,Montana,Spring
2031,66,Male,61-70 (Senior),67,Medium Value,38,High Engagement,Medium Value - High Engagement,No,Monthly,30,Accessories,Sunglasses,2.8,No,Standard,Credit Card,New Mexico,Summer
2032,21,Male,18-30 (Young Adult),51,Medium Value,2,Low Engagement,Medium Value - Low Engagement,No,Monthly,30,Clothing,Socks,4.0,No,Standard,Credit Card,North Carolina,Spring
2033,46,Male,46-60 (Middle-Aged),36,Low Value,13,Low Engagement,Low Value - Low Engagement,No,Annually,365,Clothing,Blouse,4.2,No,Next Day Air,Cash,South Carolina,Winter
2034,57,Male,46-60 (Middle-Aged),55,Medium Value,33,Medium Engagement,Medium Value - Medium Engagement,No,Annually,365,Clothing,Jeans,3.6,No,Express,Venmo,Illinois,Summer
2035,61,Male,61-70 (Senior),30,Low Value,27,Medium Engagement,Low Value - Medium Engagement,No,Monthly,30,Clothing,Shorts,2.9,No,Store Pickup,PayPal,Alabama,Spring
2036,53,Male,46-60 (Middle-Aged),70,Medium Value,43,High Engagement,Medium Value - High Engagement,No,Weekly,7,Clothing,T-shirt,4.1,No,Express,Bank Transfer,Oklahoma,Summer
2037,37,Male,31-45 (Adult),63,Medium Value,46,High Engagement,Medium Value - High Engagement,No,Weekly,7,Clothing,Blouse,3.1,No,Next Day Air,Cash,Minnesota,Winter
2038,39,Male,31-45 (Adult),87,High Value,7,Low Engagement,High Value - Low Engagement,No,Bi-Weekly,14,Accessories,Belt,4.3,No,Express,Venmo,Illinois,Summer
2039,53,Male,46-60 (Middle-Aged),70,Medium Value,35,Medium Engagement,Medium Value - Medium Engagement,No,Bi-Weekly,14,Clothing,Blouse,4.4,No,Next Day Air,Credit Card,Arkansas,Spring
2040,35,Male,31-45 (Adult),51,Medium Value,31,Medium Engagement,Medium Value - Medium Engagement,No,Bi-Weekly,14,Clothing,T-shirt,3.1,No,Next Day Air,Debit Card,Minnesota,Spring
2041,69,Male,61-70 (Senior),25,Low Value,42,High Engagement,Low Value - High Engagement,No,Quarterly,90,Accessories,Jewelry,2.9,No,Free Shipping,Venmo,South Carolina,Spring
2042,66,Male,61-70 (Senior),32,Low Value,14,Low Engagement,Low Value - Low Engagement,No,Bi-Weekly,14,Outerwear,Jacket,3.2,No,Next Day Air,PayPal,New York,Winter
2043,19,Male,18-30 (Young Adult),52,Medium Value,35,Medium Engagement,Medium Value - Medium Engagement,No,Monthly,30,Footwear,Shoes,4.0,No,2-Day Shipping,Venmo,Alabama,Spring
2044,47,Male,46-60 (Middle-Aged),33,Low Value,49,High Engagement,Low Value - High Engagement,No,Weekly,7,Accessories,Gloves,2.7,No,Standard,PayPal,New York,Summer
2045,49,Male,46-60 (Middle-Aged),68,Medium Value,17,Medium Engagement,Medium Value - Medium Engagement,No,Bi-Weekly,14,Clothing,Jeans,3.0,No,Free Shipping,PayPal,Missouri,Spring
2046,31,Male,31-45 (Adult),20,Low Value,26,Medium Engagement,Low Value - Medium Engagement,No,Quarterly,90,Accessories,Jewelry,4.4,No,Express,PayPal,Georgia,Fall
2047,39,Male,31-45 (Adult),32,Low Value,30,Medium Engagement,Low Value - Medium Engagement,No,Quarterly,90,Clothing,Pants,2.8,No,Free Shipping,Cash,Oklahoma,Winter
2048,58,Male,46-60 (Middle-Aged),82,High Value,32,Medium Engagement,High Value - Medium Engagement,No,Annually,365,Accessories,Jewelry,3.1,No,Store Pickup,Cash,Connecticut,Summer
2049,45,Male,31-45 (Adult),64,Medium Value,35,Medium Engagement,Medium Value - Medium Engagement,No,Quarterly,90,Footwear,Sneakers,3.9,No,Express,Bank Transfer,Michigan,Winter
2050,68,Male,61-70 (Senior),24,Low Value,15,Low Engagement,Low Value - Low Engagement,No,Annually,365,Footwear,Boots,2.7,No,Standard,Venmo,Rhode Island,Fall
2051,35,Male,31-45 (Adult),96,High Value,10,Low Engagement,High Value - Low Engagement,No,Annually,365,Accessories,Hat,3.4,No,Store Pickup,Debit Card,Mississippi,Summer
2052,65,Male,61-70 (Senior),94,High Value,14,Low Engagement,High Value - Low Engagement,No,Monthly,30,Clothing,T-shirt,3.8,No,Free Shipping,Credit Card,Massachusetts,Spring
2053,45,Male,31-45 (Adult),48,Medium Value,30,Medium Engagement,Medium Value - Medium Engagement,No,Annually,365,Accessories,Backpack,3.7,No,2-Day Shipping,Bank Transfer,New Hampshire,Winter
2054,19,Male,18-30 (Young Adult),60,Medium Value,16,Medium Engagement,Medium Value - Medium Engagement,No,Bi-Weekly,14,Accessories,Sunglasses,4.5,No,2-Day Shipping,Credit Card,Wyoming,Spring
2055,65,Male,61-70 (Senior),56,Medium Value,14,Low Engagement,Medium Value - Low Engagement,No,Annually,365,Clothing,Sweater,2.9,No,Express,PayPal,New Jersey,Spring
2056,28,Male,18-30 (Young Adult),33,Low Value,28,Medium Engagement,Low Value - Medium Engagement,No,Weekly,7,Accessories,Handbag,3.4,No,2-Day Shipping,Bank Transfer,Texas,Fall
2057,55,Male,46-60 (Middle-Aged),46,Medium Value,29,Medium Engagement,Medium Value - Medium Engagement,No,Monthly,30,Accessories,Backpack,4.4,No,2-Day Shipping,PayPal,Minnesota,Spring
2058,66,Male,61-70 (Senior),37,Low Value,5,Low Engagement,Low Value - Low Engagement,No,Quarterly,90,Clothing,Socks,4.2,No,Standard,PayPal,South Dakota,Spring
2059,29,Male,18-30 (Young Adult),98,High Value,17,Medium Engagement,High Value - Medium Engagement,No,Quarterly,90,Clothing,Shirt,3.3,No,Store Pickup,Bank Transfer,Washington,Winter
2060,56,Male,46-60 (Middle-Aged),50,Medium Value,50,High Engagement,Medium Value - High Engagement,No,Weekly,7,Clothing,Shorts,3.7,No,Express,PayPal,California,Spring
2061,21,Male,18-30 (Young Adult),63,Medium Value,23,Medium Engagement,Medium Value - Medium Engagement,No,Quarterly,90,Accessories,Belt,3.2,No,Next Day Air,Bank Transfer,Wisconsin,Fall
2062,32,Male,31-45 (Adult),70,Medium Value,22,Medium Engagement,Medium Value - Medium Engagement,No,Annually,365,Clothing,Sweater,2.6,No,Store Pickup,Debit Card,Michigan,Summer
2063,54,Male,46-60 (Middle-Aged),63,Medium Value,15,Low Engagement,Medium Value - Low Engagement,No,Quarterly,90,Outerwear,Coat,2.8,No,Standard,Cash,South Carolina,Fall
2064,61,Male,61-70 (Senior),86,High Value,32,Medium Engagement,High Value - Medium Engagement,No,Monthly,30,Clothing,Shorts,2.9,No,Standard,Cash,Indiana,Fall
2065,31,Male,31-45 (Adult),99,High Value,5,Low Engagement,High Value - Low Engagement,No,Monthly,30,Footwear,Shoes,4.0,No,2-Day Shipping,Bank Transfer,Arkansas,Summer
2066,27,Male,18-30 (Young Adult),40,Medium Value,6,Low Engagement,Medium Value - Low Engagement,No,Bi-Weekly,14,Footwear,Sneakers,2.9,No,Free Shipping,Bank Transfer,Oregon,Spring
2067,64,Male,61-70 (Senior),92,High Value,44,High Engagement,High Value - High Engagement,No,Bi-Weekly,14,Footwear,Sneakers,4.7,No,Store Pickup,Debit Card,Illinois,Fall
2068,60,Male,46-60 (Middle-Aged),21,Low Value,23,Medium Engagement,Low Value - Medium Engagement,No,Bi-Weekly,14,Clothing,Pants,3.1,No,2-Day Shipping,Cash,Maryland,Fall
2069,70,Male,61-70 (Senior),81,High Value,44,High Engagement,High Value - High Engagement,No,Monthly,30,Accessories,Jewelry,3.9,No,Store Pickup,Venmo,Vermont,Summer
2070,36,Male,31-45 (Adult),82,High Value,3,Low Engagement,High Value - Low Engagement,No,Quarterly,90,Clothing,T-shirt,3.4,No,Free Shipping,Debit Card,Texas,Fall
2071,56,Male,46-60 (Middle-Aged),88,High Value,14,Low Engagement,High Value - Low Engagement,No,Monthly,30,Accessories,Jewelry,3.1,No,Express,Cash,Nebraska,Spring
2072,69,Male,61-70 (Senior),100,High Value,37,High Engagement,High Value - High Engagement,No,Quarterly,90,Outerwear,Jacket,4.8,No,Store Pickup,PayPal,South Carolina,Fall
2073,39,Male,31-45 (Adult),66,Medium Value,22,Medium Engagement,Medium Value - Medium Engagement,No,Weekly,7,Accessories,Backpack,3.9,No,Next Day Air,Bank Transfer,Massachusetts,Winter
2074,38,Male,31-45 (Adult),25,Low Value,2,Low Engagement,Low Value - Low Engagement,No,Quarterly,90,Accessories,Belt,3.5,No,Next Day Air,PayPal,Texas,Winter
2075,36,Male,31-45 (Adult),53,Medium Value,44,High Engagement,Medium Value - High Engagement,No,Bi-Weekly,14,Accessories,Scarf,3.1,No,Free Shipping,Debit Card,Florida,Summer
2076,46,Male,46-60 (Middle-Aged),28,Low Value,49,High Engagement,Low Value - High Engagement,No,Monthly,30,Clothing,Sweater,4.7,No,Express,Debit Card,South Carolina,Fall
2077,59,Male,46-60 (Middle-Aged),23,Low Value,22,Medium Engagement,Low Value - Medium Engagement,No,Bi-Weekly,14,Accessories,Gloves,4.6,No,Free Shipping,Debit Card,Florida,Fall
2078,64,Male,61-70 (Senior),34,Low Value,26,Medium Engagement,Low Value - Medium Engagement,No,Annually,365,Accessories,Scarf,3.3,No,Free Shipping,Bank Transfer,Nebraska,Fall
2079,49,Male,46-60 (Middle-Aged),42,Medium Value,40,High Engagement,Medium Value - High Engagement,No,Weekly,7,Clothing,Dress,3.2,No,Next Day Air,Debit Card,Hawaii,Spring
2080,32,Male,31-45 (Adult),24,Low Value,16,Medium Engagement,Low Value - Medium Engagement,No,Quarterly,90,Clothing,Jeans,3.1,No,Next Day Air,PayPal,Montana,Summer
2081,29,Male,18-30 (Young Adult),47,Medium Value,17,Medium Engagement,Medium Value - Medium Engagement,No,Bi-Weekly,14,Accessories,Sunglasses,3.5,No,Free Shipping,Debit Card,South Dakota,Fall
2082,24,Male,18-30 (Young Adult),78,High Value,48,High Engagement,High Value - High Engagement,No,Bi-Weekly,14,Outerwear,Coat,4.3,No,Standard,Bank Transfer,Alabama,Spring
2083,41,Male,31-45 (Adult),89,High Value,28,Medium Engagement,High Value - Medium Engagement,No,Quarterly,90,Clothing,Jeans,2.9,No,Free Shipping,Venmo,Arkansas,Summer
2084,41,Male,31-45 (Adult),59,Medium Value,26,Medium Engagement,Medium Value - Medium Engagement,No,Bi-Weekly,14,Accessories,Scarf,2.7,No,Store Pickup,Credit Card,Mississippi,Fall
2085,32,Male,31-45 (Adult),94,High Value,43,High Engagement,High Value - High Engagement,No,Quarterly,90,Clothing,Blouse,4.0,No,Standard,Bank Transfer,Vermont,Summer
2086,69,Male,61-70 (Senior),49,Medium Value,38,High Engagement,Medium Value - High Engagement,No,Weekly,7,Clothing,Jeans,4.6,No,Free Shipping,Debit Card,New York,Fall
2087,65,Male,61-70 (Senior),89,High Value,36,High Engagement,High Value - High Engagement,No,Quarterly,90,Clothing,Dress,4.7,No,2-Day Shipping,Cash,North Dakota,Summer
2088,54,Male,46-60 (Middle-Aged),91,High Value,1,Low Engagement,High Value - Low Engagement,No,Weekly,7,Accessories,Hat,4.7,No,Standard,Credit Card,Wisconsin,Summer
2089,39,Male,31-45 (Adult),89,High Value,49,High Engagement,High Value - High Engagement,No,Annually,365,Footwear,Sandals,4.0,No,Standard,Debit Card,California,Spring
2090,37,Male,31-45 (Adult),57,Medium Value,41,High Engagement,Medium Value - High Engagement,No,Quarterly,90,Outerwear,Jacket,3.6,No,Free Shipping,Credit Card,Maryland,Spring
2091,51,Male,46-60 (Middle-Aged),71,Medium Value,21,Medium Engagement,Medium Value - Medium Engagement,No,Monthly,30,Clothing,Socks,3.4,No,Free Shipping,Debit Card,Massachusetts,Winter
2092,26,Male,18-30 (Young Adult),97,High Value,24,Medium Engagement,High Value - Medium Engagement,No,Quarterly,90,Clothing,Jeans,3.0,No,Next Day Air,Bank Transfer,Washington,Fall
2093,42,Male,31-45 (Adult),45,Medium Value,27,Medium Engagement,Medium Value - Medium Engagement,No,Weekly,7,Footwear,Sandals,2.6,No,Next Day Air,Bank Transfer,Minnesota,Fall
2094,21,Male,18-30 (Young Adult),91,High Value,4,Low Engagement,High Value - Low Engagement,No,Annually,365,Clothing,Dress,4.2,No,Store Pickup,Debit Card,Washington,Spring
2095,53,Male,46-60 (Middle-Aged),25,Low Value,19,Medium Engagement,Low Value - Medium Engagement,No,Annually,365,Clothing,Socks,3.4,No,Standard,Venmo,South Carolina,Spring
2096,36,Male,31-45 (Adult),63,Medium Value,1,Low Engagement,Medium Value - Low Engagement,No,Bi-Weekly,14,Clothing,Hoodie,4.0,No,Store Pickup,Bank Transfer,New Mexico,Fall
2097,21,Male,18-30 (Young Adult),52,Medium Value,27,Medium Engagement,Medium Value - Medium Engagement,No,Annually,365,Clothing,Dress,4.7,No,Free Shipping,Debit Card,North Carolina,Summer
2098,33,Male,31-45 (Adult),43,Medium Value,5,Low Engagement,Medium Value - Low Engagement,No,Weekly,7,Footwear,Sneakers,3.9,No,Next Day Air,Credit Card,Iowa,Winter
2099,49,Male,46-60 (Middle-Aged),28,Low Value,20,Medium Engagement,Low Value - Medium Engagement,No,Quarterly,90,Clothing,T-shirt,3.3,No,2-Day Shipping,Venmo,Louisiana,Summer
2100,31,Male,31-45 (Adult),78,High Value,50,High Engagement,High Value - High Engagement,No,Annually,365,Clothing,T-shirt,2.9,No,Express,PayPal,Oklahoma,Summer
2101,68,Male,61-70 (Senior),31,Low Value,36,High Engagement,Low Value - High Engagement,No,Bi-Weekly,14,Clothing,Sweater,4.4,No,Free Shipping,Cash,Michigan,Spring
2102,49,Male,46-60 (Middle-Aged),23,Low Value,12,Low Engagement,Low Value - Low Engagement,No,Bi-Weekly,14,Clothing,Shirt,3.6,No,Next Day Air,Bank Transfer,Oregon,Winter
2103,23,Male,18-30 (Young Adult),25,Low Value,23,Medium Engagement,Low Value - Medium Engagement,No,Monthly,30,Accessories,Hat,4.5,No,Store Pickup,Cash,Idaho,Spring
2104,30,Male,18-30 (Young Adult),86,High Value,21,Medium Engagement,High Value - Medium Engagement,No,Weekly,7,Clothing,Pants,3.7,No,Store Pickup,Venmo,Indiana,Summer
2105,53,Male,46-60 (Middle-Aged),88,High Value,47,High Engagement,High Value - High Engagement,No,Weekly,7,Footwear,Shoes,2.8,No,Free Shipping,Venmo,New Mexico,Spring
2106,65,Male,61-70 (Senior),35,Low Value,38,High Engagement,Low Value - High Engagement,No,Bi-Weekly,14,Accessories,Gloves,4.5,No,Free Shipping,Venmo,South Carolina,Spring
2107,60,Male,46-60 (Middle-Aged),34,Low Value,40,High Engagement,Low Value - High Engagement,No,Quarterly,90,Accessories,Jewelry,4.4,No,Standard,Credit Card,Vermont,Fall
2108,46,Male,46-60 (Middle-Aged),75,Medium Value,35,Medium Engagement,Medium Value - Medium Engagement,No,Quarterly,90,Clothing,Pants,3.3,No,Standard,PayPal,Delaware,Winter
2109,54,Male,46-60 (Middle-Aged),46,Medium Value,4,Low Engagement,Medium Value - Low Engagement,No,Quarterly,90,Clothing,Hoodie,4.2,No,Express,Credit Card,North Dakota,Winter
2110,59,Male,46-60 (Middle-Aged),31,Low Value,28,Medium Engagement,Low Value - Medium Engagement,No,Quarterly,90,Accessories,Jewelry,2.7,No,Free Shipping,Venmo,California,Fall
2111,52,Male,46-60 (Middle-Aged),93,High Value,36,High Engagement,High Value - High Engagement,No,Quarterly,90,Clothing,Socks,3.9,No,Store Pickup,Debit Card,Montana,Spring
2112,41,Male,31-45 (Adult),85,High Value,15,Low Engagement,High Value - Low Engagement,No,Annually,365,Accessories,Sunglasses,2.6,No,Free Shipping,Bank Transfer,Missouri,Spring
2113,43,Male,31-45 (Adult),68,Medium Value,7,Low Engagement,Medium Value - Low Engagement,No,Bi-Weekly,14,Accessories,Belt,4.5,No,2-Day Shipping,Cash,Tennessee,Fall
2114,63,Male,61-70 (Senior),40,Medium Value,29,Medium Engagement,Medium Value - Medium Engagement,No,Quarterly,90,Clothing,Dress,2.7,No,Store Pickup,PayPal,Virginia,Spring
2115,37,Male,31-45 (Adult),51,Medium Value,12,Low Engagement,Medium Value - Low Engagement,No,Annually,365,Clothing,Shirt,2.9,No,Standard,Debit Card,Vermont,Winter
2116,44,Male,31-45 (Adult),85,High Value,16,Medium Engagement,High Value - Medium Engagement,No,Bi-Weekly,14,Accessories,Scarf,3.4,No,Store Pickup,Bank Transfer,Rhode Island,Winter
2117,67,Male,61-70 (Senior),23,Low Value,50,High Engagement,Low Value - High Engagement,No,Bi-Weekly,14,Outerwear,Jacket,2.9,No,Express,Debit Card,Kansas,Summer
2118,27,Male,18-30 (Young Adult),28,Low Value,11,Low Engagement,Low Value - Low Engagement,No,Annually,365,Clothing,Dress,3.8,No,Free Shipping,Debit Card,Colorado,Summer
2119,60,Male,46-60 (Middle-Aged),44,Medium Value,28,Medium Engagement,Medium Value - Medium Engagement,No,Quarterly,90,Clothing,Socks,4.2,No,2-Day Shipping,Debit Card,Georgia,Fall
2120,58,Male,46-60 (Middle-Aged),57,Medium Value,36,High Engagement,Medium Value - High Engagement,No,Bi-Weekly,14,Accessories,Jewelry,3.5,No,Store Pickup,Venmo,Nebraska,Spring
2121,53,Male,46-60 (Middle-Aged),98,High Value,38,High Engagement,High Value - High Engagement,No,Quarterly,90,Accessories,Scarf,3.1,No,Next Day Air,PayPal,Missouri,Fall
2122,43,Male,31-45 (Adult),68,Medium Value,32,Medium Engagement,Medium Value - Medium Engagement,No,Monthly,30,Accessories,Backpack,3.5,No,2-Day Shipping,Bank Transfer,Alaska,Winter
2123,32,Male,31-45 (Adult),36,Low Value,42,High Engagement,Low Value - High Engagement,No,Weekly,7,Outerwear,Jacket,4.0,No,Express,Debit Card,Virginia,Fall
2124,54,Male,46-60 (Middle-Aged),71,Medium Value,22,Medium Engagement,Medium Value - Medium Engagement,No,Bi-Weekly,14,Outerwear,Coat,3.7,No,Express,Debit Card,Nebraska,Spring
2125,47,Male,46-60 (Middle-Aged),60,Medium Value,22,Medium Engagement,Medium Value - Medium Engagement,No,Quarterly,90,Clothing,Skirt,4.2,No,Next Day Air,Venmo,Rhode Island,Fall
2126,57,Male,46-60 (Middle-Aged),87,High Value,31,Medium Engagement,High Value - Medium Engagement,No,Quarterly,90,Outerwear,Coat,4.8,No,Store Pickup,PayPal,New Hampshire,Fall
2127,63,Male,61-70 (Senior),38,Low Value,28,Medium Engagement,Low Value - Medium Engagement,No,Monthly,30,Footwear,Shoes,4.1,No,Express,Credit Card,Alabama,Winter
2128,70,Male,61-70 (Senior),45,Medium Value,40,High Engagement,Medium Value - High Engagement,No,Weekly,7,Footwear,Boots,4.5,No,2-Day Shipping,Debit Card,North Carolina,Spring
2129,62,Male,61-70 (Senior),47,Medium Value,21,Medium Engagement,Medium Value - Medium Engagement,No,Weekly,7,Outerwear,Coat,2.7,No,2-Day Shipping,PayPal,New Mexico,Fall
2130,40,Male,31-45 (Adult),57,Medium Value,12,Low Engagement,Medium Value - Low Engagement,No,Quarterly,90,Clothing,Skirt,2.8,No,Store Pickup,PayPal,Minnesota,Fall
2131,25,Male,18-30 (Young Adult),68,Medium Value,33,Medium Engagement,Medium Value - Medium Engagement,No,Annually,365,Accessories,Backpack,3.7,No,Free Shipping,Credit Card,Arizona,Summer
2132,19,Male,18-30 (Young Adult),52,Medium Value,9,Low Engagement,Medium Value - Low Engagement,No,Bi-Weekly,14,Clothing,Shorts,3.6,No,Express,Bank Transfer,Montana,Fall
2133,25,Male,18-30 (Young Adult),87,High Value,15,Low Engagement,High Value - Low Engagement,No,Weekly,7,Clothing,Skirt,4.7,No,2-Day Shipping,Debit Card,Vermont,Fall
2134,21,Male,18-30 (Young Adult),34,Low Value,13,Low Engagement,Low Value - Low Engagement,No,Annually,365,Accessories,Hat,3.8,No,Standard,Bank Transfer,Maine,Summer
2135,55,Male,46-60 (Middle-Aged),41,Medium Value,35,Medium Engagement,Medium Value - Medium Engagement,No,Bi-Weekly,14,Footwear,Sandals,2.9,No,Standard,Credit Card,Virginia,Winter
2136,34,Male,31-45 (Adult),94,High Value,1,Low Engagement,High Value - Low Engagement,No,Quarterly,90,Accessories,Sunglasses,4.6,No,Next Day Air,Debit Card,California,Winter
2137,47,Male,46-60 (Middle-Aged),93,High Value,25,Medium Engagement,High Value - Medium Engagement,No,Bi-Weekly,14,Accessories,Sunglasses,2.8,No,Standard,Bank Transfer,New York,Summer
2138,27,Male,18-30 (Young Adult),51,Medium Value,20,Medium Engagement,Medium Value - Medium Engagement,No,Quarterly,90,Clothing,Socks,4.6,No,2-Day Shipping,Credit Card,Indiana,Winter
2139,67,Male,61-70 (Senior),42,Medium Value,36,High Engagement,Medium Value - High Engagement,No,Quarterly,90,Clothing,Sweater,2.8,No,Next Day Air,Venmo,Mississippi,Fall
2140,40,Male,31-45 (Adult),95,High Value,33,Medium Engagement,High Value - Medium Engagement,No,Weekly,7,Footwear,Boots,3.0,No,Free Shipping,Cash,New York,Winter
2141,53,Male,46-60 (Middle-Aged),90,High Value,36,High Engagement,High Value - High Engagement,No,Bi-Weekly,14,Accessories,Handbag,3.7,No,Standard,Cash,New Mexico,Fall
2142,24,Male,18-30 (Young Adult),98,High Value,32,Medium Engagement,High Value - Medium Engagement,No,Annually,365,Clothing,Dress,4.1,No,2-Day Shipping,PayPal,Kentucky,Winter
2143,47,Male,46-60 (Middle-Aged),39,Low Value,21,Medium Engagement,Low Value - Medium Engagement,No,Quarterly,90,Accessories,Hat,4.3,No,Next Day Air,Venmo,North Dakota,Winter
2144,53,Male,46-60 (Middle-Aged),66,Medium Value,48,High Engagement,Medium Value - High Engagement,No,Bi-Weekly,14,Footwear,Sandals,3.8,No,Next Day Air,Venmo,Arkansas,Fall
2145,47,Male,46-60 (Middle-Aged),23,Low Value,25,Medium Engagement,Low Value - Medium Engagement,No,Quarterly,90,Footwear,Shoes,3.7,No,Free Shipping,PayPal,Maryland,Winter
2146,38,Male,31-45 (Adult),73,Medium Value,32,Medium Engagement,Medium Value - Medium Engagement,No,Annually,365,Clothing,Skirt,4.8,No,Standard,PayPal,Connecticut,Winter
2147,48,Male,46-60 (Middle-Aged),23,Low Value,45,High Engagement,Low Value - High Engagement,No,Quarterly,90,Accessories,Sunglasses,4.6,No,Standard,PayPal,Utah,Summer
2148,47,Male,46-60 (Middle-Aged),43,Medium Value,4,Low Engagement,Medium Value - Low Engagement,No,Bi-Weekly,14,Clothing,Skirt,4.8,No,Standard,Cash,Missouri,Fall
2149,19,Male,18-30 (Young Adult),45,Medium Value,19,Medium Engagement,Medium Value - Medium Engagement,No,Bi-Weekly,14,Clothing,T-shirt,4.6,No,2-Day Shipping,PayPal,Nebraska,Winter
2150,38,Male,31-45 (Adult),21,Low Value,1,Low Engagement,Low Value - Low Engagement,No,Weekly,7,Footwear,Sandals,4.0,No,Standard,Bank Transfer,Hawaii,Winter
2151,57,Male,46-60 (Middle-Aged),40,Medium Value,12,Low Engagement,Medium Value - Low Engagement,No,Weekly,7,Clothing,Shirt,2.6,No,2-Day Shipping,Cash,Illinois,Spring
2152,70,Male,61-70 (Senior),58,Medium Value,18,Medium Engagement,Medium Value - Medium Engagement,No,Monthly,30,Clothing,Jeans,2.6,No,2-Day Shipping,Venmo,Vermont,Fall
2153,38,Male,31-45 (Adult),48,Medium Value,43,High Engagement,Medium Value - High Engagement,No,Bi-Weekly,14,Clothing,Shorts,4.5,No,Next Day Air,Bank Transfer,New Jersey,Summer
2154,35,Male,31-45 (Adult),94,High Value,31,Medium Engagement,High Value - Medium Engagement,No,Annually,365,Clothing,Shirt,4.2,No,Free Shipping,PayPal,Kentucky,Fall
2155,46,Male,46-60 (Middle-Aged),74,Medium Value,33,Medium Engagement,Medium Value - Medium Engagement,No,Quarterly,90,Accessories,Scarf,3.4,No,Store Pickup,Cash,Wyoming,Spring
2156,32,Male,31-45 (Adult),51,Medium Value,46,High Engagement,Medium Value - High Engagement,No,Monthly,30,Accessories,Handbag,3.7,No,Store Pickup,PayPal,Hawaii,Fall
2157,38,Male,31-45 (Adult),83,High Value,41,High Engagement,High Value - High Engagement,No,Bi-Weekly,14,Clothing,Skirt,3.6,No,Next Day Air,Debit Card,Missouri,Winter
2158,41,Male,31-45 (Adult),68,Medium Value,41,High Engagement,Medium Value - High Engagement,No,Bi-Weekly,14,Accessories,Handbag,4.0,No,Next Day Air,Venmo,Mississippi,Winter
2159,19,Male,18-30 (Young Adult),84,High Value,9,Low Engagement,High Value - Low Engagement,No,Bi-Weekly,14,Accessories,Gloves,4.6,No,Standard,Bank Transfer,Massachusetts,Spring
2160,18,Male,18-30 (Young Adult),58,Medium Value,34,Medium Engagement,Medium Value - Medium Engagement,No,Annually,365,Clothing,Shirt,3.0,No,Free Shipping,Cash,Louisiana,Fall
2161,45,Male,31-45 (Adult),92,High Value,21,Medium Engagement,High Value - Medium Engagement,No,Annually,365,Clothing,Blouse,3.3,No,Express,PayPal,West Virginia,Winter
2162,23,Male,18-30 (Young Adult),69,Medium Value,5,Low Engagement,Medium Value - Low Engagement,No,Bi-Weekly,14,Clothing,Dress,3.8,No,Express,Debit Card,Washington,Summer
2163,60,Male,46-60 (Middle-Aged),48,Medium Value,32,Medium Engagement,Medium Value - Medium Engagement,No,Weekly,7,Clothing,Shorts,2.7,No,Free Shipping,PayPal,Oregon,Summer
2164,52,Male,46-60 (Middle-Aged),60,Medium Value,44,High Engagement,Medium Value - High Engagement,No,Monthly,30,Footwear,Shoes,4.5,No,Express,Bank Transfer,New York,Spring
2165,42,Male,31-45 (Adult),20,Low Value,46,High Engagement,Low Value - High Engagement,No,Bi-Weekly,14,Footwear,Sandals,4.8,No,Next Day Air,PayPal,Iowa,Winter
2166,29,Male,18-30 (Young Adult),55,Medium Value,42,High Engagement,Medium Value - High Engagement,No,Quarterly,90,Clothing,Pants,4.2,No,Express,Credit Card,Idaho,Summer
2167,31,Male,31-45 (Adult),88,High Value,50,High Engagement,High Value - High Engagement,No,Bi-Weekly,14,Outerwear,Jacket,3.5,No,Express,Credit Card,New Jersey,Spring
2168,30,Male,18-30 (Young Adult),48,Medium Value,33,Medium Engagement,Medium Value - Medium Engagement,No,Bi-Weekly,14,Clothing,Skirt,4.9,No,Standard,Venmo,Ohio,Winter
2169,23,Male,18-30 (Young Adult),74,Medium Value,32,Medium Engagement,Medium Value - Medium Engagement,No,Quarterly,90,Accessories,Handbag,4.1,No,Next Day Air,Cash,Connecticut,Spring
2170,31,Male,31-45 (Adult),42,Medium Value,32,Medium Engagement,Medium Value - Medium Engagement,No,Bi-Weekly,14,Outerwear,Coat,2.9,No,Next Day Air,Bank Transfer,Florida,Fall
2171,40,Male,31-45 (Adult),32,Low Value,37,High Engagement,Low Value - High Engagement,No,Quarterly,90,Clothing,Sweater,4.0,No,Next Day Air,Venmo,South Carolina,Fall
2172,39,Male,31-45 (Adult),98,High Value,9,Low Engagement,High Value - Low Engagement,No,Bi-Weekly,14,Clothing,Shorts,4.6,No,Store Pickup,Cash,Missouri,Summer
2173,28,Male,18-30 (Young Adult),89,High Value,6,Low Engagement,High Value - Low Engagement,No,Bi-Weekly,14,Clothing,Skirt,2.8,No,Store Pickup,PayPal,Rhode Island,Fall
2174,23,Male,18-30 (Young Adult),97,High Value,36,High Engagement,High Value - High Engagement,No,Quarterly,90,Accessories,Gloves,5.0,No,2-Day Shipping,Venmo,Delaware,Summer
2175,42,Male,31-45 (Adult),49,Medium Value,1,Low Engagement,Medium Value - Low Engagement,No,Annually,365,Accessories,Backpack,2.9,No,Store Pickup,Cash,Colorado,Spring
2176,68,Male,61-70 (Senior),50,Medium Value,48,High Engagement,Medium Value - High Engagement,No,Bi-Weekly,14,Clothing,Dress,3.3,No,Free Shipping,Credit Card,Nebraska,Spring
2177,24,Male,18-30 (Young Adult),91,High Value,44,High Engagement,High Value - High Engagement,No,Quarterly,90,Accessories,Belt,3.4,No,2-Day Shipping,Debit Card,Vermont,Winter
2178,24,Male,18-30 (Young Adult),93,High Value,9,Low Engagement,High Value - Low Engagement,No,Bi-Weekly,14,Accessories,Gloves,3.0,No,Express,PayPal,Montana,Winter
2179,21,Male,18-30 (Young Adult),98,High Value,32,Medium Engagement,High Value - Medium Engagement,No,Annually,365,Accessories,Jewelry,4.7,No,Standard,Venmo,Florida,Summer
2180,49,Male,46-60 (Middle-Aged),82,High Value,14,Low Engagement,High Value - Low Engagement,No,Monthly,30,Clothing,Socks,2.9,No,Next Day Air,PayPal,Delaware,Fall
2181,41,Male,31-45 (Adult),37,Low Value,43,High Engagement,Low Value - High Engagement,No,Quarterly,90,Outerwear,Coat,4.1,No,Store Pickup,Cash,Connecticut,Summer
2182,22,Male,18-30 (Young Adult),63,Medium Value,32,Medium Engagement,Medium Value - Medium Engagement,No,Bi-Weekly,14,Accessories,Handbag,3.2,No,Free Shipping,Bank Transfer,Hawaii,Fall
2183,42,Male,31-45 (Adult),99,High Value,26,Medium Engagement,High Value - Medium Engagement,No,Bi-Weekly,14,Clothing,Blouse,2.7,No,Store Pickup,Venmo,New Mexico,Winter
2184,30,Male,18-30 (Young Adult),37,Low Value,2,Low Engagement,Low Value - Low Engagement,No,Monthly,30,Clothing,Shorts,4.7,No,Store Pickup,Cash,Kansas,Spring
2185,38,Male,31-45 (Adult),34,Low Value,16,Medium Engagement,Low Value - Medium Engagement,No,Quarterly,90,Footwear,Shoes,3.2,No,Free Shipping,PayPal,Nevada,Spring
2186,40,Male,31-45 (Adult),32,Low Value,50,High Engagement,Low Value - High Engagement,No,Quarterly,90,Clothing,Shorts,2.5,No,Express,Debit Card,North Carolina,Winter
2187,55,Male,46-60 (Middle-Aged),23,Low Value,6,Low Engagement,Low Value - Low Engagement,No,Quarterly,90,Footwear,Sandals,4.3,No,Next Day Air,PayPal,New Mexico,Winter
2188,37,Male,31-45 (Adult),78,High Value,20,Medium Engagement,High Value - Medium Engagement,No,Annually,365,Clothing,Blouse,4.4,No,Free Shipping,PayPal,Idaho,Spring
2189,41,Male,31-45 (Adult),54,Medium Value,9,Low Engagement,Medium Value - Low Engagement,No,Weekly,7,Outerwear,Coat,4.7,No,Next Day Air,Credit Card,California,Winter
2190,38,Male,31-45 (Adult),94,High Value,47,High Engagement,High Value - High Engagement,No,Bi-Weekly,14,Clothing,Blouse,4.0,No,Express,Credit Card,Wisconsin,Fall
2191,42,Male,31-45 (Adult),75,Medium Value,33,Medium Engagement,Medium Value - Medium Engagement,No,Annually,365,Accessories,Belt,4.6,No,Express,Credit Card,Alaska,Spring
2192,26,Male,18-30 (Young Adult),69,Medium Value,46,High Engagement,Medium Value - High Engagement,No,Bi-Weekly,14,Clothing,Blouse,3.8,No,Next Day Air,Cash,Pennsylvania,Summer
2193,41,Male,31-45 (Adult),35,Low Value,9,Low Engagement,Low Value - Low Engagement,No,Monthly,30,Accessories,Scarf,3.2,No,Next Day Air,Credit Card,Virginia,Winter
2194,27,Male,18-30 (Young Adult),78,High Value,8,Low Engagement,High Value - Low Engagement,No,Monthly,30,Clothing,Shirt,5.0,No,Express,PayPal,California,Spring
2195,61,Male,61-70 (Senior),29,Low Value,48,High Engagement,Low Value - High Engagement,No,Quarterly,90,Clothing,Socks,3.5,No,Standard,Bank Transfer,Kentucky,Summer
2196,58,Male,46-60 (Middle-Aged),62,Medium Value,2,Low Engagement,Medium Value - Low Engagement,No,Monthly,30,Clothing,Jeans,3.7,No,Next Day Air,Cash,New York,Fall
2197,25,Male,18-30 (Young Adult),58,Medium Value,31,Medium Engagement,Medium Value - Medium Engagement,No,Weekly,7,Clothing,Dress,4.8,No,Next Day Air,PayPal,Vermont,Spring
2198,33,Male,31-45 (Adult),88,High Value,40,High Engagement,High Value - High Engagement,No,Monthly,30,Footwear,Boots,3.7,No,2-Day Shipping,Venmo,Pennsylvania,Summer
2199,57,Male,46-60 (Middle-Aged),80,High Value,35,Medium Engagement,High Value - Medium Engagement,No,Monthly,30,Accessories,Scarf,3.5,No,Free Shipping,Venmo,New York,Summer
2200,39,Male,31-45 (Adult),47,Medium Value,40,High Engagement,Medium Value - High Engagement,No,Monthly,30,Accessories,Scarf,4.9,No,Store Pickup,Debit Card,North Carolina,Summer
2201,60,Male,46-60 (Middle-Aged),51,Medium Value,27,Medium Engagement,Medium Value - Medium Engagement,No,Quarterly,90,Accessories,Gloves,4.7,No,Next Day Air,Debit Card,Wyoming,Summer
2202,39,Male,31-45 (Adult),25,Low Value,10,Low Engagement,Low Value - Low Engagement,No,Annually,365,Clothing,Pants,4.9,No,2-Day Shipping,Venmo,Ohio,Spring
2203,42,Male,31-45 (Adult),36,Low Value,23,Medium Engagement,Low Value - Medium Engagement,No,Weekly,7,Clothing,Dress,4.3,No,Next Day Air,Credit Card,Alabama,Summer
2204,53,Male,46-60 (Middle-Aged),79,High Value,32,Medium Engagement,High Value - Medium Engagement,No,Quarterly,90,Clothing,Dress,3.1,No,Free Shipping,Cash,Rhode Island,Winter
2205,20,Male,18-30 (Young Adult),41,Medium Value,6,Low Engagement,Medium Value - Low Engagement,No,Monthly,30,Clothing,Jeans,3.4,No,2-Day Shipping,Debit Card,Oregon,Winter
2206,46,Male,46-60 (Middle-Aged),68,Medium Value,27,Medium Engagement,Medium Value - Medium Engagement,No,Weekly,7,Clothing,Sweater,2.7,No,Express,PayPal,North Dakota,Fall
2207,46,Male,46-60 (Middle-Aged),51,Medium Value,25,Medium Engagement,Medium Value - Medium Engagement,No,Bi-Weekly,14,Footwear,Sandals,2.6,No,Store Pickup,Bank Transfer,Illinois,Spring
2208,69,Male,61-70 (Senior),38,Low Value,11,Low Engagement,Low Value - Low Engagement,No,Annually,365,Accessories,Handbag,2.9,No,Next Day Air,Credit Card,New Mexico,Fall
2209,28,Male,18-30 (Young Adult),46,Medium Value,23,Medium Engagement,Medium Value - Medium Engagement,No,Monthly,30,Accessories,Scarf,2.7,No,2-Day Shipping,PayPal,Colorado,Summer
2210,42,Male,31-45 (Adult),20,Low Value,44,High Engagement,Low Value - High Engagement,No,Quarterly,90,Footwear,Sandals,4.5,No,2-Day Shipping,Bank Transfer,Utah,Summer
2211,30,Male,18-30 (Young Adult),25,Low Value,35,Medium Engagement,Low Value - Medium Engagement,No,Bi-Weekly,14,Accessories,Sunglasses,3.1,No,Store Pickup,PayPal,Virginia,Summer
2212,50,Male,46-60 (Middle-Aged),89,High Value,45,High Engagement,High Value - High Engagement,No,Quarterly,90,Clothing,Sweater,3.2,No,Free Shipping,Debit Card,Maine,Winter
2213,59,Male,46-60 (Middle-Aged),77,High Value,22,Medium Engagement,High Value - Medium Engagement,No,Quarterly,90,Clothing,Pants,3.3,No,Next Day Air,Bank Transfer,Nebraska,Winter
2214,54,Male,46-60 (Middle-Aged),94,High Value,18,Medium Engagement,High Value - Medium Engagement,No,Quarterly,90,Accessories,Hat,2.9,No,Express,Debit Card,Hawaii,Fall
2215,50,Male,46-60 (Middle-Aged),100,High Value,20,Medium Engagement,High Value - Medium Engagement,No,Weekly,7,Accessories,Belt,4.1,No,Standard,Debit Card,Idaho,Fall
2216,25,Male,18-30 (Young Adult),96,High Value,28,Medium Engagement,High Value - Medium Engagement,No,Bi-Weekly,14,Footwear,Sandals,2.7,No,Express,Credit Card,West Virginia,Winter
2217,41,Male,31-45 (Adult),36,Low Value,15,Low Engagement,Low Value - Low Engagement,No,Bi-Weekly,14,Clothing,Pants,4.0,No,Store Pickup,Venmo,Vermont,Winter
2218,35,Male,31-45 (Adult),27,Low Value,42,High Engagement,Low Value - High Engagement,No,Bi-Weekly,14,Accessories,Jewelry,2.6,No,Store Pickup,Bank Transfer,Indiana,Fall
2219,67,Male,61-70 (Senior),67,Medium Value,20,Medium Engagement,Medium Value - Medium Engagement,No,Quarterly,90,Accessories,Sunglasses,3.5,No,Store Pickup,Debit Card,Idaho,Winter
2220,33,Male,31-45 (Adult),91,High Value,16,Medium Engagement,High Value - Medium Engagement,No,Bi-Weekly,14,Clothing,Blouse,2.8,No,Store Pickup,Bank Transfer,Minnesota,Fall
2221,19,Male,18-30 (Young Adult),62,Medium Value,47,High Engagement,Medium Value - High Engagement,No,Annually,365,Accessories,Belt,4.5,No,Store Pickup,Cash,Wyoming,Fall
2222,25,Male,18-30 (Young Adult),88,High Value,34,Medium Engagement,High Value - Medium Engagement,No,Annually,365,Clothing,Shorts,3.0,No,Free Shipping,Credit Card,Kansas,Fall
2223,32,Male,31-45 (Adult),66,Medium Value,30,Medium Engagement,Medium Value - Medium Engagement,No,Weekly,7,Clothing,Pants,4.4,No,Store Pickup,Credit Card,Georgia,Summer
2224,30,Male,18-30 (Young Adult),65,Medium Value,5,Low Engagement,Medium Value - Low Engagement,No,Quarterly,90,Footwear,Sandals,4.7,No,Next Day Air,PayPal,Kansas,Fall
2225,18,Male,18-30 (Young Adult),25,Low Value,38,High Engagement,Low Value - High Engagement,No,Quarterly,90,Accessories,Gloves,4.3,No,Standard,Cash,Nebraska,Winter
2226,38,Male,31-45 (Adult),64,Medium Value,18,Medium Engagement,Medium Value - Medium Engagement,No,Annually,365,Accessories,Belt,4.8,No,Free Shipping,Credit Card,Washington,Spring
2227,22,Male,18-30 (Young Adult),72,Medium Value,28,Medium Engagement,Medium Value - Medium Engagement,No,Annually,365,Clothing,Shirt,4.8,No,Store Pickup,Cash,Missouri,Spring
2228,40,Male,31-45 (Adult),74,Medium Value,42,High Engagement,Medium Value - High Engagement,No,Bi-Weekly,14,Accessories,Scarf,4.4,No,Next Day Air,Credit Card,Washington,Summer
2229,54,Male,46-60 (Middle-Aged),50,Medium Value,5,Low Engagement,Medium Value - Low Engagement,No,Weekly,7,Accessories,Gloves,3.7,No,Free Shipping,Credit Card,Kansas,Fall
2230,70,Male,61-70 (Senior),97,High Value,50,High Engagement,High Value - High Engagement,No,Monthly,30,Clothing,Pants,3.9,No,Express,Venmo,Minnesota,Fall
2231,52,Male,46-60 (Middle-Aged),36,Low Value,33,Medium Engagement,Low Value - Medium Engagement,No,Bi-Weekly,14,Footwear,Sneakers,3.8,No,Express,Venmo,Colorado,Spring
2232,34,Male,31-45 (Adult),49,Medium Value,1,Low Engagement,Medium Value - Low Engagement,No,Weekly,7,Outerwear,Jacket,4.1,No,Store Pickup,Credit Card,Utah,Fall
2233,65,Male,61-70 (Senior),64,Medium Value,14,Low Engagement,Medium Value - Low Engagement,No,Bi-Weekly,14,Footwear,Shoes,4.0,No,Store Pickup,Cash,North Carolina,Spring
2234,38,Male,31-45 (Adult),31,Low Value,48,High Engagement,Low Value - High Engagement,No,Monthly,30,Clothing,Blouse,4.5,No,Express,Credit Card,Florida,Summer
2235,35,Male,31-45 (Adult),66,Medium Value,26,Medium Engagement,Medium Value - Medium Engagement,No,Weekly,7,Footwear,Boots,4.0,No,Express,Cash,New Hampshire,Winter
2236,40,Male,31-45 (Adult),82,High Value,44,High Engagement,High Value - High Engagement,No,Annually,365,Clothing,Socks,4.5,No,2-Day Shipping,Credit Card,Illinois,Spring
2237,23,Male,18-30 (Young Adult),88,High Value,18,Medium Engagement,High Value - Medium Engagement,No,Bi-Weekly,14,Clothing,T-shirt,2.7,No,Standard,Debit Card,Louisiana,Winter
2238,45,Male,31-45 (Adult),34,Low Value,31,Medium Engagement,Low Value - Medium Engagement,No,Quarterly,90,Footwear,Sandals,3.8,No,Next Day Air,Venmo,Alabama,Summer
2239,40,Male,31-45 (Adult),84,High Value,18,Medium Engagement,High Value - Medium Engagement,No,Weekly,7,Footwear,Sneakers,3.8,No,Standard,Debit Card,Florida,Winter
2240,42,Male,31-45 (Adult),96,High Value,41,High Engagement,High Value - High Engagement,No,Quarterly,90,Accessories,Jewelry,3.8,No,2-Day Shipping,Credit Card,Alabama,Summer
2241,57,Male,46-60 (Middle-Aged),71,Medium Value,18,Medium Engagement,Medium Value - Medium Engagement,No,Quarterly,90,Footwear,Sandals,4.3,No,Next Day Air,Debit Card,California,Winter
2242,18,Male,18-30 (Young Adult),77,High Value,3,Low Engagement,High Value - Low Engagement,No,Bi-Weekly,14,Outerwear,Jacket,3.5,No,Free Shipping,Bank Transfer,Maryland,Summer
2243,18,Male,18-30 (Young Adult),66,Medium Value,5,Low Engagement,Medium Value - Low Engagement,No,Bi-Weekly,14,Clothing,Skirt,3.8,No,Next Day Air,Credit Card,Nevada,Spring
2244,56,Male,46-60 (Middle-Aged),21,Low Value,13,Low Engagement,Low Value - Low Engagement,No,Annually,365,Clothing,Shirt,3.7,No,2-Day Shipping,Debit Card,Massachusetts,Winter
2245,35,Male,31-45 (Adult),37,Low Value,22,Medium Engagement,Low Value - Medium Engagement,No,Annually,365,Clothing,Shorts,4.8,No,2-Day Shipping,PayPal,South Carolina,Summer
2246,49,Male,46-60 (Middle-Aged),90,High Value,45,High Engagement,High Value - High Engagement,No,Bi-Weekly,14,Clothing,Socks,4.9,No,Free Shipping,PayPal,Delaware,Fall
2247,49,Male,46-60 (Middle-Aged),96,High Value,39,High Engagement,High Value - High Engagement,No,Quarterly,90,Outerwear,Jacket,4.3,No,Store Pickup,PayPal,Hawaii,Fall
2248,34,Male,31-45 (Adult),37,Low Value,18,Medium Engagement,Low Value - Medium Engagement,No,Annually,365,Accessories,Jewelry,4.4,No,Next Day Air,Venmo,Florida,Summer
2249,63,Male,61-70 (Senior),66,Medium Value,19,Medium Engagement,Medium Value - Medium Engagement,No,Bi-Weekly,14,Clothing,T-shirt,3.4,No,Free Shipping,PayPal,Rhode Island,Winter
2250,42,Male,31-45 (Adult),45,Medium Value,29,Medium Engagement,Medium Value - Medium Engagement,No,Weekly,7,Accessories,Gloves,4.3,No,Next Day Air,Debit Card,Wyoming,Spring
2251,41,Male,31-45 (Adult),89,High Value,19,Medium Engagement,High Value - Medium Engagement,No,Weekly,7,Footwear,Shoes,4.6,No,Store Pickup,Credit Card,Colorado,Summer
2252,26,Male,18-30 (Young Adult),94,High Value,22,Medium Engagement,High Value - Medium Engagement,No,Monthly,30,Footwear,Shoes,3.8,No,Free Shipping,Debit Card,Virginia,Fall
2253,48,Male,46-60 (Middle-Aged),96,High Value,21,Medium Engagement,High Value - Medium Engagement,No,Annually,365,Footwear,Shoes,3.9,No,Express,Bank Transfer,Nebraska,Summer
2254,62,Male,61-70 (Senior),31,Low Value,22,Medium Engagement,Low Value - Medium Engagement,No,Monthly,30,Clothing,Hoodie,2.6,No,Store Pickup,PayPal,Oklahoma,Spring
2255,24,Male,18-30 (Young Adult),79,High Value,44,High Engagement,High Value - High Engagement,No,Quarterly,90,Accessories,Belt,4.2,No,Store Pickup,PayPal,North Dakota,Winter
2256,48,Male,46-60 (Middle-Aged),39,Low Value,42,High Engagement,Low Value - High Engagement,No,Quarterly,90,Outerwear,Coat,4.6,No,Store Pickup,Bank Transfer,Michigan,Spring
2257,31,Male,31-45 (Adult),22,Low Value,33,Medium Engagement,Low Value - Medium Engagement,No,Quarterly,90,Clothing,Blouse,5.0,No,Standard,Credit Card,California,Fall
2258,41,Male,31-45 (Adult),32,Low Value,6,Low Engagement,Low Value - Low Engagement,No,Annually,365,Clothing,Skirt,4.2,No,Standard,Bank Transfer,Tennessee,Fall
2259,24,Male,18-30 (Young Adult),71,Medium Value,44,High Engagement,Medium Value - High Engagement,No,Quarterly,90,Clothing,T-shirt,4.3,No,Store Pickup,Credit Card,Ohio,Winter
2260,60,Male,46-60 (Middle-Aged),96,High Value,24,Medium Engagement,High Value - Medium Engagement,No,Annually,365,Clothing,Jeans,3.3,No,Free Shipping,Cash,Florida,Spring
2261,38,Male,31-45 (Adult),82,High Value,16,Medium Engagement,High Value - Medium Engagement,No,Quarterly,90,Accessories,Scarf,4.9,No,Express,PayPal,Missouri,Fall
2262,58,Male,46-60 (Middle-Aged),76,High Value,12,Low Engagement,High Value - Low Engagement,No,Bi-Weekly,14,Accessories,Backpack,4.4,No,Standard,Bank Transfer,South Carolina,Spring
2263,53,Male,46-60 (Middle-Aged),22,Low Value,50,High Engagement,Low Value - High Engagement,No,Monthly,30,Accessories,Backpack,3.1,No,2-Day Shipping,PayPal,Arizona,Winter
2264,44,Male,31-45 (Adult),40,Medium Value,42,High Engagement,Medium Value - High Engagement,No,Quarterly,90,Accessories,Scarf,3.5,No,Store Pickup,Cash,Indiana,Winter
2265,51,Male,46-60 (Middle-Aged),92,High Value,50,High Engagement,High Value - High Engagement,No,Monthly,30,Accessories,Hat,3.9,No,2-Day Shipping,PayPal,North Dakota,Summer
2266,36,Male,31-45 (Adult),94,High Value,10,Low Engagement,High Value - Low Engagement,No,Quarterly,90,Outerwear,Coat,3.9,No,Store Pickup,PayPal,Montana,Fall
2267,20,Male,18-30 (Young Adult),44,Medium Value,32,Medium Engagement,Medium Value - Medium Engagement,No,Weekly,7,Clothing,Dress,4.3,No,Store Pickup,Debit Card,Missouri,Fall
2268,32,Male,31-45 (Adult),49,Medium Value,37,High Engagement,Medium Value - High Engagement,No,Weekly,7,Accessories,Gloves,3.8,No,Express,Venmo,Kentucky,Spring
2269,66,Male,61-70 (Senior),26,Low Value,15,Low Engagement,Low Value - Low Engagement,No,Monthly,30,Clothing,Sweater,2.7,No,2-Day Shipping,Bank Transfer,Georgia,Spring
2270,49,Male,46-60 (Middle-Aged),38,Low Value,27,Medium Engagement,Low Value - Medium Engagement,No,Annually,365,Clothing,Skirt,4.4,No,Store Pickup,Credit Card,Kentucky,Fall
2271,27,Male,18-30 (Young Adult),72,Medium Value,7,Low Engagement,Medium Value - Low Engagement,No,Weekly,7,Clothing,Blouse,3.5,No,Express,Venmo,Georgia,Spring
2272,29,Male,18-30 (Young Adult),99,High Value,49,High Engagement,High Value - High Engagement,No,Quarterly,90,Clothing,Dress,3.4,No,Free Shipping,PayPal,Alaska,Summer
2273,29,Male,18-30 (Young Adult),38,Low Value,44,High Engagement,Low Value - High Engagement,No,Monthly,30,Outerwear,Jacket,4.0,No,Standard,PayPal,Maine,Spring
2274,55,Male,46-60 (Middle-Aged),96,High Value,13,Low Engagement,High Value - Low Engagement,No,Bi-Weekly,14,Outerwear,Coat,4.8,No,Express,PayPal,New Mexico,Winter
2275,57,Male,46-60 (Middle-Aged),27,Low Value,38,High Engagement,Low Value - High Engagement,No,Bi-Weekly,14,Clothing,Dress,4.5,No,Next Day Air,PayPal,New York,Spring
2276,29,Male,18-30 (Young Adult),24,Low Value,10,Low Engagement,Low Value - Low Engagement,No,Weekly,7,Clothing,Shorts,4.4,No,Standard,Debit Card,Oklahoma,Winter
2277,31,Male,31-45 (Adult),82,High Value,25,Medium Engagement,High Value - Medium Engagement,No,Weekly,7,Clothing,Jeans,4.1,No,2-Day Shipping,Debit Card,Wyoming,Summer
2278,25,Male,18-30 (Young Adult),56,Medium Value,18,Medium Engagement,Medium Value - Medium Engagement,No,Quarterly,90,Accessories,Hat,4.6,No,Next Day Air,Credit Card,Alabama,Summer
2279,61,Male,61-70 (Senior),25,Low Value,6,Low Engagement,Low Value - Low Engagement,No,Quarterly,90,Accessories,Gloves,3.8,No,Store Pickup,Cash,Maryland,Fall
2280,53,Male,46-60 (Middle-Aged),67,Medium Value,35,Medium Engagement,Medium Value - Medium Engagement,No,Quarterly,90,Footwear,Sneakers,2.9,No,Free Shipping,Bank Transfer,West Virginia,Spring
2281,22,Male,18-30 (Young Adult),21,Low Value,31,Medium Engagement,Low Value - Medium Engagement,No,Bi-Weekly,14,Footwear,Shoes,2.8,No,Standard,Credit Card,Kentucky,Summer
2282,28,Male,18-30 (Young Adult),27,Low Value,41,High Engagement,Low Value - High Engagement,No,Annually,365,Clothing,Hoodie,3.0,No,Store Pickup,Bank Transfer,Kansas,Summer
2283,18,Male,18-30 (Young Adult),97,High Value,8,Low Engagement,High Value - Low Engagement,No,Annually,365,Footwear,Sneakers,4.2,No,2-Day Shipping,Credit Card,Idaho,Fall
2284,44,Male,31-45 (Adult),45,Medium Value,34,Medium Engagement,Medium Value - Medium Engagement,No,Bi-Weekly,14,Accessories,Handbag,4.1,No,Free Shipping,Credit Card,Ohio,Winter
2285,32,Male,31-45 (Adult),63,Medium Value,20,Medium Engagement,Medium Value - Medium Engagement,No,Annually,365,Clothing,Blouse,4.1,No,Express,Venmo,Iowa,Fall
2286,34,Male,31-45 (Adult),100,High Value,38,High Engagement,High Value - High Engagement,No,Quarterly,90,Accessories,Belt,4.6,No,2-Day Shipping,PayPal,Michigan,Summer
2287,67,Male,61-70 (Senior),38,Low Value,35,Medium Engagement,Low Value - Medium Engagement,No,Quarterly,90,Clothing,Socks,2.5,No,Store Pickup,Venmo,South Dakota,Spring
2288,66,Male,61-70 (Senior),45,Medium Value,6,Low Engagement,Medium Value - Low Engagement,No,Annually,365,Clothing,Blouse,3.0,No,Store Pickup,Debit Card,Nebraska,Summer
2289,28,Male,18-30 (Young Adult),91,High Value,50,High Engagement,High Value - High Engagement,No,Weekly,7,Accessories,Jewelry,3.8,No,Next Day Air,PayPal,California,Fall
2290,70,Male,61-70 (Senior),82,High Value,47,High Engagement,High Value - High Engagement,No,Weekly,7,Clothing,Shorts,4.1,No,Free Shipping,Venmo,Nevada,Fall
2291,37,Male,31-45 (Adult),48,Medium Value,23,Medium Engagement,Medium Value - Medium Engagement,No,Quarterly,90,Footwear,Boots,3.3,No,Standard,PayPal,Kansas,Winter
2292,28,Male,18-30 (Young Adult),30,Low Value,13,Low Engagement,Low Value - Low Engagement,No,Quarterly,90,Outerwear,Coat,5.0,No,2-Day Shipping,Credit Card,Ohio,Spring
2293,43,Male,31-45 (Adult),34,Low Value,31,Medium Engagement,Low Value - Medium Engagement,No,Monthly,30,Clothing,T-shirt,3.8,No,Next Day Air,Debit Card,Vermont,Spring
2294,37,Male,31-45 (Adult),68,Medium Value,16,Medium Engagement,Medium Value - Medium Engagement,No,Quarterly,90,Clothing,Sweater,3.3,No,Express,Debit Card,Georgia,Fall
2295,54,Male,46-60 (Middle-Aged),95,High Value,40,High Engagement,High Value - High Engagement,No,Annually,365,Accessories,Sunglasses,5.0,No,Express,Debit Card,Maryland,Winter
2296,50,Male,46-60 (Middle-Aged),22,Low Value,45,High Engagement,Low Value - High Engagement,No,Quarterly,90,Accessories,Hat,2.9,No,2-Day Shipping,PayPal,Connecticut,Spring
2297,46,Male,46-60 (Middle-Aged),88,High Value,50,High Engagement,High Value - High Engagement,No,Quarterly,90,Accessories,Gloves,2.5,No,Next Day Air,Venmo,Washington,Fall
2298,60,Male,46-60 (Middle-Aged),83,High Value,1,Low Engagement,High Value - Low Engagement,No,Quarterly,90,Clothing,Socks,4.7,No,Standard,Bank Transfer,California,Summer
2299,40,Male,31-45 (Adult),87,High Value,10,Low Engagement,High Value - Low Engagement,No,Quarterly,90,Accessories,Handbag,2.9,No,2-Day Shipping,Cash,Montana,Spring
2300,64,Male,61-70 (Senior),57,Medium Value,48,High Engagement,Medium Value - High Engagement,No,Quarterly,90,Outerwear,Coat,3.7,No,Store Pickup,Credit Card,Idaho,Summer
2301,18,Male,18-30 (Young Adult),88,High Value,38,High Engagement,High Value - High Engagement,No,Monthly,30,Outerwear,Coat,4.4,No,2-Day Shipping,Credit Card,Pennsylvania,Summer
2302,37,Male,31-45 (Adult),20,Low Value,21,Medium Engagement,Low Value - Medium Engagement,No,Annually,365,Clothing,Pants,2.9,No,Next Day Air,Debit Card,Maine,Winter
2303,36,Male,31-45 (Adult),39,Low Value,38,High Engagement,Low Value - High Engagement,No,Monthly,30,Accessories,Belt,3.6,No,Store Pickup,Venmo,Montana,Summer
2304,51,Male,46-60 (Middle-Aged),71,Medium Value,31,Medium Engagement,Medium Value - Medium Engagement,No,Bi-Weekly,14,Accessories,Sunglasses,4.8,No,2-Day Shipping,Credit Card,New Jersey,Spring
2305,26,Male,18-30 (Young Adult),73,Medium Value,9,Low Engagement,Medium Value - Low Engagement,No,Bi-Weekly,14,Clothing,Hoodie,4.7,No,Free Shipping,Debit Card,Louisiana,Winter
2306,68,Male,61-70 (Senior),63,Medium Value,47,High Engagement,Medium Value - High Engagement,No,Weekly,7,Accessories,Handbag,2.6,No,Free Shipping,Cash,Maine,Summer
2307,27,Male,18-30 (Young Adult),78,High Value,8,Low Engagement,High Value - Low Engagement,No,Bi-Weekly,14,Accessories,Gloves,3.4,No,Standard,Cash,Florida,Winter
2308,28,Male,18-30 (Young Adult),96,High Value,30,Medium Engagement,High Value - Medium Engagement,No,Annually,365,Clothing,Skirt,3.5,No,Next Day Air,Debit Card,Missouri,Fall
2309,49,Male,46-60 (Middle-Aged),81,High Value,22,Medium Engagement,High Value - Medium Engagement,No,Quarterly,90,Accessories,Sunglasses,3.4,No,2-Day Shipping,Bank Transfer,North Dakota,Winter
2310,70,Male,61-70 (Senior),95,High Value,3,Low Engagement,High Value - Low Engagement,No,Quarterly,90,Clothing,Dress,5.0,No,2-Day Shipping,Bank Transfer,Connecticut,Fall
2311,30,Male,18-30 (Young Adult),68,Medium Value,15,Low Engagement,Medium Value - Low Engagement,No,Monthly,30,Accessories,Gloves,4.6,No,Standard,PayPal,Virginia,Spring
2312,27,Male,18-30 (Young Adult),28,Low Value,10,Low Engagement,Low Value - Low Engagement,No,Quarterly,90,Footwear,Sneakers,4.8,No,2-Day Shipping,Bank Transfer,Montana,Spring
2313,19,Male,18-30 (Young Adult),30,Low Value,19,Medium Engagement,Low Value - Medium Engagement,No,Quarterly,90,Clothing,T-shirt,3.7,No,Free Shipping,Cash,Vermont,Summer
2314,64,Male,61-70 (Senior),31,Low Value,36,High Engagement,Low Value - High Engagement,No,Bi-Weekly,14,Clothing,Dress,4.7,No,Next Day Air,Bank Transfer,Georgia,Summer
2315,42,Male,31-45 (Adult),95,High Value,12,Low Engagement,High Value - Low Engagement,No,Quarterly,90,Accessories,Handbag,4.4,No,Express,Bank Transfer,Virginia,Winter
2316,69,Male,61-70 (Senior),79,High Value,49,High Engagement,High Value - High Engagement,No,Quarterly,90,Clothing,Socks,3.5,No,2-Day Shipping,Debit Card,Vermont,Winter
2317,28,Male,18-30 (Young Adult),39,Low Value,7,Low Engagement,Low Value - Low Engagement,No,Annually,365,Footwear,Sneakers,3.8,No,Standard,Debit Card,Montana,Winter
2318,47,Male,46-60 (Middle-Aged),34,Low Value,28,Medium Engagement,Low Value - Medium Engagement,No,Monthly,30,Outerwear,Jacket,4.7,No,Next Day Air,Bank Transfer,New Jersey,Summer
2319,69,Male,61-70 (Senior),28,Low Value,30,Medium Engagement,Low Value - Medium Engagement,No,Annually,365,Clothing,Hoodie,3.1,No,Store Pickup,Credit Card,Wyoming,Spring
2320,56,Male,46-60 (Middle-Aged),38,Low Value,29,Medium Engagement,Low Value - Medium Engagement,No,Monthly,30,Footwear,Sandals,5.0,No,Free Shipping,PayPal,Maine,Winter
2321,28,Male,18-30 (Young Adult),55,Medium Value,9,Low Engagement,Medium Value - Low Engagement,No,Quarterly,90,Footwear,Shoes,3.7,No,Free Shipping,Debit Card,New Mexico,Spring
2322,50,Male,46-60 (Middle-Aged),31,Low Value,27,Medium Engagement,Low Value - Medium Engagement,No,Bi-Weekly,14,Footwear,Sandals,3.0,No,Next Day Air,Debit Card,Colorado,Winter
2323,39,Male,31-45 (Adult),84,High Value,21,Medium Engagement,High Value - Medium Engagement,No,Bi-Weekly,14,Outerwear,Coat,4.5,No,Store Pickup,Venmo,Connecticut,Spring
2324,35,Male,31-45 (Adult),93,High Value,36,High Engagement,High Value - High Engagement,No,Monthly,30,Accessories,Gloves,4.7,No,Express,Credit Card,Maryland,Winter
2325,59,Male,46-60 (Middle-Aged),28,Low Value,19,Medium Engagement,Low Value - Medium Engagement,No,Annually,365,Outerwear,Coat,3.5,No,Free Shipping,Debit Card,Oregon,Winter
2326,44,Male,31-45 (Adult),55,Medium Value,47,High Engagement,Medium Value - High Engagement,No,Weekly,7,Footwear,Boots,4.4,No,2-Day Shipping,Cash,New York,Summer
2327,66,Male,61-70 (Senior),63,Medium Value,38,High Engagement,Medium Value - High Engagement,No,Annually,365,Clothing,Skirt,2.6,No,Standard,Bank Transfer,Oklahoma,Winter
2328,20,Male,18-30 (Young Adult),94,High Value,22,Medium Engagement,High Value - Medium Engagement,No,Bi-Weekly,14,Clothing,Skirt,4.2,No,2-Day Shipping,Venmo,Alabama,Winter
2329,45,Male,31-45 (Adult),36,Low Value,29,Medium Engagement,Low Value - Medium Engagement,No,Bi-Weekly,14,Clothing,Pants,2.6,No,Express,Venmo,North Dakota,Fall
2330,49,Male,46-60 (Middle-Aged),97,High Value,42,High Engagement,High Value - High Engagement,No,Annually,365,Accessories,Hat,4.8,No,Free Shipping,Bank Transfer,Nebraska,Spring
2331,60,Male,46-60 (Middle-Aged),63,Medium Value,47,High Engagement,Medium Value - High Engagement,No,Quarterly,90,Accessories,Backpack,2.9,No,Store Pickup,PayPal,Arizona,Summer
2332,61,Male,61-70 (Senior),77,High Value,10,Low Engagement,High Value - Low Engagement,No,Bi-Weekly,14,Accessories,Scarf,4.3,No,2-Day Shipping,Credit Card,Illinois,Spring
2333,36,Male,31-45 (Adult),53,Medium Value,10,Low Engagement,Medium Value - Low Engagement,No,Monthly,30,Accessories,Scarf,2.6,No,Store Pickup,Venmo,South Carolina,Fall
2334,33,Male,31-45 (Adult),77,High Value,1,Low Engagement,High Value - Low Engagement,No,Quarterly,90,Clothing,Shirt,3.8,No,Next Day Air,PayPal,Kansas,Spring
2335,49,Male,46-60 (Middle-Aged),79,High Value,7,Low Engagement,High Value - Low Engagement,No,Monthly,30,Footwear,Boots,4.2,No,Standard,Credit Card,Kansas,Summer
2336,31,Male,31-45 (Adult),37,Low Value,10,Low Engagement,Low Value - Low Engagement,No,Bi-Weekly,14,Outerwear,Coat,3.9,No,Store Pickup,Venmo,Idaho,Summer
2337,19,Male,18-30 (Young Adult),94,High Value,11,Low Engagement,High Value - Low Engagement,No,Weekly,7,Accessories,Belt,3.1,No,Free Shipping,Credit Card,California,Winter
2338,39,Male,31-45 (Adult),76,High Value,5,Low Engagement,High Value - Low Engagement,No,Annually,365,Footwear,Boots,3.6,No,Store Pickup,Cash,North Dakota,Fall
2339,66,Male,61-70 (Senior),68,Medium Value,21,Medium Engagement,Medium Value - Medium Engagement,No,Quarterly,90,Footwear,Sneakers,4.0,No,Express,PayPal,Georgia,Fall
2340,25,Male,18-30 (Young Adult),65,Medium Value,24,Medium Engagement,Medium Value - Medium Engagement,No,Quarterly,90,Clothing,Shirt,3.4,No,Next Day Air,Bank Transfer,Illinois,Spring
2341,63,Male,61-70 (Senior),24,Low Value,37,High Engagement,Low Value - High Engagement,No,Bi-Weekly,14,Clothing,Blouse,2.6,No,Standard,Credit Card,Delaware,Summer
2342,56,Male,46-60 (Middle-Aged),31,Low Value,22,Medium Engagement,Low Value - Medium Engagement,No,Quarterly,90,Outerwear,Jacket,4.5,No,Express,Venmo,Connecticut,Summer
2343,20,Male,18-30 (Young Adult),89,High Value,16,Medium Engagement,High Value - Medium Engagement,No,Bi-Weekly,14,Clothing,Skirt,4.9,No,Standard,Debit Card,Tennessee,Fall
2344,58,Male,46-60 (Middle-Aged),49,Medium Value,44,High Engagement,Medium Value - High Engagement,No,Monthly,30,Clothing,Socks,4.4,No,2-Day Shipping,PayPal,Maryland,Summer
2345,34,Male,31-45 (Adult),92,High Value,14,Low Engagement,High Value - Low Engagement,No,Bi-Weekly,14,Footwear,Sandals,3.5,No,Express,Venmo,Rhode Island,Fall
2346,28,Male,18-30 (Young Adult),32,Low Value,23,Medium Engagement,Low Value - Medium Engagement,No,Quarterly,90,Clothing,T-shirt,3.3,No,Express,Bank Transfer,New York,Winter
2347,22,Male,18-30 (Young Adult),67,Medium Value,46,High Engagement,Medium Value - High Engagement,No,Bi-Weekly,14,Outerwear,Jacket,3.1,No,Standard,Debit Card,New Mexico,Winter
2348,37,Male,31-45 (Adult),64,Medium Value,46,High Engagement,Medium Value - High Engagement,No,Quarterly,90,Accessories,Belt,4.2,No,Express,Cash,California,Fall
2349,54,Male,46-60 (Middle-Aged),84,High Value,16,Medium Engagement,High Value - Medium Engagement,No,Quarterly,90,Footwear,Shoes,4.9,No,Next Day Air,PayPal,Maine,Spring
2350,65,Male,61-70 (Senior),34,Low Value,40,High Engagement,Low Value - High Engagement,No,Quarterly,90,Clothing,Blouse,3.9,No,Standard,Credit Card,New York,Fall
2351,57,Male,46-60 (Middle-Aged),26,Low Value,21,Medium Engagement,Low Value - Medium Engagement,No,Annually,365,Footwear,Shoes,4.2,No,Free Shipping,Cash,Hawaii,Winter
2352,38,Male,31-45 (Adult),50,Medium Value,25,Medium Engagement,Medium Value - Medium Engagement,No,Bi-Weekly,14,Clothing,Sweater,4.9,No,Store Pickup,PayPal,New Hampshire,Fall
2353,70,Male,61-70 (Senior),46,Medium Value,25,Medium Engagement,Medium Value - Medium Engagement,No,Quarterly,90,Footwear,Boots,2.8,No,Store Pickup,Bank Transfer,Nebraska,Fall
2354,56,Male,46-60 (Middle-Aged),71,Medium Value,25,Medium Engagement,Medium Value - Medium Engagement,No,Quarterly,90,Accessories,Handbag,4.1,No,Standard,Debit Card,Montana,Fall
2355,56,Male,46-60 (Middle-Aged),78,High Value,27,Medium Engagement,High Value - Medium Engagement,No,Monthly,30,Clothing,Blouse,4.8,No,Next Day Air,Venmo,Wisconsin,Summer
2356,22,Male,18-30 (Young Adult),35,Low Value,12,Low Engagement,Low Value - Low Engagement,No,Monthly,30,Clothing,Skirt,4.1,No,Next Day Air,Cash,Tennessee,Winter
2357,57,Male,46-60 (Middle-Aged),58,Medium Value,27,Medium Engagement,Medium Value - Medium Engagement,No,Quarterly,90,Accessories,Backpack,3.0,No,Free Shipping,Debit Card,Montana,Summer
2358,53,Male,46-60 (Middle-Aged),67,Medium Value,40,High Engagement,Medium Value - High Engagement,No,Bi-Weekly,14,Clothing,Shirt,4.2,No,2-Day Shipping,Credit Card,Michigan,Fall
2359,53,Male,46-60 (Middle-Aged),93,High Value,38,High Engagement,High Value - High Engagement,No,Quarterly,90,Clothing,Sweater,3.8,No,Standard,Credit Card,Texas,Spring
2360,19,Male,18-30 (Young Adult),81,High Value,44,High Engagement,High Value - High Engagement,No,Quarterly,90,Accessories,Scarf,3.3,No,2-Day Shipping,Bank Transfer,Pennsylvania,Spring
2361,49,Male,46-60 (Middle-Aged),80,High Value,27,Medium Engagement,High Value - Medium Engagement,No,Quarterly,90,Accessories,Handbag,4.7,No,2-Day Shipping,Venmo,New York,Fall
2362,44,Male,31-45 (Adult),64,Medium Value,30,Medium Engagement,Medium Value - Medium Engagement,No,Quarterly,90,Accessories,Scarf,4.3,No,2-Day Shipping,Credit Card,Alabama,Spring
2363,27,Male,18-30 (Young Adult),41,Medium Value,24,Medium Engagement,Medium Value - Medium Engagement,No,Monthly,30,Clothing,Jeans,2.7,No,Standard,Credit Card,Virginia,Fall
2364,60,Male,46-60 (Middle-Aged),79,High Value,38,High Engagement,High Value - High Engagement,No,Bi-Weekly,14,Clothing,Socks,4.2,No,Express,Cash,Pennsylvania,Winter
2365,62,Male,61-70 (Senior),60,Medium Value,4,Low Engagement,Medium Value - Low Engagement,No,Quarterly,90,Accessories,Sunglasses,4.2,No,Free Shipping,PayPal,Mississippi,Winter
2366,52,Male,46-60 (Middle-Aged),91,High Value,32,Medium Engagement,High Value - Medium Engagement,No,Monthly,30,Footwear,Sneakers,2.5,No,Next Day Air,Venmo,Wyoming,Winter
2367,30,Male,18-30 (Young Adult),66,Medium Value,32,Medium Engagement,Medium Value - Medium Engagement,No,Bi-Weekly,14,Footwear,Shoes,3.6,No,Express,Credit Card,New Mexico,Winter
2368,66,Male,61-70 (Senior),85,High Value,28,Medium Engagement,High Value - Medium Engagement,No,Bi-Weekly,14,Clothing,Socks,3.4,No,Standard,Bank Transfer,North Dakota,Winter
2369,29,Male,18-30 (Young Adult),38,Low Value,6,Low Engagement,Low Value - Low Engagement,No,Quarterly,90,Accessories,Sunglasses,3.3,No,Standard,Debit Card,New Jersey,Summer
2370,24,Male,18-30 (Young Adult),23,Low Value,24,Medium Engagement,Low Value - Medium Engagement,No,Monthly,30,Clothing,Sweater,4.6,No,Standard,PayPal,Vermont,Winter
2371,51,Male,46-60 (Middle-Aged),71,Medium Value,38,High Engagement,Medium Value - High Engagement,No,Weekly,7,Footwear,Shoes,3.9,No,Store Pickup,Venmo,Alaska,Spring
2372,67,Male,61-70 (Senior),25,Low Value,28,Medium Engagement,Low Value - Medium Engagement,No,Annually,365,Clothing,Socks,3.7,No,Next Day Air,Debit Card,Indiana,Winter
2373,50,Male,46-60 (Middle-Aged),39,Low Value,9,Low Engagement,Low Value - Low Engagement,No,Bi-Weekly,14,Footwear,Boots,3.1,No,Express,PayPal,Alabama,Spring
2374,37,Male,31-45 (Adult),20,Low Value,21,Medium Engagement,Low Value - Medium Engagement,No,Quarterly,90,Clothing,Hoodie,4.9,No,Express,Debit Card,Michigan,Spring
2375,69,Male,61-70 (Senior),73,Medium Value,31,Medium Engagement,Medium Value - Medium Engagement,No,Monthly,30,Accessories,Gloves,4.7,No,Standard,Debit Card,Washington,Winter
2376,60,Male,46-60 (Middle-Aged),63,Medium Value,18,Medium Engagement,Medium Value - Medium Engagement,No,Quarterly,90,Accessories,Backpack,2.9,No,Next Day Air,Credit Card,Virginia,Fall
2377,21,Male,18-30 (Young Adult),94,High Value,5,Low Engagement,High Value - Low Engagement,No,Weekly,7,Accessories,Gloves,4.1,No,Express,Cash,Tennessee,Spring
2378,44,Male,31-45 (Adult),94,High Value,22,Medium Engagement,High Value - Medium Engagement,No,Annually,365,Clothing,Blouse,4.0,No,Next Day Air,Cash,South Dakota,Fall
2379,26,Male,18-30 (Young Adult),71,Medium Value,37,High Engagement,Medium Value - High Engagement,No,Bi-Weekly,14,Accessories,Scarf,2.7,No,Store Pickup,PayPal,New Hampshire,Summer
2380,40,Male,31-45 (Adult),77,High Value,22,Medium Engagement,High Value - Medium Engagement,No,Monthly,30,Accessories,Hat,4.0,No,2-Day Shipping,Debit Card,South Dakota,Spring
2381,41,Male,31-45 (Adult),66,Medium Value,36,High Engagement,Medium Value - High Engagement,No,Bi-Weekly,14,Accessories,Scarf,2.5,No,Next Day Air,PayPal,Pennsylvania,Fall
2382,62,Male,61-70 (Senior),23,Low Value,23,Medium Engagement,Low Value - Medium Engagement,No,Annually,365,Footwear,Sandals,4.5,No,Free Shipping,PayPal,Wisconsin,Summer
2383,39,Male,31-45 (Adult),60,Medium Value,44,High Engagement,Medium Value - High Engagement,No,Weekly,7,Clothing,Sweater,3.9,No,Express,Debit Card,California,Spring
2384,53,Male,46-60 (Middle-Aged),72,Medium Value,25,Medium Engagement,Medium Value - Medium Engagement,No,Annually,365,Accessories,Backpack,4.9,No,2-Day Shipping,Bank Transfer,Rhode Island,Spring
2385,24,Male,18-30 (Young Adult),35,Low Value,40,High Engagement,Low Value - High Engagement,No,Quarterly,90,Clothing,Blouse,3.3,No,2-Day Shipping,PayPal,Alabama,Winter
2386,41,Male,31-45 (Adult),31,Low Value,12,Low Engagement,Low Value - Low Engagement,No,Weekly,7,Accessories,Scarf,3.8,No,Express,PayPal,Oklahoma,Fall
2387,19,Male,18-30 (Young Adult),33,Low Value,14,Low Engagement,Low Value - Low Engagement,No,Monthly,30,Clothing,Socks,2.9,No,Standard,Venmo,Illinois,Summer
2388,36,Male,31-45 (Adult),95,High Value,14,Low Engagement,High Value - Low Engagement,No,Monthly,30,Accessories,Hat,4.0,No,2-Day Shipping,Debit Card,Tennessee,Summer
2389,21,Male,18-30 (Young Adult),68,Medium Value,10,Low Engagement,Medium Value - Low Engagement,No,Annually,365,Clothing,Dress,4.1,No,Store Pickup,Debit Card,Alabama,Fall
2390,25,Male,18-30 (Young Adult),87,High Value,17,Medium Engagement,High Value - Medium Engagement,No,Quarterly,90,Outerwear,Coat,3.1,No,Store Pickup,Bank Transfer,Kansas,Spring
2391,65,Male,61-70 (Senior),64,Medium Value,24,Medium Engagement,Medium Value - Medium Engagement,No,Bi-Weekly,14,Clothing,Shirt,4.6,No,Express,Debit Card,Arizona,Winter
2392,42,Male,31-45 (Adult),74,Medium Value,31,Medium Engagement,Medium Value - Medium Engagement,No,Quarterly,90,Clothing,Shirt,4.6,No,Next Day Air,Bank Transfer,Michigan,Winter
2393,40,Male,31-45 (Adult),62,Medium Value,36,High Engagement,Medium Value - High Engagement,No,Annually,365,Clothing,Jeans,2.6,No,2-Day Shipping,Cash,Missouri,Spring
2394,58,Male,46-60 (Middle-Aged),97,High Value,38,High Engagement,High Value - High Engagement,No,Quarterly,90,Clothing,Socks,5.0,No,2-Day Shipping,PayPal,Louisiana,Winter
2395,40,Male,31-45 (Adult),47,Medium Value,23,Medium Engagement,Medium Value - Medium Engagement,No,Bi-Weekly,14,Footwear,Sandals,2.9,No,2-Day Shipping,Debit Card,Connecticut,Fall
2396,62,Male,61-70 (Senior),83,High Value,47,High Engagement,High Value - High Engagement,No,Bi-Weekly,14,Clothing,Blouse,3.5,No,2-Day Shipping,PayPal,Connecticut,Winter
2397,38,Male,31-45 (Adult),82,High Value,20,Medium Engagement,High Value - Medium Engagement,No,Weekly,7,Clothing,Shirt,3.7,No,2-Day Shipping,Venmo,Oregon,Spring
2398,37,Male,31-45 (Adult),26,Low Value,41,High Engagement,Low Value - High Engagement,No,Monthly,30,Accessories,Sunglasses,2.9,No,Store Pickup,Venmo,West Virginia,Fall
2399,65,Male,61-70 (Senior),81,High Value,44,High Engagement,High Value - High Engagement,No,Bi-Weekly,14,Outerwear,Jacket,4.3,No,Free Shipping,Bank Transfer,Florida,Winter
2400,55,Male,46-60 (Middle-Aged),44,Medium Value,31,Medium Engagement,Medium Value - Medium Engagement,No,Monthly,30,Clothing,Dress,3.2,No,Store Pickup,Cash,New Hampshire,Spring
2401,43,Male,31-45 (Adult),88,High Value,11,Low Engagement,High Value - Low Engagement,No,Bi-Weekly,14,Accessories,Sunglasses,4.2,No,Next Day Air,Credit Card,Oregon,Winter
2402,43,Male,31-45 (Adult),76,High Value,25,Medium Engagement,High Value - Medium Engagement,No,Bi-Weekly,14,Footwear,Boots,4.2,No,Standard,PayPal,Oregon,Winter
2403,45,Male,31-45 (Adult),89,High Value,31,Medium Engagement,High Value - Medium Engagement,No,Weekly,7,Accessories,Scarf,3.8,No,Free Shipping,Cash,Utah,Winter
2404,64,Male,61-70 (Senior),22,Low Value,40,High Engagement,Low Value - High Engagement,No,Weekly,7,Clothing,Shorts,4.4,No,Standard,Debit Card,Missouri,Fall
2405,28,Male,18-30 (Young Adult),33,Low Value,23,Medium Engagement,Low Value - Medium Engagement,No,Bi-Weekly,14,Clothing,Shorts,3.1,No,2-Day Shipping,Credit Card,West Virginia,Winter
2406,69,Male,61-70 (Senior),97,High Value,5,Low Engagement,High Value - Low Engagement,No,Quarterly,90,Clothing,Jeans,5.0,No,Standard,Debit Card,California,Fall
2407,54,Male,46-60 (Middle-Aged),57,Medium Value,26,Medium Engagement,Medium Value - Medium Engagement,No,Weekly,7,Accessories,Scarf,4.7,No,Standard,PayPal,California,Winter
2408,52,Male,46-60 (Middle-Aged),38,Low Value,11,Low Engagement,Low Value - Low Engagement,No,Bi-Weekly,14,Clothing,Shorts,3.0,No,Express,Credit Card,Illinois,Summer
2409,23,Male,18-30 (Young Adult),55,Medium Value,44,High Engagement,Medium Value - High Engagement,No,Quarterly,90,Footwear,Sneakers,4.2,No,Next Day Air,Debit Card,Hawaii,Fall
2410,26,Male,18-30 (Young Adult),37,Low Value,47,High Engagement,Low Value - High Engagement,No,Quarterly,90,Accessories,Jewelry,3.0,No,Store Pickup,Cash,Washington,Spring
2411,48,Male,46-60 (Middle-Aged),43,Medium Value,46,High Engagement,Medium Value - High Engagement,No,Monthly,30,Footwear,Shoes,3.7,No,Free Shipping,PayPal,Wisconsin,Summer
2412,49,Male,46-60 (Middle-Aged),96,High Value,35,Medium Engagement,High Value - Medium Engagement,No,Quarterly,90,Clothing,Hoodie,2.7,No,Free Shipping,Cash,Virginia,Summer
2413,53,Male,46-60 (Middle-Aged),51,Medium Value,8,Low Engagement,Medium Value - Low Engagement,No,Bi-Weekly,14,Outerwear,Jacket,4.3,No,2-Day Shipping,Bank Transfer,Oregon,Winter
2414,69,Male,61-70 (Senior),95,High Value,30,Medium Engagement,High Value - Medium Engagement,No,Weekly,7,Clothing,Shorts,2.7,No,2-Day Shipping,Bank Transfer,Pennsylvania,Fall
2415,26,Male,18-30 (Young Adult),26,Low Value,14,Low Engagement,Low Value - Low Engagement,No,Bi-Weekly,14,Clothing,Socks,3.7,No,Next Day Air,Credit Card,Virginia,Summer
2416,21,Male,18-30 (Young Adult),34,Low Value,30,Medium Engagement,Low Value - Medium Engagement,No,Weekly,7,Outerwear,Coat,4.3,No,Standard,Bank Transfer,Hawaii,Fall
2417,59,Male,46-60 (Middle-Aged),83,High Value,26,Medium Engagement,High Value - Medium Engagement,No,Quarterly,90,Footwear,Sandals,4.0,No,Next Day Air,Credit Card,Nebraska,Summer
2418,21,Male,18-30 (Young Adult),24,Low Value,32,Medium Engagement,Low Value - Medium Engagement,No,Bi-Weekly,14,Accessories,Backpack,3.3,No,Standard,Venmo,Alaska,Fall
2419,22,Male,18-30 (Young Adult),69,Medium Value,47,High Engagement,Medium Value - High Engagement,No,Quarterly,90,Clothing,Pants,4.0,No,Next Day Air,Cash,Michigan,Fall
2420,26,Male,18-30 (Young Adult),40,Medium Value,11,Low Engagement,Medium Value - Low Engagement,No,Quarterly,90,Clothing,Sweater,2.7,No,Next Day Air,Credit Card,North Carolina,Fall
2421,41,Male,31-45 (Adult),87,High Value,28,Medium Engagement,High Value - Medium Engagement,No,Annually,365,Outerwear,Jacket,4.2,No,Free Shipping,PayPal,North Carolina,Winter
2422,37,Male,31-45 (Adult),46,Medium Value,2,Low Engagement,Medium Value - Low Engagement,No,Quarterly,90,Footwear,Sneakers,4.6,No,Standard,Debit Card,Minnesota,Spring
2423,30,Male,18-30 (Young Adult),82,High Value,45,High Engagement,High Value - High Engagement,No,Weekly,7,Accessories,Jewelry,4.8,No,Store Pickup,Credit Card,Georgia,Winter
2424,49,Male,46-60 (Middle-Aged),81,High Value,7,Low Engagement,High Value - Low Engagement,No,Quarterly,90,Accessories,Backpack,2.8,No,Free Shipping,Credit Card,West Virginia,Summer
2425,49,Male,46-60 (Middle-Aged),57,Medium Value,28,Medium Engagement,Medium Value - Medium Engagement,No,Bi-Weekly,14,Accessories,Jewelry,4.5,No,Next Day Air,Bank Transfer,Delaware,Winter
2426,58,Male,46-60 (Middle-Aged),49,Medium Value,34,Medium Engagement,Medium Value - Medium Engagement,No,Quarterly,90,Footwear,Shoes,3.0,No,2-Day Shipping,Bank Transfer,North Dakota,Summer
2427,70,Male,61-70 (Senior),42,Medium Value,26,Medium Engagement,Medium Value - Medium Engagement,No,Quarterly,90,Outerwear,Jacket,4.6,No,Free Shipping,Debit Card,Florida,Fall
2428,27,Male,18-30 (Young Adult),26,Low Value,45,High Engagement,Low Value - High Engagement,No,Quarterly,90,Outerwear,Jacket,3.3,No,Standard,Cash,Oregon,Spring
2429,65,Male,61-70 (Senior),38,Low Value,34,Medium Engagement,Low Value - Medium Engagement,No,Annually,365,Clothing,T-shirt,4.4,No,Next Day Air,Debit Card,Idaho,Spring
2430,57,Male,46-60 (Middle-Aged),57,Medium Value,47,High Engagement,Medium Value - High Engagement,No,Bi-Weekly,14,Footwear,Sneakers,4.4,No,Standard,Credit Card,Virginia,Summer
2431,20,Male,18-30 (Young Adult),100,High Value,42,High Engagement,High Value - High Engagement,No,Quarterly,90,Outerwear,Jacket,4.3,No,Express,Cash,North Dakota,Summer
2432,34,Male,31-45 (Adult),73,Medium Value,27,Medium Engagement,Medium Value - Medium Engagement,No,Quarterly,90,Clothing,Hoodie,3.4,No,Express,Bank Transfer,Alabama,Fall
2433,59,Male,46-60 (Middle-Aged),66,Medium Value,43,High Engagement,Medium Value - High Engagement,No,Monthly,30,Outerwear,Jacket,2.8,No,Store Pickup,Venmo,Hawaii,Winter
2434,54,Male,46-60 (Middle-Aged),73,Medium Value,16,Medium Engagement,Medium Value - Medium Engagement,No,Bi-Weekly,14,Clothing,T-shirt,3.4,No,Standard,Cash,Oregon,Spring
2435,36,Male,31-45 (Adult),45,Medium Value,40,High Engagement,Medium Value - High Engagement,No,Monthly,30,Accessories,Gloves,5.0,No,Store Pickup,Credit Card,Utah,Spring
2436,21,Male,18-30 (Young Adult),27,Low Value,29,Medium Engagement,Low Value - Medium Engagement,No,Bi-Weekly,14,Footwear,Sneakers,4.5,No,Free Shipping,Cash,Hawaii,Fall
2437,52,Male,46-60 (Middle-Aged),24,Low Value,38,High Engagement,Low Value - High Engagement,No,Quarterly,90,Clothing,T-shirt,2.7,No,Store Pickup,Credit Card,Connecticut,Fall
2438,43,Male,31-45 (Adult),59,Medium Value,34,Medium Engagement,Medium Value - Medium Engagement,No,Weekly,7,Footwear,Sneakers,3.4,No,Store Pickup,Credit Card,Wyoming,Winter
2439,32,Male,31-45 (Adult),20,Low Value,30,Medium Engagement,Low Value - Medium Engagement,No,Weekly,7,Clothing,Jeans,3.4,No,Express,Venmo,Delaware,Winter
2440,55,Male,46-60 (Middle-Aged),44,Medium Value,45,High Engagement,Medium Value - High Engagement,No,Annually,365,Accessories,Handbag,2.8,No,Standard,Bank Transfer,Arkansas,Summer
2441,31,Male,31-45 (Adult),90,High Value,47,High Engagement,High Value - High Engagement,No,Annually,365,Clothing,Socks,4.7,No,Standard,Bank Transfer,Indiana,Spring
2442,45,Male,31-45 (Adult),36,Low Value,5,Low Engagement,Low Value - Low Engagement,No,Monthly,30,Accessories,Jewelry,4.7,No,Free Shipping,Credit Card,California,Fall
2443,53,Male,46-60 (Middle-Aged),95,High Value,50,High Engagement,High Value - High Engagement,No,Bi-Weekly,14,Clothing,Blouse,4.7,No,Free Shipping,Debit Card,Wyoming,Winter
2444,24,Male,18-30 (Young Adult),30,Low Value,24,Medium Engagement,Low Value - Medium Engagement,No,Bi-Weekly,14,Accessories,Backpack,3.4,No,2-Day Shipping,Bank Transfer,South Dakota,Spring
2445,47,Male,46-60 (Middle-Aged),65,Medium Value,15,Low Engagement,Medium Value - Low Engagement,No,Bi-Weekly,14,Accessories,Scarf,3.7,No,Express,Debit Card,West Virginia,Fall
2446,63,Male,61-70 (Senior),96,High Value,50,High Engagement,High Value - High Engagement,No,Weekly,7,Accessories,Scarf,4.1,No,Store Pickup,Cash,Tennessee,Summer
2447,38,Male,31-45 (Adult),65,Medium Value,7,Low Engagement,Medium Value - Low Engagement,No,Monthly,30,Clothing,Shirt,2.9,No,2-Day Shipping,Credit Card,Alaska,Spring
2448,59,Male,46-60 (Middle-Aged),47,Medium Value,10,Low Engagement,Medium Value - Low Engagement,No,Bi-Weekly,14,Clothing,Pants,3.2,No,Store Pickup,Venmo,South Dakota,Fall
2449,54,Male,46-60 (Middle-Aged),25,Low Value,38,High Engagement,Low Value - High Engagement,No,Bi-Weekly,14,Accessories,Hat,3.0,No,Free Shipping,PayPal,Tennessee,Fall
2450,26,Male,18-30 (Young Adult),56,Medium Value,31,Medium Engagement,Medium Value - Medium Engagement,No,Bi-Weekly,14,Outerwear,Coat,4.1,No,Express,Venmo,Alabama,Fall
2451,68,Male,61-70 (Senior),76,High Value,7,Low Engagement,High Value - Low Engagement,No,Quarterly,90,Clothing,T-shirt,4.5,No,Standard,Venmo,North Carolina,Fall
2452,41,Male,31-45 (Adult),60,Medium Value,27,Medium Engagement,Medium Value - Medium Engagement,No,Monthly,30,Clothing,Socks,3.4,No,Store Pickup,Venmo,Oklahoma,Fall
2453,68,Male,61-70 (Senior),67,Medium Value,45,High Engagement,Medium Value - High Engagement,No,Quarterly,90,Clothing,Shirt,4.1,No,Express,Bank Transfer,New York,Winter
2454,21,Male,18-30 (Young Adult),95,High Value,13,Low Engagement,High Value - Low Engagement,No,Annually,365,Clothing,Sweater,4.6,No,Store Pickup,Cash,Iowa,Spring
2455,32,Male,31-45 (Adult),72,Medium Value,33,Medium Engagement,Medium Value - Medium Engagement,No,Annually,365,Accessories,Gloves,4.6,No,Express,Venmo,Alaska,Winter
2456,20,Male,18-30 (Young Adult),98,High Value,25,Medium Engagement,High Value - Medium Engagement,No,Quarterly,90,Accessories,Belt,3.4,No,Express,Cash,Alaska,Spring
2457,59,Male,46-60 (Middle-Aged),83,High Value,5,Low Engagement,High Value - Low Engagement,No,Monthly,30,Clothing,Jeans,3.3,No,2-Day Shipping,PayPal,Nebraska,Winter
2458,53,Male,46-60 (Middle-Aged),37,Low Value,23,Medium Engagement,Low Value - Medium Engagement,No,Quarterly,90,Accessories,Handbag,3.6,No,2-Day Shipping,Cash,Delaware,Fall
2459,66,Male,61-70 (Senior),85,High Value,17,Medium Engagement,High Value - Medium Engagement,No,Weekly,7,Clothing,T-shirt,4.6,No,Free Shipping,Bank Transfer,Texas,Fall
2460,47,Male,46-60 (Middle-Aged),36,Low Value,14,Low Engagement,Low Value - Low Engagement,No,Weekly,7,Clothing,Socks,4.3,No,2-Day Shipping,Cash,Missouri,Fall
2461,58,Male,46-60 (Middle-Aged),36,Low Value,28,Medium Engagement,Low Value - Medium Engagement,No,Annually,365,Clothing,Jeans,4.0,No,Store Pickup,Credit Card,Maine,Winter
2462,28,Male,18-30 (Young Adult),86,High Value,19,Medium Engagement,High Value - Medium Engagement,No,Weekly,7,Accessories,Scarf,4.8,No,Next Day Air,Credit Card,Pennsylvania,Summer
2463,68,Male,61-70 (Senior),99,High Value,31,Medium Engagement,High Value - Medium Engagement,No,Bi-Weekly,14,Clothing,Pants,4.3,No,Standard,Bank Transfer,Missouri,Spring
2464,60,Male,46-60 (Middle-Aged),21,Low Value,25,Medium Engagement,Low Value - Medium Engagement,No,Bi-Weekly,14,Clothing,Blouse,3.3,No,Standard,Cash,Mississippi,Summer
2465,47,Male,46-60 (Middle-Aged),84,High Value,4,Low Engagement,High Value - Low Engagement,No,Bi-Weekly,14,Outerwear,Jacket,2.8,No,Express,Cash,Hawaii,Winter
2466,18,Male,18-30 (Young Adult),63,Medium Value,20,Medium Engagement,Medium Value - Medium Engagement,No,Weekly,7,Footwear,Sandals,4.4,No,Free Shipping,Bank Transfer,Texas,Spring
2467,32,Male,31-45 (Adult),84,High Value,37,High Engagement,High Value - High Engagement,No,Annually,365,Clothing,Shorts,3.7,No,Express,Cash,South Dakota,Summer
2468,27,Male,18-30 (Young Adult),72,Medium Value,28,Medium Engagement,Medium Value - Medium Engagement,No,Annually,365,Clothing,Shorts,3.6,No,Express,Credit Card,New Jersey,Spring
2469,65,Male,61-70 (Senior),21,Low Value,6,Low Engagement,Low Value - Low Engagement,No,Weekly,7,Clothing,Skirt,3.7,No,2-Day Shipping,Venmo,Connecticut,Winter
2470,68,Male,61-70 (Senior),92,High Value,27,Medium Engagement,High Value - Medium Engagement,No,Annually,365,Footwear,Sandals,5.0,No,Standard,PayPal,Maryland,Fall
2471,55,Male,46-60 (Middle-Aged),72,Medium Value,29,Medium Engagement,Medium Value - Medium Engagement,No,Bi-Weekly,14,Clothing,Blouse,2.7,No,Next Day Air,Credit Card,Arizona,Fall
2472,30,Male,18-30 (Young Adult),83,High Value,1,Low Engagement,High Value - Low Engagement,No,Annually,365,Footwear,Sandals,4.3,No,Store Pickup,Cash,Oklahoma,Spring
2473,24,Male,18-30 (Young Adult),73,Medium Value,31,Medium Engagement,Medium Value - Medium Engagement,No,Annually,365,Clothing,Shirt,4.1,No,Standard,Credit Card,Utah,Summer
2474,57,Male,46-60 (Middle-Aged),98,High Value,28,Medium Engagement,High Value - Medium Engagement,No,Quarterly,90,Clothing,Socks,2.6,No,Next Day Air,Cash,Arkansas,Winter
2475,23,Male,18-30 (Young Adult),76,High Value,19,Medium Engagement,High Value - Medium Engagement,No,Quarterly,90,Clothing,T-shirt,3.2,No,Store Pickup,Bank Transfer,North Carolina,Fall
2476,69,Male,61-70 (Senior),43,Medium Value,36,High Engagement,Medium Value - High Engagement,No,Monthly,30,Clothing,Dress,3.5,No,Next Day Air,Venmo,California,Summer
2477,60,Male,46-60 (Middle-Aged),60,Medium Value,28,Medium Engagement,Medium Value - Medium Engagement,No,Monthly,30,Accessories,Hat,3.7,No,Next Day Air,Cash,Colorado,Summer
2478,25,Male,18-30 (Young Adult),40,Medium Value,29,Medium Engagement,Medium Value - Medium Engagement,No,Weekly,7,Accessories,Gloves,3.8,No,2-Day Shipping,PayPal,California,Spring
2479,18,Male,18-30 (Young Adult),93,High Value,9,Low Engagement,High Value - Low Engagement,No,Quarterly,90,Clothing,Socks,4.8,No,2-Day Shipping,Bank Transfer,Vermont,Winter
2480,37,Male,31-45 (Adult),98,High Value,26,Medium Engagement,High Value - Medium Engagement,No,Quarterly,90,Clothing,Dress,4.2,No,Standard,Credit Card,Kansas,Fall
2481,61,Male,61-70 (Senior),91,High Value,7,Low Engagement,High Value - Low Engagement,No,Bi-Weekly,14,Clothing,Socks,2.9,No,Next Day Air,Credit Card,Ohio,Summer
2482,41,Male,31-45 (Adult),92,High Value,35,Medium Engagement,High Value - Medium Engagement,No,Weekly,7,Accessories,Belt,2.9,No,Free Shipping,Debit Card,New Jersey,Fall
2483,69,Male,61-70 (Senior),87,High Value,46,High Engagement,High Value - High Engagement,No,Quarterly,90,Accessories,Handbag,4.8,No,Next Day Air,Credit Card,Arizona,Winter
2484,32,Male,31-45 (Adult),96,High Value,8,Low Engagement,High Value - Low Engagement,No,Monthly,30,Clothing,Skirt,2.9,No,Standard,Debit Card,Arizona,Fall
2485,60,Male,46-60 (Middle-Aged),97,High Value,50,High Engagement,High Value - High Engagement,No,Quarterly,90,Clothing,Hoodie,4.8,No,2-Day Shipping,Cash,New Hampshire,Summer
2486,43,Male,31-45 (Adult),55,Medium Value,37,High Engagement,Medium Value - High Engagement,No,Annually,365,Clothing,Blouse,4.6,No,2-Day Shipping,Bank Transfer,Louisiana,Spring
2487,61,Male,61-70 (Senior),58,Medium Value,6,Low Engagement,Medium Value - Low Engagement,No,Bi-Weekly,14,Clothing,Jeans,4.4,No,Store Pickup,Credit Card,Texas,Spring
2488,57,Male,46-60 (Middle-Aged),21,Low Value,16,Medium Engagement,Low Value - Medium Engagement,No,Bi-Weekly,14,Footwear,Boots,3.0,No,Next Day Air,PayPal,Montana,Spring
2489,56,Male,46-60 (Middle-Aged),82,High Value,30,Medium Engagement,High Value - Medium Engagement,No,Monthly,30,Accessories,Handbag,4.4,No,Express,PayPal,New Hampshire,Summer
2490,66,Male,61-70 (Senior),34,Low Value,50,High Engagement,Low Value - High Engagement,No,Quarterly,90,Outerwear,Coat,3.9,No,Express,Venmo,South Dakota,Winter
2491,52,Male,46-60 (Middle-Aged),78,High Value,5,Low Engagement,High Value - Low Engagement,No,Quarterly,90,Clothing,Blouse,4.0,No,Free Shipping,Cash,Montana,Spring
2492,63,Male,61-70 (Senior),47,Medium Value,15,Low Engagement,Medium Value - Low Engagement,No,Monthly,30,Accessories,Handbag,2.5,No,Express,Bank Transfer,North Carolina,Spring
2493,50,Male,46-60 (Middle-Aged),96,High Value,34,Medium Engagement,High Value - Medium Engagement,No,Bi-Weekly,14,Accessories,Sunglasses,4.1,No,Next Day Air,Bank Transfer,South Dakota,Summer
2494,21,Male,18-30 (Young Adult),23,Low Value,6,Low Engagement,Low Value - Low Engagement,No,Quarterly,90,Clothing,Socks,4.8,No,2-Day Shipping,Venmo,Maine,Fall
2495,42,Male,31-45 (Adult),27,Low Value,26,Medium Engagement,Low Value - Medium Engagement,No,Annually,365,Footwear,Shoes,2.6,No,Store Pickup,Debit Card,Oklahoma,Winter
2496,40,Male,31-45 (Adult),37,Low Value,34,Medium Engagement,Low Value - Medium Engagement,No,Quarterly,90,Accessories,Backpack,3.1,No,Free Shipping,Credit Card,Nebraska,Spring
2497,67,Male,61-70 (Senior),79,High Value,37,High Engagement,High Value - High Engagement,No,Weekly,7,Accessories,Scarf,3.2,No,Store Pickup,Credit Card,Illinois,Summer
2498,35,Male,31-45 (Adult),40,Medium Value,28,Medium Engagement,Medium Value - Medium Engagement,No,Annually,365,Accessories,Backpack,4.2,No,Standard,Bank Transfer,Colorado,Summer
2499,18,Male,18-30 (Young Adult),39,Low Value,38,High Engagement,Low Value - High Engagement,No,Bi-Weekly,14,Outerwear,Coat,2.6,No,Next Day Air,Cash,Massachusetts,Fall
2500,52,Male,46-60 (Middle-Aged),73,Medium Value,2,Low Engagement,Medium Value - Low Engagement,No,Quarterly,90,Clothing,Hoodie,3.1,No,Next Day Air,Cash,Louisiana,Summer
2501,59,Male,46-60 (Middle-Aged),84,High Value,32,Medium Engagement,High Value - Medium Engagement,No,Bi-Weekly,14,Accessories,Gloves,2.9,No,Store Pickup,Cash,Massachusetts,Fall
2502,49,Male,46-60 (Middle-Aged),94,High Value,30,Medium Engagement,High Value - Medium Engagement,No,Bi-Weekly,14,Clothing,Shorts,4.6,No,Free Shipping,Venmo,West Virginia,Fall
2503,46,Male,46-60 (Middle-Aged),47,Medium Value,17,Medium Engagement,Medium Value - Medium Engagement,No,Quarterly,90,Clothing,Skirt,4.1,No,Standard,PayPal,Idaho,Spring
2504,69,Male,61-70 (Senior),77,High Value,5,Low Engagement,High Value - Low Engagement,No,Bi-Weekly,14,Footwear,Boots,2.5,No,Store Pickup,Debit Card,Ohio,Summer
2505,56,Male,46-60 (Middle-Aged),94,High Value,31,Medium Engagement,High Value - Medium Engagement,No,Bi-Weekly,14,Clothing,Shorts,4.0,No,Store Pickup,Cash,Rhode Island,Winter
2506,27,Male,18-30 (Young Adult),75,Medium Value,43,High Engagement,Medium Value - High Engagement,No,Quarterly,90,Accessories,Handbag,3.5,No,Express,PayPal,Illinois,Summer
2507,57,Male,46-60 (Middle-Aged),82,High Value,19,Medium Engagement,High Value - Medium Engagement,No,Annually,365,Clothing,Dress,4.4,No,Free Shipping,Venmo,New York,Spring
2508,58,Male,46-60 (Middle-Aged),36,Low Value,32,Medium Engagement,Low Value - Medium Engagement,No,Quarterly,90,Footwear,Shoes,2.9,No,Store Pickup,Credit Card,Louisiana,Fall
2509,23,Male,18-30 (Young Adult),90,High Value,5,Low Engagement,High Value - Low Engagement,No,Bi-Weekly,14,Footwear,Sneakers,3.1,No,2-Day Shipping,Debit Card,California,Spring
2510,19,Male,18-30 (Young Adult),48,Medium Value,9,Low Engagement,Medium Value - Low Engagement,No,Quarterly,90,Clothing,Socks,4.4,No,Free Shipping,Bank Transfer,Washington,Spring
2511,40,Male,31-45 (Adult),42,Medium Value,48,High Engagement,Medium Value - High Engagement,No,Weekly,7,Outerwear,Jacket,4.4,No,Standard,Credit Card,South Dakota,Winter
2512,54,Male,46-60 (Middle-Aged),33,Low Value,1,Low Engagement,Low Value - Low Engagement,No,Quarterly,90,Accessories,Backpack,2.7,No,Store Pickup,PayPal,Idaho,Summer
2513,50,Male,46-60 (Middle-Aged),63,Medium Value,20,Medium Engagement,Medium Value - Medium Engagement,No,Monthly,30,Clothing,Socks,4.9,No,Free Shipping,Credit Card,North Dakota,Summer
2514,69,Male,61-70 (Senior),53,Medium Value,42,High Engagement,Medium Value - High Engagement,No,Annually,365,Accessories,Handbag,3.5,No,2-Day Shipping,Cash,Washington,Winter
2515,42,Male,31-45 (Adult),37,Low Value,45,High Engagement,Low Value - High Engagement,No,Bi-Weekly,14,Accessories,Hat,4.8,No,Free Shipping,PayPal,Alaska,Spring
2516,37,Male,31-45 (Adult),92,High Value,41,High Engagement,High Value - High Engagement,No,Monthly,30,Clothing,Blouse,4.2,No,2-Day Shipping,Cash,Kansas,Summer
2517,46,Male,46-60 (Middle-Aged),73,Medium Value,36,High Engagement,Medium Value - High Engagement,No,Quarterly,90,Clothing,Shorts,4.6,No,Standard,Debit Card,Utah,Spring
2518,64,Male,61-70 (Senior),38,Low Value,10,Low Engagement,Low Value - Low Engagement,No,Annually,365,Clothing,Shirt,2.9,No,Standard,Venmo,Wyoming,Spring
2519,20,Male,18-30 (Young Adult),51,Medium Value,31,Medium Engagement,Medium Value - Medium Engagement,No,Annually,365,Footwear,Boots,4.0,No,Store Pickup,Venmo,Maine,Fall
2520,40,Male,31-45 (Adult),90,High Value,21,Medium Engagement,High Value - Medium Engagement,No,Quarterly,90,Outerwear,Jacket,4.9,No,Standard,Credit Card,Michigan,Spring
2521,64,Male,61-70 (Senior),56,Medium Value,16,Medium Engagement,Medium Value - Medium Engagement,No,Quarterly,90,Outerwear,Jacket,3.1,No,Next Day Air,Cash,Illinois,Summer
2522,29,Male,18-30 (Young Adult),33,Low Value,18,Medium Engagement,Low Value - Medium Engagement,No,Quarterly,90,Accessories,Handbag,4.4,No,Standard,PayPal,Minnesota,Fall
2523,20,Male,18-30 (Young Adult),53,Medium Value,20,Medium Engagement,Medium Value - Medium Engagement,No,Weekly,7,Accessories,Belt,2.5,No,2-Day Shipping,Debit Card,Massachusetts,Winter
2524,43,Male,31-45 (Adult),24,Low Value,21,Medium Engagement,Low Value - Medium Engagement,No,Annually,365,Accessories,Handbag,3.4,No,Express,Bank Transfer,New Jersey,Spring
2525,60,Male,46-60 (Middle-Aged),59,Medium Value,23,Medium Engagement,Medium Value - Medium Engagement,No,Quarterly,90,Outerwear,Coat,3.7,No,Express,Credit Card,Kansas,Spring
2526,39,Male,31-45 (Adult),72,Medium Value,20,Medium Engagement,Medium Value - Medium Engagement,No,Weekly,7,Clothing,Sweater,4.2,No,Standard,PayPal,Kentucky,Winter
2527,47,Male,46-60 (Middle-Aged),28,Low Value,30,Medium Engagement,Low Value - Medium Engagement,No,Bi-Weekly,14,Clothing,Shorts,3.4,No,Express,PayPal,Rhode Island,Spring
2528,19,Male,18-30 (Young Adult),36,Low Value,33,Medium Engagement,Low Value - Medium Engagement,No,Quarterly,90,Clothing,Pants,3.6,No,Express,Bank Transfer,Illinois,Fall
2529,52,Male,46-60 (Middle-Aged),47,Medium Value,31,Medium Engagement,Medium Value - Medium Engagement,No,Monthly,30,Accessories,Jewelry,4.7,No,2-Day Shipping,Debit Card,Alabama,Fall
2530,34,Male,31-45 (Adult),62,Medium Value,48,High Engagement,Medium Value - High Engagement,No,Monthly,30,Accessories,Gloves,4.7,No,Next Day Air,Bank Transfer,Tennessee,Spring
2531,25,Male,18-30 (Young Adult),98,High Value,28,Medium Engagement,High Value - Medium Engagement,No,Weekly,7,Clothing,Skirt,3.6,No,Free Shipping,Debit Card,Massachusetts,Spring
2532,43,Male,31-45 (Adult),28,Low Value,7,Low Engagement,Low Value - Low Engagement,No,Quarterly,90,Footwear,Sandals,4.6,No,Free Shipping,Cash,Texas,Summer
2533,55,Male,46-60 (Middle-Aged),86,High Value,4,Low Engagement,High Value - Low Engagement,No,Weekly,7,Clothing,Socks,2.6,No,Next Day Air,Debit Card,Nebraska,Summer
2534,66,Male,61-70 (Senior),46,Medium Value,49,High Engagement,Medium Value - High Engagement,No,Bi-Weekly,14,Accessories,Jewelry,3.1,No,Standard,Cash,Pennsylvania,Summer
2535,41,Male,31-45 (Adult),42,Medium Value,22,Medium Engagement,Medium Value - Medium Engagement,No,Weekly,7,Accessories,Sunglasses,3.2,No,Free Shipping,Cash,Virginia,Fall
2536,47,Male,46-60 (Middle-Aged),80,High Value,39,High Engagement,High Value - High Engagement,No,Bi-Weekly,14,Outerwear,Coat,3.9,No,Express,Bank Transfer,Vermont,Winter
2537,51,Male,46-60 (Middle-Aged),39,Low Value,45,High Engagement,Low Value - High Engagement,No,Quarterly,90,Accessories,Belt,4.9,No,Express,PayPal,Oklahoma,Spring
2538,44,Male,31-45 (Adult),49,Medium Value,30,Medium Engagement,Medium Value - Medium Engagement,No,Bi-Weekly,14,Outerwear,Coat,4.1,No,2-Day Shipping,PayPal,Maine,Summer
2539,18,Male,18-30 (Young Adult),32,Low Value,33,Medium Engagement,Low Value - Medium Engagement,No,Bi-Weekly,14,Accessories,Scarf,4.2,No,Next Day Air,Credit Card,New Jersey,Summer
2540,33,Male,31-45 (Adult),73,Medium Value,24,Medium Engagement,Medium Value - Medium Engagement,No,Bi-Weekly,14,Footwear,Sandals,4.1,No,Next Day Air,Cash,Massachusetts,Fall
2541,24,Male,18-30 (Young Adult),42,Medium Value,11,Low Engagement,Medium Value - Low Engagement,No,Quarterly,90,Accessories,Belt,3.9,No,Free Shipping,Debit Card,New Jersey,Summer
2542,33,Male,31-45 (Adult),58,Medium Value,13,Low Engagement,Medium Value - Low Engagement,No,Quarterly,90,Accessories,Scarf,2.7,No,Next Day Air,Venmo,Washington,Spring
2543,61,Male,61-70 (Senior),22,Low Value,27,Medium Engagement,Low Value - Medium Engagement,No,Annually,365,Accessories,Jewelry,3.7,No,Express,PayPal,Arkansas,Winter
2544,27,Male,18-30 (Young Adult),56,Medium Value,30,Medium Engagement,Medium Value - Medium Engagement,No,Bi-Weekly,14,Accessories,Scarf,2.7,No,Next Day Air,PayPal,West Virginia,Spring
2545,46,Male,46-60 (Middle-Aged),70,Medium Value,39,High Engagement,Medium Value - High Engagement,No,Quarterly,90,Clothing,Pants,2.5,No,Next Day Air,Venmo,Delaware,Spring
2546,38,Male,31-45 (Adult),50,Medium Value,10,Low Engagement,Medium Value - Low Engagement,No,Annually,365,Footwear,Shoes,3.9,No,Free Shipping,Debit Card,Texas,Spring
2547,63,Male,61-70 (Senior),21,Low Value,4,Low Engagement,Low Value - Low Engagement,No,Quarterly,90,Footwear,Boots,3.0,No,Express,Credit Card,Texas,Summer
2548,47,Male,46-60 (Middle-Aged),97,High Value,16,Medium Engagement,High Value - Medium Engagement,No,Weekly,7,Outerwear,Jacket,3.2,No,2-Day Shipping,Cash,Mississippi,Summer
2549,42,Male,31-45 (Adult),63,Medium Value,34,Medium Engagement,Medium Value - Medium Engagement,No,Monthly,30,Accessories,Backpack,3.8,No,Standard,Credit Card,Texas,Winter
2550,41,Male,31-45 (Adult),60,Medium Value,11,Low Engagement,Medium Value - Low Engagement,No,Quarterly,90,Outerwear,Jacket,2.7,No,Standard,Debit Card,Virginia,Fall
2551,53,Male,46-60 (Middle-Aged),52,Medium Value,30,Medium Engagement,Medium Value - Medium Engagement,No,Bi-Weekly,14,Footwear,Boots,3.0,No,Store Pickup,Debit Card,New Hampshire,Fall
2552,29,Male,18-30 (Young Adult),32,Low Value,40,High Engagement,Low Value - High Engagement,No,Annually,365,Footwear,Shoes,4.1,No,Next Day Air,Debit Card,Minnesota,Winter
2553,61,Male,61-70 (Senior),48,Medium Value,13,Low Engagement,Medium Value - Low Engagement,No,Annually,365,Accessories,Belt,3.2,No,2-Day Shipping,Credit Card,Maryland,Spring
2554,69,Male,61-70 (Senior),25,Low Value,28,Medium Engagement,Low Value - Medium Engagement,No,Quarterly,90,Accessories,Jewelry,4.5,No,Store Pickup,Venmo,Vermont,Summer
2555,51,Male,46-60 (Middle-Aged),68,Medium Value,49,High Engagement,Medium Value - High Engagement,No,Bi-Weekly,14,Accessories,Jewelry,4.3,No,Store Pickup,Debit Card,Kansas,Summer
2556,24,Male,18-30 (Young Adult),74,Medium Value,23,Medium Engagement,Medium Value - Medium Engagement,No,Weekly,7,Clothing,Pants,3.5,No,Standard,Credit Card,Idaho,Fall
2557,24,Male,18-30 (Young Adult),88,High Value,4,Low Engagement,High Value - Low Engagement,No,Quarterly,90,Clothing,T-shirt,3.1,No,Standard,Bank Transfer,Montana,Fall
2558,70,Male,61-70 (Senior),23,Low Value,17,Medium Engagement,Low Value - Medium Engagement,No,Bi-Weekly,14,Clothing,Shorts,3.9,No,Standard,PayPal,Oklahoma,Spring
2559,49,Male,46-60 (Middle-Aged),32,Low Value,24,Medium Engagement,Low Value - Medium Engagement,No,Bi-Weekly,14,Clothing,Hoodie,2.7,No,Express,PayPal,California,Fall
2560,48,Male,46-60 (Middle-Aged),71,Medium Value,21,Medium Engagement,Medium Value - Medium Engagement,No,Quarterly,90,Accessories,Belt,4.0,No,Free Shipping,Debit Card,Mississippi,Winter
2561,58,Male,46-60 (Middle-Aged),62,Medium Value,17,Medium Engagement,Medium Value - Medium Engagement,No,Bi-Weekly,14,Footwear,Boots,2.7,No,Next Day Air,Debit Card,California,Spring
2562,32,Male,31-45 (Adult),20,Low Value,22,Medium Engagement,Low Value - Medium Engagement,No,Quarterly,90,Clothing,Hoodie,2.7,No,Free Shipping,Debit Card,New York,Spring
2563,57,Male,46-60 (Middle-Aged),62,Medium Value,27,Medium Engagement,Medium Value - Medium Engagement,No,Bi-Weekly,14,Clothing,Shorts,4.7,No,Standard,Cash,Arizona,Spring
2564,69,Male,61-70 (Senior),81,High Value,1,Low Engagement,High Value - Low Engagement,No,Quarterly,90,Accessories,Backpack,4.5,No,Standard,Venmo,Massachusetts,Winter
2565,42,Male,31-45 (Adult),90,High Value,27,Medium Engagement,High Value - Medium Engagement,No,Weekly,7,Accessories,Scarf,3.0,No,2-Day Shipping,Bank Transfer,Kentucky,Winter
2566,30,Male,18-30 (Young Adult),43,Medium Value,8,Low Engagement,Medium Value - Low Engagement,No,Quarterly,90,Clothing,Socks,3.6,No,Store Pickup,Venmo,Vermont,Fall
2567,35,Male,31-45 (Adult),38,Low Value,43,High Engagement,Low Value - High Engagement,No,Quarterly,90,Accessories,Handbag,3.3,No,Standard,PayPal,Missouri,Fall
2568,19,Male,18-30 (Young Adult),25,Low Value,24,Medium Engagement,Low Value - Medium Engagement,No,Bi-Weekly,14,Accessories,Sunglasses,4.3,No,Store Pickup,Cash,Michigan,Spring
2569,52,Male,46-60 (Middle-Aged),98,High Value,29,Medium Engagement,High Value - Medium Engagement,No,Bi-Weekly,14,Clothing,T-shirt,4.3,No,Express,PayPal,Texas,Winter
2570,42,Male,31-45 (Adult),75,Medium Value,10,Low Engagement,Medium Value - Low Engagement,No,Bi-Weekly,14,Clothing,Dress,4.8,No,Free Shipping,Bank Transfer,New York,Spring
2571,36,Male,31-45 (Adult),27,Low Value,12,Low Engagement,Low Value - Low Engagement,No,Bi-Weekly,14,Footwear,Sneakers,4.0,No,Store Pickup,PayPal,New Mexico,Spring
2572,45,Male,31-45 (Adult),27,Low Value,48,High Engagement,Low Value - High Engagement,No,Bi-Weekly,14,Accessories,Sunglasses,3.5,No,Standard,Cash,Mississippi,Winter
2573,54,Male,46-60 (Middle-Aged),42,Medium Value,40,High Engagement,Medium Value - High Engagement,No,Quarterly,90,Clothing,Blouse,3.9,No,Next Day Air,Bank Transfer,Washington,Fall
2574,54,Male,46-60 (Middle-Aged),90,High Value,1,Low Engagement,High Value - Low Engagement,No,Annually,365,Clothing,T-shirt,4.4,No,Store Pickup,Bank Transfer,New Mexico,Summer
2575,27,Male,18-30 (Young Adult),63,Medium Value,26,Medium Engagement,Medium Value - Medium Engagement,No,Bi-Weekly,14,Accessories,Hat,4.6,No,2-Day Shipping,Credit Card,Florida,Summer
2576,53,Male,46-60 (Middle-Aged),96,High Value,9,Low Engagement,High Value - Low Engagement,No,Annually,365,Clothing,Shorts,4.0,No,Express,PayPal,Minnesota,Fall
2577,20,Male,18-30 (Young Adult),40,Medium Value,19,Medium Engagement,Medium Value - Medium Engagement,No,Quarterly,90,Clothing,Hoodie,4.2,No,Free Shipping,Debit Card,New Hampshire,Winter
2578,52,Male,46-60 (Middle-Aged),39,Low Value,37,High Engagement,Low Value - High Engagement,No,Monthly,30,Clothing,Socks,4.5,No,Next Day Air,Bank Transfer,Minnesota,Fall
2579,54,Male,46-60 (Middle-Aged),48,Medium Value,3,Low Engagement,Medium Value - Low Engagement,No,Quarterly,90,Accessories,Sunglasses,3.9,No,Free Shipping,Cash,Vermont,Fall
2580,65,Male,61-70 (Senior),20,Low Value,40,High Engagement,Low Value - High Engagement,No,Weekly,7,Clothing,Blouse,3.7,No,Express,Venmo,Minnesota,Summer
2581,43,Male,31-45 (Adult),29,Low Value,13,Low Engagement,Low Value - Low Engagement,No,Quarterly,90,Clothing,Jeans,3.6,No,Store Pickup,Bank Transfer,Massachusetts,Summer
2582,57,Male,46-60 (Middle-Aged),81,High Value,48,High Engagement,High Value - High Engagement,No,Monthly,30,Clothing,Dress,4.7,No,Express,Credit Card,Wyoming,Winter
2583,19,Male,18-30 (Young Adult),98,High Value,4,Low Engagement,High Value - Low Engagement,No,Quarterly,90,Clothing,Dress,3.6,No,2-Day Shipping,Venmo,South Dakota,Fall
2584,69,Male,61-70 (Senior),93,High Value,9,Low Engagement,High Value - Low Engagement,No,Weekly,7,Clothing,Jeans,2.5,No,Next Day Air,Cash,Oklahoma,Fall
2585,26,Male,18-30 (Young Adult),30,Low Value,26,Medium Engagement,Low Value - Medium Engagement,No,Bi-Weekly,14,Clothing,Socks,2.9,No,Store Pickup,Bank Transfer,Florida,Summer
2586,57,Male,46-60 (Middle-Aged),37,Low Value,19,Medium Engagement,Low Value - Medium Engagement,No,Weekly,7,Accessories,Sunglasses,4.4,No,Free Shipping,Debit Card,Wisconsin,Fall
2587,20,Male,18-30 (Young Adult),28,Low Value,1,Low Engagement,Low Value - Low Engagement,No,Quarterly,90,Outerwear,Coat,4.6,No,Express,Credit Card,Maine,Winter
2588,55,Male,46-60 (Middle-Aged),29,Low Value,29,Medium Engagement,Low Value - Medium Engagement,No,Quarterly,90,Accessories,Scarf,3.7,No,Express,PayPal,Connecticut,Winter
2589,44,Male,31-45 (Adult),49,Medium Value,38,High Engagement,Medium Value - High Engagement,No,Bi-Weekly,14,Accessories,Backpack,3.2,No,Free Shipping,Venmo,Delaware,Summer
2590,52,Male,46-60 (Middle-Aged),53,Medium Value,31,Medium Engagement,Medium Value - Medium Engagement,No,Annually,365,Clothing,Pants,4.9,No,2-Day Shipping,PayPal,North Dakota,Winter
2591,57,Male,46-60 (Middle-Aged),66,Medium Value,35,Medium Engagement,Medium Value - Medium Engagement,No,Annually,365,Accessories,Gloves,5.0,No,Free Shipping,Venmo,California,Summer
2592,40,Male,31-45 (Adult),61,Medium Value,40,High Engagement,Medium Value - High Engagement,No,Quarterly,90,Outerwear,Jacket,3.3,No,Express,Cash,New Mexico,Spring
2593,23,Male,18-30 (Young Adult),23,Low Value,13,Low Engagement,Low Value - Low Engagement,No,Quarterly,90,Clothing,Shorts,4.4,No,Store Pickup,Venmo,Iowa,Summer
2594,36,Male,31-45 (Adult),36,Low Value,9,Low Engagement,Low Value - Low Engagement,No,Quarterly,90,Clothing,Pants,4.7,No,Store Pickup,Bank Transfer,Colorado,Fall
2595,59,Male,46-60 (Middle-Aged),81,High Value,25,Medium Engagement,High Value - Medium Engagement,No,Quarterly,90,Clothing,Skirt,3.6,No,Free Shipping,Cash,Montana,Fall
2596,29,Male,18-30 (Young Adult),56,Medium Value,3,Low Engagement,Medium Value - Low Engagement,No,Bi-Weekly,14,Clothing,Blouse,3.2,No,Free Shipping,Bank Transfer,Iowa,Summer
2597,63,Male,61-70 (Senior),78,High Value,35,Medium Engagement,High Value - Medium Engagement,No,Monthly,30,Clothing,Shirt,3.0,No,Next Day Air,Credit Card,Louisiana,Spring
2598,60,Male,46-60 (Middle-Aged),25,Low Value,13,Low Engagement,Low Value - Low Engagement,No,Bi-Weekly,14,Accessories,Jewelry,4.4,No,Store Pickup,Venmo,Alabama,Summer
2599,64,Male,61-70 (Senior),86,High Value,31,Medium Engagement,High Value - Medium Engagement,No,Annually,365,Accessories,Backpack,3.3,No,Express,Debit Card,Nevada,Fall
2600,63,Male,61-70 (Senior),99,High Value,48,High Engagement,High Value - High Engagement,No,Monthly,30,Accessories,Jewelry,3.4,No,Express,Credit Card,Vermont,Winter
2601,21,Male,18-30 (Young Adult),83,High Value,6,Low Engagement,High Value - Low Engagement,No,Bi-Weekly,14,Accessories,Belt,3.9,No,Express,Bank Transfer,New York,Fall
2602,61,Male,61-70 (Senior),33,Low Value,43,High Engagement,Low Value - High Engagement,No,Monthly,30,Clothing,Dress,2.9,No,Store Pickup,Cash,Mississippi,Winter
2603,65,Male,61-70 (Senior),44,Medium Value,1,Low Engagement,Medium Value - Low Engagement,No,Quarterly,90,Outerwear,Coat,2.9,No,Free Shipping,Venmo,South Carolina,Fall
2604,69,Male,61-70 (Senior),58,Medium Value,8,Low Engagement,Medium Value - Low Engagement,No,Annually,365,Clothing,Dress,2.7,No,2-Day Shipping,Cash,Washington,Spring
2605,47,Male,46-60 (Middle-Aged),54,Medium Value,6,Low Engagement,Medium Value - Low Engagement,No,Weekly,7,Clothing,Sweater,3.4,No,Store Pickup,Debit Card,Colorado,Spring
2606,41,Male,31-45 (Adult),93,High Value,32,Medium Engagement,High Value - Medium Engagement,No,Bi-Weekly,14,Clothing,Hoodie,3.7,No,2-Day Shipping,Venmo,Nevada,Spring
2607,68,Male,61-70 (Senior),98,High Value,46,High Engagement,High Value - High Engagement,No,Bi-Weekly,14,Footwear,Shoes,4.7,No,Standard,Bank Transfer,Nevada,Spring
2608,41,Male,31-45 (Adult),36,Low Value,38,High Engagement,Low Value - High Engagement,No,Quarterly,90,Footwear,Shoes,3.1,No,Express,PayPal,Oklahoma,Spring
2609,42,Male,31-45 (Adult),68,Medium Value,48,High Engagement,Medium Value - High Engagement,No,Bi-Weekly,14,Outerwear,Jacket,4.2,No,2-Day Shipping,Credit Card,Mississippi,Fall
2610,66,Male,61-70 (Senior),95,High Value,18,Medium Engagement,High Value - Medium Engagement,No,Bi-Weekly,14,Accessories,Backpack,3.0,No,Store Pickup,Debit Card,Arkansas,Summer
2611,66,Male,61-70 (Senior),93,High Value,25,Medium Engagement,High Value - Medium Engagement,No,Quarterly,90,Clothing,Jeans,3.1,No,Express,Cash,West Virginia,Spring
2612,33,Male,31-45 (Adult),99,High Value,4,Low Engagement,High Value - Low Engagement,No,Bi-Weekly,14,Outerwear,Jacket,4.2,No,2-Day Shipping,Cash,Michigan,Fall
2613,55,Male,46-60 (Middle-Aged),22,Low Value,27,Medium Engagement,Low Value - Medium Engagement,No,Quarterly,90,Accessories,Sunglasses,3.8,No,Next Day Air,Venmo,Louisiana,Winter
2614,58,Male,46-60 (Middle-Aged),88,High Value,14,Low Engagement,High Value - Low Engagement,No,Monthly,30,Accessories,Gloves,2.9,No,Express,Bank Transfer,South Dakota,Fall
2615,18,Male,18-30 (Young Adult),65,Medium Value,36,High Engagement,Medium Value - High Engagement,No,Bi-Weekly,14,Outerwear,Jacket,4.2,No,Express,Bank Transfer,North Dakota,Spring
2616,49,Male,46-60 (Middle-Aged),62,Medium Value,6,Low Engagement,Medium Value - Low Engagement,No,Quarterly,90,Clothing,T-shirt,3.1,No,2-Day Shipping,Debit Card,Arizona,Fall
2617,61,Male,61-70 (Senior),55,Medium Value,46,High Engagement,Medium Value - High Engagement,No,Annually,365,Footwear,Sandals,3.6,No,Express,Cash,Georgia,Spring
2618,31,Male,31-45 (Adult),97,High Value,29,Medium Engagement,High Value - Medium Engagement,No,Annually,365,Clothing,Shorts,4.8,No,Standard,Bank Transfer,Idaho,Spring
2619,70,Male,61-70 (Senior),77,High Value,12,Low Engagement,High Value - Low Engagement,No,Monthly,30,Accessories,Handbag,4.1,No,Express,Venmo,Louisiana,Fall
2620,68,Male,61-70 (Senior),40,Medium Value,47,High Engagement,Medium Value - High Engagement,No,Weekly,7,Clothing,Pants,3.9,No,Free Shipping,Credit Card,Connecticut,Winter
2621,27,Male,18-30 (Young Adult),23,Low Value,28,Medium Engagement,Low Value - Medium Engagement,No,Annually,365,Clothing,Blouse,3.0,No,Standard,Debit Card,Ohio,Winter
2622,48,Male,46-60 (Middle-Aged),46,Medium Value,21,Medium Engagement,Medium Value - Medium Engagement,No,Annually,365,Footwear,Shoes,3.0,No,Express,Bank Transfer,Maine,Winter
2623,63,Male,61-70 (Senior),75,Medium Value,15,Low Engagement,Medium Value - Low Engagement,No,Annually,365,Accessories,Backpack,4.9,No,2-Day Shipping,Credit Card,New Hampshire,Spring
2624,49,Male,46-60 (Middle-Aged),76,High Value,38,High Engagement,High Value - High Engagement,No,Annually,365,Footwear,Shoes,4.8,No,Next Day Air,Cash,Massachusetts,Fall
2625,19,Male,18-30 (Young Adult),59,Medium Value,19,Medium Engagement,Medium Value - Medium Engagement,No,Annually,365,Clothing,Dress,3.3,No,Standard,Credit Card,South Dakota,Summer
2626,30,Male,18-30 (Young Adult),51,Medium Value,31,Medium Engagement,Medium Value - Medium Engagement,No,Weekly,7,Clothing,Skirt,2.7,No,Standard,Credit Card,Colorado,Summer
2627,50,Male,46-60 (Middle-Aged),46,Medium Value,30,Medium Engagement,Medium Value - Medium Engagement,No,Quarterly,90,Outerwear,Jacket,4.2,No,Express,Credit Card,Rhode Island,Fall
2628,66,Male,61-70 (Senior),26,Low Value,40,High Engagement,Low Value - High Engagement,No,Quarterly,90,Clothing,Shirt,3.6,No,Next Day Air,Bank Transfer,Missouri,Fall
2629,25,Male,18-30 (Young Adult),51,Medium Value,42,High Engagement,Medium Value - High Engagement,No,Bi-Weekly,14,Clothing,Hoodie,3.8,No,Next Day Air,Credit Card,Wyoming,Summer
2630,61,Male,61-70 (Senior),44,Medium Value,25,Medium Engagement,Medium Value - Medium Engagement,No,Annually,365,Accessories,Scarf,3.8,No,Free Shipping,Venmo,New Hampshire,Winter
2631,29,Male,18-30 (Young Adult),82,High Value,20,Medium Engagement,High Value - Medium Engagement,No,Quarterly,90,Clothing,Skirt,4.2,No,Free Shipping,Cash,Maine,Spring
2632,53,Male,46-60 (Middle-Aged),44,Medium Value,3,Low Engagement,Medium Value - Low Engagement,No,Weekly,7,Clothing,Skirt,2.7,No,Express,Cash,Connecticut,Summer
2633,24,Male,18-30 (Young Adult),27,Low Value,14,Low Engagement,Low Value - Low Engagement,No,Annually,365,Accessories,Scarf,5.0,No,Next Day Air,Cash,Alaska,Fall
2634,51,Male,46-60 (Middle-Aged),90,High Value,32,Medium Engagement,High Value - Medium Engagement,No,Bi-Weekly,14,Accessories,Sunglasses,4.7,No,Next Day Air,Credit Card,Alaska,Fall
2635,26,Male,18-30 (Young Adult),58,Medium Value,20,Medium Engagement,Medium Value - Medium Engagement,No,Quarterly,90,Footwear,Sandals,3.2,No,Store Pickup,PayPal,North Carolina,Summer
2636,59,Male,46-60 (Middle-Aged),80,High Value,34,Medium Engagement,High Value - Medium Engagement,No,Bi-Weekly,14,Clothing,Hoodie,2.9,No,2-Day Shipping,PayPal,Colorado,Spring
2637,41,Male,31-45 (Adult),40,Medium Value,6,Low Engagement,Medium Value - Low Engagement,No,Annually,365,Outerwear,Jacket,4.2,No,Store Pickup,Venmo,Utah,Winter
2638,20,Male,18-30 (Young Adult),23,Low Value,2,Low Engagement,Low Value - Low Engagement,No,Annually,365,Clothing,Pants,3.7,No,Store Pickup,PayPal,Alabama,Spring
2639,22,Male,18-30 (Young Adult),34,Low Value,35,Medium Engagement,Low Value - Medium Engagement,No,Annually,365,Clothing,Shirt,4.2,No,Store Pickup,Credit Card,Hawaii,Spring
2640,18,Male,18-30 (Young Adult),35,Low Value,33,Medium Engagement,Low Value - Medium Engagement,No,Quarterly,90,Clothing,Blouse,2.6,No,Free Shipping,Debit Card,New Hampshire,Winter
2641,30,Male,18-30 (Young Adult),75,Medium Value,45,High Engagement,Medium Value - High Engagement,No,Bi-Weekly,14,Clothing,Skirt,4.0,No,Store Pickup,Venmo,Indiana,Summer
2642,25,Male,18-30 (Young Adult),60,Medium Value,20,Medium Engagement,Medium Value - Medium Engagement,No,Quarterly,90,Accessories,Sunglasses,2.7,No,Next Day Air,Bank Transfer,Vermont,Winter
2643,39,Male,31-45 (Adult),87,High Value,48,High Engagement,High Value - High Engagement,No,Annually,365,Accessories,Belt,4.0,No,Store Pickup,Bank Transfer,Iowa,Summer
2644,49,Male,46-60 (Middle-Aged),41,Medium Value,37,High Engagement,Medium Value - High Engagement,No,Monthly,30,Accessories,Gloves,2.9,No,Next Day Air,Cash,Maryland,Spring
2645,25,Male,18-30 (Young Adult),83,High Value,4,Low Engagement,High Value - Low Engagement,No,Quarterly,90,Clothing,Pants,3.3,No,Standard,Bank Transfer,New Mexico,Spring
2646,23,Male,18-30 (Young Adult),81,High Value,24,Medium Engagement,High Value - Medium Engagement,No,Bi-Weekly,14,Accessories,Scarf,4.0,No,Store Pickup,Bank Transfer,Louisiana,Spring
2647,33,Male,31-45 (Adult),56,Medium Value,4,Low Engagement,Medium Value - Low Engagement,No,Quarterly,90,Clothing,T-shirt,3.9,No,Next Day Air,Debit Card,New Mexico,Summer
2648,60,Male,46-60 (Middle-Aged),58,Medium Value,25,Medium Engagement,Medium Value - Medium Engagement,No,Annually,365,Footwear,Shoes,3.3,No,2-Day Shipping,Debit Card,South Carolina,Summer
2649,51,Male,46-60 (Middle-Aged),84,High Value,14,Low Engagement,High Value - Low Engagement,No,Bi-Weekly,14,Clothing,Pants,3.9,No,Next Day Air,PayPal,Illinois,Spring
2650,23,Male,18-30 (Young Adult),21,Low Value,14,Low Engagement,Low Value - Low Engagement,No,Bi-Weekly,14,Accessories,Gloves,3.9,No,Store Pickup,Bank Transfer,Minnesota,Fall
2651,20,Male,18-30 (Young Adult),35,Low Value,46,High Engagement,Low Value - High Engagement,No,Quarterly,90,Clothing,Socks,4.2,No,Standard,Credit Card,Oregon,Summer
2652,51,Male,46-60 (Middle-Aged),43,Medium Value,27,Medium Engagement,Medium Value - Medium Engagement,No,Quarterly,90,Footwear,Sneakers,4.6,No,Store Pickup,PayPal,Tennessee,Summer
2653,23,Female,18-30 (Young Adult),20,Low Value,46,High Engagement,Low Value - High Engagement,No,Monthly,30,Clothing,Shorts,3.3,No,2-Day Shipping,Credit Card,Maryland,Summer
2654,67,Female,61-70 (Senior),36,Low Value,24,Medium Engagement,Low Value - Medium Engagement,No,Quarterly,90,Clothing,Blouse,4.8,No,Express,Venmo,Wisconsin,Fall
2655,23,Female,18-30 (Young Adult),70,Medium Value,4,Low Engagement,Medium Value - Low Engagement,No,Annually,365,Outerwear,Coat,4.1,No,Next Day Air,PayPal,Idaho,Fall
2656,26,Female,18-30 (Young Adult),83,High Value,2,Low Engagement,High Value - Low Engagement,No,Bi-Weekly,14,Accessories,Sunglasses,3.4,No,Standard,Credit Card,Wyoming,Summer
2657,52,Female,46-60 (Middle-Aged),76,High Value,29,Medium Engagement,High Value - Medium Engagement,No,Bi-Weekly,14,Clothing,Shorts,3.6,No,Express,Bank Transfer,Indiana,Winter
2658,52,Female,46-60 (Middle-Aged),81,High Value,7,Low Engagement,High Value - Low Engagement,No,Bi-Weekly,14,Clothing,Dress,2.7,No,Express,Credit Card,Texas,Summer
2659,52,Female,46-60 (Middle-Aged),47,Medium Value,39,High Engagement,Medium Value - High Engagement,No,Monthly,30,Accessories,Handbag,3.2,No,Next Day Air,PayPal,Ohio,Summer
2660,35,Female,31-45 (Adult),35,Low Value,46,High Engagement,Low Value - High Engagement,No,Bi-Weekly,14,Footwear,Boots,4.4,No,2-Day Shipping,Credit Card,Kansas,Summer
2661,24,Female,18-30 (Young Adult),85,High Value,44,High Engagement,High Value - High Engagement,No,Annually,365,Clothing,Pants,4.9,No,Express,Venmo,South Carolina,Spring
2662,43,Female,31-45 (Adult),96,High Value,20,Medium Engagement,High Value - Medium Engagement,No,Annually,365,Footwear,Boots,4.8,No,Express,Bank Transfer,Michigan,Fall
2663,25,Female,18-30 (Young Adult),98,High Value,44,High Engagement,High Value - High Engagement,No,Bi-Weekly,14,Clothing,Skirt,2.8,No,2-Day Shipping,PayPal,Nebraska,Summer
2664,46,Female,46-60 (Middle-Aged),52,Medium Value,23,Medium Engagement,Medium Value - Medium Engagement,No,Annually,365,Footwear,Sneakers,2.9,No,Free Shipping,Bank Transfer,Wisconsin,Fall
2665,22,Female,18-30 (Young Adult),84,High Value,37,High Engagement,High Value - High Engagement,No,Weekly,7,Accessories,Jewelry,3.2,No,Store Pickup,PayPal,Illinois,Winter
2666,70,Female,61-70 (Senior),71,Medium Value,4,Low Engagement,Medium Value - Low Engagement,No,Weekly,7,Clothing,T-shirt,3.5,No,Store Pickup,Venmo,Louisiana,Winter
2667,49,Female,46-60 (Middle-Aged),95,High Value,14,Low Engagement,High Value - Low Engagement,No,Bi-Weekly,14,Footwear,Sandals,4.1,No,Store Pickup,Venmo,Ohio,Winter
2668,48,Female,46-60 (Middle-Aged),47,Medium Value,31,Medium Engagement,Medium Value - Medium Engagement,No,Bi-Weekly,14,Footwear,Boots,4.1,No,Free Shipping,Cash,Maryland,Summer
2669,59,Female,46-60 (Middle-Aged),75,Medium Value,9,Low Engagement,Medium Value - Low Engagement,No,Quarterly,90,Outerwear,Coat,4.8,No,Next Day Air,PayPal,Texas,Summer
2670,39,Female,31-45 (Adult),28,Low Value,31,Medium Engagement,Low Value - Medium Engagement,No,Weekly,7,Accessories,Belt,2.8,No,Free Shipping,Credit Card,Illinois,Spring
2671,30,Female,18-30 (Young Adult),44,Medium Value,26,Medium Engagement,Medium Value - Medium Engagement,No,Bi-Weekly,14,Accessories,Sunglasses,4.7,No,Express,Bank Transfer,Pennsylvania,Fall
2672,37,Female,31-45 (Adult),64,Medium Value,41,High Engagement,Medium Value - High Engagement,No,Quarterly,90,Footwear,Sandals,4.8,No,2-Day Shipping,PayPal,Alabama,Winter
2673,56,Female,46-60 (Middle-Aged),28,Low Value,13,Low Engagement,Low Value - Low Engagement,No,Annually,365,Footwear,Boots,2.9,No,Standard,Cash,West Virginia,Spring
2674,67,Female,61-70 (Senior),21,Low Value,4,Low Engagement,Low Value - Low Engagement,No,Monthly,30,Clothing,Hoodie,2.6,No,2-Day Shipping,Cash,Nevada,Summer
2675,40,Female,31-45 (Adult),41,Medium Value,15,Low Engagement,Medium Value - Low Engagement,No,Quarterly,90,Accessories,Hat,3.3,No,Express,Cash,Florida,Fall
2676,24,Female,18-30 (Young Adult),38,Low Value,38,High Engagement,Low Value - High Engagement,No,Bi-Weekly,14,Clothing,Shorts,3.4,No,Free Shipping,Cash,Virginia,Winter
2677,43,Female,31-45 (Adult),77,High Value,3,Low Engagement,High Value - Low Engagement,No,Bi-Weekly,14,Accessories,Backpack,3.6,No,Free Shipping,Cash,Kentucky,Spring
2678,45,Female,31-45 (Adult),43,Medium Value,6,Low Engagement,Medium Value - Low Engagement,No,Quarterly,90,Clothing,Shorts,3.8,No,Next Day Air,PayPal,Connecticut,Spring
2679,33,Female,31-45 (Adult),91,High Value,34,Medium Engagement,High Value - Medium Engagement,No,Bi-Weekly,14,Accessories,Belt,3.4,No,2-Day Shipping,Credit Card,Montana,Spring
2680,53,Female,46-60 (Middle-Aged),68,Medium Value,7,Low Engagement,Medium Value - Low Engagement,No,Quarterly,90,Clothing,Shorts,3.8,No,Express,Debit Card,Montana,Spring
2681,44,Female,31-45 (Adult),37,Low Value,21,Medium Engagement,Low Value - Medium Engagement,No,Annually,365,Clothing,Socks,3.3,No,Next Day Air,Venmo,Nebraska,Fall
2682,23,Female,18-30 (Young Adult),23,Low Value,17,Medium Engagement,Low Value - Medium Engagement,No,Monthly,30,Footwear,Shoes,4.8,No,Standard,Debit Card,Massachusetts,Summer
2683,59,Female,46-60 (Middle-Aged),65,Medium Value,5,Low Engagement,Medium Value - Low Engagement,No,Quarterly,90,Footwear,Sneakers,3.9,No,2-Day Shipping,Venmo,North Carolina,Winter
2684,68,Female,61-70 (Senior),30,Low Value,21,Medium Engagement,Low Value - Medium Engagement,No,Bi-Weekly,14,Accessories,Backpack,4.2,No,Next Day Air,Cash,Montana,Summer
2685,46,Female,46-60 (Middle-Aged),45,Medium Value,42,High Engagement,Medium Value - High Engagement,No,Bi-Weekly,14,Clothing,Dress,4.7,No,Free Shipping,Credit Card,Washington,Summer
2686,56,Female,46-60 (Middle-Aged),25,Low Value,49,High Engagement,Low Value - High Engagement,No,Quarterly,90,Footwear,Boots,2.7,No,Express,Credit Card,Virginia,Winter
2687,40,Female,31-45 (Adult),72,Medium Value,33,Medium Engagement,Medium Value - Medium Engagement,No,Bi-Weekly,14,Clothing,Socks,3.8,No,2-Day Shipping,Cash,Georgia,Winter
2688,61,Female,61-70 (Senior),75,Medium Value,12,Low Engagement,Medium Value - Low Engagement,No,Bi-Weekly,14,Clothing,Dress,3.6,No,2-Day Shipping,Debit Card,Delaware,Fall
2689,53,Female,46-60 (Middle-Aged),63,Medium Value,18,Medium Engagement,Medium Value - Medium Engagement,No,Quarterly,90,Accessories,Handbag,2.9,No,2-Day Shipping,Credit Card,West Virginia,Spring
2690,29,Female,18-30 (Young Adult),35,Low Value,47,High Engagement,Low Value - High Engagement,No,Quarterly,90,Clothing,Blouse,3.9,No,Standard,PayPal,Wyoming,Fall
2691,44,Female,31-45 (Adult),32,Low Value,18,Medium Engagement,Low Value - Medium Engagement,No,Weekly,7,Accessories,Belt,4.7,No,Free Shipping,Bank Transfer,New Mexico,Summer
2692,43,Female,31-45 (Adult),25,Low Value,48,High Engagement,Low Value - High Engagement,No,Monthly,30,Clothing,Pants,3.3,No,2-Day Shipping,Cash,Nebraska,Winter
2693,40,Female,31-45 (Adult),90,High Value,18,Medium Engagement,High Value - Medium Engagement,No,Quarterly,90,Footwear,Sneakers,4.2,No,Free Shipping,Debit Card,Washington,Spring
2694,55,Female,46-60 (Middle-Aged),70,Medium Value,46,High Engagement,Medium Value - High Engagement,No,Quarterly,90,Footwear,Boots,2.6,No,Standard,Cash,Hawaii,Summer
2695,66,Female,61-70 (Senior),27,Low Value,34,Medium Engagement,Low Value - Medium Engagement,No,Quarterly,90,Accessories,Sunglasses,4.9,No,Express,Credit Card,Louisiana,Spring
2696,50,Female,46-60 (Middle-Aged),92,High Value,10,Low Engagement,High Value - Low Engagement,No,Bi-Weekly,14,Accessories,Hat,3.6,No,Standard,PayPal,Tennessee,Fall
2697,57,Female,46-60 (Middle-Aged),20,Low Value,12,Low Engagement,Low Value - Low Engagement,No,Monthly,30,Outerwear,Coat,4.7,No,Free Shipping,Debit Card,South Dakota,Spring
2698,42,Female,31-45 (Adult),52,Medium Value,36,High Engagement,Medium Value - High Engagement,No,Quarterly,90,Outerwear,Jacket,3.2,No,Standard,Bank Transfer,Delaware,Winter
2699,55,Female,46-60 (Middle-Aged),57,Medium Value,34,Medium Engagement,Medium Value - Medium Engagement,No,Quarterly,90,Clothing,Hoodie,3.6,No,Store Pickup,Venmo,Virginia,Summer
2700,25,Female,18-30 (Young Adult),96,High Value,49,High Engagement,High Value - High Engagement,No,Annually,365,Footwear,Boots,3.6,No,2-Day Shipping,Debit Card,Utah,Fall
2701,22,Female,18-30 (Young Adult),68,Medium Value,36,High Engagement,Medium Value - High Engagement,No,Weekly,7,Clothing,T-shirt,3.2,No,Standard,Cash,California,Winter
2702,49,Female,46-60 (Middle-Aged),30,Low Value,18,Medium Engagement,Low Value - Medium Engagement,No,Bi-Weekly,14,Clothing,Sweater,2.8,No,Store Pickup,Bank Transfer,Idaho,Summer
2703,70,Female,61-70 (Senior),37,Low Value,39,High Engagement,Low Value - High Engagement,No,Bi-Weekly,14,Footwear,Shoes,4.0,No,Next Day Air,Debit Card,Texas,Fall
2704,56,Female,46-60 (Middle-Aged),42,Medium Value,34,Medium Engagement,Medium Value - Medium Engagement,No,Weekly,7,Accessories,Scarf,4.4,No,Free Shipping,PayPal,Tennessee,Winter
2705,52,Female,46-60 (Middle-Aged),54,Medium Value,35,Medium Engagement,Medium Value - Medium Engagement,No,Weekly,7,Clothing,Dress,3.4,No,Next Day Air,Debit Card,Tennessee,Spring
2706,65,Female,61-70 (Senior),81,High Value,1,Low Engagement,High Value - Low Engagement,No,Bi-Weekly,14,Outerwear,Jacket,5.0,No,Store Pickup,Credit Card,Washington,Spring
2707,24,Female,18-30 (Young Adult),40,Medium Value,48,High Engagement,Medium Value - High Engagement,No,Quarterly,90,Footwear,Shoes,3.1,No,Express,Debit Card,Alabama,Spring
2708,32,Female,31-45 (Adult),88,High Value,19,Medium Engagement,High Value - Medium Engagement,No,Weekly,7,Accessories,Backpack,4.2,No,Standard,Cash,Nebraska,Fall
2709,57,Female,46-60 (Middle-Aged),94,High Value,44,High Engagement,High Value - High Engagement,No,Weekly,7,Clothing,Dress,3.3,No,Store Pickup,Debit Card,Alabama,Summer
2710,35,Female,31-45 (Adult),54,Medium Value,9,Low Engagement,Medium Value - Low Engagement,No,Bi-Weekly,14,Clothing,Shirt,2.9,No,Standard,Credit Card,Illinois,Winter
2711,69,Female,61-70 (Senior),51,Medium Value,3,Low Engagement,Medium Value - Low Engagement,No,Bi-Weekly,14,Outerwear,Jacket,4.7,No,Standard,Bank Transfer,Wisconsin,Summer
2712,30,Female,18-30 (Young Adult),22,Low Value,50,High Engagement,Low Value - High Engagement,No,Monthly,30,Accessories,Sunglasses,4.0,No,Standard,Venmo,Nebraska,Spring
2713,37,Female,31-45 (Adult),95,High Value,7,Low Engagement,High Value - Low Engagement,No,Quarterly,90,Outerwear,Jacket,4.6,No,Standard,Debit Card,North Dakota,Fall
2714,19,Female,18-30 (Young Adult),57,Medium Value,20,Medium Engagement,Medium Value - Medium Engagement,No,Annually,365,Outerwear,Coat,3.8,No,2-Day Shipping,Debit Card,Mississippi,Fall
2715,53,Female,46-60 (Middle-Aged),45,Medium Value,16,Medium Engagement,Medium Value - Medium Engagement,No,Bi-Weekly,14,Clothing,Sweater,3.6,No,Store Pickup,Credit Card,Iowa,Winter
2716,25,Female,18-30 (Young Adult),92,High Value,29,Medium Engagement,High Value - Medium Engagement,No,Bi-Weekly,14,Footwear,Sneakers,4.1,No,Express,PayPal,Mississippi,Winter
2717,47,Female,46-60 (Middle-Aged),40,Medium Value,21,Medium Engagement,Medium Value - Medium Engagement,No,Weekly,7,Footwear,Shoes,2.7,No,Store Pickup,Debit Card,Colorado,Spring
2718,18,Female,18-30 (Young Adult),62,Medium Value,19,Medium Engagement,Medium Value - Medium Engagement,No,Quarterly,90,Accessories,Sunglasses,4.3,No,Free Shipping,Credit Card,Nebraska,Winter
2719,22,Female,18-30 (Young Adult),90,High Value,10,Low Engagement,High Value - Low Engagement,No,Bi-Weekly,14,Clothing,Shorts,4.9,No,Next Day Air,Venmo,Virginia,Winter
2720,69,Female,61-70 (Senior),82,High Value,4,Low Engagement,High Value - Low Engagement,No,Monthly,30,Clothing,Hoodie,4.2,No,Free Shipping,Bank Transfer,Louisiana,Fall
2721,55,Female,46-60 (Middle-Aged),52,Medium Value,45,High Engagement,Medium Value - High Engagement,No,Quarterly,90,Accessories,Scarf,2.8,No,Store Pickup,Bank Transfer,Maryland,Spring
2722,19,Female,18-30 (Young Adult),70,Medium Value,17,Medium Engagement,Medium Value - Medium Engagement,No,Bi-Weekly,14,Footwear,Sandals,4.9,No,Free Shipping,PayPal,Minnesota,Spring
2723,23,Female,18-30 (Young Adult),83,High Value,22,Medium Engagement,High Value - Medium Engagement,No,Bi-Weekly,14,Accessories,Hat,2.8,No,2-Day Shipping,PayPal,Maine,Spring
2724,54,Female,46-60 (Middle-Aged),49,Medium Value,3,Low Engagement,Medium Value - Low Engagement,No,Quarterly,90,Footwear,Shoes,2.9,No,Store Pickup,PayPal,Texas,Summer
2725,52,Female,46-60 (Middle-Aged),91,High Value,11,Low Engagement,High Value - Low Engagement,No,Bi-Weekly,14,Footwear,Sneakers,2.5,No,Next Day Air,Debit Card,Missouri,Spring
2726,64,Female,61-70 (Senior),99,High Value,4,Low Engagement,High Value - Low Engagement,No,Annually,365,Accessories,Backpack,2.7,No,Free Shipping,Debit Card,Mississippi,Summer
2727,33,Female,31-45 (Adult),92,High Value,11,Low Engagement,High Value - Low Engagement,No,Bi-Weekly,14,Accessories,Belt,3.3,No,Free Shipping,PayPal,Michigan,Winter
2728,40,Female,31-45 (Adult),87,High Value,47,High Engagement,High Value - High Engagement,No,Bi-Weekly,14,Clothing,Shirt,3.7,No,2-Day Shipping,Credit Card,Colorado,Winter
2729,26,Female,18-30 (Young Adult),28,Low Value,17,Medium Engagement,Low Value - Medium Engagement,No,Weekly,7,Clothing,Skirt,4.0,No,Express,Debit Card,Florida,Winter
2730,31,Female,31-45 (Adult),71,Medium Value,32,Medium Engagement,Medium Value - Medium Engagement,No,Monthly,30,Accessories,Gloves,4.1,No,Free Shipping,Credit Card,Montana,Summer
2731,23,Female,18-30 (Young Adult),32,Low Value,37,High Engagement,Low Value - High Engagement,No,Annually,365,Accessories,Gloves,4.1,No,Store Pickup,Bank Transfer,Wisconsin,Winter
2732,52,Female,46-60 (Middle-Aged),33,Low Value,44,High Engagement,Low Value - High Engagement,No,Quarterly,90,Accessories,Handbag,2.5,No,2-Day Shipping,Bank Transfer,Wisconsin,Summer
2733,21,Female,18-30 (Young Adult),75,Medium Value,27,Medium Engagement,Medium Value - Medium Engagement,No,Quarterly,90,Clothing,Socks,4.2,No,Store Pickup,Debit Card,Delaware,Winter
2734,31,Female,31-45 (Adult),83,High Value,46,High Engagement,High Value - High Engagement,No,Annually,365,Accessories,Backpack,4.7,No,Express,PayPal,North Carolina,Summer
2735,63,Female,61-70 (Senior),93,High Value,13,Low Engagement,High Value - Low Engagement,No,Bi-Weekly,14,Clothing,Jeans,2.7,No,2-Day Shipping,Cash,New York,Summer
2736,46,Female,46-60 (Middle-Aged),29,Low Value,2,Low Engagement,Low Value - Low Engagement,No,Bi-Weekly,14,Clothing,Skirt,3.0,No,Express,PayPal,California,Spring
2737,44,Female,31-45 (Adult),25,Low Value,45,High Engagement,Low Value - High Engagement,No,Annually,365,Clothing,Hoodie,4.8,No,Store Pickup,Credit Card,Montana,Spring
2738,57,Female,46-60 (Middle-Aged),76,High Value,35,Medium Engagement,High Value - Medium Engagement,No,Quarterly,90,Accessories,Jewelry,4.4,No,Free Shipping,Cash,North Carolina,Spring
2739,50,Female,46-60 (Middle-Aged),81,High Value,39,High Engagement,High Value - High Engagement,No,Quarterly,90,Footwear,Sneakers,4.3,No,2-Day Shipping,Venmo,Ohio,Summer
2740,33,Female,31-45 (Adult),80,High Value,39,High Engagement,High Value - High Engagement,No,Quarterly,90,Clothing,Shirt,2.5,No,Store Pickup,Credit Card,Alaska,Winter
2741,19,Female,18-30 (Young Adult),70,Medium Value,34,Medium Engagement,Medium Value - Medium Engagement,No,Bi-Weekly,14,Accessories,Sunglasses,4.9,No,Free Shipping,Bank Transfer,Pennsylvania,Summer
2742,68,Female,61-70 (Senior),81,High Value,41,High Engagement,High Value - High Engagement,No,Monthly,30,Clothing,Dress,4.9,No,2-Day Shipping,Venmo,Maine,Fall
2743,27,Female,18-30 (Young Adult),86,High Value,47,High Engagement,High Value - High Engagement,No,Annually,365,Footwear,Shoes,3.9,No,Free Shipping,Debit Card,Texas,Spring
2744,61,Female,61-70 (Senior),94,High Value,17,Medium Engagement,High Value - Medium Engagement,No,Quarterly,90,Accessories,Belt,4.1,No,2-Day Shipping,Venmo,New Jersey,Fall
2745,38,Female,31-45 (Adult),66,Medium Value,40,High Engagement,Medium Value - High Engagement,No,Monthly,30,Clothing,Shirt,3.3,No,Store Pickup,Credit Card,Wyoming,Winter
2746,28,Female,18-30 (Young Adult),98,High Value,44,High Engagement,High Value - High Engagement,No,Bi-Weekly,14,Footwear,Boots,4.1,No,Standard,PayPal,Michigan,Summer
2747,39,Female,31-45 (Adult),25,Low Value,21,Medium Engagement,Low Value - Medium Engagement,No,Quarterly,90,Clothing,Hoodie,3.7,No,Standard,PayPal,Ohio,Fall
2748,18,Female,18-30 (Young Adult),62,Medium Value,21,Medium Engagement,Medium Value - Medium Engagement,No,Quarterly,90,Clothing,Jeans,3.1,No,Free Shipping,Credit Card,West Virginia,Winter
2749,24,Female,18-30 (Young Adult),98,High Value,16,Medium Engagement,High Value - Medium Engagement,No,Annually,365,Outerwear,Jacket,3.0,No,Free Shipping,Venmo,Virginia,Spring
2750,64,Female,61-70 (Senior),53,Medium Value,15,Low Engagement,Medium Value - Low Engagement,No,Annually,365,Outerwear,Jacket,3.4,No,Standard,Bank Transfer,Vermont,Spring
2751,51,Female,46-60 (Middle-Aged),66,Medium Value,26,Medium Engagement,Medium Value - Medium Engagement,No,Quarterly,90,Footwear,Sandals,2.7,No,2-Day Shipping,PayPal,Alaska,Spring
2752,27,Female,18-30 (Young Adult),52,Medium Value,50,High Engagement,Medium Value - High Engagement,No,Monthly,30,Clothing,Dress,3.1,No,Free Shipping,Venmo,Minnesota,Fall
2753,48,Female,46-60 (Middle-Aged),64,Medium Value,30,Medium Engagement,Medium Value - Medium Engagement,No,Bi-Weekly,14,Clothing,Sweater,4.0,No,Free Shipping,Venmo,Colorado,Winter
2754,69,Female,61-70 (Senior),59,Medium Value,48,High Engagement,Medium Value - High Engagement,No,Quarterly,90,Accessories,Gloves,3.6,No,Next Day Air,PayPal,Rhode Island,Spring
2755,59,Female,46-60 (Middle-Aged),61,Medium Value,21,Medium Engagement,Medium Value - Medium Engagement,No,Bi-Weekly,14,Accessories,Sunglasses,3.6,No,Free Shipping,Venmo,New Jersey,Summer
2756,59,Female,46-60 (Middle-Aged),97,High Value,18,Medium Engagement,High Value - Medium Engagement,No,Annually,365,Accessories,Belt,3.3,No,Store Pickup,Credit Card,Nevada,Winter
2757,42,Female,31-45 (Adult),23,Low Value,41,High Engagement,Low Value - High Engagement,No,Monthly,30,Accessories,Hat,4.1,No,Free Shipping,PayPal,Minnesota,Winter
2758,39,Female,31-45 (Adult),98,High Value,11,Low Engagement,High Value - Low Engagement,No,Monthly,30,Accessories,Hat,4.3,No,Next Day Air,Venmo,Delaware,Fall
2759,32,Female,31-45 (Adult),98,High Value,8,Low Engagement,High Value - Low Engagement,No,Bi-Weekly,14,Clothing,Blouse,3.2,No,Standard,Bank Transfer,Illinois,Summer
2760,68,Female,61-70 (Senior),59,Medium Value,42,High Engagement,Medium Value - High Engagement,No,Quarterly,90,Footwear,Shoes,3.9,No,Free Shipping,Cash,Washington,Summer
2761,41,Female,31-45 (Adult),82,High Value,41,High Engagement,High Value - High Engagement,No,Bi-Weekly,14,Clothing,Skirt,5.0,No,Next Day Air,Credit Card,Alaska,Fall
2762,31,Female,31-45 (Adult),82,High Value,3,Low Engagement,High Value - Low Engagement,No,Quarterly,90,Footwear,Sneakers,3.4,No,Next Day Air,Credit Card,Michigan,Fall
2763,58,Female,46-60 (Middle-Aged),41,Medium Value,10,Low Engagement,Medium Value - Low Engagement,No,Quarterly,90,Clothing,T-shirt,3.8,No,Store Pickup,Debit Card,Georgia,Fall
2764,28,Female,18-30 (Young Adult),52,Medium Value,35,Medium Engagement,Medium Value - Medium Engagement,No,Quarterly,90,Accessories,Handbag,2.9,No,2-Day Shipping,Venmo,West Virginia,Fall
2765,63,Female,61-70 (Senior),41,Medium Value,2,Low Engagement,Medium Value - Low Engagement,No,Weekly,7,Clothing,Sweater,2.6,No,Next Day Air,Debit Card,Arizona,Spring
2766,64,Female,61-70 (Senior),70,Medium Value,24,Medium Engagement,Medium Value - Medium Engagement,No,Quarterly,90,Accessories,Gloves,4.3,No,2-Day Shipping,Credit Card,Colorado,Summer
2767,66,Female,61-70 (Senior),91,High Value,47,High Engagement,High Value - High Engagement,No,Monthly,30,Clothing,Dress,2.8,No,Standard,Credit Card,Tennessee,Winter
2768,31,Female,31-45 (Adult),95,High Value,31,Medium Engagement,High Value - Medium Engagement,No,Monthly,30,Clothing,Dress,4.5,No,Free Shipping,Cash,Iowa,Spring
2769,55,Female,46-60 (Middle-Aged),25,Low Value,28,Medium Engagement,Low Value - Medium Engagement,No,Bi-Weekly,14,Clothing,Blouse,3.8,No,2-Day Shipping,PayPal,Kansas,Spring
2770,32,Female,31-45 (Adult),89,High Value,13,Low Engagement,High Value - Low Engagement,No,Weekly,7,Clothing,Shirt,3.0,No,Standard,Cash,Oklahoma,Fall
2771,50,Female,46-60 (Middle-Aged),44,Medium Value,22,Medium Engagement,Medium Value - Medium Engagement,No,Quarterly,90,Footwear,Boots,3.3,No,Express,Bank Transfer,Nebraska,Fall
2772,58,Female,46-60 (Middle-Aged),52,Medium Value,12,Low Engagement,Medium Value - Low Engagement,No,Bi-Weekly,14,Outerwear,Jacket,3.1,No,2-Day Shipping,Bank Transfer,Maryland,Summer
2773,18,Female,18-30 (Young Adult),94,High Value,10,Low Engagement,High Value - Low Engagement,No,Quarterly,90,Accessories,Backpack,3.5,No,Store Pickup,Bank Transfer,Pennsylvania,Spring
2774,39,Female,31-45 (Adult),98,High Value,45,High Engagement,High Value - High Engagement,No,Quarterly,90,Clothing,Pants,4.6,No,Express,Bank Transfer,Arizona,Spring
2775,56,Female,46-60 (Middle-Aged),40,Medium Value,42,High Engagement,Medium Value - High Engagement,No,Quarterly,90,Footwear,Boots,4.1,No,Standard,Credit Card,Oklahoma,Fall
2776,37,Female,31-45 (Adult),25,Low Value,16,Medium Engagement,Low Value - Medium Engagement,No,Weekly,7,Clothing,Socks,3.6,No,Free Shipping,Debit Card,Montana,Fall
2777,46,Female,46-60 (Middle-Aged),62,Medium Value,6,Low Engagement,Medium Value - Low Engagement,No,Annually,365,Accessories,Scarf,2.9,No,Free Shipping,Bank Transfer,Wyoming,Fall
2778,52,Female,46-60 (Middle-Aged),24,Low Value,28,Medium Engagement,Low Value - Medium Engagement,No,Quarterly,90,Clothing,Blouse,4.8,No,Standard,Credit Card,Idaho,Fall
2779,70,Female,61-70 (Senior),57,Medium Value,24,Medium Engagement,Medium Value - Medium Engagement,No,Bi-Weekly,14,Accessories,Belt,3.2,No,Standard,Credit Card,Pennsylvania,Spring
2780,61,Female,61-70 (Senior),66,Medium Value,14,Low Engagement,Medium Value - Low Engagement,No,Bi-Weekly,14,Accessories,Sunglasses,4.3,No,Express,Credit Card,Montana,Winter
2781,33,Female,31-45 (Adult),70,Medium Value,29,Medium Engagement,Medium Value - Medium Engagement,No,Bi-Weekly,14,Footwear,Boots,4.1,No,Next Day Air,PayPal,Ohio,Winter
2782,65,Female,61-70 (Senior),39,Low Value,33,Medium Engagement,Low Value - Medium Engagement,No,Weekly,7,Footwear,Sandals,4.6,No,Standard,PayPal,Mississippi,Spring
2783,41,Female,31-45 (Adult),34,Low Value,30,Medium Engagement,Low Value - Medium Engagement,No,Annually,365,Accessories,Gloves,3.8,No,Free Shipping,PayPal,Idaho,Spring
2784,19,Female,18-30 (Young Adult),38,Low Value,26,Medium Engagement,Low Value - Medium Engagement,No,Quarterly,90,Clothing,Skirt,4.5,No,Next Day Air,Credit Card,Virginia,Spring
2785,33,Female,31-45 (Adult),70,Medium Value,12,Low Engagement,Medium Value - Low Engagement,No,Quarterly,90,Clothing,Skirt,3.1,No,Express,PayPal,Idaho,Winter
2786,53,Female,46-60 (Middle-Aged),80,High Value,13,Low Engagement,High Value - Low Engagement,No,Monthly,30,Clothing,Blouse,2.9,No,Next Day Air,Bank Transfer,Louisiana,Summer
2787,54,Female,46-60 (Middle-Aged),51,Medium Value,41,High Engagement,Medium Value - High Engagement,No,Quarterly,90,Accessories,Handbag,3.8,No,Next Day Air,Debit Card,Colorado,Spring
2788,36,Female,31-45 (Adult),79,High Value,4,Low Engagement,High Value - Low Engagement,No,Bi-Weekly,14,Footwear,Boots,4.1,No,Next Day Air,Venmo,West Virginia,Spring
2789,56,Female,46-60 (Middle-Aged),92,High Value,2,Low Engagement,High Value - Low Engagement,No,Annually,365,Footwear,Boots,3.1,No,Free Shipping,Credit Card,Rhode Island,Summer
2790,28,Female,18-30 (Young Adult),85,High Value,28,Medium Engagement,High Value - Medium Engagement,No,Bi-Weekly,14,Clothing,Sweater,5.0,No,Express,Credit Card,North Carolina,Fall
2791,34,Female,31-45 (Adult),63,Medium Value,24,Medium Engagement,Medium Value - Medium Engagement,No,Annually,365,Clothing,Socks,4.5,No,Free Shipping,Debit Card,Maine,Spring
2792,43,Female,31-45 (Adult),60,Medium Value,14,Low Engagement,Medium Value - Low Engagement,No,Bi-Weekly,14,Accessories,Gloves,2.8,No,Express,Venmo,Iowa,Fall
2793,54,Female,46-60 (Middle-Aged),44,Medium Value,11,Low Engagement,Medium Value - Low Engagement,No,Weekly,7,Clothing,Shorts,3.2,No,Express,Credit Card,Kentucky,Winter
2794,37,Female,31-45 (Adult),57,Medium Value,27,Medium Engagement,Medium Value - Medium Engagement,No,Bi-Weekly,14,Footwear,Boots,3.1,No,Standard,Debit Card,Massachusetts,Spring
2795,33,Female,31-45 (Adult),24,Low Value,7,Low Engagement,Low Value - Low Engagement,No,Bi-Weekly,14,Outerwear,Jacket,3.3,No,Standard,Cash,New York,Fall
2796,33,Female,31-45 (Adult),35,Low Value,49,High Engagement,Low Value - High Engagement,No,Annually,365,Accessories,Scarf,3.4,No,Store Pickup,PayPal,Nebraska,Winter
2797,55,Female,46-60 (Middle-Aged),73,Medium Value,21,Medium Engagement,Medium Value - Medium Engagement,No,Annually,365,Outerwear,Jacket,3.8,No,Store Pickup,Cash,Oklahoma,Winter
2798,63,Female,61-70 (Senior),42,Medium Value,10,Low Engagement,Medium Value - Low Engagement,No,Quarterly,90,Accessories,Jewelry,3.5,No,Express,Venmo,Oklahoma,Winter
2799,52,Female,46-60 (Middle-Aged),20,Low Value,37,High Engagement,Low Value - High Engagement,No,Weekly,7,Clothing,Hoodie,4.8,No,Store Pickup,PayPal,Rhode Island,Winter
2800,23,Female,18-30 (Young Adult),89,High Value,9,Low Engagement,High Value - Low Engagement,No,Quarterly,90,Clothing,T-shirt,3.9,No,Free Shipping,Bank Transfer,Maine,Spring
2801,70,Female,61-70 (Senior),76,High Value,14,Low Engagement,High Value - Low Engagement,No,Bi-Weekly,14,Clothing,Shirt,3.4,No,Free Shipping,Cash,Arkansas,Fall
2802,64,Female,61-70 (Senior),56,Medium Value,30,Medium Engagement,Medium Value - Medium Engagement,No,Annually,365,Clothing,Shirt,2.6,No,Express,PayPal,New Mexico,Winter
2803,22,Female,18-30 (Young Adult),100,High Value,42,High Engagement,High Value - High Engagement,No,Bi-Weekly,14,Outerwear,Coat,3.1,No,Store Pickup,Credit Card,Hawaii,Fall
2804,46,Female,46-60 (Middle-Aged),44,Medium Value,31,Medium Engagement,Medium Value - Medium Engagement,No,Monthly,30,Clothing,T-shirt,3.3,No,Free Shipping,Bank Transfer,Idaho,Winter
2805,65,Female,61-70 (Senior),76,High Value,48,High Engagement,High Value - High Engagement,No,Quarterly,90,Clothing,Hoodie,2.8,No,Standard,Bank Transfer,South Carolina,Spring
2806,18,Female,18-30 (Young Adult),97,High Value,48,High Engagement,High Value - High Engagement,No,Quarterly,90,Accessories,Sunglasses,4.3,No,Standard,Cash,Nevada,Fall
2807,45,Female,31-45 (Adult),39,Low Value,50,High Engagement,Low Value - High Engagement,No,Annually,365,Clothing,Blouse,2.7,No,Standard,Credit Card,South Carolina,Spring
2808,56,Female,46-60 (Middle-Aged),100,High Value,10,Low Engagement,High Value - Low Engagement,No,Bi-Weekly,14,Clothing,Hoodie,4.4,No,2-Day Shipping,Debit Card,Maryland,Spring
2809,49,Female,46-60 (Middle-Aged),62,Medium Value,45,High Engagement,Medium Value - High Engagement,No,Quarterly,90,Clothing,Skirt,3.9,No,Free Shipping,PayPal,Tennessee,Spring
2810,66,Female,61-70 (Senior),98,High Value,27,Medium Engagement,High Value - Medium Engagement,No,Quarterly,90,Clothing,Shorts,3.0,No,Standard,Debit Card,Arkansas,Summer
2811,27,Female,18-30 (Young Adult),31,Low Value,10,Low Engagement,Low Value - Low Engagement,No,Bi-Weekly,14,Clothing,Jeans,4.0,No,Standard,Debit Card,Arizona,Summer
2812,69,Female,61-70 (Senior),89,High Value,19,Medium Engagement,High Value - Medium Engagement,No,Quarterly,90,Outerwear,Jacket,3.7,No,Store Pickup,Credit Card,Ohio,Fall
2813,66,Female,61-70 (Senior),91,High Value,1,Low Engagement,High Value - Low Engagement,No,Quarterly,90,Clothing,Hoodie,3.8,No,Store Pickup,Credit Card,North Dakota,Fall
2814,45,Female,31-45 (Adult),50,Medium Value,39,High Engagement,Medium Value - High Engagement,No,Quarterly,90,Clothing,Shirt,3.3,No,2-Day Shipping,Debit Card,Vermont,Summer
2815,31,Female,31-45 (Adult),32,Low Value,14,Low Engagement,Low Value - Low Engagement,No,Monthly,30,Clothing,T-shirt,3.6,No,Standard,Bank Transfer,Minnesota,Winter
2816,33,Female,31-45 (Adult),67,Medium Value,40,High Engagement,Medium Value - High Engagement,No,Quarterly,90,Clothing,Blouse,3.9,No,Free Shipping,Venmo,Idaho,Fall
2817,43,Female,31-45 (Adult),28,Low Value,45,High Engagement,Low Value - High Engagement,No,Weekly,7,Clothing,Skirt,3.5,No,Free Shipping,Venmo,Maryland,Spring
2818,25,Female,18-30 (Young Adult),65,Medium Value,6,Low Engagement,Medium Value - Low Engagement,No,Weekly,7,Accessories,Backpack,3.4,No,Standard,Venmo,South Carolina,Winter
2819,46,Female,46-60 (Middle-Aged),73,Medium Value,12,Low Engagement,Medium Value - Low Engagement,No,Annually,365,Clothing,Shorts,4.7,No,Next Day Air,Debit Card,California,Fall
2820,67,Female,61-70 (Senior),27,Low Value,19,Medium Engagement,Low Value - Medium Engagement,No,Monthly,30,Clothing,Shirt,3.0,No,Free Shipping,Cash,Georgia,Spring
2821,26,Female,18-30 (Young Adult),89,High Value,5,Low Engagement,High Value - Low Engagement,No,Bi-Weekly,14,Accessories,Backpack,3.9,No,Free Shipping,Cash,Vermont,Summer
2822,35,Female,31-45 (Adult),72,Medium Value,37,High Engagement,Medium Value - High Engagement,No,Monthly,30,Footwear,Shoes,4.5,No,Standard,Venmo,Georgia,Summer
2823,61,Female,61-70 (Senior),37,Low Value,33,Medium Engagement,Low Value - Medium Engagement,No,Quarterly,90,Clothing,Skirt,4.1,No,Standard,PayPal,New Jersey,Fall
2824,26,Female,18-30 (Young Adult),63,Medium Value,47,High Engagement,Medium Value - High Engagement,No,Bi-Weekly,14,Clothing,Dress,4.5,No,Standard,Debit Card,Utah,Summer
2825,39,Female,31-45 (Adult),90,High Value,49,High Engagement,High Value - High Engagement,No,Quarterly,90,Accessories,Hat,4.0,No,Free Shipping,Debit Card,Utah,Fall
2826,69,Female,61-70 (Senior),62,Medium Value,28,Medium Engagement,Medium Value - Medium Engagement,No,Annually,365,Accessories,Handbag,4.3,No,2-Day Shipping,Bank Transfer,North Carolina,Winter
2827,32,Female,31-45 (Adult),43,Medium Value,23,Medium Engagement,Medium Value - Medium Engagement,No,Annually,365,Accessories,Handbag,3.6,No,Express,Venmo,Florida,Fall
2828,20,Female,18-30 (Young Adult),96,High Value,11,Low Engagement,High Value - Low Engagement,No,Bi-Weekly,14,Clothing,Blouse,3.1,No,Next Day Air,Bank Transfer,Wisconsin,Fall
2829,25,Female,18-30 (Young Adult),83,High Value,33,Medium Engagement,High Value - Medium Engagement,No,Quarterly,90,Accessories,Scarf,2.6,No,Standard,PayPal,Tennessee,Fall
2830,56,Female,46-60 (Middle-Aged),67,Medium Value,47,High Engagement,Medium Value - High Engagement,No,Weekly,7,Accessories,Jewelry,3.4,No,Next Day Air,Cash,Arizona,Fall
2831,63,Female,61-70 (Senior),90,High Value,13,Low Engagement,High Value - Low Engagement,No,Quarterly,90,Clothing,Skirt,2.9,No,Store Pickup,Venmo,Oregon,Spring
2832,34,Female,31-45 (Adult),53,Medium Value,4,Low Engagement,Medium Value - Low Engagement,No,Weekly,7,Clothing,Hoodie,5.0,No,Express,Credit Card,Virginia,Winter
2833,29,Female,18-30 (Young Adult),37,Low Value,40,High Engagement,Low Value - High Engagement,No,Quarterly,90,Accessories,Scarf,4.6,No,Standard,PayPal,Maryland,Summer
2834,43,Female,31-45 (Adult),56,Medium Value,19,Medium Engagement,Medium Value - Medium Engagement,No,Monthly,30,Clothing,Jeans,3.3,No,Free Shipping,Cash,Arkansas,Fall
2835,39,Female,31-45 (Adult),43,Medium Value,17,Medium Engagement,Medium Value - Medium Engagement,No,Weekly,7,Outerwear,Jacket,2.9,No,2-Day Shipping,Credit Card,Texas,Fall
2836,33,Female,31-45 (Adult),84,High Value,7,Low Engagement,High Value - Low Engagement,No,Annually,365,Clothing,T-shirt,4.9,No,Free Shipping,Venmo,Vermont,Winter
2837,51,Female,46-60 (Middle-Aged),50,Medium Value,21,Medium Engagement,Medium Value - Medium Engagement,No,Bi-Weekly,14,Clothing,Pants,5.0,No,2-Day Shipping,Cash,Wyoming,Winter
2838,65,Female,61-70 (Senior),88,High Value,44,High Engagement,High Value - High Engagement,No,Weekly,7,Footwear,Shoes,4.5,No,Express,PayPal,Alabama,Summer
2839,51,Female,46-60 (Middle-Aged),50,Medium Value,2,Low Engagement,Medium Value - Low Engagement,No,Weekly,7,Outerwear,Jacket,3.7,No,Free Shipping,Bank Transfer,Maine,Fall
2840,70,Female,61-70 (Senior),80,High Value,30,Medium Engagement,High Value - Medium Engagement,No,Monthly,30,Accessories,Scarf,2.8,No,Store Pickup,Bank Transfer,South Dakota,Summer
2841,40,Female,31-45 (Adult),47,Medium Value,41,High Engagement,Medium Value - High Engagement,No,Annually,365,Clothing,T-shirt,3.5,No,Store Pickup,Cash,West Virginia,Spring
2842,19,Female,18-30 (Young Adult),33,Low Value,31,Medium Engagement,Low Value - Medium Engagement,No,Weekly,7,Clothing,Dress,3.0,No,2-Day Shipping,Cash,Ohio,Winter
2843,28,Female,18-30 (Young Adult),100,High Value,48,High Engagement,High Value - High Engagement,No,Quarterly,90,Outerwear,Coat,4.3,No,Standard,Debit Card,Arizona,Fall
2844,51,Female,46-60 (Middle-Aged),26,Low Value,41,High Engagement,Low Value - High Engagement,No,Weekly,7,Clothing,Sweater,3.6,No,Store Pickup,Venmo,Ohio,Summer
2845,32,Female,31-45 (Adult),79,High Value,42,High Engagement,High Value - High Engagement,No,Annually,365,Accessories,Hat,4.4,No,Standard,Venmo,New Mexico,Summer
2846,26,Female,18-30 (Young Adult),77,High Value,39,High Engagement,High Value - High Engagement,No,Quarterly,90,Accessories,Backpack,4.1,No,Express,Debit Card,South Dakota,Summer
2847,50,Female,46-60 (Middle-Aged),36,Low Value,15,Low Engagement,Low Value - Low Engagement,No,Bi-Weekly,14,Clothing,Socks,2.8,No,Next Day Air,PayPal,Oklahoma,Fall
2848,68,Female,61-70 (Senior),21,Low Value,3,Low Engagement,Low Value - Low Engagement,No,Quarterly,90,Accessories,Jewelry,2.8,No,Free Shipping,PayPal,Connecticut,Winter
2849,33,Female,31-45 (Adult),72,Medium Value,28,Medium Engagement,Medium Value - Medium Engagement,No,Quarterly,90,Footwear,Boots,4.9,No,Store Pickup,Bank Transfer,Wisconsin,Fall
2850,56,Female,46-60 (Middle-Aged),25,Low Value,27,Medium Engagement,Low Value - Medium Engagement,No,Bi-Weekly,14,Outerwear,Coat,4.1,No,Express,PayPal,New Hampshire,Spring
2851,57,Female,46-60 (Middle-Aged),79,High Value,36,High Engagement,High Value - High Engagement,No,Annually,365,Clothing,Sweater,3.0,No,Store Pickup,Debit Card,Nebraska,Spring
2852,58,Female,46-60 (Middle-Aged),73,Medium Value,42,High Engagement,Medium Value - High Engagement,No,Monthly,30,Clothing,Blouse,3.0,No,Store Pickup,Debit Card,Nevada,Summer
2853,40,Female,31-45 (Adult),71,Medium Value,30,Medium Engagement,Medium Value - Medium Engagement,No,Weekly,7,Accessories,Belt,3.0,No,Store Pickup,Venmo,New York,Spring
2854,37,Female,31-45 (Adult),48,Medium Value,9,Low Engagement,Medium Value - Low Engagement,No,Weekly,7,Accessories,Hat,3.2,No,Next Day Air,PayPal,Pennsylvania,Winter
2855,36,Female,31-45 (Adult),28,Low Value,25,Medium Engagement,Low Value - Medium Engagement,No,Monthly,30,Footwear,Sandals,2.7,No,Store Pickup,Venmo,Delaware,Fall
2856,29,Female,18-30 (Young Adult),95,High Value,33,Medium Engagement,High Value - Medium Engagement,No,Quarterly,90,Footwear,Boots,3.8,No,2-Day Shipping,PayPal,Mississippi,Winter
2857,65,Female,61-70 (Senior),48,Medium Value,31,Medium Engagement,Medium Value - Medium Engagement,No,Monthly,30,Outerwear,Jacket,3.5,No,2-Day Shipping,Credit Card,Iowa,Winter
2858,44,Female,31-45 (Adult),93,High Value,35,Medium Engagement,High Value - Medium Engagement,No,Monthly,30,Clothing,Dress,3.8,No,Next Day Air,Debit Card,Utah,Spring
2859,34,Female,31-45 (Adult),87,High Value,46,High Engagement,High Value - High Engagement,No,Monthly,30,Clothing,Jeans,3.8,No,2-Day Shipping,Bank Transfer,Maryland,Summer
2860,31,Female,31-45 (Adult),32,Low Value,29,Medium Engagement,Low Value - Medium Engagement,No,Annually,365,Clothing,Shorts,3.4,No,Express,Bank Transfer,Utah,Fall
2861,28,Female,18-30 (Young Adult),38,Low Value,49,High Engagement,Low Value - High Engagement,No,Weekly,7,Clothing,Shirt,2.9,No,Next Day Air,Bank Transfer,Rhode Island,Spring
2862,66,Female,61-70 (Senior),54,Medium Value,27,Medium Engagement,Medium Value - Medium Engagement,No,Monthly,30,Outerwear,Coat,3.4,No,Free Shipping,Credit Card,Maryland,Fall
2863,68,Female,61-70 (Senior),75,Medium Value,5,Low Engagement,Medium Value - Low Engagement,No,Quarterly,90,Outerwear,Coat,4.7,No,Store Pickup,Bank Transfer,Hawaii,Summer
2864,37,Female,31-45 (Adult),56,Medium Value,18,Medium Engagement,Medium Value - Medium Engagement,No,Monthly,30,Clothing,T-shirt,3.9,No,2-Day Shipping,Venmo,Connecticut,Fall
2865,58,Female,46-60 (Middle-Aged),43,Medium Value,31,Medium Engagement,Medium Value - Medium Engagement,No,Weekly,7,Clothing,Sweater,3.6,No,Store Pickup,Venmo,Illinois,Fall
2866,28,Female,18-30 (Young Adult),97,High Value,27,Medium Engagement,High Value - Medium Engagement,No,Bi-Weekly,14,Clothing,Skirt,3.7,No,Free Shipping,Cash,California,Fall
2867,54,Female,46-60 (Middle-Aged),75,Medium Value,19,Medium Engagement,Medium Value - Medium Engagement,No,Annually,365,Clothing,Blouse,3.1,No,Free Shipping,Cash,Connecticut,Summer
2868,21,Female,18-30 (Young Adult),55,Medium Value,33,Medium Engagement,Medium Value - Medium Engagement,No,Bi-Weekly,14,Footwear,Sneakers,4.9,No,Next Day Air,Cash,Colorado,Summer
2869,45,Female,31-45 (Adult),49,Medium Value,42,High Engagement,Medium Value - High Engagement,No,Quarterly,90,Accessories,Backpack,2.6,No,Next Day Air,PayPal,Colorado,Winter
2870,57,Female,46-60 (Middle-Aged),58,Medium Value,16,Medium Engagement,Medium Value - Medium Engagement,No,Weekly,7,Clothing,Socks,4.2,No,Standard,Bank Transfer,Georgia,Summer
2871,47,Female,46-60 (Middle-Aged),34,Low Value,49,High Engagement,Low Value - High Engagement,No,Quarterly,90,Accessories,Jewelry,4.8,No,Free Shipping,Debit Card,North Dakota,Winter
2872,46,Female,46-60 (Middle-Aged),43,Medium Value,40,High Engagement,Medium Value - High Engagement,No,Bi-Weekly,14,Clothing,Shorts,2.7,No,2-Day Shipping,Venmo,Idaho,Summer
2873,63,Female,61-70 (Senior),48,Medium Value,5,Low Engagement,Medium Value - Low Engagement,No,Annually,365,Accessories,Jewelry,2.6,No,Next Day Air,Cash,Connecticut,Fall
2874,44,Female,31-45 (Adult),40,Medium Value,8,Low Engagement,Medium Value - Low Engagement,No,Monthly,30,Clothing,Sweater,2.6,No,Free Shipping,Bank Transfer,Montana,Spring
2875,36,Female,31-45 (Adult),29,Low Value,2,Low Engagement,Low Value - Low Engagement,No,Annually,365,Clothing,Shirt,3.1,No,Standard,Debit Card,Colorado,Summer
2876,24,Female,18-30 (Young Adult),81,High Value,14,Low Engagement,High Value - Low Engagement,No,Weekly,7,Clothing,Pants,2.6,No,Free Shipping,Debit Card,Kentucky,Fall
2877,65,Female,61-70 (Senior),84,High Value,5,Low Engagement,High Value - Low Engagement,No,Bi-Weekly,14,Clothing,Hoodie,3.4,No,2-Day Shipping,Bank Transfer,New Mexico,Spring
2878,32,Female,31-45 (Adult),46,Medium Value,34,Medium Engagement,Medium Value - Medium Engagement,No,Monthly,30,Clothing,Socks,3.6,No,Standard,Venmo,New Jersey,Summer
2879,63,Female,61-70 (Senior),86,High Value,13,Low Engagement,High Value - Low Engagement,No,Annually,365,Clothing,Dress,4.3,No,Next Day Air,Bank Transfer,California,Summer
2880,62,Female,61-70 (Senior),57,Medium Value,31,Medium Engagement,Medium Value - Medium Engagement,No,Annually,365,Clothing,Blouse,4.9,No,Free Shipping,Venmo,North Dakota,Winter
2881,19,Female,18-30 (Young Adult),61,Medium Value,43,High Engagement,Medium Value - High Engagement,No,Quarterly,90,Clothing,Skirt,4.8,No,Store Pickup,PayPal,Florida,Winter
2882,38,Female,31-45 (Adult),90,High Value,6,Low Engagement,High Value - Low Engagement,No,Annually,365,Accessories,Backpack,4.2,No,Free Shipping,Bank Transfer,Texas,Winter
2883,59,Female,46-60 (Middle-Aged),51,Medium Value,23,Medium Engagement,Medium Value - Medium Engagement,No,Bi-Weekly,14,Clothing,Blouse,2.6,No,Store Pickup,Credit Card,Oklahoma,Winter
2884,22,Female,18-30 (Young Adult),48,Medium Value,10,Low Engagement,Medium Value - Low Engagement,No,Weekly,7,Clothing,Socks,3.2,No,Standard,PayPal,Rhode Island,Spring
2885,55,Female,46-60 (Middle-Aged),50,Medium Value,47,High Engagement,Medium Value - High Engagement,No,Quarterly,90,Footwear,Boots,3.4,No,2-Day Shipping,Credit Card,Arkansas,Summer
2886,29,Female,18-30 (Young Adult),82,High Value,14,Low Engagement,High Value - Low Engagement,No,Bi-Weekly,14,Accessories,Backpack,3.5,No,Next Day Air,Credit Card,Nevada,Summer
2887,42,Female,31-45 (Adult),33,Low Value,29,Medium Engagement,Low Value - Medium Engagement,No,Weekly,7,Accessories,Hat,4.2,No,Free Shipping,PayPal,Utah,Spring
2888,23,Female,18-30 (Young Adult),28,Low Value,12,Low Engagement,Low Value - Low Engagement,No,Bi-Weekly,14,Footwear,Sandals,2.8,No,Express,Cash,Kentucky,Winter
2889,70,Female,61-70 (Senior),42,Medium Value,25,Medium Engagement,Medium Value - Medium Engagement,No,Quarterly,90,Clothing,Hoodie,5.0,No,2-Day Shipping,Debit Card,Wisconsin,Spring
2890,64,Female,61-70 (Senior),43,Medium Value,21,Medium Engagement,Medium Value - Medium Engagement,No,Annually,365,Accessories,Sunglasses,3.3,No,Store Pickup,Venmo,Minnesota,Fall
2891,39,Female,31-45 (Adult),55,Medium Value,23,Medium Engagement,Medium Value - Medium Engagement,No,Monthly,30,Clothing,Jeans,3.7,No,Free Shipping,Credit Card,North Dakota,Winter
2892,47,Female,46-60 (Middle-Aged),73,Medium Value,10,Low Engagement,Medium Value - Low Engagement,No,Monthly,30,Clothing,T-shirt,2.5,No,Free Shipping,PayPal,Ohio,Winter
2893,22,Female,18-30 (Young Adult),39,Low Value,47,High Engagement,Low Value - High Engagement,No,Monthly,30,Clothing,Dress,3.2,No,Standard,Credit Card,Nevada,Spring
2894,69,Female,61-70 (Senior),20,Low Value,44,High Engagement,Low Value - High Engagement,No,Quarterly,90,Accessories,Belt,3.1,No,Free Shipping,Debit Card,Kentucky,Spring
2895,35,Female,31-45 (Adult),32,Low Value,41,High Engagement,Low Value - High Engagement,No,Annually,365,Accessories,Jewelry,3.5,No,Standard,Venmo,Kentucky,Spring
2896,56,Female,46-60 (Middle-Aged),86,High Value,29,Medium Engagement,High Value - Medium Engagement,No,Monthly,30,Clothing,Hoodie,4.6,No,Standard,Bank Transfer,Montana,Summer
2897,30,Female,18-30 (Young Adult),91,High Value,2,Low Engagement,High Value - Low Engagement,No,Quarterly,90,Clothing,Blouse,3.3,No,Free Shipping,Venmo,Delaware,Summer
2898,43,Female,31-45 (Adult),59,Medium Value,2,Low Engagement,Medium Value - Low Engagement,No,Bi-Weekly,14,Outerwear,Jacket,2.5,No,Free Shipping,Cash,Montana,Fall
2899,23,Female,18-30 (Young Adult),33,Low Value,29,Medium Engagement,Low Value - Medium Engagement,No,Annually,365,Footwear,Sneakers,4.6,No,Express,Credit Card,New Jersey,Summer
2900,50,Female,46-60 (Middle-Aged),64,Medium Value,22,Medium Engagement,Medium Value - Medium Engagement,No,Bi-Weekly,14,Footwear,Boots,4.2,No,2-Day Shipping,Bank Transfer,Nebraska,Spring
2901,41,Female,31-45 (Adult),67,Medium Value,23,Medium Engagement,Medium Value - Medium Engagement,No,Bi-Weekly,14,Clothing,Blouse,4.0,No,Standard,Cash,Maryland,Winter
2902,41,Female,31-45 (Adult),43,Medium Value,46,High Engagement,Medium Value - High Engagement,No,Quarterly,90,Clothing,Blouse,2.6,No,Free Shipping,Credit Card,Alabama,Winter
2903,27,Female,18-30 (Young Adult),32,Low Value,19,Medium Engagement,Low Value - Medium Engagement,No,Bi-Weekly,14,Footwear,Boots,4.6,No,Standard,PayPal,North Carolina,Spring
2904,38,Female,31-45 (Adult),39,Low Value,24,Medium Engagement,Low Value - Medium Engagement,No,Quarterly,90,Accessories,Scarf,3.5,No,2-Day Shipping,Credit Card,Delaware,Spring
2905,41,Female,31-45 (Adult),41,Medium Value,43,High Engagement,Medium Value - High Engagement,No,Monthly,30,Footwear,Sandals,4.0,No,2-Day Shipping,Venmo,Iowa,Spring
2906,58,Female,46-60 (Middle-Aged),53,Medium Value,14,Low Engagement,Medium Value - Low Engagement,No,Bi-Weekly,14,Accessories,Sunglasses,4.8,No,Standard,Debit Card,New York,Winter
2907,58,Female,46-60 (Middle-Aged),27,Low Value,7,Low Engagement,Low Value - Low Engagement,No,Annually,365,Outerwear,Coat,3.9,No,Standard,Venmo,Virginia,Spring
2908,19,Female,18-30 (Young Adult),82,High Value,50,High Engagement,High Value - High Engagement,No,Bi-Weekly,14,Accessories,Sunglasses,3.7,No,Next Day Air,PayPal,Maryland,Summer
2909,43,Female,31-45 (Adult),87,High Value,15,Low Engagement,High Value - Low Engagement,No,Quarterly,90,Clothing,Blouse,3.1,No,Store Pickup,Debit Card,Texas,Winter
2910,27,Female,18-30 (Young Adult),78,High Value,40,High Engagement,High Value - High Engagement,No,Quarterly,90,Accessories,Backpack,3.0,No,Next Day Air,Credit Card,Louisiana,Winter
2911,32,Female,31-45 (Adult),32,Low Value,41,High Engagement,Low Value - High Engagement,No,Monthly,30,Accessories,Belt,2.9,No,Store Pickup,Credit Card,Mississippi,Summer
2912,28,Female,18-30 (Young Adult),38,Low Value,34,Medium Engagement,Low Value - Medium Engagement,No,Quarterly,90,Clothing,Socks,2.9,No,Next Day Air,Venmo,Ohio,Fall
2913,48,Female,46-60 (Middle-Aged),37,Low Value,27,Medium Engagement,Low Value - Medium Engagement,No,Bi-Weekly,14,Footwear,Shoes,4.0,No,Standard,Cash,Oregon,Winter
2914,43,Female,31-45 (Adult),83,High Value,12,Low Engagement,High Value - Low Engagement,No,Quarterly,90,Outerwear,Coat,3.5,No,Express,Cash,Wyoming,Winter
2915,45,Female,31-45 (Adult),72,Medium Value,1,Low Engagement,Medium Value - Low Engagement,No,Bi-Weekly,14,Clothing,Sweater,3.8,No,Express,Debit Card,Pennsylvania,Fall
2916,26,Female,18-30 (Young Adult),30,Low Value,39,High Engagement,Low Value - High Engagement,No,Bi-Weekly,14,Clothing,Shirt,4.5,No,Express,Debit Card,Oregon,Fall
2917,62,Female,61-70 (Senior),66,Medium Value,13,Low Engagement,Medium Value - Low Engagement,No,Bi-Weekly,14,Clothing,Shorts,2.7,No,Express,Credit Card,Oklahoma,Winter
2918,58,Female,46-60 (Middle-Aged),45,Medium Value,50,High Engagement,Medium Value - High Engagement,No,Annually,365,Clothing,Shirt,2.9,No,Store Pickup,Venmo,Colorado,Winter
2919,19,Female,18-30 (Young Adult),73,Medium Value,36,High Engagement,Medium Value - High Engagement,No,Weekly,7,Accessories,Sunglasses,4.9,No,Free Shipping,Cash,New York,Fall
2920,64,Female,61-70 (Senior),67,Medium Value,31,Medium Engagement,Medium Value - Medium Engagement,No,Monthly,30,Footwear,Shoes,3.8,No,Standard,Debit Card,Minnesota,Winter
2921,33,Female,31-45 (Adult),72,Medium Value,3,Low Engagement,Medium Value - Low Engagement,No,Bi-Weekly,14,Accessories,Sunglasses,4.9,No,Free Shipping,Debit Card,Texas,Spring
2922,20,Female,18-30 (Young Adult),24,Low Value,11,Low Engagement,Low Value - Low Engagement,No,Bi-Weekly,14,Accessories,Handbag,4.6,No,Standard,Cash,Wisconsin,Fall
2923,45,Female,31-45 (Adult),68,Medium Value,16,Medium Engagement,Medium Value - Medium Engagement,No,Quarterly,90,Accessories,Sunglasses,3.5,No,Express,PayPal,Kentucky,Winter
2924,28,Female,18-30 (Young Adult),70,Medium Value,12,Low Engagement,Medium Value - Low Engagement,No,Quarterly,90,Clothing,Shirt,4.2,No,2-Day Shipping,Cash,Pennsylvania,Spring
2925,47,Female,46-60 (Middle-Aged),64,Medium Value,37,High Engagement,Medium Value - High Engagement,No,Quarterly,90,Clothing,Shirt,3.7,No,Free Shipping,Debit Card,Rhode Island,Winter
2926,54,Female,46-60 (Middle-Aged),91,High Value,43,High Engagement,High Value - High Engagement,No,Quarterly,90,Clothing,Sweater,2.8,No,Store Pickup,Credit Card,Illinois,Spring
2927,64,Female,61-70 (Senior),82,High Value,9,Low Engagement,High Value - Low Engagement,No,Weekly,7,Accessories,Handbag,4.8,No,2-Day Shipping,Cash,Maryland,Winter
2928,45,Female,31-45 (Adult),24,Low Value,15,Low Engagement,Low Value - Low Engagement,No,Bi-Weekly,14,Clothing,Shirt,2.7,No,Express,Venmo,Missouri,Summer
2929,40,Female,31-45 (Adult),80,High Value,17,Medium Engagement,High Value - Medium Engagement,No,Weekly,7,Accessories,Jewelry,3.6,No,Store Pickup,Credit Card,Alabama,Spring
2930,31,Female,31-45 (Adult),53,Medium Value,42,High Engagement,Medium Value - High Engagement,No,Bi-Weekly,14,Clothing,Socks,4.5,No,Next Day Air,Venmo,Maine,Winter
2931,38,Female,31-45 (Adult),50,Medium Value,14,Low Engagement,Medium Value - Low Engagement,No,Monthly,30,Clothing,T-shirt,4.0,No,Free Shipping,Venmo,Mississippi,Spring
2932,36,Female,31-45 (Adult),31,Low Value,49,High Engagement,Low Value - High Engagement,No,Bi-Weekly,14,Accessories,Jewelry,4.5,No,2-Day Shipping,Credit Card,Alabama,Fall
2933,65,Female,61-70 (Senior),88,High Value,3,Low Engagement,High Value - Low Engagement,No,Quarterly,90,Accessories,Backpack,3.9,No,Express,PayPal,Alaska,Spring
2934,27,Female,18-30 (Young Adult),52,Medium Value,28,Medium Engagement,Medium Value - Medium Engagement,No,Monthly,30,Accessories,Hat,3.8,No,Standard,Venmo,Illinois,Summer
2935,38,Female,31-45 (Adult),22,Low Value,41,High Engagement,Low Value - High Engagement,No,Quarterly,90,Accessories,Gloves,4.7,No,Next Day Air,Bank Transfer,Idaho,Fall
2936,58,Female,46-60 (Middle-Aged),27,Low Value,11,Low Engagement,Low Value - Low Engagement,No,Weekly,7,Footwear,Sneakers,4.6,No,Standard,Venmo,North Carolina,Spring
2937,31,Female,31-45 (Adult),34,Low Value,46,High Engagement,Low Value - High Engagement,No,Weekly,7,Clothing,Skirt,3.6,No,Express,PayPal,Washington,Spring
2938,28,Female,18-30 (Young Adult),39,Low Value,15,Low Engagement,Low Value - Low Engagement,No,Weekly,7,Accessories,Handbag,4.3,No,2-Day Shipping,Credit Card,West Virginia,Spring
2939,28,Female,18-30 (Young Adult),53,Medium Value,15,Low Engagement,Medium Value - Low Engagement,No,Monthly,30,Accessories,Sunglasses,3.0,No,Standard,Cash,Maine,Fall
2940,32,Female,31-45 (Adult),46,Medium Value,34,Medium Engagement,Medium Value - Medium Engagement,No,Weekly,7,Clothing,Sweater,4.3,No,Express,Venmo,Kentucky,Winter
2941,61,Female,61-70 (Senior),85,High Value,13,Low Engagement,High Value - Low Engagement,No,Monthly,30,Accessories,Handbag,4.8,No,Next Day Air,Cash,Massachusetts,Summer
2942,38,Female,31-45 (Adult),86,High Value,27,Medium Engagement,High Value - Medium Engagement,No,Monthly,30,Clothing,Skirt,3.7,No,Free Shipping,PayPal,Pennsylvania,Spring
2943,54,Female,46-60 (Middle-Aged),63,Medium Value,37,High Engagement,Medium Value - High Engagement,No,Weekly,7,Clothing,Socks,2.6,No,Free Shipping,Bank Transfer,Hawaii,Summer
2944,29,Female,18-30 (Young Adult),44,Medium Value,37,High Engagement,Medium Value - High Engagement,No,Monthly,30,Clothing,Shirt,3.4,No,Standard,Credit Card,Virginia,Spring
2945,50,Female,46-60 (Middle-Aged),95,High Value,4,Low Engagement,High Value - Low Engagement,No,Quarterly,90,Footwear,Sneakers,3.9,No,Free Shipping,Venmo,New York,Summer
2946,32,Female,31-45 (Adult),49,Medium Value,1,Low Engagement,Medium Value - Low Engagement,No,Quarterly,90,Accessories,Belt,4.8,No,Free Shipping,Credit Card,Delaware,Summer
2947,38,Female,31-45 (Adult),77,High Value,29,Medium Engagement,High Value - Medium Engagement,No,Quarterly,90,Clothing,Pants,2.8,No,Free Shipping,Bank Transfer,Hawaii,Spring
2948,52,Female,46-60 (Middle-Aged),63,Medium Value,50,High Engagement,Medium Value - High Engagement,No,Annually,365,Accessories,Jewelry,4.4,No,Standard,Venmo,Nebraska,Spring
2949,61,Female,61-70 (Senior),83,High Value,38,High Engagement,High Value - High Engagement,No,Bi-Weekly,14,Clothing,Pants,3.1,No,Standard,Debit Card,Vermont,Winter
2950,25,Female,18-30 (Young Adult),93,High Value,15,Low Engagement,High Value - Low Engagement,No,Annually,365,Accessories,Jewelry,3.8,No,Store Pickup,PayPal,Iowa,Spring
2951,22,Female,18-30 (Young Adult),91,High Value,44,High Engagement,High Value - High Engagement,No,Quarterly,90,Clothing,Jeans,4.1,No,2-Day Shipping,Debit Card,Iowa,Winter
2952,47,Female,46-60 (Middle-Aged),99,High Value,14,Low Engagement,High Value - Low Engagement,No,Weekly,7,Accessories,Scarf,4.6,No,Free Shipping,Cash,Arkansas,Fall
2953,50,Female,46-60 (Middle-Aged),24,Low Value,5,Low Engagement,Low Value - Low Engagement,No,Monthly,30,Accessories,Belt,4.9,No,Next Day Air,Debit Card,Alabama,Spring
2954,45,Female,31-45 (Adult),82,High Value,11,Low Engagement,High Value - Low Engagement,No,Annually,365,Clothing,Dress,4.8,No,Next Day Air,Credit Card,Maryland,Summer
2955,33,Female,31-45 (Adult),28,Low Value,15,Low Engagement,Low Value - Low Engagement,No,Annually,365,Clothing,T-shirt,3.9,No,Express,Credit Card,South Dakota,Winter
2956,42,Female,31-45 (Adult),67,Medium Value,46,High Engagement,Medium Value - High Engagement,No,Annually,365,Footwear,Boots,2.6,No,Free Shipping,Credit Card,Vermont,Winter
2957,52,Female,46-60 (Middle-Aged),88,High Value,30,Medium Engagement,High Value - Medium Engagement,No,Monthly,30,Clothing,Dress,3.7,No,Standard,Venmo,Montana,Fall
2958,69,Female,61-70 (Senior),70,Medium Value,2,Low Engagement,Medium Value - Low Engagement,No,Annually,365,Accessories,Jewelry,4.7,No,Standard,Cash,South Dakota,Fall
2959,55,Female,46-60 (Middle-Aged),100,High Value,28,Medium Engagement,High Value - Medium Engagement,No,Monthly,30,Clothing,Skirt,4.5,No,Standard,PayPal,Ohio,Summer
2960,38,Female,31-45 (Adult),28,Low Value,9,Low Engagement,Low Value - Low Engagement,No,Quarterly,90,Accessories,Handbag,4.7,No,Free Shipping,PayPal,Texas,Summer
2961,57,Female,46-60 (Middle-Aged),48,Medium Value,47,High Engagement,Medium Value - High Engagement,No,Weekly,7,Outerwear,Coat,3.6,No,Standard,Credit Card,Indiana,Spring
2962,33,Female,31-45 (Adult),43,Medium Value,21,Medium Engagement,Medium Value - Medium Engagement,No,Bi-Weekly,14,Clothing,Hoodie,2.8,No,Free Shipping,Debit Card,New Hampshire,Fall
2963,57,Female,46-60 (Middle-Aged),40,Medium Value,42,High Engagement,Medium Value - High Engagement,No,Quarterly,90,Clothing,Pants,4.0,No,Express,Credit Card,California,Fall
2964,52,Female,46-60 (Middle-Aged),97,High Value,28,Medium Engagement,High Value - Medium Engagement,No,Weekly,7,Footwear,Boots,3.6,No,Free Shipping,Credit Card,Maine,Spring
2965,44,Female,31-45 (Adult),25,Low Value,13,Low Engagement,Low Value - Low Engagement,No,Bi-Weekly,14,Outerwear,Coat,3.8,No,2-Day Shipping,Venmo,Ohio,Fall
2966,48,Female,46-60 (Middle-Aged),45,Medium Value,25,Medium Engagement,Medium Value - Medium Engagement,No,Bi-Weekly,14,Accessories,Scarf,4.4,No,Standard,PayPal,Delaware,Summer
2967,52,Female,46-60 (Middle-Aged),49,Medium Value,38,High Engagement,Medium Value - High Engagement,No,Quarterly,90,Footwear,Boots,2.8,No,Store Pickup,Debit Card,Oklahoma,Fall
2968,34,Female,31-45 (Adult),36,Low Value,40,High Engagement,Low Value - High Engagement,No,Annually,365,Footwear,Sneakers,3.4,No,Free Shipping,Venmo,Indiana,Summer
2969,26,Female,18-30 (Young Adult),48,Medium Value,25,Medium Engagement,Medium Value - Medium Engagement,No,Quarterly,90,Clothing,Sweater,4.9,No,Express,Cash,South Carolina,Fall
2970,36,Female,31-45 (Adult),62,Medium Value,20,Medium Engagement,Medium Value - Medium Engagement,No,Quarterly,90,Accessories,Belt,4.3,No,Next Day Air,Cash,Vermont,Fall
2971,24,Female,18-30 (Young Adult),74,Medium Value,44,High Engagement,Medium Value - High Engagement,No,Bi-Weekly,14,Accessories,Jewelry,3.4,No,Free Shipping,Credit Card,Kansas,Winter
2972,30,Female,18-30 (Young Adult),100,High Value,9,Low Engagement,High Value - Low Engagement,No,Quarterly,90,Accessories,Handbag,3.9,No,Next Day Air,PayPal,Utah,Fall
2973,31,Female,31-45 (Adult),39,Low Value,11,Low Engagement,Low Value - Low Engagement,No,Quarterly,90,Outerwear,Jacket,4.2,No,Free Shipping,Venmo,New York,Fall
2974,25,Female,18-30 (Young Adult),65,Medium Value,3,Low Engagement,Medium Value - Low Engagement,No,Bi-Weekly,14,Footwear,Boots,2.7,No,Store Pickup,Bank Transfer,Indiana,Summer
2975,57,Female,46-60 (Middle-Aged),99,High Value,34,Medium Engagement,High Value - Medium Engagement,No,Weekly,7,Footwear,Sneakers,4.1,No,Store Pickup,Credit Card,Tennessee,Summer
2976,61,Female,61-70 (Senior),68,Medium Value,48,High Engagement,Medium Value - High Engagement,No,Quarterly,90,Accessories,Scarf,4.5,No,2-Day Shipping,Cash,Georgia,Winter
2977,30,Female,18-30 (Young Adult),97,High Value,28,Medium Engagement,High Value - Medium Engagement,No,Bi-Weekly,14,Outerwear,Coat,2.8,No,Express,Cash,Nebraska,Summer
2978,38,Female,31-45 (Adult),47,Medium Value,20,Medium Engagement,Medium Value - Medium Engagement,No,Annually,365,Clothing,Shorts,3.4,No,Standard,Venmo,Washington,Winter
2979,53,Female,46-60 (Middle-Aged),56,Medium Value,49,High Engagement,Medium Value - High Engagement,No,Bi-Weekly,14,Clothing,Shorts,3.9,No,Free Shipping,Bank Transfer,Idaho,Spring
2980,31,Female,31-45 (Adult),91,High Value,14,Low Engagement,High Value - Low Engagement,No,Weekly,7,Clothing,Jeans,2.6,No,Next Day Air,PayPal,Louisiana,Fall
2981,70,Female,61-70 (Senior),93,High Value,9,Low Engagement,High Value - Low Engagement,No,Monthly,30,Accessories,Gloves,4.4,No,2-Day Shipping,Bank Transfer,New Jersey,Fall
2982,21,Female,18-30 (Young Adult),36,Low Value,37,High Engagement,Low Value - High Engagement,No,Annually,365,Clothing,Pants,4.9,No,Standard,Venmo,Delaware,Winter
2983,33,Female,31-45 (Adult),45,Medium Value,4,Low Engagement,Medium Value - Low Engagement,No,Weekly,7,Clothing,Dress,3.6,No,Store Pickup,Credit Card,Wisconsin,Summer
2984,60,Female,46-60 (Middle-Aged),44,Medium Value,1,Low Engagement,Medium Value - Low Engagement,No,Quarterly,90,Clothing,Pants,2.8,No,2-Day Shipping,Credit Card,West Virginia,Winter
2985,45,Female,31-45 (Adult),32,Low Value,36,High Engagement,Low Value - High Engagement,No,Bi-Weekly,14,Accessories,Gloves,4.3,No,2-Day Shipping,Debit Card,Texas,Spring
2986,46,Female,46-60 (Middle-Aged),36,Low Value,21,Medium Engagement,Low Value - Medium Engagement,No,Bi-Weekly,14,Accessories,Belt,3.0,No,Express,Cash,Hawaii,Summer
2987,62,Female,61-70 (Senior),85,High Value,16,Medium Engagement,High Value - Medium Engagement,No,Monthly,30,Accessories,Belt,3.3,No,2-Day Shipping,Credit Card,Arizona,Summer
2988,63,Female,61-70 (Senior),36,Low Value,42,High Engagement,Low Value - High Engagement,No,Monthly,30,Clothing,Skirt,2.5,No,Store Pickup,Cash,Louisiana,Winter
2989,69,Female,61-70 (Senior),55,Medium Value,31,Medium Engagement,Medium Value - Medium Engagement,No,Monthly,30,Clothing,Socks,5.0,No,2-Day Shipping,Debit Card,Nevada,Spring
2990,46,Female,46-60 (Middle-Aged),20,Low Value,6,Low Engagement,Low Value - Low Engagement,No,Weekly,7,Accessories,Belt,4.3,No,2-Day Shipping,Credit Card,Rhode Island,Summer
2991,69,Female,61-70 (Senior),91,High Value,24,Medium Engagement,High Value - Medium Engagement,No,Monthly,30,Clothing,Shirt,4.2,No,Free Shipping,Venmo,Illinois,Fall
2992,66,Female,61-70 (Senior),71,Medium Value,7,Low Engagement,Medium Value - Low Engagement,No,Bi-Weekly,14,Clothing,Dress,3.9,No,Standard,PayPal,Utah,Summer
2993,41,Female,31-45 (Adult),64,Medium Value,25,Medium Engagement,Medium Value - Medium Engagement,No,Weekly,7,Clothing,Socks,3.9,No,Store Pickup,Venmo,North Dakota,Spring
2994,32,Female,31-45 (Adult),21,Low Value,18,Medium Engagement,Low Value - Medium Engagement,No,Bi-Weekly,14,Outerwear,Jacket,4.2,No,Free Shipping,Cash,Kansas,Spring
2995,69,Female,61-70 (Senior),100,High Value,14,Low Engagement,High Value - Low Engagement,No,Quarterly,90,Clothing,Sweater,3.5,No,Store Pickup,Bank Transfer,Nevada,Winter
2996,29,Female,18-30 (Young Adult),96,High Value,42,High Engagement,High Value - High Engagement,No,Bi-Weekly,14,Clothing,Jeans,2.5,No,Standard,Debit Card,Virginia,Summer
2997,70,Female,61-70 (Senior),91,High Value,6,Low Engagement,High Value - Low Engagement,No,Quarterly,90,Accessories,Jewelry,2.9,No,Express,Venmo,Utah,Spring
2998,41,Female,31-45 (Adult),40,Medium Value,14,Low Engagement,Medium Value - Low Engagement,No,Quarterly,90,Clothing,Sweater,2.7,No,Next Day Air,Venmo,Idaho,Spring
2999,31,Female,31-45 (Adult),53,Medium Value,30,Medium Engagement,Medium Value - Medium Engagement,No,Quarterly,90,Clothing,Hoodie,4.7,No,Express,Debit Card,Alaska,Summer
3000,31,Female,31-45 (Adult),48,Medium Value,10,Low Engagement,Medium Value - Low Engagement,No,Monthly,30,Accessories,Sunglasses,3.8,No,Standard,Cash,New Hampshire,Winter
3001,57,Female,46-60 (Middle-Aged),70,Medium Value,7,Low Engagement,Medium Value - Low Engagement,No,Weekly,7,Footwear,Sandals,3.7,No,Express,PayPal,Ohio,Winter
3002,29,Female,18-30 (Young Adult),29,Low Value,28,Medium Engagement,Low Value - Medium Engagement,No,Quarterly,90,Outerwear,Coat,4.7,No,Express,Credit Card,Montana,Summer
3003,70,Female,61-70 (Senior),29,Low Value,19,Medium Engagement,Low Value - Medium Engagement,No,Quarterly,90,Accessories,Belt,3.6,No,Next Day Air,Bank Transfer,Louisiana,Fall
3004,51,Female,46-60 (Middle-Aged),53,Medium Value,13,Low Engagement,Medium Value - Low Engagement,No,Quarterly,90,Clothing,Blouse,2.8,No,Express,Credit Card,Oregon,Fall
3005,45,Female,31-45 (Adult),79,High Value,23,Medium Engagement,High Value - Medium Engagement,No,Bi-Weekly,14,Clothing,Skirt,3.7,No,Store Pickup,Venmo,Arizona,Winter
3006,18,Female,18-30 (Young Adult),65,Medium Value,5,Low Engagement,Medium Value - Low Engagement,No,Weekly,7,Clothing,Shorts,3.5,No,Express,Venmo,Alaska,Spring
3007,37,Female,31-45 (Adult),99,High Value,17,Medium Engagement,High Value - Medium Engagement,No,Bi-Weekly,14,Clothing,Dress,3.7,No,Store Pickup,Venmo,Utah,Summer
3008,23,Female,18-30 (Young Adult),60,Medium Value,31,Medium Engagement,Medium Value - Medium Engagement,No,Weekly,7,Accessories,Sunglasses,3.0,No,Next Day Air,Venmo,New York,Winter
3009,39,Female,31-45 (Adult),86,High Value,19,Medium Engagement,High Value - Medium Engagement,No,Weekly,7,Footwear,Shoes,4.9,No,Free Shipping,PayPal,New Mexico,Winter
3010,62,Female,61-70 (Senior),73,Medium Value,8,Low Engagement,Medium Value - Low Engagement,No,Bi-Weekly,14,Accessories,Belt,4.6,No,Free Shipping,Venmo,Louisiana,Winter
3011,70,Female,61-70 (Senior),45,Medium Value,15,Low Engagement,Medium Value - Low Engagement,No,Annually,365,Accessories,Belt,3.3,No,Free Shipping,Credit Card,Ohio,Winter
3012,20,Female,18-30 (Young Adult),70,Medium Value,18,Medium Engagement,Medium Value - Medium Engagement,No,Quarterly,90,Accessories,Belt,3.0,No,Next Day Air,Credit Card,Nevada,Summer
3013,42,Female,31-45 (Adult),65,Medium Value,16,Medium Engagement,Medium Value - Medium Engagement,No,Annually,365,Accessories,Belt,3.5,No,Standard,PayPal,Idaho,Fall
3014,41,Female,31-45 (Adult),55,Medium Value,13,Low Engagement,Medium Value - Low Engagement,No,Monthly,30,Clothing,Skirt,4.2,No,Store Pickup,Cash,Arizona,Summer
3015,24,Female,18-30 (Young Adult),65,Medium Value,38,High Engagement,Medium Value - High Engagement,No,Quarterly,90,Clothing,T-shirt,4.5,No,Express,PayPal,Utah,Spring
3016,37,Female,31-45 (Adult),21,Low Value,27,Medium Engagement,Low Value - Medium Engagement,No,Bi-Weekly,14,Accessories,Scarf,2.8,No,Express,Bank Transfer,Wyoming,Spring
3017,30,Female,18-30 (Young Adult),26,Low Value,31,Medium Engagement,Low Value - Medium Engagement,No,Quarterly,90,Clothing,Blouse,4.9,No,Store Pickup,Bank Transfer,Indiana,Summer
3018,58,Female,46-60 (Middle-Aged),71,Medium Value,24,Medium Engagement,Medium Value - Medium Engagement,No,Bi-Weekly,14,Accessories,Sunglasses,3.3,No,Next Day Air,Cash,Wisconsin,Summer
3019,43,Female,31-45 (Adult),41,Medium Value,21,Medium Engagement,Medium Value - Medium Engagement,No,Bi-Weekly,14,Footwear,Boots,3.0,No,Free Shipping,Debit Card,Texas,Summer
3020,19,Female,18-30 (Young Adult),44,Medium Value,15,Low Engagement,Medium Value - Low Engagement,No,Annually,365,Outerwear,Jacket,3.9,No,2-Day Shipping,PayPal,Utah,Winter
3021,23,Female,18-30 (Young Adult),81,High Value,48,High Engagement,High Value - High Engagement,No,Quarterly,90,Clothing,Jeans,2.8,No,Store Pickup,Venmo,Arkansas,Fall
3022,65,Female,61-70 (Senior),77,High Value,47,High Engagement,High Value - High Engagement,No,Quarterly,90,Accessories,Sunglasses,4.5,No,2-Day Shipping,Cash,Pennsylvania,Summer
3023,58,Female,46-60 (Middle-Aged),26,Low Value,23,Medium Engagement,Low Value - Medium Engagement,No,Weekly,7,Footwear,Sandals,4.0,No,Free Shipping,PayPal,Georgia,Fall
3024,50,Female,46-60 (Middle-Aged),31,Low Value,4,Low Engagement,Low Value - Low Engagement,No,Quarterly,90,Accessories,Backpack,2.9,No,Express,PayPal,Indiana,Summer
3025,67,Female,61-70 (Senior),82,High Value,47,High Engagement,High Value - High Engagement,No,Quarterly,90,Clothing,Blouse,4.0,No,Free Shipping,Credit Card,Idaho,Spring
3026,40,Female,31-45 (Adult),60,Medium Value,7,Low Engagement,Medium Value - Low Engagement,No,Monthly,30,Footwear,Shoes,3.4,No,Store Pickup,PayPal,Montana,Summer
3027,55,Female,46-60 (Middle-Aged),70,Medium Value,6,Low Engagement,Medium Value - Low Engagement,No,Annually,365,Clothing,Shirt,2.5,No,Free Shipping,Credit Card,Tennessee,Fall
3028,52,Female,46-60 (Middle-Aged),26,Low Value,47,High Engagement,Low Value - High Engagement,No,Quarterly,90,Clothing,Hoodie,2.8,No,2-Day Shipping,Credit Card,West Virginia,Winter
3029,62,Female,61-70 (Senior),100,High Value,7,Low Engagement,High Value - Low Engagement,No,Quarterly,90,Clothing,Dress,3.0,No,Free Shipping,PayPal,California,Summer
3030,64,Female,61-70 (Senior),82,High Value,1,Low Engagement,High Value - Low Engagement,No,Quarterly,90,Clothing,Dress,3.1,No,Free Shipping,Debit Card,Georgia,Summer
3031,43,Female,31-45 (Adult),24,Low Value,23,Medium Engagement,Low Value - Medium Engagement,No,Weekly,7,Footwear,Sneakers,2.6,No,2-Day Shipping,Credit Card,Maryland,Spring
3032,61,Female,61-70 (Senior),74,Medium Value,30,Medium Engagement,Medium Value - Medium Engagement,No,Monthly,30,Clothing,Blouse,4.9,No,2-Day Shipping,Credit Card,Idaho,Summer
3033,26,Female,18-30 (Young Adult),58,Medium Value,24,Medium Engagement,Medium Value - Medium Engagement,No,Quarterly,90,Accessories,Backpack,3.5,No,Next Day Air,Credit Card,California,Summer
3034,22,Female,18-30 (Young Adult),56,Medium Value,9,Low Engagement,Medium Value - Low Engagement,No,Weekly,7,Clothing,Sweater,2.6,No,Store Pickup,PayPal,Alabama,Spring
3035,51,Female,46-60 (Middle-Aged),37,Low Value,25,Medium Engagement,Low Value - Medium Engagement,No,Quarterly,90,Footwear,Boots,3.5,No,2-Day Shipping,Credit Card,Utah,Spring
3036,69,Female,61-70 (Senior),64,Medium Value,18,Medium Engagement,Medium Value - Medium Engagement,No,Bi-Weekly,14,Accessories,Handbag,4.5,No,Free Shipping,Cash,Kentucky,Spring
3037,50,Female,46-60 (Middle-Aged),58,Medium Value,7,Low Engagement,Medium Value - Low Engagement,No,Bi-Weekly,14,Clothing,Hoodie,4.3,No,Next Day Air,Venmo,Vermont,Spring
3038,51,Female,46-60 (Middle-Aged),44,Medium Value,2,Low Engagement,Medium Value - Low Engagement,No,Annually,365,Accessories,Belt,4.8,No,Next Day Air,Cash,Iowa,Summer
3039,56,Female,46-60 (Middle-Aged),39,Low Value,36,High Engagement,Low Value - High Engagement,No,Annually,365,Accessories,Jewelry,4.2,No,Free Shipping,Debit Card,Georgia,Summer
3040,59,Female,46-60 (Middle-Aged),48,Medium Value,31,Medium Engagement,Medium Value - Medium Engagement,No,Bi-Weekly,14,Clothing,Blouse,3.2,No,Next Day Air,PayPal,Alabama,Spring
3041,18,Female,18-30 (Young Adult),32,Low Value,10,Low Engagement,Low Value - Low Engagement,No,Bi-Weekly,14,Accessories,Handbag,4.1,No,Express,Cash,Nebraska,Fall
3042,48,Female,46-60 (Middle-Aged),79,High Value,27,Medium Engagement,High Value - Medium Engagement,No,Monthly,30,Accessories,Handbag,4.0,No,Express,PayPal,Rhode Island,Winter
3043,53,Female,46-60 (Middle-Aged),27,Low Value,14,Low Engagement,Low Value - Low Engagement,No,Quarterly,90,Outerwear,Coat,2.9,No,Next Day Air,PayPal,South Dakota,Winter
3044,45,Female,31-45 (Adult),98,High Value,17,Medium Engagement,High Value - Medium Engagement,No,Monthly,30,Accessories,Belt,2.6,No,Store Pickup,Credit Card,Illinois,Fall
3045,21,Female,18-30 (Young Adult),67,Medium Value,10,Low Engagement,Medium Value - Low Engagement,No,Quarterly,90,Footwear,Boots,2.7,No,Free Shipping,Bank Transfer,North Carolina,Winter
3046,42,Female,31-45 (Adult),37,Low Value,4,Low Engagement,Low Value - Low Engagement,No,Bi-Weekly,14,Clothing,Socks,4.6,No,2-Day Shipping,PayPal,Florida,Winter
3047,60,Female,46-60 (Middle-Aged),49,Medium Value,25,Medium Engagement,Medium Value - Medium Engagement,No,Quarterly,90,Footwear,Shoes,3.2,No,Store Pickup,Cash,Pennsylvania,Spring
3048,21,Female,18-30 (Young Adult),74,Medium Value,3,Low Engagement,Medium Value - Low Engagement,No,Bi-Weekly,14,Footwear,Sneakers,4.1,No,2-Day Shipping,PayPal,Vermont,Fall
3049,69,Female,61-70 (Senior),93,High Value,47,High Engagement,High Value - High Engagement,No,Bi-Weekly,14,Accessories,Jewelry,3.9,No,Standard,Venmo,Colorado,Summer
3050,40,Female,31-45 (Adult),60,Medium Value,41,High Engagement,Medium Value - High Engagement,No,Bi-Weekly,14,Accessories,Handbag,3.0,No,Next Day Air,Bank Transfer,Utah,Summer
3051,31,Female,31-45 (Adult),76,High Value,28,Medium Engagement,High Value - Medium Engagement,No,Quarterly,90,Outerwear,Coat,3.6,No,Standard,Venmo,Kentucky,Spring
3052,44,Female,31-45 (Adult),64,Medium Value,49,High Engagement,Medium Value - High Engagement,No,Quarterly,90,Accessories,Sunglasses,4.6,No,Express,Debit Card,Wyoming,Summer
3053,48,Female,46-60 (Middle-Aged),38,Low Value,7,Low Engagement,Low Value - Low Engagement,No,Bi-Weekly,14,Footwear,Shoes,4.5,No,Store Pickup,Bank Transfer,Maine,Spring
3054,32,Female,31-45 (Adult),91,High Value,22,Medium Engagement,High Value - Medium Engagement,No,Monthly,30,Footwear,Shoes,3.2,No,Next Day Air,Bank Transfer,Maine,Winter
3055,42,Female,31-45 (Adult),70,Medium Value,34,Medium Engagement,Medium Value - Medium Engagement,No,Monthly,30,Footwear,Boots,4.9,No,2-Day Shipping,Venmo,New Hampshire,Summer
3056,27,Female,18-30 (Young Adult),22,Low Value,5,Low Engagement,Low Value - Low Engagement,No,Bi-Weekly,14,Footwear,Sandals,5.0,No,Standard,Debit Card,Kansas,Fall
3057,69,Female,61-70 (Senior),59,Medium Value,15,Low Engagement,Medium Value - Low Engagement,No,Bi-Weekly,14,Accessories,Gloves,3.8,No,Standard,Cash,New Jersey,Spring
3058,67,Female,61-70 (Senior),22,Low Value,26,Medium Engagement,Low Value - Medium Engagement,No,Weekly,7,Accessories,Backpack,3.4,No,Next Day Air,Bank Transfer,North Carolina,Spring
3059,41,Female,31-45 (Adult),74,Medium Value,3,Low Engagement,Medium Value - Low Engagement,No,Bi-Weekly,14,Accessories,Handbag,3.8,No,Store Pickup,Bank Transfer,West Virginia,Winter
3060,46,Female,46-60 (Middle-Aged),71,Medium Value,42,High Engagement,Medium Value - High Engagement,No,Quarterly,90,Clothing,Sweater,3.2,No,Express,Credit Card,Kentucky,Spring
3061,47,Female,46-60 (Middle-Aged),80,High Value,1,Low Engagement,High Value - Low Engagement,No,Monthly,30,Outerwear,Coat,4.7,No,Store Pickup,Venmo,California,Summer
3062,33,Female,31-45 (Adult),59,Medium Value,20,Medium Engagement,Medium Value - Medium Engagement,No,Quarterly,90,Clothing,T-shirt,4.5,No,Express,PayPal,South Dakota,Fall
3063,51,Female,46-60 (Middle-Aged),96,High Value,39,High Engagement,High Value - High Engagement,No,Monthly,30,Accessories,Backpack,3.3,No,Standard,PayPal,California,Fall
3064,26,Female,18-30 (Young Adult),43,Medium Value,24,Medium Engagement,Medium Value - Medium Engagement,No,Bi-Weekly,14,Accessories,Sunglasses,3.9,No,Store Pickup,Credit Card,Connecticut,Winter
3065,22,Female,18-30 (Young Adult),76,High Value,49,High Engagement,High Value - High Engagement,No,Quarterly,90,Accessories,Belt,3.6,No,Express,Bank Transfer,Idaho,Winter
3066,49,Female,46-60 (Middle-Aged),59,Medium Value,7,Low Engagement,Medium Value - Low Engagement,No,Bi-Weekly,14,Outerwear,Jacket,2.8,No,Store Pickup,Venmo,North Dakota,Fall
3067,58,Female,46-60 (Middle-Aged),48,Medium Value,13,Low Engagement,Medium Value - Low Engagement,No,Quarterly,90,Clothing,Skirt,4.3,No,Free Shipping,Venmo,Michigan,Summer
3068,70,Female,61-70 (Senior),22,Low Value,2,Low Engagement,Low Value - Low Engagement,No,Weekly,7,Accessories,Belt,3.5,No,Free Shipping,Cash,Missouri,Spring
3069,32,Female,31-45 (Adult),40,Medium Value,4,Low Engagement,Medium Value - Low Engagement,No,Weekly,7,Footwear,Boots,4.2,No,Express,Debit Card,California,Winter
3070,62,Female,61-70 (Senior),73,Medium Value,17,Medium Engagement,Medium Value - Medium Engagement,No,Quarterly,90,Clothing,Jeans,4.6,No,Express,Debit Card,Delaware,Spring
3071,52,Female,46-60 (Middle-Aged),26,Low Value,43,High Engagement,Low Value - High Engagement,No,Bi-Weekly,14,Footwear,Shoes,2.6,No,Free Shipping,PayPal,Alabama,Fall
3072,23,Female,18-30 (Young Adult),41,Medium Value,6,Low Engagement,Medium Value - Low Engagement,No,Monthly,30,Clothing,Sweater,3.4,No,Next Day Air,PayPal,New Hampshire,Spring
3073,26,Female,18-30 (Young Adult),98,High Value,46,High Engagement,High Value - High Engagement,No,Quarterly,90,Accessories,Jewelry,3.1,No,Standard,PayPal,New York,Spring
3074,58,Female,46-60 (Middle-Aged),63,Medium Value,7,Low Engagement,Medium Value - Low Engagement,No,Bi-Weekly,14,Clothing,Shirt,3.6,No,Free Shipping,Debit Card,Oregon,Winter
3075,26,Female,18-30 (Young Adult),55,Medium Value,34,Medium Engagement,Medium Value - Medium Engagement,No,Bi-Weekly,14,Footwear,Boots,4.2,No,Next Day Air,Debit Card,Massachusetts,Winter
3076,54,Female,46-60 (Middle-Aged),90,High Value,21,Medium Engagement,High Value - Medium Engagement,No,Quarterly,90,Clothing,Shorts,3.6,No,Standard,PayPal,Utah,Winter
3077,66,Female,61-70 (Senior),46,Medium Value,13,Low Engagement,Medium Value - Low Engagement,No,Bi-Weekly,14,Accessories,Handbag,3.6,No,Express,Venmo,New Hampshire,Summer
3078,60,Female,46-60 (Middle-Aged),88,High Value,33,Medium Engagement,High Value - Medium Engagement,No,Bi-Weekly,14,Clothing,Sweater,3.0,No,Store Pickup,Debit Card,Illinois,Spring
3079,32,Female,31-45 (Adult),95,High Value,24,Medium Engagement,High Value - Medium Engagement,No,Bi-Weekly,14,Accessories,Belt,2.5,No,2-Day Shipping,Bank Transfer,Alaska,Spring
3080,48,Female,46-60 (Middle-Aged),31,Low Value,4,Low Engagement,Low Value - Low Engagement,No,Annually,365,Accessories,Belt,4.0,No,Store Pickup,Bank Transfer,Wyoming,Fall
3081,69,Female,61-70 (Senior),42,Medium Value,5,Low Engagement,Medium Value - Low Engagement,No,Bi-Weekly,14,Clothing,Hoodie,4.1,No,Next Day Air,Cash,Colorado,Spring
3082,64,Female,61-70 (Senior),44,Medium Value,11,Low Engagement,Medium Value - Low Engagement,No,Weekly,7,Footwear,Sneakers,4.9,No,Next Day Air,Credit Card,Vermont,Winter
3083,56,Female,46-60 (Middle-Aged),99,High Value,20,Medium Engagement,High Value - Medium Engagement,No,Annually,365,Clothing,T-shirt,4.0,No,Next Day Air,Bank Transfer,Utah,Spring
3084,22,Female,18-30 (Young Adult),20,Low Value,28,Medium Engagement,Low Value - Medium Engagement,No,Quarterly,90,Clothing,Pants,3.5,No,Store Pickup,PayPal,Illinois,Summer
3085,46,Female,46-60 (Middle-Aged),37,Low Value,43,High Engagement,Low Value - High Engagement,No,Monthly,30,Accessories,Scarf,3.2,No,Store Pickup,PayPal,Idaho,Spring
3086,24,Female,18-30 (Young Adult),50,Medium Value,10,Low Engagement,Medium Value - Low Engagement,No,Quarterly,90,Clothing,Sweater,2.8,No,Store Pickup,Venmo,Nevada,Winter
3087,47,Female,46-60 (Middle-Aged),73,Medium Value,26,Medium Engagement,Medium Value - Medium Engagement,No,Quarterly,90,Accessories,Handbag,3.5,No,Next Day Air,Venmo,Utah,Summer
3088,62,Female,61-70 (Senior),84,High Value,29,Medium Engagement,High Value - Medium Engagement,No,Monthly,30,Clothing,Shirt,3.1,No,Free Shipping,Bank Transfer,North Carolina,Spring
3089,34,Female,31-45 (Adult),64,Medium Value,35,Medium Engagement,Medium Value - Medium Engagement,No,Quarterly,90,Clothing,Dress,3.3,No,Store Pickup,Bank Transfer,Arkansas,Spring
3090,50,Female,46-60 (Middle-Aged),21,Low Value,23,Medium Engagement,Low Value - Medium Engagement,No,Bi-Weekly,14,Footwear,Sandals,4.6,No,Free Shipping,Cash,North Carolina,Fall
3091,29,Female,18-30 (Young Adult),36,Low Value,15,Low Engagement,Low Value - Low Engagement,No,Quarterly,90,Clothing,Shirt,4.9,No,Store Pickup,Bank Transfer,Texas,Summer
3092,68,Female,61-70 (Senior),81,High Value,46,High Engagement,High Value - High Engagement,No,Annually,365,Clothing,Dress,3.4,No,2-Day Shipping,Credit Card,Nevada,Winter
3093,52,Female,46-60 (Middle-Aged),54,Medium Value,14,Low Engagement,Medium Value - Low Engagement,No,Bi-Weekly,14,Accessories,Sunglasses,3.5,No,Next Day Air,Bank Transfer,Utah,Fall
3094,29,Female,18-30 (Young Adult),63,Medium Value,17,Medium Engagement,Medium Value - Medium Engagement,No,Quarterly,90,Clothing,Socks,4.8,No,Store Pickup,Cash,Pennsylvania,Summer
3095,22,Female,18-30 (Young Adult),59,Medium Value,9,Low Engagement,Medium Value - Low Engagement,No,Weekly,7,Footwear,Sandals,2.7,No,Store Pickup,Cash,Georgia,Summer
3096,62,Female,61-70 (Senior),53,Medium Value,13,Low Engagement,Medium Value - Low Engagement,No,Bi-Weekly,14,Accessories,Hat,3.4,No,Standard,Venmo,Minnesota,Fall
3097,69,Female,61-70 (Senior),63,Medium Value,20,Medium Engagement,Medium Value - Medium Engagement,No,Monthly,30,Clothing,Shirt,3.5,No,Next Day Air,Bank Transfer,Kansas,Winter
3098,48,Female,46-60 (Middle-Aged),33,Low Value,39,High Engagement,Low Value - High Engagement,No,Quarterly,90,Footwear,Shoes,3.7,No,Free Shipping,Bank Transfer,Delaware,Fall
3099,66,Female,61-70 (Senior),64,Medium Value,50,High Engagement,Medium Value - High Engagement,No,Quarterly,90,Clothing,Pants,3.3,No,Next Day Air,Bank Transfer,New Mexico,Summer
3100,42,Female,31-45 (Adult),98,High Value,21,Medium Engagement,High Value - Medium Engagement,No,Bi-Weekly,14,Clothing,Shirt,2.9,No,Free Shipping,Bank Transfer,Michigan,Fall
3101,50,Female,46-60 (Middle-Aged),85,High Value,3,Low Engagement,High Value - Low Engagement,No,Weekly,7,Accessories,Hat,3.9,No,Express,Bank Transfer,Vermont,Winter
3102,32,Female,31-45 (Adult),82,High Value,9,Low Engagement,High Value - Low Engagement,No,Bi-Weekly,14,Accessories,Jewelry,2.7,No,Express,PayPal,Idaho,Summer
3103,51,Female,46-60 (Middle-Aged),85,High Value,29,Medium Engagement,High Value - Medium Engagement,No,Bi-Weekly,14,Outerwear,Jacket,4.3,No,Standard,Cash,South Dakota,Summer
3104,27,Female,18-30 (Young Adult),37,Low Value,42,High Engagement,Low Value - High Engagement,No,Weekly,7,Clothing,Shirt,3.0,No,2-Day Shipping,Bank Transfer,Illinois,Winter
3105,43,Female,31-45 (Adult),56,Medium Value,41,High Engagement,Medium Value - High Engagement,No,Bi-Weekly,14,Clothing,Pants,5.0,No,2-Day Shipping,Debit Card,Georgia,Summer
3106,48,Female,46-60 (Middle-Aged),33,Low Value,17,Medium Engagement,Low Value - Medium Engagement,No,Monthly,30,Clothing,Skirt,2.7,No,Express,Debit Card,Oregon,Fall
3107,62,Female,61-70 (Senior),57,Medium Value,20,Medium Engagement,Medium Value - Medium Engagement,No,Annually,365,Footwear,Sandals,4.7,No,Next Day Air,PayPal,Alabama,Winter
3108,65,Female,61-70 (Senior),31,Low Value,18,Medium Engagement,Low Value - Medium Engagement,No,Bi-Weekly,14,Clothing,Blouse,4.6,No,Standard,Credit Card,Hawaii,Winter
3109,50,Female,46-60 (Middle-Aged),69,Medium Value,7,Low Engagement,Medium Value - Low Engagement,No,Monthly,30,Clothing,Socks,3.2,No,2-Day Shipping,PayPal,Oregon,Fall
3110,60,Female,46-60 (Middle-Aged),92,High Value,47,High Engagement,High Value - High Engagement,No,Bi-Weekly,14,Outerwear,Jacket,4.3,No,Free Shipping,Bank Transfer,Illinois,Winter
3111,19,Female,18-30 (Young Adult),46,Medium Value,2,Low Engagement,Medium Value - Low Engagement,No,Bi-Weekly,14,Accessories,Handbag,4.6,No,Next Day Air,Bank Transfer,Texas,Fall
3112,21,Female,18-30 (Young Adult),81,High Value,25,Medium Engagement,High Value - Medium Engagement,No,Quarterly,90,Accessories,Belt,4.9,No,Free Shipping,Debit Card,Kansas,Spring
3113,19,Female,18-30 (Young Adult),97,High Value,26,Medium Engagement,High Value - Medium Engagement,No,Annually,365,Clothing,Blouse,3.8,No,Express,Venmo,Texas,Fall
3114,46,Female,46-60 (Middle-Aged),93,High Value,2,Low Engagement,High Value - Low Engagement,No,Weekly,7,Clothing,Shirt,2.6,No,Express,Debit Card,Nebraska,Summer
3115,21,Female,18-30 (Young Adult),56,Medium Value,45,High Engagement,Medium Value - High Engagement,No,Bi-Weekly,14,Accessories,Handbag,4.7,No,Store Pickup,Venmo,Arkansas,Spring
3116,26,Female,18-30 (Young Adult),53,Medium Value,9,Low Engagement,Medium Value - Low Engagement,No,Bi-Weekly,14,Accessories,Scarf,4.1,No,Free Shipping,Bank Transfer,South Dakota,Fall
3117,50,Female,46-60 (Middle-Aged),66,Medium Value,1,Low Engagement,Medium Value - Low Engagement,No,Weekly,7,Outerwear,Coat,3.7,No,Store Pickup,Venmo,Montana,Spring
3118,43,Female,31-45 (Adult),50,Medium Value,4,Low Engagement,Medium Value - Low Engagement,No,Bi-Weekly,14,Clothing,Hoodie,3.0,No,Free Shipping,PayPal,Florida,Fall
3119,61,Female,61-70 (Senior),97,High Value,31,Medium Engagement,High Value - Medium Engagement,No,Quarterly,90,Clothing,Shorts,4.7,No,Standard,Debit Card,Virginia,Summer
3120,63,Female,61-70 (Senior),79,High Value,21,Medium Engagement,High Value - Medium Engagement,No,Quarterly,90,Footwear,Sandals,4.7,No,2-Day Shipping,Credit Card,Louisiana,Winter
3121,46,Female,46-60 (Middle-Aged),76,High Value,32,Medium Engagement,High Value - Medium Engagement,No,Bi-Weekly,14,Clothing,Shirt,4.0,No,Store Pickup,Debit Card,Louisiana,Fall
3122,63,Female,61-70 (Senior),38,Low Value,16,Medium Engagement,Low Value - Medium Engagement,No,Weekly,7,Clothing,Hoodie,2.6,No,Standard,Venmo,Louisiana,Fall
3123,23,Female,18-30 (Young Adult),45,Medium Value,34,Medium Engagement,Medium Value - Medium Engagement,No,Bi-Weekly,14,Clothing,Socks,3.0,No,Express,Credit Card,Georgia,Fall
3124,57,Female,46-60 (Middle-Aged),77,High Value,40,High Engagement,High Value - High Engagement,No,Bi-Weekly,14,Accessories,Handbag,3.3,No,Next Day Air,Venmo,Iowa,Fall
3125,57,Female,46-60 (Middle-Aged),51,Medium Value,4,Low Engagement,Medium Value - Low Engagement,No,Quarterly,90,Accessories,Jewelry,3.4,No,Standard,Cash,California,Summer
3126,33,Female,31-45 (Adult),26,Low Value,3,Low Engagement,Low Value - Low Engagement,No,Quarterly,90,Outerwear,Coat,4.0,No,Standard,Cash,Oregon,Spring
3127,57,Female,46-60 (Middle-Aged),76,High Value,28,Medium Engagement,High Value - Medium Engagement,No,Bi-Weekly,14,Accessories,Sunglasses,2.6,No,Store Pickup,Bank Transfer,Maine,Winter
3128,55,Female,46-60 (Middle-Aged),94,High Value,43,High Engagement,High Value - High Engagement,No,Quarterly,90,Accessories,Gloves,3.4,No,Free Shipping,Credit Card,Louisiana,Winter
3129,65,Female,61-70 (Senior),32,Low Value,20,Medium Engagement,Low Value - Medium Engagement,No,Annually,365,Outerwear,Jacket,4.4,No,Standard,Cash,Arkansas,Fall
3130,60,Female,46-60 (Middle-Aged),20,Low Value,40,High Engagement,Low Value - High Engagement,No,Quarterly,90,Footwear,Sandals,4.7,No,Express,Venmo,Maryland,Summer
3131,52,Female,46-60 (Middle-Aged),20,Low Value,34,Medium Engagement,Low Value - Medium Engagement,No,Quarterly,90,Clothing,Pants,4.5,No,Store Pickup,Venmo,Vermont,Summer
3132,34,Female,31-45 (Adult),59,Medium Value,11,Low Engagement,Medium Value - Low Engagement,No,Quarterly,90,Outerwear,Jacket,2.9,No,Store Pickup,Bank Transfer,North Dakota,Fall
3133,33,Female,31-45 (Adult),97,High Value,26,Medium Engagement,High Value - Medium Engagement,No,Quarterly,90,Clothing,Sweater,4.2,No,Express,Cash,Michigan,Summer
3134,58,Female,46-60 (Middle-Aged),68,Medium Value,29,Medium Engagement,Medium Value - Medium Engagement,No,Bi-Weekly,14,Clothing,T-shirt,4.1,No,Next Day Air,Cash,Arkansas,Spring
3135,35,Female,31-45 (Adult),66,Medium Value,47,High Engagement,Medium Value - High Engagement,No,Weekly,7,Footwear,Boots,4.4,No,Store Pickup,Bank Transfer,Kentucky,Spring
3136,68,Female,61-70 (Senior),85,High Value,48,High Engagement,High Value - High Engagement,No,Bi-Weekly,14,Footwear,Shoes,4.7,No,Free Shipping,Venmo,Indiana,Spring
3137,58,Female,46-60 (Middle-Aged),32,Low Value,29,Medium Engagement,Low Value - Medium Engagement,No,Bi-Weekly,14,Clothing,Skirt,3.1,No,Next Day Air,Cash,Minnesota,Fall
3138,34,Female,31-45 (Adult),44,Medium Value,14,Low Engagement,Medium Value - Low Engagement,No,Monthly,30,Outerwear,Coat,2.7,No,2-Day Shipping,Bank Transfer,Louisiana,Spring
3139,47,Female,46-60 (Middle-Aged),95,High Value,40,High Engagement,High Value - High Engagement,No,Quarterly,90,Clothing,Blouse,4.6,No,Next Day Air,Cash,Kentucky,Fall
3140,35,Female,31-45 (Adult),85,High Value,4,Low Engagement,High Value - Low Engagement,No,Weekly,7,Accessories,Sunglasses,4.4,No,Next Day Air,Venmo,Georgia,Winter
3141,34,Female,31-45 (Adult),44,Medium Value,37,High Engagement,Medium Value - High Engagement,No,Weekly,7,Accessories,Gloves,4.6,No,Free Shipping,Bank Transfer,Alaska,Summer
3142,36,Female,31-45 (Adult),30,Low Value,47,High Engagement,Low Value - High Engagement,No,Bi-Weekly,14,Accessories,Sunglasses,4.9,No,Express,Credit Card,Mississippi,Winter
3143,23,Female,18-30 (Young Adult),21,Low Value,1,Low Engagement,Low Value - Low Engagement,No,Quarterly,90,Footwear,Sneakers,4.0,No,2-Day Shipping,Venmo,Kansas,Winter
3144,68,Female,61-70 (Senior),22,Low Value,26,Medium Engagement,Low Value - Medium Engagement,No,Quarterly,90,Clothing,Hoodie,2.9,No,Store Pickup,Cash,Arizona,Summer
3145,23,Female,18-30 (Young Adult),70,Medium Value,12,Low Engagement,Medium Value - Low Engagement,No,Quarterly,90,Footwear,Boots,2.6,No,Free Shipping,Debit Card,Maine,Spring
3146,57,Female,46-60 (Middle-Aged),29,Low Value,16,Medium Engagement,Low Value - Medium Engagement,No,Bi-Weekly,14,Accessories,Handbag,4.6,No,Standard,PayPal,Texas,Spring
3147,21,Female,18-30 (Young Adult),83,High Value,19,Medium Engagement,High Value - Medium Engagement,No,Annually,365,Clothing,Shirt,4.9,No,Free Shipping,PayPal,Virginia,Winter
3148,45,Female,31-45 (Adult),99,High Value,21,Medium Engagement,High Value - Medium Engagement,No,Weekly,7,Clothing,Sweater,4.3,No,Express,Credit Card,North Dakota,Winter
3149,37,Female,31-45 (Adult),35,Low Value,15,Low Engagement,Low Value - Low Engagement,No,Weekly,7,Clothing,Shorts,4.3,No,Free Shipping,Venmo,West Virginia,Fall
3150,18,Female,18-30 (Young Adult),40,Medium Value,9,Low Engagement,Medium Value - Low Engagement,No,Annually,365,Accessories,Belt,4.6,No,Free Shipping,Venmo,North Carolina,Winter
3151,55,Female,46-60 (Middle-Aged),25,Low Value,7,Low Engagement,Low Value - Low Engagement,No,Bi-Weekly,14,Clothing,Blouse,2.6,No,Express,Bank Transfer,Georgia,Spring
3152,52,Female,46-60 (Middle-Aged),64,Medium Value,47,High Engagement,Medium Value - High Engagement,No,Quarterly,90,Clothing,T-shirt,3.1,No,2-Day Shipping,Bank Transfer,New Mexico,Fall
3153,49,Female,46-60 (Middle-Aged),90,High Value,17,Medium Engagement,High Value - Medium Engagement,No,Monthly,30,Accessories,Belt,3.1,No,Store Pickup,PayPal,North Carolina,Fall
3154,56,Female,46-60 (Middle-Aged),88,High Value,46,High Engagement,High Value - High Engagement,No,Bi-Weekly,14,Clothing,Socks,3.1,No,Next Day Air,Venmo,Alabama,Fall
3155,27,Female,18-30 (Young Adult),55,Medium Value,32,Medium Engagement,Medium Value - Medium Engagement,No,Quarterly,90,Accessories,Belt,4.4,No,Standard,Cash,Connecticut,Winter
3156,22,Female,18-30 (Young Adult),90,High Value,34,Medium Engagement,High Value - Medium Engagement,No,Annually,365,Accessories,Handbag,4.3,No,Free Shipping,Cash,Montana,Fall
3157,18,Female,18-30 (Young Adult),50,Medium Value,18,Medium Engagement,Medium Value - Medium Engagement,No,Monthly,30,Clothing,Shirt,3.1,No,2-Day Shipping,Cash,Montana,Winter
3158,21,Female,18-30 (Young Adult),34,Low Value,5,Low Engagement,Low Value - Low Engagement,No,Bi-Weekly,14,Accessories,Belt,3.1,No,Store Pickup,Debit Card,Maine,Fall
3159,30,Female,18-30 (Young Adult),77,High Value,44,High Engagement,High Value - High Engagement,No,Monthly,30,Accessories,Jewelry,4.9,No,2-Day Shipping,Credit Card,Mississippi,Winter
3160,62,Female,61-70 (Senior),89,High Value,4,Low Engagement,High Value - Low Engagement,No,Quarterly,90,Accessories,Hat,2.9,No,Store Pickup,Bank Transfer,Louisiana,Winter
3161,28,Female,18-30 (Young Adult),87,High Value,37,High Engagement,High Value - High Engagement,No,Bi-Weekly,14,Accessories,Backpack,3.8,No,Next Day Air,Cash,Nebraska,Fall
3162,66,Female,61-70 (Senior),77,High Value,43,High Engagement,High Value - High Engagement,No,Monthly,30,Clothing,Dress,4.2,No,2-Day Shipping,Cash,Massachusetts,Winter
3163,66,Female,61-70 (Senior),85,High Value,28,Medium Engagement,High Value - Medium Engagement,No,Quarterly,90,Footwear,Shoes,3.9,No,Standard,Bank Transfer,Wisconsin,Winter
3164,49,Female,46-60 (Middle-Aged),66,Medium Value,36,High Engagement,Medium Value - High Engagement,No,Monthly,30,Clothing,Pants,2.8,No,Express,Cash,Nebraska,Summer
3165,40,Female,31-45 (Adult),32,Low Value,16,Medium Engagement,Low Value - Medium Engagement,No,Annually,365,Clothing,Dress,2.6,No,Standard,Credit Card,Arizona,Winter
3166,49,Female,46-60 (Middle-Aged),92,High Value,38,High Engagement,High Value - High Engagement,No,Quarterly,90,Outerwear,Jacket,3.0,No,Store Pickup,Bank Transfer,Hawaii,Spring
3167,19,Female,18-30 (Young Adult),80,High Value,37,High Engagement,High Value - High Engagement,No,Bi-Weekly,14,Clothing,Shirt,2.7,No,Next Day Air,Bank Transfer,Georgia,Winter
3168,24,Female,18-30 (Young Adult),78,High Value,9,Low Engagement,High Value - Low Engagement,No,Bi-Weekly,14,Clothing,Dress,2.8,No,2-Day Shipping,Cash,Oregon,Fall
3169,31,Female,31-45 (Adult),24,Low Value,14,Low Engagement,Low Value - Low Engagement,No,Bi-Weekly,14,Clothing,Jeans,2.9,No,2-Day Shipping,PayPal,Montana,Spring
3170,35,Female,31-45 (Adult),59,Medium Value,3,Low Engagement,Medium Value - Low Engagement,No,Weekly,7,Clothing,T-shirt,3.8,No,Free Shipping,Venmo,Georgia,Fall
3171,65,Female,61-70 (Senior),41,Medium Value,10,Low Engagement,Medium Value - Low Engagement,No,Bi-Weekly,14,Accessories,Sunglasses,4.4,No,Express,Credit Card,Rhode Island,Spring
3172,68,Female,61-70 (Senior),26,Low Value,26,Medium Engagement,Low Value - Medium Engagement,No,Bi-Weekly,14,Accessories,Jewelry,3.1,No,Express,Bank Transfer,Tennessee,Spring
3173,57,Female,46-60 (Middle-Aged),52,Medium Value,30,Medium Engagement,Medium Value - Medium Engagement,No,Bi-Weekly,14,Clothing,Socks,3.7,No,Standard,Debit Card,Missouri,Fall
3174,69,Female,61-70 (Senior),46,Medium Value,32,Medium Engagement,Medium Value - Medium Engagement,No,Bi-Weekly,14,Clothing,Skirt,4.9,No,Next Day Air,PayPal,Washington,Summer
3175,45,Female,31-45 (Adult),52,Medium Value,35,Medium Engagement,Medium Value - Medium Engagement,No,Monthly,30,Clothing,Pants,3.8,No,Store Pickup,PayPal,Oklahoma,Winter
3176,35,Female,31-45 (Adult),42,Medium Value,26,Medium Engagement,Medium Value - Medium Engagement,No,Quarterly,90,Clothing,Socks,3.4,No,Store Pickup,Debit Card,Connecticut,Fall
3177,36,Female,31-45 (Adult),37,Low Value,39,High Engagement,Low Value - High Engagement,No,Monthly,30,Footwear,Sandals,4.6,No,2-Day Shipping,Credit Card,Arkansas,Spring
3178,55,Female,46-60 (Middle-Aged),52,Medium Value,31,Medium Engagement,Medium Value - Medium Engagement,No,Monthly,30,Accessories,Belt,3.2,No,Standard,Credit Card,Missouri,Fall
3179,66,Female,61-70 (Senior),34,Low Value,28,Medium Engagement,Low Value - Medium Engagement,No,Annually,365,Footwear,Sandals,2.7,No,Free Shipping,Credit Card,Washington,Spring
3180,57,Female,46-60 (Middle-Aged),88,High Value,12,Low Engagement,High Value - Low Engagement,No,Bi-Weekly,14,Clothing,Shorts,4.3,No,Free Shipping,Debit Card,Idaho,Spring
3181,18,Female,18-30 (Young Adult),88,High Value,46,High Engagement,High Value - High Engagement,No,Weekly,7,Accessories,Handbag,3.8,No,Standard,PayPal,Montana,Fall
3182,31,Female,31-45 (Adult),51,Medium Value,27,Medium Engagement,Medium Value - Medium Engagement,No,Quarterly,90,Outerwear,Jacket,4.4,No,Free Shipping,PayPal,Montana,Summer
3183,50,Female,46-60 (Middle-Aged),97,High Value,4,Low Engagement,High Value - Low Engagement,No,Annually,365,Accessories,Sunglasses,3.6,No,Free Shipping,Credit Card,Georgia,Fall
3184,50,Female,46-60 (Middle-Aged),56,Medium Value,14,Low Engagement,Medium Value - Low Engagement,No,Quarterly,90,Footwear,Sneakers,3.5,No,Standard,Cash,Mississippi,Winter
3185,61,Female,61-70 (Senior),53,Medium Value,30,Medium Engagement,Medium Value - Medium Engagement,No,Quarterly,90,Clothing,Sweater,4.2,No,2-Day Shipping,Venmo,Hawaii,Spring
3186,52,Female,46-60 (Middle-Aged),71,Medium Value,6,Low Engagement,Medium Value - Low Engagement,No,Annually,365,Clothing,Skirt,4.7,No,Express,PayPal,Ohio,Fall
3187,38,Female,31-45 (Adult),93,High Value,43,High Engagement,High Value - High Engagement,No,Annually,365,Accessories,Jewelry,4.8,No,Store Pickup,Venmo,Virginia,Winter
3188,67,Female,61-70 (Senior),72,Medium Value,28,Medium Engagement,Medium Value - Medium Engagement,No,Weekly,7,Clothing,Blouse,3.2,No,Free Shipping,Debit Card,Texas,Winter
3189,42,Female,31-45 (Adult),59,Medium Value,39,High Engagement,Medium Value - High Engagement,No,Monthly,30,Clothing,Blouse,3.5,No,Standard,Bank Transfer,Vermont,Winter
3190,25,Female,18-30 (Young Adult),87,High Value,30,Medium Engagement,High Value - Medium Engagement,No,Bi-Weekly,14,Footwear,Boots,4.2,No,Store Pickup,PayPal,Kansas,Summer
3191,41,Female,31-45 (Adult),78,High Value,5,Low Engagement,High Value - Low Engagement,No,Bi-Weekly,14,Clothing,Jeans,3.4,No,Free Shipping,Credit Card,California,Fall
3192,62,Female,61-70 (Senior),68,Medium Value,42,High Engagement,Medium Value - High Engagement,No,Quarterly,90,Clothing,Hoodie,4.7,No,Store Pickup,Credit Card,Mississippi,Winter
3193,19,Female,18-30 (Young Adult),76,High Value,20,Medium Engagement,High Value - Medium Engagement,No,Bi-Weekly,14,Clothing,Sweater,3.0,No,Free Shipping,Cash,Iowa,Fall
3194,63,Female,61-70 (Senior),99,High Value,35,Medium Engagement,High Value - Medium Engagement,No,Bi-Weekly,14,Accessories,Gloves,4.0,No,Express,Credit Card,Virginia,Winter
3195,43,Female,31-45 (Adult),52,Medium Value,10,Low Engagement,Medium Value - Low Engagement,No,Bi-Weekly,14,Footwear,Sneakers,4.6,No,Standard,Credit Card,Maryland,Summer
3196,68,Female,61-70 (Senior),58,Medium Value,36,High Engagement,Medium Value - High Engagement,No,Quarterly,90,Accessories,Sunglasses,4.9,No,Next Day Air,Credit Card,Missouri,Spring
3197,24,Female,18-30 (Young Adult),59,Medium Value,21,Medium Engagement,Medium Value - Medium Engagement,No,Bi-Weekly,14,Accessories,Belt,2.8,No,Express,Debit Card,Wisconsin,Winter
3198,27,Female,18-30 (Young Adult),71,Medium Value,29,Medium Engagement,Medium Value - Medium Engagement,No,Quarterly,90,Clothing,Sweater,3.2,No,Free Shipping,Credit Card,Maine,Spring
3199,61,Female,61-70 (Senior),94,High Value,39,High Engagement,High Value - High Engagement,No,Weekly,7,Accessories,Gloves,2.8,No,Free Shipping,Debit Card,Pennsylvania,Winter
3200,59,Female,46-60 (Middle-Aged),40,Medium Value,16,Medium Engagement,Medium Value - Medium Engagement,No,Monthly,30,Accessories,Handbag,4.2,No,Express,PayPal,Maine,Winter
3201,67,Female,61-70 (Senior),24,Low Value,32,Medium Engagement,Low Value - Medium Engagement,No,Monthly,30,Clothing,Socks,4.8,No,Free Shipping,Credit Card,Missouri,Spring
3202,46,Female,46-60 (Middle-Aged),38,Low Value,34,Medium Engagement,Low Value - Medium Engagement,No,Monthly,30,Clothing,Pants,2.8,No,2-Day Shipping,Cash,Vermont,Fall
3203,65,Female,61-70 (Senior),37,Low Value,38,High Engagement,Low Value - High Engagement,No,Annually,365,Accessories,Scarf,4.5,No,Standard,Venmo,Wisconsin,Fall
3204,63,Female,61-70 (Senior),29,Low Value,14,Low Engagement,Low Value - Low Engagement,No,Annually,365,Outerwear,Coat,4.1,No,Express,Venmo,New Jersey,Spring
3205,57,Female,46-60 (Middle-Aged),92,High Value,23,Medium Engagement,High Value - Medium Engagement,No,Bi-Weekly,14,Outerwear,Jacket,4.3,No,Free Shipping,Debit Card,New Mexico,Fall
3206,40,Female,31-45 (Adult),24,Low Value,50,High Engagement,Low Value - High Engagement,No,Quarterly,90,Clothing,Hoodie,4.4,No,2-Day Shipping,Bank Transfer,Colorado,Fall
3207,36,Female,31-45 (Adult),52,Medium Value,49,High Engagement,Medium Value - High Engagement,No,Monthly,30,Footwear,Boots,3.0,No,Free Shipping,PayPal,California,Winter
3208,67,Female,61-70 (Senior),29,Low Value,14,Low Engagement,Low Value - Low Engagement,No,Annually,365,Clothing,Socks,2.7,No,Next Day Air,PayPal,Arizona,Summer
3209,61,Female,61-70 (Senior),30,Low Value,42,High Engagement,Low Value - High Engagement,No,Weekly,7,Accessories,Jewelry,3.3,No,2-Day Shipping,PayPal,Indiana,Winter
3210,64,Female,61-70 (Senior),31,Low Value,39,High Engagement,Low Value - High Engagement,No,Annually,365,Footwear,Shoes,4.3,No,Standard,Debit Card,Arkansas,Fall
3211,30,Female,18-30 (Young Adult),67,Medium Value,43,High Engagement,Medium Value - High Engagement,No,Bi-Weekly,14,Clothing,Socks,2.9,No,Express,Venmo,Nevada,Summer
3212,53,Female,46-60 (Middle-Aged),65,Medium Value,12,Low Engagement,Medium Value - Low Engagement,No,Monthly,30,Clothing,Pants,4.9,No,Standard,Cash,Rhode Island,Winter
3213,27,Female,18-30 (Young Adult),22,Low Value,21,Medium Engagement,Low Value - Medium Engagement,No,Weekly,7,Footwear,Sneakers,3.6,No,2-Day Shipping,Debit Card,Wyoming,Winter
3214,27,Female,18-30 (Young Adult),56,Medium Value,33,Medium Engagement,Medium Value - Medium Engagement,No,Monthly,30,Accessories,Sunglasses,3.3,No,Standard,Credit Card,Texas,Winter
3215,53,Female,46-60 (Middle-Aged),78,High Value,6,Low Engagement,High Value - Low Engagement,No,Annually,365,Clothing,Skirt,3.1,No,Free Shipping,Debit Card,Washington,Spring
3216,34,Female,31-45 (Adult),90,High Value,10,Low Engagement,High Value - Low Engagement,No,Quarterly,90,Outerwear,Coat,2.7,No,Free Shipping,PayPal,Rhode Island,Summer
3217,39,Female,31-45 (Adult),85,High Value,18,Medium Engagement,High Value - Medium Engagement,No,Weekly,7,Clothing,Hoodie,3.4,No,Next Day Air,Cash,Illinois,Winter
3218,44,Female,31-45 (Adult),58,Medium Value,46,High Engagement,Medium Value - High Engagement,No,Weekly,7,Accessories,Sunglasses,3.4,No,Express,Venmo,Oregon,Fall
3219,37,Female,31-45 (Adult),34,Low Value,49,High Engagement,Low Value - High Engagement,No,Monthly,30,Clothing,Skirt,3.9,No,Express,PayPal,Florida,Fall
3220,57,Female,46-60 (Middle-Aged),40,Medium Value,39,High Engagement,Medium Value - High Engagement,No,Weekly,7,Outerwear,Coat,3.5,No,2-Day Shipping,Credit Card,Kansas,Summer
3221,38,Female,31-45 (Adult),29,Low Value,16,Medium Engagement,Low Value - Medium Engagement,No,Monthly,30,Accessories,Handbag,4.1,No,Free Shipping,Cash,North Dakota,Fall
3222,21,Female,18-30 (Young Adult),76,High Value,28,Medium Engagement,High Value - Medium Engagement,No,Annually,365,Clothing,T-shirt,3.2,No,Standard,Cash,New Hampshire,Winter
3223,45,Female,31-45 (Adult),84,High Value,22,Medium Engagement,High Value - Medium Engagement,No,Quarterly,90,Accessories,Sunglasses,4.6,No,Store Pickup,PayPal,Texas,Fall
3224,68,Female,61-70 (Senior),65,Medium Value,36,High Engagement,Medium Value - High Engagement,No,Bi-Weekly,14,Clothing,Shirt,3.9,No,Standard,Venmo,Montana,Spring
3225,37,Female,31-45 (Adult),80,High Value,18,Medium Engagement,High Value - Medium Engagement,No,Monthly,30,Clothing,Hoodie,2.7,No,Free Shipping,PayPal,Delaware,Winter
3226,53,Female,46-60 (Middle-Aged),98,High Value,31,Medium Engagement,High Value - Medium Engagement,No,Weekly,7,Clothing,Blouse,3.0,No,Store Pickup,Credit Card,New Hampshire,Fall
3227,57,Female,46-60 (Middle-Aged),71,Medium Value,38,High Engagement,Medium Value - High Engagement,No,Bi-Weekly,14,Footwear,Sneakers,3.3,No,Next Day Air,Bank Transfer,Minnesota,Spring
3228,28,Female,18-30 (Young Adult),69,Medium Value,42,High Engagement,Medium Value - High Engagement,No,Quarterly,90,Accessories,Scarf,2.7,No,Free Shipping,Debit Card,Alaska,Fall
3229,37,Female,31-45 (Adult),95,High Value,27,Medium Engagement,High Value - Medium Engagement,No,Annually,365,Accessories,Jewelry,4.6,No,2-Day Shipping,PayPal,Connecticut,Spring
3230,54,Female,46-60 (Middle-Aged),67,Medium Value,24,Medium Engagement,Medium Value - Medium Engagement,No,Monthly,30,Clothing,Pants,2.7,No,Express,Cash,Connecticut,Fall
3231,49,Female,46-60 (Middle-Aged),49,Medium Value,38,High Engagement,Medium Value - High Engagement,No,Annually,365,Footwear,Sneakers,2.5,No,Next Day Air,Debit Card,Kansas,Summer
3232,62,Female,61-70 (Senior),97,High Value,9,Low Engagement,High Value - Low Engagement,No,Annually,365,Footwear,Shoes,4.4,No,Free Shipping,Credit Card,Nevada,Winter
3233,45,Female,31-45 (Adult),34,Low Value,19,Medium Engagement,Low Value - Medium Engagement,No,Monthly,30,Clothing,T-shirt,4.0,No,Next Day Air,Bank Transfer,Massachusetts,Spring
3234,45,Female,31-45 (Adult),74,Medium Value,11,Low Engagement,Medium Value - Low Engagement,No,Bi-Weekly,14,Accessories,Belt,3.8,No,Express,Debit Card,Indiana,Fall
3235,49,Female,46-60 (Middle-Aged),96,High Value,16,Medium Engagement,High Value - Medium Engagement,No,Quarterly,90,Accessories,Jewelry,2.5,No,2-Day Shipping,Debit Card,Washington,Winter
3236,27,Female,18-30 (Young Adult),68,Medium Value,18,Medium Engagement,Medium Value - Medium Engagement,No,Monthly,30,Accessories,Belt,4.0,No,Free Shipping,Venmo,Kansas,Summer
3237,63,Female,61-70 (Senior),84,High Value,8,Low Engagement,High Value - Low Engagement,No,Monthly,30,Accessories,Belt,4.1,No,Next Day Air,Cash,South Carolina,Fall
3238,61,Female,61-70 (Senior),57,Medium Value,4,Low Engagement,Medium Value - Low Engagement,No,Weekly,7,Clothing,T-shirt,2.8,No,Express,Cash,Vermont,Summer
3239,25,Female,18-30 (Young Adult),84,High Value,37,High Engagement,High Value - High Engagement,No,Quarterly,90,Footwear,Sneakers,3.4,No,2-Day Shipping,Cash,Wyoming,Fall
3240,33,Female,31-45 (Adult),32,Low Value,30,Medium Engagement,Low Value - Medium Engagement,No,Monthly,30,Accessories,Sunglasses,2.7,No,2-Day Shipping,Cash,Colorado,Fall
3241,56,Female,46-60 (Middle-Aged),37,Low Value,37,High Engagement,Low Value - High Engagement,No,Monthly,30,Footwear,Sandals,3.8,No,2-Day Shipping,Bank Transfer,West Virginia,Fall
3242,50,Female,46-60 (Middle-Aged),58,Medium Value,30,Medium Engagement,Medium Value - Medium Engagement,No,Quarterly,90,Accessories,Handbag,4.4,No,Store Pickup,PayPal,Connecticut,Summer
3243,45,Female,31-45 (Adult),74,Medium Value,17,Medium Engagement,Medium Value - Medium Engagement,No,Weekly,7,Clothing,Socks,2.8,No,Express,Venmo,Oregon,Fall
3244,45,Female,31-45 (Adult),99,High Value,11,Low Engagement,High Value - Low Engagement,No,Quarterly,90,Clothing,Hoodie,5.0,No,Store Pickup,Bank Transfer,Idaho,Summer
3245,65,Female,61-70 (Senior),81,High Value,42,High Engagement,High Value - High Engagement,No,Annually,365,Clothing,Sweater,4.7,No,Express,Credit Card,Arkansas,Fall
3246,63,Female,61-70 (Senior),76,High Value,20,Medium Engagement,High Value - Medium Engagement,No,Weekly,7,Clothing,Pants,3.2,No,Next Day Air,Cash,Kansas,Fall
3247,70,Female,61-70 (Senior),98,High Value,37,High Engagement,High Value - High Engagement,No,Monthly,30,Footwear,Sneakers,2.9,No,Store Pickup,Cash,Michigan,Summer
3248,53,Female,46-60 (Middle-Aged),91,High Value,12,Low Engagement,High Value - Low Engagement,No,Bi-Weekly,14,Accessories,Gloves,3.7,No,Express,PayPal,Arkansas,Summer
3249,22,Female,18-30 (Young Adult),79,High Value,41,High Engagement,High Value - High Engagement,No,Quarterly,90,Clothing,T-shirt,4.2,No,Free Shipping,Bank Transfer,Pennsylvania,Summer
3250,26,Female,18-30 (Young Adult),83,High Value,32,Medium Engagement,High Value - Medium Engagement,No,Quarterly,90,Accessories,Backpack,3.4,No,Express,Credit Card,Virginia,Summer
3251,23,Female,18-30 (Young Adult),90,High Value,15,Low Engagement,High Value - Low Engagement,No,Weekly,7,Outerwear,Coat,2.9,No,2-Day Shipping,Venmo,Minnesota,Spring
3252,25,Female,18-30 (Young Adult),20,Low Value,39,High Engagement,Low Value - High Engagement,No,Quarterly,90,Outerwear,Coat,3.7,No,Standard,Venmo,Nevada,Winter
3253,69,Female,61-70 (Senior),21,Low Value,48,High Engagement,Low Value - High Engagement,No,Bi-Weekly,14,Footwear,Sandals,2.7,No,Store Pickup,Credit Card,Montana,Spring
3254,36,Female,31-45 (Adult),60,Medium Value,8,Low Engagement,Medium Value - Low Engagement,No,Bi-Weekly,14,Accessories,Backpack,3.2,No,2-Day Shipping,Venmo,Nebraska,Fall
3255,21,Female,18-30 (Young Adult),31,Low Value,11,Low Engagement,Low Value - Low Engagement,No,Quarterly,90,Clothing,Sweater,4.9,No,Store Pickup,Bank Transfer,Indiana,Winter
3256,57,Female,46-60 (Middle-Aged),40,Medium Value,36,High Engagement,Medium Value - High Engagement,No,Monthly,30,Clothing,Shorts,2.8,No,Next Day Air,Bank Transfer,New Jersey,Fall
3257,60,Female,46-60 (Middle-Aged),26,Low Value,50,High Engagement,Low Value - High Engagement,No,Quarterly,90,Accessories,Sunglasses,4.7,No,Free Shipping,Venmo,Wisconsin,Winter
3258,44,Female,31-45 (Adult),98,High Value,39,High Engagement,High Value - High Engagement,No,Quarterly,90,Clothing,Shirt,3.3,No,Express,Venmo,Minnesota,Fall
3259,31,Female,31-45 (Adult),51,Medium Value,11,Low Engagement,Medium Value - Low Engagement,No,Bi-Weekly,14,Footwear,Shoes,4.3,No,Express,Credit Card,New Jersey,Spring
3260,57,Female,46-60 (Middle-Aged),95,High Value,5,Low Engagement,High Value - Low Engagement,No,Quarterly,90,Accessories,Hat,3.7,No,2-Day Shipping,Debit Card,Oklahoma,Fall
3261,39,Female,31-45 (Adult),36,Low Value,7,Low Engagement,Low Value - Low Engagement,No,Annually,365,Accessories,Scarf,4.5,No,2-Day Shipping,Credit Card,Wisconsin,Summer
3262,48,Female,46-60 (Middle-Aged),52,Medium Value,50,High Engagement,Medium Value - High Engagement,No,Weekly,7,Accessories,Belt,3.4,No,Store Pickup,Debit Card,Rhode Island,Winter
3263,42,Female,31-45 (Adult),35,Low Value,21,Medium Engagement,Low Value - Medium Engagement,No,Quarterly,90,Clothing,T-shirt,2.7,No,Standard,Cash,Indiana,Spring
3264,56,Female,46-60 (Middle-Aged),68,Medium Value,31,Medium Engagement,Medium Value - Medium Engagement,No,Bi-Weekly,14,Clothing,Shorts,4.4,No,Express,Debit Card,Vermont,Fall
3265,28,Female,18-30 (Young Adult),50,Medium Value,39,High Engagement,Medium Value - High Engagement,No,Bi-Weekly,14,Clothing,Pants,4.0,No,Express,Cash,Maine,Winter
3266,40,Female,31-45 (Adult),100,High Value,28,Medium Engagement,High Value - Medium Engagement,No,Bi-Weekly,14,Accessories,Sunglasses,3.2,No,Express,Credit Card,Alabama,Winter
3267,49,Female,46-60 (Middle-Aged),74,Medium Value,33,Medium Engagement,Medium Value - Medium Engagement,No,Weekly,7,Outerwear,Coat,4.2,No,Next Day Air,Bank Transfer,Alabama,Winter
3268,37,Female,31-45 (Adult),45,Medium Value,42,High Engagement,Medium Value - High Engagement,No,Quarterly,90,Clothing,Hoodie,3.0,No,Store Pickup,Credit Card,Idaho,Winter
3269,22,Female,18-30 (Young Adult),97,High Value,5,Low Engagement,High Value - Low Engagement,No,Quarterly,90,Clothing,Dress,2.8,No,Free Shipping,Bank Transfer,Arkansas,Fall
3270,27,Female,18-30 (Young Adult),60,Medium Value,25,Medium Engagement,Medium Value - Medium Engagement,No,Monthly,30,Clothing,Blouse,4.9,No,Express,Cash,Ohio,Winter
3271,59,Female,46-60 (Middle-Aged),25,Low Value,48,High Engagement,Low Value - High Engagement,No,Annually,365,Clothing,Socks,4.7,No,Express,PayPal,Illinois,Winter
3272,35,Female,31-45 (Adult),55,Medium Value,30,Medium Engagement,Medium Value - Medium Engagement,No,Weekly,7,Clothing,Socks,4.4,No,Standard,Credit Card,Nevada,Spring
3273,58,Female,46-60 (Middle-Aged),99,High Value,34,Medium Engagement,High Value - Medium Engagement,No,Quarterly,90,Footwear,Shoes,3.1,No,Next Day Air,PayPal,Texas,Winter
3274,58,Female,46-60 (Middle-Aged),45,Medium Value,34,Medium Engagement,Medium Value - Medium Engagement,No,Quarterly,90,Accessories,Belt,2.6,No,Free Shipping,PayPal,Nevada,Summer
3275,46,Female,46-60 (Middle-Aged),20,Low Value,14,Low Engagement,Low Value - Low Engagement,No,Bi-Weekly,14,Clothing,Sweater,3.9,No,Store Pickup,Cash,Oklahoma,Spring
3276,43,Female,31-45 (Adult),88,High Value,2,Low Engagement,High Value - Low Engagement,No,Weekly,7,Clothing,Pants,2.6,No,2-Day Shipping,Debit Card,Alabama,Summer
3277,39,Female,31-45 (Adult),99,High Value,41,High Engagement,High Value - High Engagement,No,Quarterly,90,Accessories,Scarf,4.0,No,Store Pickup,PayPal,South Dakota,Summer
3278,59,Female,46-60 (Middle-Aged),86,High Value,3,Low Engagement,High Value - Low Engagement,No,Monthly,30,Clothing,Skirt,4.9,No,Store Pickup,Credit Card,Texas,Spring
3279,59,Female,46-60 (Middle-Aged),70,Medium Value,18,Medium Engagement,Medium Value - Medium Engagement,No,Weekly,7,Clothing,Dress,3.3,No,2-Day Shipping,Bank Transfer,Montana,Summer
3280,59,Female,46-60 (Middle-Aged),50,Medium Value,1,Low Engagement,Medium Value - Low Engagement,No,Bi-Weekly,14,Accessories,Hat,3.0,No,Express,Debit Card,Wyoming,Fall
3281,45,Female,31-45 (Adult),57,Medium Value,5,Low Engagement,Medium Value - Low Engagement,No,Monthly,30,Accessories,Handbag,2.7,No,Next Day Air,PayPal,New York,Winter
3282,27,Female,18-30 (Young Adult),69,Medium Value,41,High Engagement,Medium Value - High Engagement,No,Annually,365,Clothing,Pants,3.1,No,Free Shipping,Bank Transfer,Oregon,Winter
3283,24,Female,18-30 (Young Adult),94,High Value,5,Low Engagement,High Value - Low Engagement,No,Monthly,30,Clothing,T-shirt,4.8,No,Next Day Air,Credit Card,California,Fall
3284,47,Female,46-60 (Middle-Aged),24,Low Value,10,Low Engagement,Low Value - Low Engagement,No,Quarterly,90,Outerwear,Jacket,2.9,No,Express,Debit Card,North Carolina,Spring
3285,70,Female,61-70 (Senior),79,High Value,20,Medium Engagement,High Value - Medium Engagement,No,Annually,365,Accessories,Scarf,4.5,No,2-Day Shipping,Venmo,Kentucky,Spring
3286,58,Female,46-60 (Middle-Aged),31,Low Value,11,Low Engagement,Low Value - Low Engagement,No,Weekly,7,Accessories,Hat,4.6,No,Free Shipping,Cash,Hawaii,Fall
3287,45,Female,31-45 (Adult),67,Medium Value,4,Low Engagement,Medium Value - Low Engagement,No,Bi-Weekly,14,Outerwear,Jacket,5.0,No,Express,Venmo,Illinois,Winter
3288,24,Female,18-30 (Young Adult),63,Medium Value,38,High Engagement,Medium Value - High Engagement,No,Weekly,7,Clothing,Skirt,4.3,No,2-Day Shipping,Credit Card,West Virginia,Spring
3289,67,Female,61-70 (Senior),61,Medium Value,19,Medium Engagement,Medium Value - Medium Engagement,No,Bi-Weekly,14,Accessories,Handbag,4.9,No,Next Day Air,Credit Card,South Carolina,Spring
3290,31,Female,31-45 (Adult),50,Medium Value,16,Medium Engagement,Medium Value - Medium Engagement,No,Quarterly,90,Accessories,Backpack,4.0,No,2-Day Shipping,Venmo,Montana,Summer
3291,52,Female,46-60 (Middle-Aged),82,High Value,2,Low Engagement,High Value - Low Engagement,No,Monthly,30,Outerwear,Coat,3.1,No,Free Shipping,PayPal,North Dakota,Spring
3292,29,Female,18-30 (Young Adult),51,Medium Value,11,Low Engagement,Medium Value - Low Engagement,No,Monthly,30,Accessories,Belt,2.6,No,2-Day Shipping,Cash,New Mexico,Fall
3293,62,Female,61-70 (Senior),23,Low Value,18,Medium Engagement,Low Value - Medium Engagement,No,Bi-Weekly,14,Accessories,Handbag,4.9,No,Standard,Bank Transfer,Missouri,Spring
3294,19,Female,18-30 (Young Adult),91,High Value,47,High Engagement,High Value - High Engagement,No,Bi-Weekly,14,Outerwear,Coat,3.5,No,2-Day Shipping,Credit Card,West Virginia,Spring
3295,62,Female,61-70 (Senior),60,Medium Value,15,Low Engagement,Medium Value - Low Engagement,No,Bi-Weekly,14,Clothing,Sweater,4.5,No,Store Pickup,Bank Transfer,South Carolina,Spring
3296,70,Female,61-70 (Senior),34,Low Value,15,Low Engagement,Low Value - Low Engagement,No,Weekly,7,Clothing,Blouse,2.8,No,Next Day Air,Cash,West Virginia,Summer
3297,20,Female,18-30 (Young Adult),23,Low Value,47,High Engagement,Low Value - High Engagement,No,Quarterly,90,Clothing,Blouse,4.2,No,Next Day Air,Venmo,Alaska,Spring
3298,67,Female,61-70 (Senior),82,High Value,47,High Engagement,High Value - High Engagement,No,Monthly,30,Accessories,Belt,4.1,No,Free Shipping,PayPal,West Virginia,Fall
3299,65,Female,61-70 (Senior),73,Medium Value,6,Low Engagement,Medium Value - Low Engagement,No,Quarterly,90,Outerwear,Jacket,3.5,No,Express,Bank Transfer,New Mexico,Fall
3300,45,Female,31-45 (Adult),32,Low Value,18,Medium Engagement,Low Value - Medium Engagement,No,Monthly,30,Clothing,Shorts,4.0,No,2-Day Shipping,Venmo,South Dakota,Spring
3301,26,Female,18-30 (Young Adult),80,High Value,40,High Engagement,High Value - High Engagement,No,Bi-Weekly,14,Accessories,Hat,4.0,No,Express,Bank Transfer,Oklahoma,Spring
3302,36,Female,31-45 (Adult),58,Medium Value,31,Medium Engagement,Medium Value - Medium Engagement,No,Bi-Weekly,14,Clothing,Pants,2.5,No,Free Shipping,Credit Card,Oklahoma,Summer
3303,36,Female,31-45 (Adult),82,High Value,31,Medium Engagement,High Value - Medium Engagement,No,Bi-Weekly,14,Clothing,Blouse,4.2,No,Standard,Venmo,Alabama,Winter
3304,20,Female,18-30 (Young Adult),60,Medium Value,4,Low Engagement,Medium Value - Low Engagement,No,Bi-Weekly,14,Accessories,Belt,3.4,No,Next Day Air,Credit Card,Mississippi,Summer
3305,30,Female,18-30 (Young Adult),79,High Value,36,High Engagement,High Value - High Engagement,No,Quarterly,90,Accessories,Handbag,4.8,No,Next Day Air,Bank Transfer,Mississippi,Fall
3306,34,Female,31-45 (Adult),41,Medium Value,31,Medium Engagement,Medium Value - Medium Engagement,No,Bi-Weekly,14,Clothing,Hoodie,4.9,No,Standard,PayPal,Nebraska,Summer
3307,63,Female,61-70 (Senior),39,Low Value,6,Low Engagement,Low Value - Low Engagement,No,Bi-Weekly,14,Outerwear,Jacket,3.6,No,Store Pickup,Venmo,Colorado,Summer
3308,18,Female,18-30 (Young Adult),36,Low Value,1,Low Engagement,Low Value - Low Engagement,No,Monthly,30,Accessories,Scarf,4.0,No,Store Pickup,Cash,Pennsylvania,Winter
3309,55,Female,46-60 (Middle-Aged),70,Medium Value,29,Medium Engagement,Medium Value - Medium Engagement,No,Monthly,30,Clothing,Jeans,2.6,No,Express,Cash,Utah,Fall
3310,48,Female,46-60 (Middle-Aged),47,Medium Value,19,Medium Engagement,Medium Value - Medium Engagement,No,Monthly,30,Accessories,Handbag,3.1,No,Store Pickup,PayPal,Massachusetts,Summer
3311,45,Female,31-45 (Adult),27,Low Value,12,Low Engagement,Low Value - Low Engagement,No,Bi-Weekly,14,Outerwear,Jacket,3.6,No,Free Shipping,PayPal,Iowa,Winter
3312,29,Female,18-30 (Young Adult),52,Medium Value,18,Medium Engagement,Medium Value - Medium Engagement,No,Annually,365,Accessories,Hat,4.0,No,Express,Bank Transfer,Florida,Summer
3313,55,Female,46-60 (Middle-Aged),75,Medium Value,45,High Engagement,Medium Value - High Engagement,No,Quarterly,90,Footwear,Sneakers,3.9,No,Next Day Air,Cash,Louisiana,Summer
3314,55,Female,46-60 (Middle-Aged),30,Low Value,45,High Engagement,Low Value - High Engagement,No,Monthly,30,Accessories,Hat,3.9,No,Express,Credit Card,Kansas,Fall
3315,55,Female,46-60 (Middle-Aged),94,High Value,8,Low Engagement,High Value - Low Engagement,No,Quarterly,90,Clothing,Socks,3.3,No,Standard,Credit Card,Kansas,Spring
3316,48,Female,46-60 (Middle-Aged),68,Medium Value,4,Low Engagement,Medium Value - Low Engagement,No,Quarterly,90,Accessories,Scarf,2.9,No,Standard,PayPal,Kentucky,Summer
3317,42,Female,31-45 (Adult),45,Medium Value,5,Low Engagement,Medium Value - Low Engagement,No,Bi-Weekly,14,Clothing,Socks,3.1,No,Free Shipping,Debit Card,New Mexico,Summer
3318,21,Female,18-30 (Young Adult),67,Medium Value,30,Medium Engagement,Medium Value - Medium Engagement,No,Quarterly,90,Accessories,Hat,4.7,No,Standard,Cash,North Carolina,Summer
3319,45,Female,31-45 (Adult),46,Medium Value,15,Low Engagement,Medium Value - Low Engagement,No,Monthly,30,Outerwear,Jacket,3.9,No,Free Shipping,PayPal,North Dakota,Summer
3320,23,Female,18-30 (Young Adult),31,Low Value,17,Medium Engagement,Low Value - Medium Engagement,No,Quarterly,90,Clothing,Shorts,4.3,No,Next Day Air,Credit Card,North Dakota,Summer
3321,66,Female,61-70 (Senior),44,Medium Value,45,High Engagement,Medium Value - High Engagement,No,Quarterly,90,Clothing,Blouse,4.2,No,2-Day Shipping,Cash,Illinois,Fall
3322,32,Female,31-45 (Adult),100,High Value,3,Low Engagement,High Value - Low Engagement,No,Annually,365,Outerwear,Coat,4.3,No,Next Day Air,Venmo,Maine,Winter
3323,52,Female,46-60 (Middle-Aged),92,High Value,43,High Engagement,High Value - High Engagement,No,Weekly,7,Clothing,Sweater,4.6,No,Next Day Air,PayPal,Indiana,Winter
3324,54,Female,46-60 (Middle-Aged),78,High Value,4,Low Engagement,High Value - Low Engagement,No,Monthly,30,Accessories,Handbag,3.8,No,Free Shipping,Credit Card,North Dakota,Winter
3325,37,Female,31-45 (Adult),32,Low Value,41,High Engagement,Low Value - High Engagement,No,Weekly,7,Clothing,T-shirt,3.3,No,Standard,Venmo,Missouri,Fall
3326,29,Female,18-30 (Young Adult),97,High Value,16,Medium Engagement,High Value - Medium Engagement,No,Monthly,30,Footwear,Sandals,3.7,No,2-Day Shipping,Venmo,Alaska,Fall
3327,47,Female,46-60 (Middle-Aged),95,High Value,10,Low Engagement,High Value - Low Engagement,No,Annually,365,Accessories,Gloves,4.3,No,Standard,Debit Card,North Dakota,Summer
3328,47,Female,46-60 (Middle-Aged),64,Medium Value,2,Low Engagement,Medium Value - Low Engagement,No,Quarterly,90,Clothing,Shorts,4.1,No,Express,Debit Card,Connecticut,Spring
3329,42,Female,31-45 (Adult),35,Low Value,11,Low Engagement,Low Value - Low Engagement,No,Bi-Weekly,14,Footwear,Sandals,3.2,No,Free Shipping,Cash,Wisconsin,Spring
3330,34,Female,31-45 (Adult),54,Medium Value,1,Low Engagement,Medium Value - Low Engagement,No,Bi-Weekly,14,Accessories,Backpack,3.8,No,Express,Debit Card,New Jersey,Winter
3331,38,Female,31-45 (Adult),96,High Value,41,High Engagement,High Value - High Engagement,No,Quarterly,90,Footwear,Sneakers,3.2,No,2-Day Shipping,Bank Transfer,Missouri,Spring
3332,55,Female,46-60 (Middle-Aged),58,Medium Value,39,High Engagement,Medium Value - High Engagement,No,Quarterly,90,Accessories,Sunglasses,3.5,No,Free Shipping,PayPal,California,Summer
3333,27,Female,18-30 (Young Adult),23,Low Value,1,Low Engagement,Low Value - Low Engagement,No,Bi-Weekly,14,Clothing,T-shirt,3.1,No,2-Day Shipping,PayPal,Washington,Summer
3334,55,Female,46-60 (Middle-Aged),35,Low Value,3,Low Engagement,Low Value - Low Engagement,No,Monthly,30,Clothing,Jeans,4.2,No,Express,PayPal,Minnesota,Spring
3335,66,Female,61-70 (Senior),23,Low Value,21,Medium Engagement,Low Value - Medium Engagement,No,Annually,365,Clothing,Shirt,3.4,No,Free Shipping,Credit Card,California,Summer
3336,44,Female,31-45 (Adult),94,High Value,48,High Engagement,High Value - High Engagement,No,Quarterly,90,Accessories,Hat,3.5,No,Express,Bank Transfer,Texas,Winter
3337,39,Female,31-45 (Adult),45,Medium Value,24,Medium Engagement,Medium Value - Medium Engagement,No,Annually,365,Clothing,Blouse,4.0,No,Free Shipping,Debit Card,Montana,Fall
3338,23,Female,18-30 (Young Adult),23,Low Value,45,High Engagement,Low Value - High Engagement,No,Bi-Weekly,14,Outerwear,Jacket,4.4,No,2-Day Shipping,Bank Transfer,Arizona,Winter
3339,29,Female,18-30 (Young Adult),94,High Value,46,High Engagement,High Value - High Engagement,No,Monthly,30,Clothing,Skirt,2.9,No,2-Day Shipping,Credit Card,Minnesota,Winter
3340,20,Female,18-30 (Young Adult),99,High Value,35,Medium Engagement,High Value - Medium Engagement,No,Bi-Weekly,14,Accessories,Gloves,3.6,No,Store Pickup,Cash,Nebraska,Fall
3341,42,Female,31-45 (Adult),36,Low Value,47,High Engagement,Low Value - High Engagement,No,Bi-Weekly,14,Clothing,T-shirt,4.4,No,Free Shipping,Credit Card,Virginia,Fall
3342,55,Female,46-60 (Middle-Aged),50,Medium Value,35,Medium Engagement,Medium Value - Medium Engagement,No,Monthly,30,Outerwear,Jacket,4.5,No,Standard,Credit Card,Connecticut,Summer
3343,66,Female,61-70 (Senior),81,High Value,45,High Engagement,High Value - High Engagement,No,Weekly,7,Outerwear,Jacket,3.8,No,Free Shipping,Credit Card,New Jersey,Spring
3344,24,Female,18-30 (Young Adult),31,Low Value,6,Low Engagement,Low Value - Low Engagement,No,Bi-Weekly,14,Clothing,Shorts,3.6,No,2-Day Shipping,Cash,Kentucky,Winter
3345,62,Female,61-70 (Senior),48,Medium Value,20,Medium Engagement,Medium Value - Medium Engagement,No,Annually,365,Accessories,Hat,4.3,No,Free Shipping,Cash,Washington,Fall
3346,28,Female,18-30 (Young Adult),91,High Value,3,Low Engagement,High Value - Low Engagement,No,Bi-Weekly,14,Accessories,Handbag,4.0,No,2-Day Shipping,Venmo,Florida,Summer
3347,30,Female,18-30 (Young Adult),99,High Value,30,Medium Engagement,High Value - Medium Engagement,No,Quarterly,90,Clothing,Jeans,3.4,No,Express,Venmo,Oklahoma,Summer
3348,22,Female,18-30 (Young Adult),70,Medium Value,28,Medium Engagement,Medium Value - Medium Engagement,No,Bi-Weekly,14,Footwear,Shoes,4.4,No,Standard,PayPal,Iowa,Summer
3349,28,Female,18-30 (Young Adult),74,Medium Value,15,Low Engagement,Medium Value - Low Engagement,No,Quarterly,90,Clothing,T-shirt,2.8,No,Standard,Cash,New Hampshire,Winter
3350,35,Female,31-45 (Adult),79,High Value,29,Medium Engagement,High Value - Medium Engagement,No,Quarterly,90,Accessories,Jewelry,2.8,No,Store Pickup,PayPal,Georgia,Fall
3351,45,Female,31-45 (Adult),33,Low Value,15,Low Engagement,Low Value - Low Engagement,No,Bi-Weekly,14,Accessories,Handbag,4.9,No,2-Day Shipping,Cash,Mississippi,Fall
3352,43,Female,31-45 (Adult),49,Medium Value,18,Medium Engagement,Medium Value - Medium Engagement,No,Bi-Weekly,14,Clothing,Shirt,4.2,No,2-Day Shipping,Bank Transfer,New Hampshire,Spring
3353,55,Female,46-60 (Middle-Aged),96,High Value,7,Low Engagement,High Value - Low Engagement,No,Bi-Weekly,14,Accessories,Belt,2.9,No,Next Day Air,Bank Transfer,Washington,Summer
3354,31,Female,31-45 (Adult),66,Medium Value,19,Medium Engagement,Medium Value - Medium Engagement,No,Quarterly,90,Clothing,Dress,4.6,No,Free Shipping,Credit Card,Ohio,Fall
3355,42,Female,31-45 (Adult),45,Medium Value,15,Low Engagement,Medium Value - Low Engagement,No,Weekly,7,Clothing,Skirt,2.8,No,Next Day Air,PayPal,Maryland,Fall
3356,40,Female,31-45 (Adult),28,Low Value,3,Low Engagement,Low Value - Low Engagement,No,Bi-Weekly,14,Clothing,Blouse,2.6,No,Store Pickup,Bank Transfer,Delaware,Spring
3357,39,Female,31-45 (Adult),48,Medium Value,13,Low Engagement,Medium Value - Low Engagement,No,Bi-Weekly,14,Clothing,Jeans,3.5,No,Store Pickup,PayPal,Tennessee,Summer
3358,41,Female,31-45 (Adult),67,Medium Value,37,High Engagement,Medium Value - High Engagement,No,Monthly,30,Clothing,Hoodie,3.5,No,Free Shipping,Credit Card,Arkansas,Winter
3359,56,Female,46-60 (Middle-Aged),59,Medium Value,26,Medium Engagement,Medium Value - Medium Engagement,No,Annually,365,Clothing,T-shirt,3.4,No,2-Day Shipping,Cash,Tennessee,Fall
3360,43,Female,31-45 (Adult),74,Medium Value,29,Medium Engagement,Medium Value - Medium Engagement,No,Monthly,30,Accessories,Sunglasses,3.9,No,Next Day Air,Debit Card,New Hampshire,Fall
3361,22,Female,18-30 (Young Adult),81,High Value,47,High Engagement,High Value - High Engagement,No,Quarterly,90,Outerwear,Jacket,3.3,No,2-Day Shipping,Cash,Minnesota,Spring
3362,47,Female,46-60 (Middle-Aged),26,Low Value,47,High Engagement,Low Value - High Engagement,No,Bi-Weekly,14,Footwear,Shoes,4.1,No,Free Shipping,Credit Card,Florida,Spring
3363,50,Female,46-60 (Middle-Aged),61,Medium Value,48,High Engagement,Medium Value - High Engagement,No,Bi-Weekly,14,Accessories,Handbag,3.0,No,Next Day Air,Venmo,Tennessee,Summer
3364,58,Female,46-60 (Middle-Aged),23,Low Value,46,High Engagement,Low Value - High Engagement,No,Bi-Weekly,14,Clothing,Sweater,3.0,No,Next Day Air,Bank Transfer,California,Winter
3365,50,Female,46-60 (Middle-Aged),33,Low Value,7,Low Engagement,Low Value - Low Engagement,No,Monthly,30,Accessories,Scarf,3.2,No,Standard,Credit Card,Oregon,Fall
3366,43,Female,31-45 (Adult),58,Medium Value,45,High Engagement,Medium Value - High Engagement,No,Quarterly,90,Clothing,Skirt,3.9,No,Express,Credit Card,Tennessee,Fall
3367,38,Female,31-45 (Adult),65,Medium Value,47,High Engagement,Medium Value - High Engagement,No,Quarterly,90,Accessories,Gloves,3.6,No,2-Day Shipping,Debit Card,North Carolina,Spring
3368,44,Female,31-45 (Adult),48,Medium Value,6,Low Engagement,Medium Value - Low Engagement,No,Bi-Weekly,14,Clothing,T-shirt,3.1,No,Store Pickup,Venmo,Tennessee,Summer
3369,30,Female,18-30 (Young Adult),25,Low Value,29,Medium Engagement,Low Value - Medium Engagement,No,Quarterly,90,Footwear,Sandals,4.8,No,Express,Bank Transfer,Nebraska,Spring
3370,47,Female,46-60 (Middle-Aged),51,Medium Value,42,High Engagement,Medium Value - High Engagement,No,Monthly,30,Clothing,Sweater,3.8,No,2-Day Shipping,Cash,Maine,Winter
3371,30,Female,18-30 (Young Adult),31,Low Value,46,High Engagement,Low Value - High Engagement,No,Bi-Weekly,14,Accessories,Belt,2.8,No,Store Pickup,Cash,Illinois,Summer
3372,49,Female,46-60 (Middle-Aged),99,High Value,28,Medium Engagement,High Value - Medium Engagement,No,Annually,365,Clothing,Hoodie,4.0,No,Next Day Air,PayPal,Colorado,Winter
3373,56,Female,46-60 (Middle-Aged),25,Low Value,14,Low Engagement,Low Value - Low Engagement,No,Quarterly,90,Clothing,Socks,4.6,No,Free Shipping,Credit Card,Pennsylvania,Winter
3374,70,Female,61-70 (Senior),52,Medium Value,12,Low Engagement,Medium Value - Low Engagement,No,Quarterly,90,Footwear,Sandals,3.5,No,Store Pickup,Debit Card,Minnesota,Spring
3375,22,Female,18-30 (Young Adult),47,Medium Value,41,High Engagement,Medium Value - High Engagement,No,Annually,365,Clothing,Blouse,3.7,No,2-Day Shipping,Debit Card,Nevada,Spring
3376,51,Female,46-60 (Middle-Aged),98,High Value,8,Low Engagement,High Value - Low Engagement,No,Annually,365,Footwear,Boots,4.9,No,Express,Credit Card,Connecticut,Fall
3377,22,Female,18-30 (Young Adult),46,Medium Value,24,Medium Engagement,Medium Value - Medium Engagement,No,Quarterly,90,Accessories,Hat,4.1,No,Store Pickup,Cash,Ohio,Winter
3378,37,Female,31-45 (Adult),32,Low Value,18,Medium Engagement,Low Value - Medium Engagement,No,Bi-Weekly,14,Clothing,Shirt,4.6,No,Next Day Air,PayPal,Kentucky,Winter
3379,49,Female,46-60 (Middle-Aged),75,Medium Value,6,Low Engagement,Medium Value - Low Engagement,No,Quarterly,90,Clothing,Shorts,4.5,No,Next Day Air,Cash,Minnesota,Fall
3380,61,Female,61-70 (Senior),51,Medium Value,40,High Engagement,Medium Value - High Engagement,No,Weekly,7,Accessories,Handbag,5.0,No,Store Pickup,Cash,Tennessee,Summer
3381,41,Female,31-45 (Adult),52,Medium Value,6,Low Engagement,Medium Value - Low Engagement,No,Quarterly,90,Clothing,Dress,3.8,No,Standard,PayPal,North Dakota,Summer
3382,57,Female,46-60 (Middle-Aged),66,Medium Value,27,Medium Engagement,Medium Value - Medium Engagement,No,Quarterly,90,Accessories,Hat,4.7,No,Standard,Credit Card,Minnesota,Winter
3383,34,Female,31-45 (Adult),35,Low Value,2,Low Engagement,Low Value - Low Engagement,No,Weekly,7,Clothing,Sweater,2.8,No,Express,Bank Transfer,Nebraska,Spring
3384,27,Female,18-30 (Young Adult),43,Medium Value,39,High Engagement,Medium Value - High Engagement,No,Bi-Weekly,14,Outerwear,Coat,2.6,No,Next Day Air,Venmo,Delaware,Fall
3385,39,Female,31-45 (Adult),24,Low Value,9,Low Engagement,Low Value - Low Engagement,No,Quarterly,90,Clothing,Hoodie,3.8,No,Free Shipping,Venmo,Minnesota,Summer
3386,62,Female,61-70 (Senior),83,High Value,16,Medium Engagement,High Value - Medium Engagement,No,Quarterly,90,Accessories,Jewelry,2.8,No,Standard,Credit Card,Rhode Island,Winter
3387,34,Female,31-45 (Adult),62,Medium Value,36,High Engagement,Medium Value - High Engagement,No,Quarterly,90,Clothing,T-shirt,2.6,No,2-Day Shipping,Cash,Michigan,Fall
3388,53,Female,46-60 (Middle-Aged),78,High Value,2,Low Engagement,High Value - Low Engagement,No,Bi-Weekly,14,Clothing,Pants,3.4,No,2-Day Shipping,Credit Card,New Jersey,Spring
3389,35,Female,31-45 (Adult),61,Medium Value,21,Medium Engagement,Medium Value - Medium Engagement,No,Weekly,7,Clothing,Sweater,4.5,No,Store Pickup,Credit Card,South Dakota,Spring
3390,38,Female,31-45 (Adult),57,Medium Value,39,High Engagement,Medium Value - High Engagement,No,Annually,365,Clothing,Pants,3.8,No,Free Shipping,Venmo,North Carolina,Fall
3391,32,Female,31-45 (Adult),70,Medium Value,38,High Engagement,Medium Value - High Engagement,No,Annually,365,Clothing,Socks,3.0,No,Next Day Air,PayPal,Oregon,Summer
3392,47,Female,46-60 (Middle-Aged),57,Medium Value,6,Low Engagement,Medium Value - Low Engagement,No,Quarterly,90,Clothing,Hoodie,3.7,No,2-Day Shipping,Debit Card,Montana,Fall
3393,53,Female,46-60 (Middle-Aged),74,Medium Value,6,Low Engagement,Medium Value - Low Engagement,No,Bi-Weekly,14,Accessories,Scarf,4.4,No,Free Shipping,Venmo,New Jersey,Winter
3394,60,Female,46-60 (Middle-Aged),90,High Value,50,High Engagement,High Value - High Engagement,No,Monthly,30,Clothing,Dress,3.1,No,Next Day Air,Debit Card,Arizona,Fall
3395,31,Female,31-45 (Adult),98,High Value,9,Low Engagement,High Value - Low Engagement,No,Annually,365,Footwear,Sandals,4.2,No,Store Pickup,PayPal,Vermont,Spring
3396,44,Female,31-45 (Adult),43,Medium Value,15,Low Engagement,Medium Value - Low Engagement,No,Quarterly,90,Clothing,Dress,3.1,No,Free Shipping,Debit Card,Colorado,Winter
3397,29,Female,18-30 (Young Adult),37,Low Value,5,Low Engagement,Low Value - Low Engagement,No,Quarterly,90,Clothing,Pants,5.0,No,Next Day Air,PayPal,Tennessee,Winter
3398,19,Female,18-30 (Young Adult),38,Low Value,13,Low Engagement,Low Value - Low Engagement,No,Bi-Weekly,14,Clothing,Blouse,2.7,No,Standard,Bank Transfer,New Jersey,Summer
3399,54,Female,46-60 (Middle-Aged),60,Medium Value,44,High Engagement,Medium Value - High Engagement,No,Bi-Weekly,14,Clothing,Jeans,3.8,No,Standard,Cash,Montana,Winter
3400,40,Female,31-45 (Adult),55,Medium Value,36,High Engagement,Medium Value - High Engagement,No,Annually,365,Clothing,Pants,3.3,No,Standard,Debit Card,Montana,Winter
3401,39,Female,31-45 (Adult),51,Medium Value,18,Medium Engagement,Medium Value - Medium Engagement,No,Bi-Weekly,14,Accessories,Sunglasses,4.8,No,Free Shipping,Venmo,Nevada,Fall
3402,44,Female,31-45 (Adult),71,Medium Value,39,High Engagement,Medium Value - High Engagement,No,Weekly,7,Accessories,Backpack,3.4,No,Standard,Credit Card,Nevada,Winter
3403,22,Female,18-30 (Young Adult),61,Medium Value,11,Low Engagement,Medium Value - Low Engagement,No,Quarterly,90,Clothing,Hoodie,4.4,No,2-Day Shipping,PayPal,Louisiana,Spring
3404,30,Female,18-30 (Young Adult),65,Medium Value,1,Low Engagement,Medium Value - Low Engagement,No,Bi-Weekly,14,Footwear,Boots,3.9,No,Standard,Cash,Illinois,Summer
3405,69,Female,61-70 (Senior),34,Low Value,34,Medium Engagement,Low Value - Medium Engagement,No,Annually,365,Accessories,Gloves,3.9,No,2-Day Shipping,Credit Card,South Carolina,Fall
3406,28,Female,18-30 (Young Adult),87,High Value,47,High Engagement,High Value - High Engagement,No,Bi-Weekly,14,Clothing,Blouse,4.2,No,Store Pickup,Bank Transfer,Washington,Summer
3407,57,Female,46-60 (Middle-Aged),79,High Value,24,Medium Engagement,High Value - Medium Engagement,No,Quarterly,90,Clothing,Sweater,4.0,No,Store Pickup,Venmo,Nebraska,Spring
3408,46,Female,46-60 (Middle-Aged),46,Medium Value,20,Medium Engagement,Medium Value - Medium Engagement,No,Quarterly,90,Clothing,Dress,2.6,No,Store Pickup,Cash,Alabama,Spring
3409,48,Female,46-60 (Middle-Aged),72,Medium Value,11,Low Engagement,Medium Value - Low Engagement,No,Annually,365,Clothing,Socks,4.4,No,Standard,Bank Transfer,Montana,Summer
3410,24,Female,18-30 (Young Adult),93,High Value,3,Low Engagement,High Value - Low Engagement,No,Quarterly,90,Clothing,Shirt,3.2,No,Next Day Air,Credit Card,Minnesota,Summer
3411,50,Female,46-60 (Middle-Aged),76,High Value,38,High Engagement,High Value - High Engagement,No,Bi-Weekly,14,Footwear,Sandals,4.3,No,Free Shipping,Bank Transfer,Ohio,Summer
3412,29,Female,18-30 (Young Adult),56,Medium Value,45,High Engagement,Medium Value - High Engagement,No,Weekly,7,Footwear,Shoes,4.9,No,2-Day Shipping,Cash,New York,Winter
3413,61,Female,61-70 (Senior),83,High Value,31,Medium Engagement,High Value - Medium Engagement,No,Quarterly,90,Footwear,Sandals,3.8,No,Store Pickup,Venmo,Indiana,Fall
3414,34,Female,31-45 (Adult),90,High Value,16,Medium Engagement,High Value - Medium Engagement,No,Bi-Weekly,14,Accessories,Gloves,2.5,No,Express,PayPal,Delaware,Winter
3415,27,Female,18-30 (Young Adult),94,High Value,3,Low Engagement,High Value - Low Engagement,No,Quarterly,90,Footwear,Boots,4.9,No,Next Day Air,Bank Transfer,Connecticut,Spring
3416,38,Female,31-45 (Adult),68,Medium Value,15,Low Engagement,Medium Value - Low Engagement,No,Annually,365,Clothing,Blouse,3.0,No,2-Day Shipping,Bank Transfer,New York,Fall
3417,25,Female,18-30 (Young Adult),53,Medium Value,11,Low Engagement,Medium Value - Low Engagement,No,Quarterly,90,Footwear,Sandals,3.2,No,Store Pickup,Bank Transfer,Alabama,Spring
3418,54,Female,46-60 (Middle-Aged),35,Low Value,22,Medium Engagement,Low Value - Medium Engagement,No,Bi-Weekly,14,Outerwear,Coat,2.9,No,2-Day Shipping,Debit Card,Massachusetts,Summer
3419,53,Female,46-60 (Middle-Aged),30,Low Value,35,Medium Engagement,Low Value - Medium Engagement,No,Annually,365,Outerwear,Jacket,2.8,No,Free Shipping,Debit Card,South Carolina,Summer
3420,23,Female,18-30 (Young Adult),26,Low Value,5,Low Engagement,Low Value - Low Engagement,No,Bi-Weekly,14,Accessories,Jewelry,3.1,No,Store Pickup,Venmo,West Virginia,Winter
3421,19,Female,18-30 (Young Adult),60,Medium Value,35,Medium Engagement,Medium Value - Medium Engagement,No,Bi-Weekly,14,Accessories,Hat,3.4,No,Express,PayPal,Kentucky,Winter
3422,57,Female,46-60 (Middle-Aged),30,Low Value,27,Medium Engagement,Low Value - Medium Engagement,No,Weekly,7,Footwear,Shoes,2.9,No,Free Shipping,PayPal,New Jersey,Summer
3423,19,Female,18-30 (Young Adult),91,High Value,9,Low Engagement,High Value - Low Engagement,No,Monthly,30,Outerwear,Coat,3.2,No,Next Day Air,Venmo,New York,Winter
3424,33,Female,31-45 (Adult),71,Medium Value,21,Medium Engagement,Medium Value - Medium Engagement,No,Bi-Weekly,14,Footwear,Boots,3.8,No,Next Day Air,PayPal,Massachusetts,Spring
3425,33,Female,31-45 (Adult),64,Medium Value,23,Medium Engagement,Medium Value - Medium Engagement,No,Monthly,30,Accessories,Scarf,3.6,No,2-Day Shipping,Credit Card,Florida,Summer
3426,38,Female,31-45 (Adult),54,Medium Value,3,Low Engagement,Medium Value - Low Engagement,No,Bi-Weekly,14,Accessories,Hat,4.3,No,Next Day Air,Debit Card,Michigan,Summer
3427,47,Female,46-60 (Middle-Aged),35,Low Value,31,Medium Engagement,Low Value - Medium Engagement,No,Annually,365,Clothing,Socks,4.8,No,2-Day Shipping,Credit Card,Oregon,Fall
3428,39,Female,31-45 (Adult),38,Low Value,44,High Engagement,Low Value - High Engagement,No,Annually,365,Clothing,T-shirt,2.5,No,Store Pickup,Cash,Michigan,Winter
3429,32,Female,31-45 (Adult),69,Medium Value,20,Medium Engagement,Medium Value - Medium Engagement,No,Monthly,30,Accessories,Jewelry,2.5,No,Next Day Air,Venmo,Washington,Fall
3430,27,Female,18-30 (Young Adult),96,High Value,34,Medium Engagement,High Value - Medium Engagement,No,Weekly,7,Clothing,Skirt,4.6,No,Express,Debit Card,Alaska,Winter
3431,67,Female,61-70 (Senior),73,Medium Value,17,Medium Engagement,Medium Value - Medium Engagement,No,Quarterly,90,Clothing,Socks,4.2,No,Next Day Air,Bank Transfer,Montana,Winter
3432,46,Female,46-60 (Middle-Aged),49,Medium Value,20,Medium Engagement,Medium Value - Medium Engagement,No,Annually,365,Accessories,Belt,4.2,No,Express,Venmo,New Mexico,Summer
3433,36,Female,31-45 (Adult),44,Medium Value,46,High Engagement,Medium Value - High Engagement,No,Quarterly,90,Footwear,Boots,4.8,No,2-Day Shipping,PayPal,Connecticut,Summer
3434,62,Female,61-70 (Senior),93,High Value,28,Medium Engagement,High Value - Medium Engagement,No,Annually,365,Clothing,Socks,4.5,No,Free Shipping,PayPal,Alaska,Spring
3435,31,Female,31-45 (Adult),72,Medium Value,6,Low Engagement,Medium Value - Low Engagement,No,Bi-Weekly,14,Clothing,Pants,3.3,No,2-Day Shipping,Venmo,Ohio,Summer
3436,68,Female,61-70 (Senior),91,High Value,50,High Engagement,High Value - High Engagement,No,Bi-Weekly,14,Clothing,Socks,2.7,No,2-Day Shipping,Debit Card,Montana,Summer
3437,57,Female,46-60 (Middle-Aged),83,High Value,41,High Engagement,High Value - High Engagement,No,Monthly,30,Accessories,Belt,2.8,No,2-Day Shipping,Bank Transfer,Nebraska,Winter
3438,22,Female,18-30 (Young Adult),62,Medium Value,50,High Engagement,Medium Value - High Engagement,No,Annually,365,Outerwear,Jacket,3.5,No,2-Day Shipping,PayPal,Oklahoma,Winter
3439,26,Female,18-30 (Young Adult),71,Medium Value,33,Medium Engagement,Medium Value - Medium Engagement,No,Monthly,30,Clothing,Shirt,3.0,No,Store Pickup,Credit Card,Kentucky,Fall
3440,43,Female,31-45 (Adult),93,High Value,25,Medium Engagement,High Value - Medium Engagement,No,Quarterly,90,Accessories,Gloves,4.5,No,Express,Venmo,Idaho,Summer
3441,45,Female,31-45 (Adult),63,Medium Value,2,Low Engagement,Medium Value - Low Engagement,No,Weekly,7,Accessories,Handbag,4.3,No,2-Day Shipping,PayPal,Maryland,Fall
3442,64,Female,61-70 (Senior),96,High Value,15,Low Engagement,High Value - Low Engagement,No,Annually,365,Clothing,Sweater,4.1,No,Standard,Credit Card,Tennessee,Fall
3443,28,Female,18-30 (Young Adult),78,High Value,12,Low Engagement,High Value - Low Engagement,No,Weekly,7,Clothing,Skirt,4.3,No,Next Day Air,PayPal,Michigan,Spring
3444,47,Female,46-60 (Middle-Aged),24,Low Value,28,Medium Engagement,Low Value - Medium Engagement,No,Bi-Weekly,14,Clothing,Dress,5.0,No,Free Shipping,Cash,Tennessee,Summer
3445,53,Female,46-60 (Middle-Aged),63,Medium Value,12,Low Engagement,Medium Value - Low Engagement,No,Bi-Weekly,14,Clothing,Pants,3.8,No,2-Day Shipping,Bank Transfer,Rhode Island,Summer
3446,42,Female,31-45 (Adult),58,Medium Value,3,Low Engagement,Medium Value - Low Engagement,No,Annually,365,Accessories,Hat,4.9,No,Standard,Debit Card,Florida,Fall
3447,51,Female,46-60 (Middle-Aged),55,Medium Value,20,Medium Engagement,Medium Value - Medium Engagement,No,Weekly,7,Footwear,Boots,5.0,No,2-Day Shipping,Cash,Louisiana,Spring
3448,62,Female,61-70 (Senior),58,Medium Value,3,Low Engagement,Medium Value - Low Engagement,No,Bi-Weekly,14,Footwear,Sandals,4.3,No,Express,Bank Transfer,Arkansas,Fall
3449,18,Female,18-30 (Young Adult),28,Low Value,32,Medium Engagement,Low Value - Medium Engagement,No,Bi-Weekly,14,Outerwear,Coat,4.1,No,Express,Bank Transfer,Kentucky,Winter
3450,48,Female,46-60 (Middle-Aged),37,Low Value,35,Medium Engagement,Low Value - Medium Engagement,No,Monthly,30,Clothing,Blouse,4.5,No,Standard,Cash,Kansas,Spring
3451,20,Female,18-30 (Young Adult),78,High Value,31,Medium Engagement,High Value - Medium Engagement,No,Monthly,30,Clothing,Shorts,3.6,No,Store Pickup,PayPal,Vermont,Spring
3452,32,Female,31-45 (Adult),73,Medium Value,13,Low Engagement,Medium Value - Low Engagement,No,Annually,365,Clothing,Blouse,3.0,No,Free Shipping,Credit Card,Nevada,Fall
3453,26,Female,18-30 (Young Adult),20,Low Value,3,Low Engagement,Low Value - Low Engagement,No,Bi-Weekly,14,Outerwear,Jacket,3.7,No,Next Day Air,Venmo,Oklahoma,Spring
3454,31,Female,31-45 (Adult),60,Medium Value,48,High Engagement,Medium Value - High Engagement,No,Bi-Weekly,14,Clothing,Shirt,4.3,No,Standard,Venmo,Alabama,Winter
3455,55,Female,46-60 (Middle-Aged),71,Medium Value,15,Low Engagement,Medium Value - Low Engagement,No,Bi-Weekly,14,Accessories,Handbag,4.6,No,Store Pickup,PayPal,Louisiana,Fall
3456,49,Female,46-60 (Middle-Aged),89,High Value,13,Low Engagement,High Value - Low Engagement,No,Annually,365,Clothing,T-shirt,4.7,No,Standard,Venmo,Ohio,Fall
3457,42,Female,31-45 (Adult),53,Medium Value,21,Medium Engagement,Medium Value - Medium Engagement,No,Monthly,30,Clothing,Hoodie,4.6,No,Express,Venmo,Texas,Fall
3458,64,Female,61-70 (Senior),87,High Value,29,Medium Engagement,High Value - Medium Engagement,No,Bi-Weekly,14,Accessories,Jewelry,3.0,No,Express,Cash,Maryland,Summer
3459,68,Female,61-70 (Senior),37,Low Value,24,Medium Engagement,Low Value - Medium Engagement,No,Quarterly,90,Accessories,Jewelry,3.4,No,Standard,Venmo,West Virginia,Spring
3460,68,Female,61-70 (Senior),37,Low Value,21,Medium Engagement,Low Value - Medium Engagement,No,Annually,365,Clothing,Hoodie,3.8,No,Express,PayPal,Ohio,Fall
3461,41,Female,31-45 (Adult),78,High Value,5,Low Engagement,High Value - Low Engagement,No,Bi-Weekly,14,Accessories,Scarf,3.1,No,Express,Bank Transfer,Indiana,Spring
3462,51,Female,46-60 (Middle-Aged),23,Low Value,47,High Engagement,Low Value - High Engagement,No,Quarterly,90,Footwear,Shoes,4.4,No,Standard,Cash,Wyoming,Spring
3463,44,Female,31-45 (Adult),73,Medium Value,34,Medium Engagement,Medium Value - Medium Engagement,No,Quarterly,90,Clothing,Jeans,4.5,No,Standard,Credit Card,Michigan,Spring
3464,27,Female,18-30 (Young Adult),27,Low Value,45,High Engagement,Low Value - High Engagement,No,Bi-Weekly,14,Accessories,Jewelry,2.8,No,2-Day Shipping,PayPal,Maine,Fall
3465,36,Female,31-45 (Adult),59,Medium Value,12,Low Engagement,Medium Value - Low Engagement,No,Annually,365,Outerwear,Coat,2.7,No,Next Day Air,PayPal,Utah,Winter
3466,19,Female,18-30 (Young Adult),53,Medium Value,31,Medium Engagement,Medium Value - Medium Engagement,No,Weekly,7,Accessories,Backpack,3.4,No,Standard,Debit Card,Iowa,Spring
3467,49,Female,46-60 (Middle-Aged),42,Medium Value,43,High Engagement,Medium Value - High Engagement,No,Annually,365,Clothing,Socks,4.6,No,Standard,Bank Transfer,Maryland,Summer
3468,18,Female,18-30 (Young Adult),45,Medium Value,5,Low Engagement,Medium Value - Low Engagement,No,Annually,365,Accessories,Scarf,5.0,No,Next Day Air,Credit Card,Texas,Fall
3469,36,Female,31-45 (Adult),89,High Value,36,High Engagement,High Value - High Engagement,No,Quarterly,90,Accessories,Sunglasses,3.5,No,Standard,Debit Card,Ohio,Winter
3470,36,Female,31-45 (Adult),85,High Value,12,Low Engagement,High Value - Low Engagement,No,Annually,365,Clothing,Socks,3.3,No,Store Pickup,Cash,North Dakota,Fall
3471,19,Female,18-30 (Young Adult),69,Medium Value,31,Medium Engagement,Medium Value - Medium Engagement,No,Bi-Weekly,14,Outerwear,Coat,4.5,No,Free Shipping,Cash,West Virginia,Summer
3472,43,Female,31-45 (Adult),66,Medium Value,31,Medium Engagement,Medium Value - Medium Engagement,No,Bi-Weekly,14,Footwear,Sandals,3.1,No,Store Pickup,Cash,North Carolina,Spring
3473,31,Female,31-45 (Adult),42,Medium Value,15,Low Engagement,Medium Value - Low Engagement,No,Weekly,7,Clothing,Blouse,4.0,No,Free Shipping,Debit Card,Georgia,Summer
3474,63,Female,61-70 (Senior),40,Medium Value,11,Low Engagement,Medium Value - Low Engagement,No,Weekly,7,Clothing,Dress,2.5,No,Express,Cash,Kansas,Spring
3475,41,Female,31-45 (Adult),82,High Value,18,Medium Engagement,High Value - Medium Engagement,No,Monthly,30,Clothing,Pants,4.4,No,Store Pickup,Venmo,Maine,Winter
3476,48,Female,46-60 (Middle-Aged),88,High Value,9,Low Engagement,High Value - Low Engagement,No,Quarterly,90,Footwear,Sneakers,4.4,No,Express,Cash,South Carolina,Spring
3477,68,Female,61-70 (Senior),99,High Value,11,Low Engagement,High Value - Low Engagement,No,Weekly,7,Footwear,Boots,3.2,No,Free Shipping,Cash,South Carolina,Summer
3478,53,Female,46-60 (Middle-Aged),85,High Value,38,High Engagement,High Value - High Engagement,No,Bi-Weekly,14,Accessories,Handbag,3.8,No,Store Pickup,Debit Card,Kentucky,Spring
3479,36,Female,31-45 (Adult),57,Medium Value,42,High Engagement,Medium Value - High Engagement,No,Quarterly,90,Accessories,Handbag,4.6,No,Store Pickup,PayPal,Arizona,Fall
3480,46,Female,46-60 (Middle-Aged),56,Medium Value,41,High Engagement,Medium Value - High Engagement,No,Monthly,30,Clothing,Sweater,4.9,No,Standard,Cash,New York,Summer
3481,21,Female,18-30 (Young Adult),79,High Value,45,High Engagement,High Value - High Engagement,No,Monthly,30,Footwear,Sandals,3.5,No,Free Shipping,PayPal,New Hampshire,Winter
3482,52,Female,46-60 (Middle-Aged),67,Medium Value,41,High Engagement,Medium Value - High Engagement,No,Bi-Weekly,14,Clothing,Socks,3.4,No,Store Pickup,Debit Card,Ohio,Summer
3483,66,Female,61-70 (Senior),61,Medium Value,35,Medium Engagement,Medium Value - Medium Engagement,No,Weekly,7,Accessories,Gloves,3.9,No,Next Day Air,Debit Card,Hawaii,Winter
3484,19,Female,18-30 (Young Adult),37,Low Value,21,Medium Engagement,Low Value - Medium Engagement,No,Quarterly,90,Clothing,Hoodie,3.9,No,Express,Credit Card,Texas,Winter
3485,44,Female,31-45 (Adult),75,Medium Value,13,Low Engagement,Medium Value - Low Engagement,No,Bi-Weekly,14,Clothing,Dress,4.2,No,Free Shipping,Credit Card,Illinois,Fall
3486,50,Female,46-60 (Middle-Aged),21,Low Value,23,Medium Engagement,Low Value - Medium Engagement,No,Bi-Weekly,14,Clothing,Shirt,3.4,No,Standard,Debit Card,Massachusetts,Winter
3487,51,Female,46-60 (Middle-Aged),89,High Value,6,Low Engagement,High Value - Low Engagement,No,Weekly,7,Clothing,Shorts,4.9,No,Standard,PayPal,North Carolina,Winter
3488,25,Female,18-30 (Young Adult),24,Low Value,39,High Engagement,Low Value - High Engagement,No,Annually,365,Footwear,Sandals,2.9,No,Store Pickup,Bank Transfer,West Virginia,Fall
3489,62,Female,61-70 (Senior),27,Low Value,7,Low Engagement,Low Value - Low Engagement,No,Quarterly,90,Clothing,Sweater,4.9,No,Store Pickup,Cash,Delaware,Spring
3490,48,Female,46-60 (Middle-Aged),26,Low Value,32,Medium Engagement,Low Value - Medium Engagement,No,Quarterly,90,Clothing,Dress,4.6,No,2-Day Shipping,PayPal,Idaho,Summer
3491,62,Female,61-70 (Senior),82,High Value,43,High Engagement,High Value - High Engagement,No,Quarterly,90,Footwear,Boots,3.6,No,Store Pickup,Credit Card,Oregon,Spring
3492,22,Female,18-30 (Young Adult),28,Low Value,15,Low Engagement,Low Value - Low Engagement,No,Monthly,30,Clothing,Pants,4.3,No,Express,Cash,Maine,Winter
3493,48,Female,46-60 (Middle-Aged),65,Medium Value,48,High Engagement,Medium Value - High Engagement,No,Annually,365,Accessories,Gloves,4.6,No,Standard,Bank Transfer,South Dakota,Fall
3494,48,Female,46-60 (Middle-Aged),82,High Value,35,Medium Engagement,High Value - Medium Engagement,No,Weekly,7,Clothing,Pants,4.7,No,Store Pickup,Credit Card,New Mexico,Winter
3495,62,Female,61-70 (Senior),38,Low Value,41,High Engagement,Low Value - High Engagement,No,Quarterly,90,Accessories,Scarf,3.5,No,Free Shipping,PayPal,Washington,Winter
3496,24,Female,18-30 (Young Adult),33,Low Value,14,Low Engagement,Low Value - Low Engagement,No,Weekly,7,Clothing,Shorts,2.8,No,Free Shipping,Cash,Georgia,Spring
3497,39,Female,31-45 (Adult),38,Low Value,22,Medium Engagement,Low Value - Medium Engagement,No,Monthly,30,Footwear,Shoes,4.0,No,Free Shipping,PayPal,Idaho,Summer
3498,35,Female,31-45 (Adult),48,Medium Value,16,Medium Engagement,Medium Value - Medium Engagement,No,Quarterly,90,Accessories,Handbag,4.3,No,Store Pickup,Venmo,Colorado,Spring
3499,47,Female,46-60 (Middle-Aged),35,Low Value,2,Low Engagement,Low Value - Low Engagement,No,Bi-Weekly,14,Footwear,Sandals,3.8,No,Standard,Bank Transfer,Kentucky,Summer
3500,22,Female,18-30 (Young Adult),29,Low Value,13,Low Engagement,Low Value - Low Engagement,No,Quarterly,90,Clothing,Socks,3.0,No,Next Day Air,PayPal,New Jersey,Fall
3501,38,Female,31-45 (Adult),48,Medium Value,38,High Engagement,Medium Value - High Engagement,No,Bi-Weekly,14,Clothing,Shirt,4.6,No,Next Day Air,Debit Card,Oregon,Fall
3502,53,Female,46-60 (Middle-Aged),87,High Value,43,High Engagement,High Value - High Engagement,No,Weekly,7,Footwear,Shoes,4.8,No,Standard,Bank Transfer,Nebraska,Fall
3503,31,Female,31-45 (Adult),62,Medium Value,26,Medium Engagement,Medium Value - Medium Engagement,No,Quarterly,90,Accessories,Backpack,4.7,No,Next Day Air,Bank Transfer,Massachusetts,Fall
3504,31,Female,31-45 (Adult),96,High Value,39,High Engagement,High Value - High Engagement,No,Weekly,7,Clothing,Shirt,3.9,No,Free Shipping,Cash,Nebraska,Spring
3505,65,Female,61-70 (Senior),41,Medium Value,50,High Engagement,Medium Value - High Engagement,No,Monthly,30,Accessories,Handbag,4.0,No,Next Day Air,Venmo,Hawaii,Fall
3506,48,Female,46-60 (Middle-Aged),42,Medium Value,40,High Engagement,Medium Value - High Engagement,No,Quarterly,90,Accessories,Jewelry,3.7,No,2-Day Shipping,Bank Transfer,Indiana,Winter
3507,18,Female,18-30 (Young Adult),57,Medium Value,12,Low Engagement,Medium Value - Low Engagement,No,Bi-Weekly,14,Clothing,Shirt,3.7,No,2-Day Shipping,Cash,Illinois,Winter
3508,46,Female,46-60 (Middle-Aged),65,Medium Value,33,Medium Engagement,Medium Value - Medium Engagement,No,Quarterly,90,Accessories,Handbag,4.2,No,Store Pickup,Credit Card,Colorado,Spring
3509,52,Female,46-60 (Middle-Aged),54,Medium Value,49,High Engagement,Medium Value - High Engagement,No,Weekly,7,Clothing,Pants,4.7,No,Standard,Bank Transfer,Pennsylvania,Fall
3510,50,Female,46-60 (Middle-Aged),22,Low Value,43,High Engagement,Low Value - High Engagement,No,Bi-Weekly,14,Clothing,T-shirt,4.3,No,Next Day Air,Venmo,Ohio,Winter
3511,49,Female,46-60 (Middle-Aged),96,High Value,14,Low Engagement,High Value - Low Engagement,No,Monthly,30,Footwear,Sneakers,4.9,No,2-Day Shipping,Venmo,Pennsylvania,Fall
3512,69,Female,61-70 (Senior),81,High Value,21,Medium Engagement,High Value - Medium Engagement,No,Quarterly,90,Accessories,Jewelry,3.9,No,2-Day Shipping,Credit Card,Mississippi,Summer
3513,36,Female,31-45 (Adult),46,Medium Value,31,Medium Engagement,Medium Value - Medium Engagement,No,Quarterly,90,Clothing,Shirt,3.4,No,Free Shipping,Debit Card,Kentucky,Fall
3514,30,Female,18-30 (Young Adult),74,Medium Value,29,Medium Engagement,Medium Value - Medium Engagement,No,Bi-Weekly,14,Clothing,Blouse,4.2,No,Store Pickup,Credit Card,Alaska,Spring
3515,25,Female,18-30 (Young Adult),50,Medium Value,32,Medium Engagement,Medium Value - Medium Engagement,No,Monthly,30,Footwear,Sneakers,4.7,No,Express,Cash,Georgia,Winter
3516,19,Female,18-30 (Young Adult),80,High Value,16,Medium Engagement,High Value - Medium Engagement,No,Bi-Weekly,14,Clothing,Dress,4.0,No,Next Day Air,Debit Card,South Dakota,Winter
3517,34,Female,31-45 (Adult),56,Medium Value,38,High Engagement,Medium Value - High Engagement,No,Bi-Weekly,14,Footwear,Boots,4.0,No,Free Shipping,PayPal,South Carolina,Summer
3518,29,Female,18-30 (Young Adult),69,Medium Value,34,Medium Engagement,Medium Value - Medium Engagement,No,Quarterly,90,Clothing,Skirt,3.1,No,Next Day Air,Debit Card,Tennessee,Winter
3519,50,Female,46-60 (Middle-Aged),97,High Value,30,Medium Engagement,High Value - Medium Engagement,No,Quarterly,90,Clothing,Shirt,4.2,No,Standard,PayPal,Colorado,Spring
3520,31,Female,31-45 (Adult),66,Medium Value,14,Low Engagement,Medium Value - Low Engagement,No,Bi-Weekly,14,Clothing,Shorts,3.7,No,Next Day Air,Bank Transfer,Wisconsin,Winter
3521,41,Female,31-45 (Adult),70,Medium Value,33,Medium Engagement,Medium Value - Medium Engagement,No,Monthly,30,Accessories,Hat,3.1,No,Express,Bank Transfer,Georgia,Spring
3522,52,Female,46-60 (Middle-Aged),50,Medium Value,35,Medium Engagement,Medium Value - Medium Engagement,No,Weekly,7,Footwear,Shoes,3.7,No,Store Pickup,Venmo,Maryland,Winter
3523,27,Female,18-30 (Young Adult),85,High Value,13,Low Engagement,High Value - Low Engagement,No,Quarterly,90,Clothing,Pants,3.2,No,Store Pickup,Cash,New Jersey,Spring
3524,49,Female,46-60 (Middle-Aged),59,Medium Value,30,Medium Engagement,Medium Value - Medium Engagement,No,Bi-Weekly,14,Accessories,Backpack,2.8,No,Standard,Cash,Nevada,Summer
3525,69,Female,61-70 (Senior),74,Medium Value,30,Medium Engagement,Medium Value - Medium Engagement,No,Monthly,30,Clothing,Pants,2.9,No,Free Shipping,Credit Card,Michigan,Summer
3526,45,Female,31-45 (Adult),38,Low Value,47,High Engagement,Low Value - High Engagement,No,Annually,365,Accessories,Sunglasses,3.5,No,Standard,Bank Transfer,Wyoming,Winter
3527,20,Female,18-30 (Young Adult),99,High Value,1,Low Engagement,High Value - Low Engagement,No,Quarterly,90,Clothing,Sweater,3.8,No,Express,PayPal,Massachusetts,Spring
3528,25,Female,18-30 (Young Adult),97,High Value,1,Low Engagement,High Value - Low Engagement,No,Weekly,7,Clothing,Blouse,4.7,No,Free Shipping,Cash,Washington,Spring
3529,38,Female,31-45 (Adult),67,Medium Value,33,Medium Engagement,Medium Value - Medium Engagement,No,Annually,365,Accessories,Scarf,4.5,No,Free Shipping,PayPal,Maine,Summer
3530,55,Female,46-60 (Middle-Aged),20,Low Value,43,High Engagement,Low Value - High Engagement,No,Weekly,7,Clothing,T-shirt,3.9,No,Next Day Air,Bank Transfer,Montana,Winter
3531,62,Female,61-70 (Senior),45,Medium Value,37,High Engagement,Medium Value - High Engagement,No,Weekly,7,Accessories,Sunglasses,3.4,No,Express,PayPal,Oklahoma,Spring
3532,54,Female,46-60 (Middle-Aged),52,Medium Value,23,Medium Engagement,Medium Value - Medium Engagement,No,Quarterly,90,Footwear,Shoes,4.6,No,2-Day Shipping,Cash,North Dakota,Winter
3533,61,Female,61-70 (Senior),68,Medium Value,12,Low Engagement,Medium Value - Low Engagement,No,Annually,365,Clothing,Pants,4.6,No,Standard,Credit Card,Connecticut,Fall
3534,50,Female,46-60 (Middle-Aged),98,High Value,30,Medium Engagement,High Value - Medium Engagement,No,Bi-Weekly,14,Footwear,Sneakers,4.7,No,Standard,Venmo,Texas,Fall
3535,65,Female,61-70 (Senior),83,High Value,7,Low Engagement,High Value - Low Engagement,No,Weekly,7,Footwear,Shoes,3.2,No,Express,Cash,Delaware,Fall
3536,68,Female,61-70 (Senior),51,Medium Value,20,Medium Engagement,Medium Value - Medium Engagement,No,Monthly,30,Clothing,Shorts,5.0,No,Express,Debit Card,Mississippi,Summer
3537,55,Female,46-60 (Middle-Aged),21,Low Value,10,Low Engagement,Low Value - Low Engagement,No,Monthly,30,Accessories,Handbag,4.5,No,Express,Venmo,Minnesota,Spring
3538,57,Female,46-60 (Middle-Aged),92,High Value,40,High Engagement,High Value - High Engagement,No,Quarterly,90,Accessories,Handbag,3.5,No,Standard,Credit Card,Georgia,Spring
3539,56,Female,46-60 (Middle-Aged),63,Medium Value,21,Medium Engagement,Medium Value - Medium Engagement,No,Monthly,30,Footwear,Shoes,4.5,No,Store Pickup,Venmo,Iowa,Spring
3540,29,Female,18-30 (Young Adult),56,Medium Value,17,Medium Engagement,Medium Value - Medium Engagement,No,Bi-Weekly,14,Accessories,Jewelry,3.2,No,Express,Credit Card,New York,Spring
3541,24,Female,18-30 (Young Adult),95,High Value,5,Low Engagement,High Value - Low Engagement,No,Weekly,7,Clothing,Shorts,4.6,No,Free Shipping,Bank Transfer,Nevada,Spring
3542,59,Female,46-60 (Middle-Aged),66,Medium Value,22,Medium Engagement,Medium Value - Medium Engagement,No,Annually,365,Clothing,Blouse,4.0,No,Next Day Air,PayPal,Virginia,Winter
3543,62,Female,61-70 (Senior),28,Low Value,5,Low Engagement,Low Value - Low Engagement,No,Weekly,7,Outerwear,Coat,4.2,No,Express,Venmo,Idaho,Spring
3544,58,Female,46-60 (Middle-Aged),83,High Value,18,Medium Engagement,High Value - Medium Engagement,No,Quarterly,90,Accessories,Hat,4.1,No,Standard,PayPal,Colorado,Winter
3545,64,Female,61-70 (Senior),55,Medium Value,42,High Engagement,Medium Value - High Engagement,No,Quarterly,90,Clothing,Socks,3.6,No,2-Day Shipping,Cash,Wisconsin,Fall
3546,48,Female,46-60 (Middle-Aged),28,Low Value,22,Medium Engagement,Low Value - Medium Engagement,No,Annually,365,Footwear,Sandals,3.7,No,2-Day Shipping,Debit Card,Connecticut,Spring
3547,60,Female,46-60 (Middle-Aged),79,High Value,37,High Engagement,High Value - High Engagement,No,Bi-Weekly,14,Accessories,Scarf,3.6,No,Free Shipping,Bank Transfer,Kansas,Summer
3548,52,Female,46-60 (Middle-Aged),31,Low Value,23,Medium Engagement,Low Value - Medium Engagement,No,Annually,365,Accessories,Scarf,3.8,No,Standard,Credit Card,Pennsylvania,Summer
3549,63,Female,61-70 (Senior),37,Low Value,47,High Engagement,Low Value - High Engagement,No,Bi-Weekly,14,Clothing,Blouse,3.0,No,Standard,Debit Card,Utah,Fall
3550,44,Female,31-45 (Adult),34,Low Value,11,Low Engagement,Low Value - Low Engagement,No,Bi-Weekly,14,Clothing,T-shirt,3.4,No,2-Day Shipping,Bank Transfer,Oregon,Summer
3551,63,Female,61-70 (Senior),74,Medium Value,32,Medium Engagement,Medium Value - Medium Engagement,No,Weekly,7,Footwear,Shoes,4.8,No,Standard,Cash,West Virginia,Winter
3552,66,Female,61-70 (Senior),31,Low Value,20,Medium Engagement,Low Value - Medium Engagement,No,Weekly,7,Accessories,Gloves,2.6,No,Store Pickup,Venmo,Montana,Spring
3553,22,Female,18-30 (Young Adult),66,Medium Value,3,Low Engagement,Medium Value - Low Engagement,No,Quarterly,90,Accessories,Sunglasses,2.9,No,Next Day Air,PayPal,Kentucky,Winter
3554,62,Female,61-70 (Senior),99,High Value,32,Medium Engagement,High Value - Medium Engagement,No,Weekly,7,Footwear,Shoes,4.9,No,Free Shipping,Bank Transfer,Minnesota,Spring
3555,39,Female,31-45 (Adult),55,Medium Value,5,Low Engagement,Medium Value - Low Engagement,No,Bi-Weekly,14,Clothing,Dress,5.0,No,Free Shipping,Credit Card,Louisiana,Spring
3556,25,Female,18-30 (Young Adult),23,Low Value,45,High Engagement,Low Value - High Engagement,No,Quarterly,90,Clothing,Blouse,4.6,No,Next Day Air,Cash,Delaware,Spring
3557,70,Female,61-70 (Senior),88,High Value,43,High Engagement,High Value - High Engagement,No,Bi-Weekly,14,Clothing,Sweater,4.2,No,Express,Cash,Arizona,Fall
3558,52,Female,46-60 (Middle-Aged),26,Low Value,1,Low Engagement,Low Value - Low Engagement,No,Quarterly,90,Outerwear,Jacket,4.9,No,Next Day Air,PayPal,Nevada,Summer
3559,68,Female,61-70 (Senior),94,High Value,9,Low Engagement,High Value - Low Engagement,No,Quarterly,90,Accessories,Backpack,4.8,No,Standard,Venmo,Alaska,Summer
3560,18,Female,18-30 (Young Adult),25,Low Value,13,Low Engagement,Low Value - Low Engagement,No,Quarterly,90,Clothing,Shorts,3.0,No,Next Day Air,Venmo,Utah,Fall
3561,18,Female,18-30 (Young Adult),96,High Value,5,Low Engagement,High Value - Low Engagement,No,Annually,365,Clothing,Socks,3.5,No,Express,Credit Card,Kansas,Fall
3562,63,Female,61-70 (Senior),29,Low Value,39,High Engagement,Low Value - High Engagement,No,Bi-Weekly,14,Footwear,Sneakers,3.4,No,Standard,Credit Card,North Carolina,Spring
3563,47,Female,46-60 (Middle-Aged),36,Low Value,7,Low Engagement,Low Value - Low Engagement,No,Weekly,7,Footwear,Sneakers,3.4,No,Free Shipping,Bank Transfer,Maryland,Winter
3564,43,Female,31-45 (Adult),90,High Value,8,Low Engagement,High Value - Low Engagement,No,Quarterly,90,Clothing,Blouse,4.9,No,Standard,Credit Card,Maine,Summer
3565,60,Female,46-60 (Middle-Aged),38,Low Value,40,High Engagement,Low Value - High Engagement,No,Annually,365,Accessories,Gloves,4.4,No,Free Shipping,Venmo,Illinois,Summer
3566,49,Female,46-60 (Middle-Aged),52,Medium Value,35,Medium Engagement,Medium Value - Medium Engagement,No,Monthly,30,Accessories,Handbag,4.2,No,Store Pickup,PayPal,Pennsylvania,Spring
3567,28,Female,18-30 (Young Adult),88,High Value,14,Low Engagement,High Value - Low Engagement,No,Monthly,30,Clothing,Jeans,3.1,No,Next Day Air,Venmo,Alaska,Spring
3568,32,Female,31-45 (Adult),56,Medium Value,26,Medium Engagement,Medium Value - Medium Engagement,No,Monthly,30,Accessories,Scarf,4.0,No,Next Day Air,Credit Card,New Mexico,Summer
3569,29,Female,18-30 (Young Adult),71,Medium Value,14,Low Engagement,Medium Value - Low Engagement,No,Quarterly,90,Footwear,Sandals,4.8,No,Next Day Air,PayPal,Arkansas,Spring
3570,35,Female,31-45 (Adult),94,High Value,9,Low Engagement,High Value - Low Engagement,No,Bi-Weekly,14,Footwear,Sandals,3.3,No,Express,Bank Transfer,Alaska,Fall
3571,23,Female,18-30 (Young Adult),97,High Value,32,Medium Engagement,High Value - Medium Engagement,No,Annually,365,Clothing,Dress,4.7,No,Standard,Debit Card,Louisiana,Winter
3572,70,Female,61-70 (Senior),27,Low Value,15,Low Engagement,Low Value - Low Engagement,No,Quarterly,90,Clothing,Skirt,3.2,No,Standard,Bank Transfer,North Dakota,Summer
3573,23,Female,18-30 (Young Adult),28,Low Value,25,Medium Engagement,Low Value - Medium Engagement,No,Monthly,30,Clothing,Shorts,5.0,No,Standard,Credit Card,Rhode Island,Spring
3574,43,Female,31-45 (Adult),67,Medium Value,27,Medium Engagement,Medium Value - Medium Engagement,No,Monthly,30,Clothing,Jeans,4.9,No,Free Shipping,PayPal,Connecticut,Fall
3575,29,Female,18-30 (Young Adult),70,Medium Value,39,High Engagement,Medium Value - High Engagement,No,Quarterly,90,Clothing,Socks,4.9,No,Express,Bank Transfer,New York,Fall
3576,61,Female,61-70 (Senior),95,High Value,49,High Engagement,High Value - High Engagement,No,Bi-Weekly,14,Outerwear,Coat,3.7,No,Express,Venmo,Kentucky,Fall
3577,29,Female,18-30 (Young Adult),24,Low Value,12,Low Engagement,Low Value - Low Engagement,No,Bi-Weekly,14,Footwear,Boots,3.0,No,Express,Venmo,Maine,Spring
3578,66,Female,61-70 (Senior),35,Low Value,13,Low Engagement,Low Value - Low Engagement,No,Weekly,7,Accessories,Belt,2.6,No,Standard,Bank Transfer,Missouri,Winter
3579,46,Female,46-60 (Middle-Aged),22,Low Value,22,Medium Engagement,Low Value - Medium Engagement,No,Quarterly,90,Footwear,Shoes,2.6,No,Standard,Bank Transfer,Georgia,Winter
3580,34,Female,31-45 (Adult),66,Medium Value,19,Medium Engagement,Medium Value - Medium Engagement,No,Quarterly,90,Accessories,Scarf,4.8,No,Standard,Credit Card,Arizona,Fall
3581,51,Female,46-60 (Middle-Aged),83,High Value,3,Low Engagement,High Value - Low Engagement,No,Bi-Weekly,14,Clothing,Blouse,3.2,No,2-Day Shipping,Cash,New Hampshire,Summer
3582,26,Female,18-30 (Young Adult),95,High Value,50,High Engagement,High Value - High Engagement,No,Weekly,7,Clothing,Dress,4.9,No,Next Day Air,Credit Card,Georgia,Fall
3583,23,Female,18-30 (Young Adult),41,Medium Value,15,Low Engagement,Medium Value - Low Engagement,No,Annually,365,Clothing,Shorts,3.4,No,2-Day Shipping,PayPal,California,Summer
3584,52,Female,46-60 (Middle-Aged),77,High Value,44,High Engagement,High Value - High Engagement,No,Quarterly,90,Clothing,Blouse,2.7,No,Store Pickup,Credit Card,Arizona,Summer
3585,39,Female,31-45 (Adult),52,Medium Value,48,High Engagement,Medium Value - High Engagement,No,Monthly,30,Footwear,Sneakers,4.8,No,Express,Debit Card,Florida,Fall
3586,39,Female,31-45 (Adult),41,Medium Value,4,Low Engagement,Medium Value - Low Engagement,No,Bi-Weekly,14,Accessories,Gloves,4.1,No,Standard,Venmo,New York,Winter
3587,33,Female,31-45 (Adult),28,Low Value,12,Low Engagement,Low Value - Low Engagement,No,Bi-Weekly,14,Clothing,Hoodie,4.6,No,Store Pickup,PayPal,Idaho,Winter
3588,33,Female,31-45 (Adult),90,High Value,33,Medium Engagement,High Value - Medium Engagement,No,Annually,365,Clothing,Sweater,4.4,No,Standard,Debit Card,Virginia,Summer
3589,23,Female,18-30 (Young Adult),55,Medium Value,40,High Engagement,Medium Value - High Engagement,No,Annually,365,Accessories,Sunglasses,3.5,No,2-Day Shipping,Cash,Michigan,Spring
3590,31,Female,31-45 (Adult),73,Medium Value,38,High Engagement,Medium Value - High Engagement,No,Quarterly,90,Accessories,Belt,4.8,No,Next Day Air,Cash,New Hampshire,Spring
3591,27,Female,18-30 (Young Adult),87,High Value,19,Medium Engagement,High Value - Medium Engagement,No,Quarterly,90,Clothing,Dress,2.9,No,2-Day Shipping,Venmo,South Dakota,Fall
3592,48,Female,46-60 (Middle-Aged),89,High Value,38,High Engagement,High Value - High Engagement,No,Quarterly,90,Outerwear,Jacket,3.2,No,2-Day Shipping,Bank Transfer,South Dakota,Winter
3593,61,Female,61-70 (Senior),82,High Value,18,Medium Engagement,High Value - Medium Engagement,No,Bi-Weekly,14,Footwear,Boots,4.4,No,2-Day Shipping,Venmo,New Jersey,Spring
3594,63,Female,61-70 (Senior),80,High Value,24,Medium Engagement,High Value - Medium Engagement,No,Monthly,30,Footwear,Sandals,4.6,No,Next Day Air,PayPal,Wyoming,Spring
3595,19,Female,18-30 (Young Adult),87,High Value,29,Medium Engagement,High Value - Medium Engagement,No,Quarterly,90,Accessories,Scarf,2.6,No,2-Day Shipping,Venmo,Alabama,Summer
3596,21,Female,18-30 (Young Adult),41,Medium Value,14,Low Engagement,Medium Value - Low Engagement,No,Annually,365,Clothing,Blouse,3.1,No,Store Pickup,PayPal,South Dakota,Spring
3597,28,Female,18-30 (Young Adult),83,High Value,44,High Engagement,High Value - High Engagement,No,Bi-Weekly,14,Clothing,Hoodie,4.3,No,Standard,Cash,South Carolina,Spring
3598,29,Female,18-30 (Young Adult),71,Medium Value,18,Medium Engagement,Medium Value - Medium Engagement,No,Quarterly,90,Accessories,Sunglasses,3.1,No,Standard,Bank Transfer,New Mexico,Summer
3599,23,Female,18-30 (Young Adult),76,High Value,19,Medium Engagement,High Value - Medium Engagement,No,Bi-Weekly,14,Clothing,Hoodie,4.6,No,Store Pickup,Bank Transfer,Connecticut,Spring
3600,37,Female,31-45 (Adult),34,Low Value,4,Low Engagement,Low Value - Low Engagement,No,Weekly,7,Accessories,Scarf,4.6,No,Express,Cash,Kansas,Spring
3601,67,Female,61-70 (Senior),81,High Value,25,Medium Engagement,High Value - Medium Engagement,No,Bi-Weekly,14,Clothing,Dress,2.7,No,Free Shipping,Cash,South Carolina,Spring
3602,34,Female,31-45 (Adult),47,Medium Value,3,Low Engagement,Medium Value - Low Engagement,No,Monthly,30,Clothing,T-shirt,3.0,No,Next Day Air,PayPal,North Carolina,Summer
3603,58,Female,46-60 (Middle-Aged),36,Low Value,40,High Engagement,Low Value - High Engagement,No,Quarterly,90,Clothing,Skirt,3.3,No,Store Pickup,Debit Card,Wyoming,Summer
3604,45,Female,31-45 (Adult),51,Medium Value,5,Low Engagement,Medium Value - Low Engagement,No,Weekly,7,Clothing,Jeans,2.7,No,Free Shipping,Cash,Louisiana,Spring
3605,63,Female,61-70 (Senior),86,High Value,17,Medium Engagement,High Value - Medium Engagement,No,Annually,365,Clothing,Hoodie,3.3,No,Standard,Debit Card,Louisiana,Fall
3606,68,Female,61-70 (Senior),41,Medium Value,36,High Engagement,Medium Value - High Engagement,No,Quarterly,90,Clothing,Jeans,4.3,No,Store Pickup,Bank Transfer,Alabama,Fall
3607,41,Female,31-45 (Adult),90,High Value,41,High Engagement,High Value - High Engagement,No,Annually,365,Footwear,Sandals,4.8,No,Express,Venmo,Minnesota,Fall
3608,50,Female,46-60 (Middle-Aged),93,High Value,20,Medium Engagement,High Value - Medium Engagement,No,Bi-Weekly,14,Accessories,Hat,3.3,No,Standard,Venmo,New Mexico,Fall
3609,24,Female,18-30 (Young Adult),56,Medium Value,2,Low Engagement,Medium Value - Low Engagement,No,Quarterly,90,Accessories,Gloves,4.3,No,Next Day Air,Cash,Tennessee,Fall
3610,21,Female,18-30 (Young Adult),39,Low Value,31,Medium Engagement,Low Value - Medium Engagement,No,Monthly,30,Clothing,Socks,3.0,No,2-Day Shipping,Debit Card,New Mexico,Summer
3611,18,Female,18-30 (Young Adult),86,High Value,23,Medium Engagement,High Value - Medium Engagement,No,Bi-Weekly,14,Outerwear,Jacket,4.8,No,2-Day Shipping,Bank Transfer,Texas,Fall
3612,63,Female,61-70 (Senior),82,High Value,30,Medium Engagement,High Value - Medium Engagement,No,Annually,365,Clothing,T-shirt,2.9,No,Standard,Credit Card,Washington,Spring
3613,47,Female,46-60 (Middle-Aged),29,Low Value,26,Medium Engagement,Low Value - Medium Engagement,No,Quarterly,90,Footwear,Sandals,3.6,No,Standard,Cash,Michigan,Summer
3614,58,Female,46-60 (Middle-Aged),27,Low Value,40,High Engagement,Low Value - High Engagement,No,Annually,365,Accessories,Hat,3.5,No,Store Pickup,Venmo,Minnesota,Fall
3615,46,Female,46-60 (Middle-Aged),25,Low Value,19,Medium Engagement,Low Value - Medium Engagement,No,Annually,365,Accessories,Gloves,4.7,No,2-Day Shipping,Bank Transfer,Delaware,Spring
3616,35,Female,31-45 (Adult),31,Low Value,4,Low Engagement,Low Value - Low Engagement,No,Monthly,30,Clothing,Dress,4.4,No,Free Shipping,Credit Card,California,Winter
3617,42,Female,31-45 (Adult),23,Low Value,33,Medium Engagement,Low Value - Medium Engagement,No,Bi-Weekly,14,Clothing,Hoodie,3.3,No,Store Pickup,Debit Card,Wisconsin,Winter
3618,48,Female,46-60 (Middle-Aged),47,Medium Value,29,Medium Engagement,Medium Value - Medium Engagement,No,Monthly,30,Accessories,Belt,4.3,No,Express,Debit Card,Kentucky,Fall
3619,28,Female,18-30 (Young Adult),67,Medium Value,47,High Engagement,Medium Value - High Engagement,No,Bi-Weekly,14,Accessories,Gloves,4.0,No,2-Day Shipping,PayPal,Nevada,Fall
3620,44,Female,31-45 (Adult),75,Medium Value,50,High Engagement,Medium Value - High Engagement,No,Weekly,7,Accessories,Scarf,4.9,No,2-Day Shipping,Venmo,North Carolina,Winter
3621,60,Female,46-60 (Middle-Aged),82,High Value,28,Medium Engagement,High Value - Medium Engagement,No,Bi-Weekly,14,Footwear,Sandals,2.9,No,Express,Credit Card,Louisiana,Summer
3622,38,Female,31-45 (Adult),32,Low Value,5,Low Engagement,Low Value - Low Engagement,No,Bi-Weekly,14,Footwear,Sneakers,4.0,No,2-Day Shipping,Cash,New Jersey,Summer
3623,46,Female,46-60 (Middle-Aged),41,Medium Value,12,Low Engagement,Medium Value - Low Engagement,No,Annually,365,Clothing,Dress,4.3,No,Store Pickup,Credit Card,Wisconsin,Fall
3624,39,Female,31-45 (Adult),89,High Value,4,Low Engagement,High Value - Low Engagement,No,Weekly,7,Accessories,Jewelry,2.7,No,2-Day Shipping,PayPal,Arkansas,Winter
3625,22,Female,18-30 (Young Adult),82,High Value,22,Medium Engagement,High Value - Medium Engagement,No,Bi-Weekly,14,Accessories,Hat,5.0,No,Store Pickup,Bank Transfer,Texas,Fall
3626,44,Female,31-45 (Adult),99,High Value,32,Medium Engagement,High Value - Medium Engagement,No,Weekly,7,Accessories,Scarf,4.4,No,Express,PayPal,Illinois,Winter
3627,69,Female,61-70 (Senior),98,High Value,32,Medium Engagement,High Value - Medium Engagement,No,Quarterly,90,Clothing,Blouse,3.5,No,Express,Venmo,Mississippi,Fall
3628,39,Female,31-45 (Adult),54,Medium Value,48,High Engagement,Medium Value - High Engagement,No,Quarterly,90,Accessories,Belt,3.3,No,Next Day Air,Cash,Delaware,Winter
3629,53,Female,46-60 (Middle-Aged),88,High Value,35,Medium Engagement,High Value - Medium Engagement,No,Monthly,30,Clothing,Blouse,3.8,No,Free Shipping,Credit Card,Georgia,Summer
3630,52,Female,46-60 (Middle-Aged),43,Medium Value,44,High Engagement,Medium Value - High Engagement,No,Bi-Weekly,14,Clothing,T-shirt,4.5,No,Standard,Debit Card,Kansas,Summer
3631,65,Female,61-70 (Senior),73,Medium Value,29,Medium Engagement,Medium Value - Medium Engagement,No,Weekly,7,Accessories,Hat,4.8,No,Store Pickup,Cash,Oklahoma,Winter
3632,48,Female,46-60 (Middle-Aged),50,Medium Value,26,Medium Engagement,Medium Value - Medium Engagement,No,Monthly,30,Accessories,Hat,2.9,No,Store Pickup,Credit Card,New Jersey,Fall
3633,27,Female,18-30 (Young Adult),73,Medium Value,3,Low Engagement,Medium Value - Low Engagement,No,Quarterly,90,Footwear,Sneakers,3.2,No,Express,Debit Card,Utah,Spring
3634,39,Female,31-45 (Adult),51,Medium Value,1,Low Engagement,Medium Value - Low Engagement,No,Bi-Weekly,14,Accessories,Gloves,2.8,No,Free Shipping,Bank Transfer,Montana,Spring
3635,59,Female,46-60 (Middle-Aged),22,Low Value,17,Medium Engagement,Low Value - Medium Engagement,No,Annually,365,Clothing,Socks,3.3,No,Standard,PayPal,Ohio,Winter
3636,52,Female,46-60 (Middle-Aged),32,Low Value,17,Medium Engagement,Low Value - Medium Engagement,No,Bi-Weekly,14,Footwear,Sandals,3.3,No,Free Shipping,Credit Card,Colorado,Fall
3637,50,Female,46-60 (Middle-Aged),38,Low Value,36,High Engagement,Low Value - High Engagement,No,Weekly,7,Footwear,Sandals,4.2,No,2-Day Shipping,Cash,California,Summer
3638,32,Female,31-45 (Adult),66,Medium Value,32,Medium Engagement,Medium Value - Medium Engagement,No,Bi-Weekly,14,Footwear,Boots,3.6,No,Express,Credit Card,Utah,Winter
3639,40,Female,31-45 (Adult),20,Low Value,50,High Engagement,Low Value - High Engagement,No,Bi-Weekly,14,Accessories,Backpack,4.6,No,Express,PayPal,Kansas,Spring
3640,26,Female,18-30 (Young Adult),44,Medium Value,39,High Engagement,Medium Value - High Engagement,No,Annually,365,Outerwear,Coat,3.6,No,2-Day Shipping,Venmo,Illinois,Summer
3641,47,Female,46-60 (Middle-Aged),31,Low Value,17,Medium Engagement,Low Value - Medium Engagement,No,Monthly,30,Accessories,Sunglasses,4.0,No,Next Day Air,PayPal,Minnesota,Spring
3642,51,Female,46-60 (Middle-Aged),45,Medium Value,39,High Engagement,Medium Value - High Engagement,No,Quarterly,90,Outerwear,Jacket,2.7,No,Free Shipping,Bank Transfer,New York,Fall
3643,47,Female,46-60 (Middle-Aged),71,Medium Value,5,Low Engagement,Medium Value - Low Engagement,No,Annually,365,Clothing,Dress,4.4,No,Store Pickup,PayPal,Arizona,Summer
3644,53,Female,46-60 (Middle-Aged),96,High Value,47,High Engagement,High Value - High Engagement,No,Annually,365,Accessories,Scarf,3.2,No,Standard,Debit Card,Tennessee,Fall
3645,35,Female,31-45 (Adult),32,Low Value,18,Medium Engagement,Low Value - Medium Engagement,No,Weekly,7,Clothing,Blouse,2.6,No,Next Day Air,Venmo,Arkansas,Winter
3646,38,Female,31-45 (Adult),90,High Value,31,Medium Engagement,High Value - Medium Engagement,No,Quarterly,90,Accessories,Backpack,3.4,No,Free Shipping,Credit Card,Colorado,Summer
3647,69,Female,61-70 (Senior),68,Medium Value,39,High Engagement,Medium Value - High Engagement,No,Bi-Weekly,14,Accessories,Jewelry,5.0,No,2-Day Shipping,Debit Card,Nevada,Spring
3648,47,Female,46-60 (Middle-Aged),45,Medium Value,12,Low Engagement,Medium Value - Low Engagement,No,Weekly,7,Clothing,Shorts,2.9,No,Store Pickup,Bank Transfer,Kansas,Winter
3649,31,Female,31-45 (Adult),67,Medium Value,45,High Engagement,Medium Value - High Engagement,No,Bi-Weekly,14,Clothing,Skirt,5.0,No,Free Shipping,Cash,New York,Winter
3650,68,Female,61-70 (Senior),57,Medium Value,33,Medium Engagement,Medium Value - Medium Engagement,No,Bi-Weekly,14,Clothing,Skirt,4.4,No,Standard,Credit Card,Minnesota,Fall
3651,51,Female,46-60 (Middle-Aged),60,Medium Value,3,Low Engagement,Medium Value - Low Engagement,No,Annually,365,Clothing,Jeans,3.5,No,2-Day Shipping,PayPal,Ohio,Summer
3652,20,Female,18-30 (Young Adult),32,Low Value,5,Low Engagement,Low Value - Low Engagement,No,Quarterly,90,Accessories,Handbag,3.8,No,Express,Venmo,Arizona,Spring
3653,27,Female,18-30 (Young Adult),29,Low Value,23,Medium Engagement,Low Value - Medium Engagement,No,Monthly,30,Accessories,Handbag,3.8,No,Store Pickup,Debit Card,Kentucky,Fall
3654,67,Female,61-70 (Senior),20,Low Value,39,High Engagement,Low Value - High Engagement,No,Bi-Weekly,14,Outerwear,Coat,3.9,No,Next Day Air,Credit Card,Minnesota,Spring
3655,21,Female,18-30 (Young Adult),98,High Value,10,Low Engagement,High Value - Low Engagement,No,Annually,365,Accessories,Jewelry,3.3,No,Next Day Air,Credit Card,Arkansas,Winter
3656,20,Female,18-30 (Young Adult),27,Low Value,4,Low Engagement,Low Value - Low Engagement,No,Bi-Weekly,14,Clothing,Sweater,2.9,No,Next Day Air,Credit Card,Wyoming,Fall
3657,35,Female,31-45 (Adult),67,Medium Value,18,Medium Engagement,Medium Value - Medium Engagement,No,Monthly,30,Outerwear,Jacket,3.7,No,2-Day Shipping,Credit Card,North Dakota,Spring
3658,58,Female,46-60 (Middle-Aged),82,High Value,1,Low Engagement,High Value - Low Engagement,No,Quarterly,90,Footwear,Shoes,3.7,No,Express,Debit Card,Alabama,Winter
3659,28,Female,18-30 (Young Adult),72,Medium Value,18,Medium Engagement,Medium Value - Medium Engagement,No,Bi-Weekly,14,Clothing,T-shirt,4.6,No,Standard,PayPal,Mississippi,Fall
3660,27,Female,18-30 (Young Adult),77,High Value,46,High Engagement,High Value - High Engagement,No,Annually,365,Footwear,Sandals,4.9,No,Store Pickup,Bank Transfer,Illinois,Fall
3661,19,Female,18-30 (Young Adult),74,Medium Value,13,Low Engagement,Medium Value - Low Engagement,No,Bi-Weekly,14,Footwear,Shoes,3.1,No,2-Day Shipping,Bank Transfer,Arkansas,Winter
3662,63,Female,61-70 (Senior),39,Low Value,5,Low Engagement,Low Value - Low Engagement,No,Bi-Weekly,14,Footwear,Sandals,3.5,No,Next Day Air,Credit Card,Kansas,Winter
3663,69,Female,61-70 (Senior),80,High Value,11,Low Engagement,High Value - Low Engagement,No,Weekly,7,Clothing,Shorts,4.9,No,Next Day Air,Debit Card,Rhode Island,Spring
3664,65,Female,61-70 (Senior),59,Medium Value,49,High Engagement,Medium Value - High Engagement,No,Weekly,7,Accessories,Backpack,4.4,No,Express,Credit Card,Florida,Summer
3665,63,Female,61-70 (Senior),68,Medium Value,1,Low Engagement,Medium Value - Low Engagement,No,Bi-Weekly,14,Outerwear,Jacket,4.4,No,Store Pickup,Debit Card,Missouri,Fall
3666,28,Female,18-30 (Young Adult),77,High Value,11,Low Engagement,High Value - Low Engagement,No,Quarterly,90,Clothing,Socks,3.4,No,Next Day Air,Credit Card,North Carolina,Fall
3667,67,Female,61-70 (Senior),50,Medium Value,47,High Engagement,Medium Value - High Engagement,No,Quarterly,90,Accessories,Jewelry,3.0,No,2-Day Shipping,Cash,Alabama,Winter
3668,51,Female,46-60 (Middle-Aged),45,Medium Value,20,Medium Engagement,Medium Value - Medium Engagement,No,Monthly,30,Clothing,Pants,2.6,No,Next Day Air,Venmo,Washington,Fall
3669,59,Female,46-60 (Middle-Aged),71,Medium Value,18,Medium Engagement,Medium Value - Medium Engagement,No,Annually,365,Clothing,Blouse,3.2,No,Store Pickup,Venmo,Michigan,Summer
3670,25,Female,18-30 (Young Adult),52,Medium Value,43,High Engagement,Medium Value - High Engagement,No,Quarterly,90,Clothing,Socks,4.6,No,Store Pickup,PayPal,Washington,Fall
3671,31,Female,31-45 (Adult),50,Medium Value,4,Low Engagement,Medium Value - Low Engagement,No,Quarterly,90,Footwear,Shoes,3.8,No,Free Shipping,PayPal,Vermont,Winter
3672,62,Female,61-70 (Senior),66,Medium Value,20,Medium Engagement,Medium Value - Medium Engagement,No,Quarterly,90,Accessories,Handbag,4.8,No,2-Day Shipping,Venmo,Illinois,Summer
3673,51,Female,46-60 (Middle-Aged),81,High Value,7,Low Engagement,High Value - Low Engagement,No,Monthly,30,Footwear,Sandals,4.5,No,Free Shipping,PayPal,New York,Fall
3674,32,Female,31-45 (Adult),28,Low Value,31,Medium Engagement,Low Value - Medium Engagement,No,Bi-Weekly,14,Clothing,Socks,4.2,No,2-Day Shipping,Bank Transfer,Rhode Island,Summer
3675,35,Female,31-45 (Adult),65,Medium Value,41,High Engagement,Medium Value - High Engagement,No,Bi-Weekly,14,Accessories,Handbag,2.7,No,2-Day Shipping,Venmo,Washington,Winter
3676,70,Female,61-70 (Senior),80,High Value,3,Low Engagement,High Value - Low Engagement,No,Monthly,30,Accessories,Hat,4.5,No,Express,Bank Transfer,Virginia,Winter
3677,19,Female,18-30 (Young Adult),94,High Value,16,Medium Engagement,High Value - Medium Engagement,No,Monthly,30,Accessories,Jewelry,4.9,No,Free Shipping,PayPal,Wisconsin,Spring
3678,32,Female,31-45 (Adult),30,Low Value,43,High Engagement,Low Value - High Engagement,No,Annually,365,Accessories,Backpack,2.8,No,Standard,Cash,Michigan,Fall
3679,56,Female,46-60 (Middle-Aged),45,Medium Value,29,Medium Engagement,Medium Value - Medium Engagement,No,Bi-Weekly,14,Clothing,Shirt,3.5,No,Standard,Bank Transfer,Texas,Fall
3680,53,Female,46-60 (Middle-Aged),91,High Value,5,Low Engagement,High Value - Low Engagement,No,Bi-Weekly,14,Outerwear,Coat,2.5,No,Store Pickup,Cash,Idaho,Summer
3681,22,Female,18-30 (Young Adult),36,Low Value,30,Medium Engagement,Low Value - Medium Engagement,No,Quarterly,90,Accessories,Sunglasses,2.9,No,Standard,Debit Card,Iowa,Winter
3682,26,Female,18-30 (Young Adult),73,Medium Value,33,Medium Engagement,Medium Value - Medium Engagement,No,Monthly,30,Accessories,Gloves,4.2,No,Next Day Air,Debit Card,Connecticut,Fall
3683,42,Female,31-45 (Adult),60,Medium Value,46,High Engagement,Medium Value - High Engagement,No,Bi-Weekly,14,Clothing,Shirt,4.6,No,Store Pickup,Venmo,Wyoming,Fall
3684,30,Female,18-30 (Young Adult),77,High Value,17,Medium Engagement,High Value - Medium Engagement,No,Bi-Weekly,14,Clothing,Socks,3.0,No,Free Shipping,Venmo,Mississippi,Winter
3685,29,Female,18-30 (Young Adult),86,High Value,47,High Engagement,High Value - High Engagement,No,Bi-Weekly,14,Clothing,Skirt,4.4,No,Free Shipping,Credit Card,Pennsylvania,Spring
3686,47,Female,46-60 (Middle-Aged),42,Medium Value,17,Medium Engagement,Medium Value - Medium Engagement,No,Bi-Weekly,14,Clothing,Shorts,2.6,No,Standard,Cash,Tennessee,Summer
3687,59,Female,46-60 (Middle-Aged),70,Medium Value,17,Medium Engagement,Medium Value - Medium Engagement,No,Bi-Weekly,14,Footwear,Sandals,4.8,No,Free Shipping,Cash,Louisiana,Spring
3688,34,Female,31-45 (Adult),44,Medium Value,28,Medium Engagement,Medium Value - Medium Engagement,No,Quarterly,90,Clothing,Shirt,2.9,No,Next Day Air,Bank Transfer,Arkansas,Summer
3689,52,Female,46-60 (Middle-Aged),91,High Value,8,Low Engagement,High Value - Low Engagement,No,Monthly,30,Accessories,Sunglasses,3.0,No,Next Day Air,Cash,West Virginia,Spring
3690,47,Female,46-60 (Middle-Aged),30,Low Value,8,Low Engagement,Low Value - Low Engagement,No,Quarterly,90,Accessories,Jewelry,4.5,No,Standard,Bank Transfer,South Carolina,Fall
3691,24,Female,18-30 (Young Adult),23,Low Value,4,Low Engagement,Low Value - Low Engagement,No,Bi-Weekly,14,Clothing,Blouse,3.7,No,Store Pickup,Bank Transfer,Kansas,Fall
3692,63,Female,61-70 (Senior),21,Low Value,24,Medium Engagement,Low Value - Medium Engagement,No,Weekly,7,Footwear,Sandals,4.8,No,Next Day Air,PayPal,Michigan,Summer
3693,59,Female,46-60 (Middle-Aged),34,Low Value,29,Medium Engagement,Low Value - Medium Engagement,No,Bi-Weekly,14,Outerwear,Coat,4.8,No,Free Shipping,Cash,Alabama,Spring
3694,66,Female,61-70 (Senior),46,Medium Value,10,Low Engagement,Medium Value - Low Engagement,No,Weekly,7,Clothing,Blouse,4.7,No,2-Day Shipping,Venmo,South Dakota,Summer
3695,45,Female,31-45 (Adult),41,Medium Value,11,Low Engagement,Medium Value - Low Engagement,No,Bi-Weekly,14,Clothing,Sweater,2.6,No,Express,PayPal,Rhode Island,Winter
3696,38,Female,31-45 (Adult),33,Low Value,18,Medium Engagement,Low Value - Medium Engagement,No,Bi-Weekly,14,Clothing,Skirt,4.6,No,Standard,Bank Transfer,Florida,Fall
3697,63,Female,61-70 (Senior),48,Medium Value,26,Medium Engagement,Medium Value - Medium Engagement,No,Annually,365,Clothing,Blouse,3.4,No,Next Day Air,Bank Transfer,Connecticut,Fall
3698,55,Female,46-60 (Middle-Aged),66,Medium Value,39,High Engagement,Medium Value - High Engagement,No,Weekly,7,Clothing,Hoodie,3.0,No,Standard,Cash,Pennsylvania,Winter
3699,25,Female,18-30 (Young Adult),54,Medium Value,4,Low Engagement,Medium Value - Low Engagement,No,Annually,365,Clothing,Skirt,4.0,No,2-Day Shipping,Venmo,California,Spring
3700,51,Female,46-60 (Middle-Aged),55,Medium Value,24,Medium Engagement,Medium Value - Medium Engagement,No,Weekly,7,Accessories,Backpack,2.6,No,Store Pickup,Bank Transfer,Oklahoma,Fall
3701,28,Female,18-30 (Young Adult),84,High Value,2,Low Engagement,High Value - Low Engagement,No,Quarterly,90,Accessories,Handbag,3.4,No,Store Pickup,Bank Transfer,North Dakota,Summer
3702,46,Female,46-60 (Middle-Aged),66,Medium Value,36,High Engagement,Medium Value - High Engagement,No,Annually,365,Footwear,Sandals,4.5,No,Store Pickup,Cash,New Mexico,Spring
3703,58,Female,46-60 (Middle-Aged),65,Medium Value,36,High Engagement,Medium Value - High Engagement,No,Weekly,7,Footwear,Shoes,2.7,No,Store Pickup,Venmo,South Carolina,Spring
3704,30,Female,18-30 (Young Adult),83,High Value,23,Medium Engagement,High Value - Medium Engagement,No,Quarterly,90,Footwear,Sandals,2.9,No,Standard,PayPal,Michigan,Fall
3705,68,Female,61-70 (Senior),61,Medium Value,36,High Engagement,Medium Value - High Engagement,No,Quarterly,90,Accessories,Sunglasses,4.0,No,Store Pickup,Credit Card,Missouri,Winter
3706,28,Female,18-30 (Young Adult),65,Medium Value,2,Low Engagement,Medium Value - Low Engagement,No,Annually,365,Clothing,Skirt,3.2,No,Free Shipping,Debit Card,Colorado,Summer
3707,26,Female,18-30 (Young Adult),55,Medium Value,17,Medium Engagement,Medium Value - Medium Engagement,No,Bi-Weekly,14,Footwear,Sandals,4.0,No,Store Pickup,Cash,Kansas,Spring
3708,35,Female,31-45 (Adult),79,High Value,19,Medium Engagement,High Value - Medium Engagement,No,Weekly,7,Accessories,Gloves,3.4,No,2-Day Shipping,Venmo,Illinois,Fall
3709,40,Female,31-45 (Adult),96,High Value,41,High Engagement,High Value - High Engagement,No,Monthly,30,Clothing,Hoodie,4.9,No,Express,PayPal,South Carolina,Fall
3710,31,Female,31-45 (Adult),43,Medium Value,27,Medium Engagement,Medium Value - Medium Engagement,No,Quarterly,90,Clothing,Socks,3.6,No,Free Shipping,PayPal,Utah,Fall
3711,60,Female,46-60 (Middle-Aged),40,Medium Value,32,Medium Engagement,Medium Value - Medium Engagement,No,Bi-Weekly,14,Accessories,Jewelry,3.6,No,2-Day Shipping,Bank Transfer,Hawaii,Summer
3712,69,Female,61-70 (Senior),62,Medium Value,33,Medium Engagement,Medium Value - Medium Engagement,No,Annually,365,Accessories,Hat,3.2,No,Free Shipping,Cash,Texas,Fall
3713,51,Female,46-60 (Middle-Aged),72,Medium Value,24,Medium Engagement,Medium Value - Medium Engagement,No,Quarterly,90,Clothing,Blouse,3.7,No,2-Day Shipping,PayPal,Oregon,Spring
3714,49,Female,46-60 (Middle-Aged),87,High Value,31,Medium Engagement,High Value - Medium Engagement,No,Quarterly,90,Footwear,Shoes,2.6,No,Express,Debit Card,Arizona,Spring
3715,18,Female,18-30 (Young Adult),31,Low Value,35,Medium Engagement,Low Value - Medium Engagement,No,Weekly,7,Accessories,Hat,3.9,No,Express,Credit Card,New York,Winter
3716,63,Female,61-70 (Senior),34,Low Value,2,Low Engagement,Low Value - Low Engagement,No,Monthly,30,Accessories,Sunglasses,3.4,No,Free Shipping,Bank Transfer,Nebraska,Fall
3717,57,Female,46-60 (Middle-Aged),53,Medium Value,42,High Engagement,Medium Value - High Engagement,No,Quarterly,90,Clothing,Shirt,3.4,No,Next Day Air,Debit Card,Vermont,Fall
3718,45,Female,31-45 (Adult),85,High Value,47,High Engagement,High Value - High Engagement,No,Quarterly,90,Clothing,T-shirt,4.2,No,Express,Bank Transfer,Maryland,Summer
3719,36,Female,31-45 (Adult),50,Medium Value,44,High Engagement,Medium Value - High Engagement,No,Bi-Weekly,14,Clothing,Pants,2.9,No,Standard,Bank Transfer,Tennessee,Fall
3720,20,Female,18-30 (Young Adult),91,High Value,8,Low Engagement,High Value - Low Engagement,No,Quarterly,90,Clothing,Pants,4.1,No,Free Shipping,Bank Transfer,Pennsylvania,Summer
3721,21,Female,18-30 (Young Adult),56,Medium Value,13,Low Engagement,Medium Value - Low Engagement,No,Quarterly,90,Accessories,Hat,3.6,No,Free Shipping,Credit Card,South Carolina,Fall
3722,62,Female,61-70 (Senior),60,Medium Value,10,Low Engagement,Medium Value - Low Engagement,No,Annually,365,Outerwear,Coat,4.0,No,Next Day Air,Cash,Connecticut,Fall
3723,23,Female,18-30 (Young Adult),34,Low Value,1,Low Engagement,Low Value - Low Engagement,No,Bi-Weekly,14,Outerwear,Jacket,4.0,No,Standard,Credit Card,Kentucky,Fall
3724,26,Female,18-30 (Young Adult),30,Low Value,1,Low Engagement,Low Value - Low Engagement,No,Monthly,30,Footwear,Sandals,3.6,No,Free Shipping,Debit Card,Rhode Island,Spring
3725,30,Female,18-30 (Young Adult),71,Medium Value,18,Medium Engagement,Medium Value - Medium Engagement,No,Annually,365,Accessories,Gloves,3.1,No,Express,Bank Transfer,Colorado,Winter
3726,18,Female,18-30 (Young Adult),100,High Value,2,Low Engagement,High Value - Low Engagement,No,Annually,365,Clothing,Dress,4.4,No,Next Day Air,PayPal,Oklahoma,Winter
3727,47,Female,46-60 (Middle-Aged),85,High Value,36,High Engagement,High Value - High Engagement,No,Quarterly,90,Accessories,Belt,4.3,No,Next Day Air,Debit Card,Idaho,Fall
3728,41,Female,31-45 (Adult),83,High Value,17,Medium Engagement,High Value - Medium Engagement,No,Bi-Weekly,14,Clothing,Socks,3.5,No,Next Day Air,Debit Card,Maine,Summer
3729,62,Female,61-70 (Senior),31,Low Value,1,Low Engagement,Low Value - Low Engagement,No,Annually,365,Outerwear,Jacket,3.0,No,Standard,Debit Card,Vermont,Winter
3730,28,Female,18-30 (Young Adult),82,High Value,50,High Engagement,High Value - High Engagement,No,Quarterly,90,Footwear,Boots,4.7,No,2-Day Shipping,Cash,Rhode Island,Spring
3731,46,Female,46-60 (Middle-Aged),79,High Value,3,Low Engagement,High Value - Low Engagement,No,Bi-Weekly,14,Clothing,Shirt,2.5,No,2-Day Shipping,Credit Card,Florida,Summer
3732,54,Female,46-60 (Middle-Aged),62,Medium Value,45,High Engagement,Medium Value - High Engagement,No,Quarterly,90,Accessories,Hat,3.1,No,2-Day Shipping,PayPal,West Virginia,Spring
3733,36,Female,31-45 (Adult),92,High Value,28,Medium Engagement,High Value - Medium Engagement,No,Annually,365,Footwear,Shoes,3.3,No,Free Shipping,PayPal,Indiana,Spring
3734,25,Female,18-30 (Young Adult),58,Medium Value,6,Low Engagement,Medium Value - Low Engagement,No,Quarterly,90,Clothing,Socks,4.7,No,Next Day Air,Debit Card,Illinois,Fall
3735,38,Female,31-45 (Adult),88,High Value,33,Medium Engagement,High Value - Medium Engagement,No,Quarterly,90,Clothing,Hoodie,3.4,No,Next Day Air,Debit Card,California,Spring
3736,38,Female,31-45 (Adult),44,Medium Value,29,Medium Engagement,Medium Value - Medium Engagement,No,Annually,365,Footwear,Sandals,3.1,No,2-Day Shipping,PayPal,Massachusetts,Spring
3737,42,Female,31-45 (Adult),56,Medium Value,2,Low Engagement,Medium Value - Low Engagement,No,Quarterly,90,Clothing,Jeans,4.6,No,Store Pickup,PayPal,Idaho,Spring
3738,19,Female,18-30 (Young Adult),23,Low Value,43,High Engagement,Low Value - High Engagement,No,Bi-Weekly,14,Accessories,Jewelry,4.9,No,Free Shipping,PayPal,Kentucky,Winter
3739,34,Female,31-45 (Adult),45,Medium Value,48,High Engagement,Medium Value - High Engagement,No,Bi-Weekly,14,Clothing,Shorts,2.7,No,Free Shipping,Cash,Delaware,Spring
3740,38,Female,31-45 (Adult),31,Low Value,43,High Engagement,Low Value - High Engagement,No,Weekly,7,Accessories,Sunglasses,4.2,No,Free Shipping,Credit Card,Idaho,Fall
3741,42,Female,31-45 (Adult),96,High Value,26,Medium Engagement,High Value - Medium Engagement,No,Bi-Weekly,14,Clothing,Pants,2.6,No,Store Pickup,Debit Card,Virginia,Summer
3742,58,Female,46-60 (Middle-Aged),96,High Value,26,Medium Engagement,High Value - Medium Engagement,No,Bi-Weekly,14,Clothing,Shirt,3.2,No,2-Day Shipping,Debit Card,Arizona,Spring
3743,56,Female,46-60 (Middle-Aged),80,High Value,50,High Engagement,High Value - High Engagement,No,Bi-Weekly,14,Clothing,Shirt,4.4,No,Standard,Credit Card,Maryland,Fall
3744,62,Female,61-70 (Senior),28,Low Value,36,High Engagement,Low Value - High Engagement,No,Quarterly,90,Clothing,Pants,3.6,No,Free Shipping,Debit Card,Idaho,Fall
3745,24,Female,18-30 (Young Adult),51,Medium Value,26,Medium Engagement,Medium Value - Medium Engagement,No,Bi-Weekly,14,Clothing,Hoodie,2.7,No,Next Day Air,Bank Transfer,New Jersey,Summer
3746,60,Female,46-60 (Middle-Aged),41,Medium Value,2,Low Engagement,Medium Value - Low Engagement,No,Monthly,30,Clothing,Socks,4.3,No,Express,Debit Card,Washington,Spring
3747,53,Female,46-60 (Middle-Aged),99,High Value,49,High Engagement,High Value - High Engagement,No,Monthly,30,Outerwear,Coat,2.6,No,Next Day Air,PayPal,Idaho,Summer
3748,26,Female,18-30 (Young Adult),53,Medium Value,32,Medium Engagement,Medium Value - Medium Engagement,No,Bi-Weekly,14,Clothing,Sweater,4.3,No,Store Pickup,Bank Transfer,Rhode Island,Spring
3749,34,Female,31-45 (Adult),25,Low Value,3,Low Engagement,Low Value - Low Engagement,No,Annually,365,Accessories,Backpack,3.9,No,2-Day Shipping,Venmo,Delaware,Fall
3750,24,Female,18-30 (Young Adult),95,High Value,38,High Engagement,High Value - High Engagement,No,Quarterly,90,Clothing,Blouse,2.9,No,2-Day Shipping,Venmo,Alaska,Winter
3751,42,Female,31-45 (Adult),88,High Value,5,Low Engagement,High Value - Low Engagement,No,Monthly,30,Clothing,Hoodie,3.1,No,Free Shipping,PayPal,Arizona,Fall
3752,36,Female,31-45 (Adult),97,High Value,8,Low Engagement,High Value - Low Engagement,No,Quarterly,90,Accessories,Jewelry,4.2,No,Free Shipping,Credit Card,Alabama,Fall
3753,24,Female,18-30 (Young Adult),81,High Value,43,High Engagement,High Value - High Engagement,No,Weekly,7,Outerwear,Coat,4.1,No,2-Day Shipping,Venmo,Washington,Winter
3754,39,Female,31-45 (Adult),26,Low Value,22,Medium Engagement,Low Value - Medium Engagement,No,Bi-Weekly,14,Accessories,Sunglasses,4.2,No,Next Day Air,Bank Transfer,Louisiana,Winter
3755,46,Female,46-60 (Middle-Aged),41,Medium Value,10,Low Engagement,Medium Value - Low Engagement,No,Quarterly,90,Footwear,Shoes,4.4,No,Express,Cash,Nebraska,Summer
3756,64,Female,61-70 (Senior),93,High Value,26,Medium Engagement,High Value - Medium Engagement,No,Monthly,30,Clothing,Skirt,3.4,No,Free Shipping,Credit Card,Pennsylvania,Fall
3757,64,Female,61-70 (Senior),69,Medium Value,42,High Engagement,Medium Value - High Engagement,No,Bi-Weekly,14,Clothing,Skirt,4.8,No,Express,Debit Card,South Carolina,Spring
3758,61,Female,61-70 (Senior),44,Medium Value,33,Medium Engagement,Medium Value - Medium Engagement,No,Weekly,7,Clothing,Skirt,4.5,No,2-Day Shipping,Cash,California,Fall
3759,61,Female,61-70 (Senior),54,Medium Value,23,Medium Engagement,Medium Value - Medium Engagement,No,Quarterly,90,Footwear,Sandals,2.7,No,Store Pickup,Bank Transfer,Indiana,Spring
3760,44,Female,31-45 (Adult),61,Medium Value,30,Medium Engagement,Medium Value - Medium Engagement,No,Quarterly,90,Footwear,Sneakers,3.5,No,Store Pickup,Venmo,Missouri,Spring
3761,65,Female,61-70 (Senior),80,High Value,36,High Engagement,High Value - High Engagement,No,Weekly,7,Clothing,Socks,3.1,No,Next Day Air,PayPal,Connecticut,Fall
3762,60,Female,46-60 (Middle-Aged),30,Low Value,3,Low Engagement,Low Value - Low Engagement,No,Quarterly,90,Accessories,Backpack,2.8,No,Next Day Air,Venmo,Nevada,Summer
3763,65,Female,61-70 (Senior),94,High Value,13,Low Engagement,High Value - Low Engagement,No,Annually,365,Clothing,Shorts,2.9,No,Store Pickup,PayPal,New York,Fall
3764,27,Female,18-30 (Young Adult),24,Low Value,38,High Engagement,Low Value - High Engagement,No,Quarterly,90,Clothing,Shirt,4.5,No,Standard,Cash,Oklahoma,Winter
3765,36,Female,31-45 (Adult),21,Low Value,19,Medium Engagement,Low Value - Medium Engagement,No,Monthly,30,Clothing,Socks,3.5,No,Next Day Air,Venmo,South Dakota,Fall
3766,22,Female,18-30 (Young Adult),52,Medium Value,14,Low Engagement,Medium Value - Low Engagement,No,Bi-Weekly,14,Accessories,Jewelry,4.3,No,Standard,Bank Transfer,Missouri,Summer
3767,62,Female,61-70 (Senior),59,Medium Value,43,High Engagement,Medium Value - High Engagement,No,Annually,365,Accessories,Handbag,4.9,No,Next Day Air,Debit Card,Texas,Fall
3768,59,Female,46-60 (Middle-Aged),51,Medium Value,10,Low Engagement,Medium Value - Low Engagement,No,Bi-Weekly,14,Clothing,Shorts,3.1,No,Free Shipping,Bank Transfer,New York,Summer
3769,50,Female,46-60 (Middle-Aged),35,Low Value,34,Medium Engagement,Low Value - Medium Engagement,No,Quarterly,90,Clothing,Sweater,4.0,No,Free Shipping,Bank Transfer,Vermont,Winter
3770,51,Female,46-60 (Middle-Aged),87,High Value,31,Medium Engagement,High Value - Medium Engagement,No,Annually,365,Accessories,Gloves,3.6,No,Standard,Venmo,Arizona,Summer
3771,23,Female,18-30 (Young Adult),42,Medium Value,34,Medium Engagement,Medium Value - Medium Engagement,No,Weekly,7,Clothing,Pants,4.0,No,Store Pickup,Bank Transfer,Montana,Summer
3772,21,Female,18-30 (Young Adult),86,High Value,28,Medium Engagement,High Value - Medium Engagement,No,Bi-Weekly,14,Clothing,T-shirt,2.6,No,Express,Venmo,Oklahoma,Winter
3773,44,Female,31-45 (Adult),26,Low Value,35,Medium Engagement,Low Value - Medium Engagement,No,Annually,365,Clothing,Pants,3.1,No,Next Day Air,Cash,New Hampshire,Fall
3774,25,Female,18-30 (Young Adult),60,Medium Value,41,High Engagement,Medium Value - High Engagement,No,Quarterly,90,Clothing,Sweater,3.5,No,Store Pickup,Cash,Wisconsin,Summer
3775,57,Female,46-60 (Middle-Aged),83,High Value,48,High Engagement,High Value - High Engagement,No,Bi-Weekly,14,Accessories,Gloves,3.9,No,Standard,PayPal,Alaska,Winter
3776,41,Female,31-45 (Adult),63,Medium Value,45,High Engagement,Medium Value - High Engagement,No,Quarterly,90,Accessories,Belt,2.7,No,2-Day Shipping,Cash,South Dakota,Spring
3777,19,Female,18-30 (Young Adult),25,Low Value,10,Low Engagement,Low Value - Low Engagement,No,Bi-Weekly,14,Footwear,Sneakers,4.1,No,Standard,Credit Card,Alaska,Spring
3778,43,Female,31-45 (Adult),65,Medium Value,9,Low Engagement,Medium Value - Low Engagement,No,Weekly,7,Clothing,Shorts,4.3,No,Express,Cash,Utah,Fall
3779,25,Female,18-30 (Young Adult),60,Medium Value,30,Medium Engagement,Medium Value - Medium Engagement,No,Annually,365,Footwear,Sneakers,2.9,No,Free Shipping,Debit Card,South Dakota,Fall
3780,60,Female,46-60 (Middle-Aged),75,Medium Value,45,High Engagement,Medium Value - High Engagement,No,Annually,365,Clothing,Jeans,4.0,No,Express,PayPal,California,Spring
3781,54,Female,46-60 (Middle-Aged),57,Medium Value,41,High Engagement,Medium Value - High Engagement,No,Quarterly,90,Footwear,Sneakers,4.1,No,Free Shipping,Venmo,Mississippi,Fall
3782,52,Female,46-60 (Middle-Aged),99,High Value,40,High Engagement,High Value - High Engagement,No,Bi-Weekly,14,Footwear,Boots,3.7,No,Standard,PayPal,Tennessee,Winter
3783,40,Female,31-45 (Adult),45,Medium Value,42,High Engagement,Medium Value - High Engagement,No,Bi-Weekly,14,Outerwear,Jacket,2.8,No,Free Shipping,PayPal,Alabama,Spring
3784,39,Female,31-45 (Adult),66,Medium Value,17,Medium Engagement,Medium Value - Medium Engagement,No,Bi-Weekly,14,Accessories,Gloves,3.2,No,Free Shipping,Debit Card,Maine,Summer
3785,54,Female,46-60 (Middle-Aged),53,Medium Value,4,Low Engagement,Medium Value - Low Engagement,No,Annually,365,Clothing,Socks,4.5,No,Next Day Air,Venmo,Virginia,Winter
3786,64,Female,61-70 (Senior),94,High Value,6,Low Engagement,High Value - Low Engagement,No,Monthly,30,Clothing,Jeans,3.8,No,Standard,Cash,New Hampshire,Winter
3787,31,Female,31-45 (Adult),47,Medium Value,22,Medium Engagement,Medium Value - Medium Engagement,No,Weekly,7,Footwear,Boots,3.6,No,2-Day Shipping,Venmo,Tennessee,Fall
3788,37,Female,31-45 (Adult),80,High Value,46,High Engagement,High Value - High Engagement,No,Quarterly,90,Clothing,Blouse,3.6,No,2-Day Shipping,PayPal,New York,Fall
3789,43,Female,31-45 (Adult),65,Medium Value,27,Medium Engagement,Medium Value - Medium Engagement,No,Monthly,30,Accessories,Hat,3.2,No,Next Day Air,Debit Card,Kansas,Spring
3790,56,Female,46-60 (Middle-Aged),75,Medium Value,18,Medium Engagement,Medium Value - Medium Engagement,No,Quarterly,90,Clothing,Shirt,3.8,No,Express,Bank Transfer,North Dakota,Summer
3791,27,Female,18-30 (Young Adult),45,Medium Value,31,Medium Engagement,Medium Value - Medium Engagement,No,Weekly,7,Accessories,Handbag,4.4,No,Standard,Credit Card,Alaska,Summer
3792,40,Female,31-45 (Adult),51,Medium Value,1,Low Engagement,Medium Value - Low Engagement,No,Weekly,7,Accessories,Sunglasses,3.7,No,Store Pickup,Venmo,Texas,Spring
3793,43,Female,31-45 (Adult),58,Medium Value,2,Low Engagement,Medium Value - Low Engagement,No,Bi-Weekly,14,Accessories,Scarf,2.6,No,Express,PayPal,Massachusetts,Summer
3794,62,Female,61-70 (Senior),20,Low Value,46,High Engagement,Low Value - High Engagement,No,Annually,365,Accessories,Sunglasses,4.0,No,Standard,Bank Transfer,Delaware,Fall
3795,44,Female,31-45 (Adult),82,High Value,27,Medium Engagement,High Value - Medium Engagement,No,Weekly,7,Accessories,Scarf,3.6,No,2-Day Shipping,Venmo,South Dakota,Summer
3796,45,Female,31-45 (Adult),92,High Value,3,Low Engagement,High Value - Low Engagement,No,Weekly,7,Accessories,Gloves,2.5,No,Express,Cash,Arkansas,Spring
3797,40,Female,31-45 (Adult),81,High Value,47,High Engagement,High Value - High Engagement,No,Quarterly,90,Clothing,Shorts,3.2,No,Free Shipping,Bank Transfer,Utah,Fall
3798,68,Female,61-70 (Senior),44,Medium Value,20,Medium Engagement,Medium Value - Medium Engagement,No,Quarterly,90,Accessories,Sunglasses,2.5,No,Next Day Air,Cash,California,Summer
3799,63,Female,61-70 (Senior),72,Medium Value,23,Medium Engagement,Medium Value - Medium Engagement,No,Annually,365,Accessories,Jewelry,3.2,No,Next Day Air,Credit Card,Rhode Island,Winter
3800,60,Female,46-60 (Middle-Aged),26,Low Value,13,Low Engagement,Low Value - Low Engagement,No,Monthly,30,Outerwear,Jacket,2.6,No,Store Pickup,Credit Card,Oklahoma,Winter
3801,19,Female,18-30 (Young Adult),26,Low Value,12,Low Engagement,Low Value - Low Engagement,No,Bi-Weekly,14,Clothing,Sweater,4.8,No,Next Day Air,Venmo,Vermont,Fall
3802,26,Female,18-30 (Young Adult),84,High Value,36,High Engagement,High Value - High Engagement,No,Bi-Weekly,14,Clothing,Blouse,5.0,No,Store Pickup,PayPal,Kentucky,Spring
3803,70,Female,61-70 (Senior),72,Medium Value,1,Low Engagement,Medium Value - Low Engagement,No,Monthly,30,Accessories,Scarf,3.2,No,2-Day Shipping,Bank Transfer,Illinois,Spring
3804,48,Female,46-60 (Middle-Aged),55,Medium Value,14,Low Engagement,Medium Value - Low Engagement,No,Weekly,7,Accessories,Handbag,3.6,No,Standard,Debit Card,Connecticut,Spring
3805,37,Female,31-45 (Adult),77,High Value,45,High Engagement,High Value - High Engagement,No,Annually,365,Accessories,Hat,2.7,No,2-Day Shipping,Cash,Florida,Fall
3806,48,Female,46-60 (Middle-Aged),57,Medium Value,31,Medium Engagement,Medium Value - Medium Engagement,No,Quarterly,90,Accessories,Scarf,3.1,No,Standard,Credit Card,New Jersey,Fall
3807,18,Female,18-30 (Young Adult),71,Medium Value,41,High Engagement,Medium Value - High Engagement,No,Weekly,7,Footwear,Boots,3.0,No,Standard,PayPal,Missouri,Spring
3808,38,Female,31-45 (Adult),39,Low Value,36,High Engagement,Low Value - High Engagement,No,Annually,365,Clothing,Blouse,2.9,No,Next Day Air,PayPal,Michigan,Spring
3809,33,Female,31-45 (Adult),28,Low Value,6,Low Engagement,Low Value - Low Engagement,No,Bi-Weekly,14,Clothing,Socks,4.7,No,Express,Debit Card,Washington,Winter
3810,57,Female,46-60 (Middle-Aged),33,Low Value,28,Medium Engagement,Low Value - Medium Engagement,No,Annually,365,Footwear,Shoes,3.7,No,Standard,Credit Card,New York,Winter
3811,46,Female,46-60 (Middle-Aged),79,High Value,29,Medium Engagement,High Value - Medium Engagement,No,Monthly,30,Clothing,Skirt,3.9,No,Free Shipping,Venmo,Wisconsin,Fall
3812,46,Female,46-60 (Middle-Aged),30,Low Value,14,Low Engagement,Low Value - Low Engagement,No,Monthly,30,Accessories,Belt,4.0,No,Standard,Cash,Idaho,Winter
3813,50,Female,46-60 (Middle-Aged),75,Medium Value,7,Low Engagement,Medium Value - Low Engagement,No,Quarterly,90,Clothing,Skirt,2.8,No,Next Day Air,Bank Transfer,Michigan,Spring
3814,61,Female,61-70 (Senior),89,High Value,31,Medium Engagement,High Value - Medium Engagement,No,Bi-Weekly,14,Clothing,Pants,4.1,No,Express,Venmo,Georgia,Summer
3815,45,Female,31-45 (Adult),95,High Value,26,Medium Engagement,High Value - Medium Engagement,No,Quarterly,90,Clothing,Dress,4.2,No,Free Shipping,Bank Transfer,Michigan,Winter
3816,32,Female,31-45 (Adult),44,Medium Value,12,Low Engagement,Medium Value - Low Engagement,No,Bi-Weekly,14,Accessories,Hat,4.3,No,Express,Venmo,Maine,Fall
3817,29,Female,18-30 (Young Adult),86,High Value,45,High Engagement,High Value - High Engagement,No,Bi-Weekly,14,Outerwear,Coat,4.3,No,Store Pickup,Credit Card,Maryland,Summer
3818,66,Female,61-70 (Senior),91,High Value,40,High Engagement,High Value - High Engagement,No,Annually,365,Accessories,Scarf,2.6,No,Express,PayPal,Missouri,Fall
3819,70,Female,61-70 (Senior),41,Medium Value,42,High Engagement,Medium Value - High Engagement,No,Monthly,30,Footwear,Sneakers,3.8,No,Free Shipping,Cash,Oregon,Winter
3820,36,Female,31-45 (Adult),99,High Value,45,High Engagement,High Value - High Engagement,No,Quarterly,90,Clothing,Pants,2.9,No,Express,Cash,Arkansas,Spring
3821,34,Female,31-45 (Adult),65,Medium Value,34,Medium Engagement,Medium Value - Medium Engagement,No,Quarterly,90,Accessories,Belt,5.0,No,Standard,Debit Card,New Hampshire,Winter
3822,20,Female,18-30 (Young Adult),48,Medium Value,34,Medium Engagement,Medium Value - Medium Engagement,No,Quarterly,90,Footwear,Sneakers,4.6,No,Free Shipping,Credit Card,Oregon,Summer
3823,70,Female,61-70 (Senior),41,Medium Value,17,Medium Engagement,Medium Value - Medium Engagement,No,Quarterly,90,Accessories,Hat,3.2,No,Free Shipping,PayPal,Kansas,Spring
3824,50,Female,46-60 (Middle-Aged),42,Medium Value,27,Medium Engagement,Medium Value - Medium Engagement,No,Weekly,7,Clothing,Shirt,3.0,No,Standard,Bank Transfer,California,Summer
3825,54,Female,46-60 (Middle-Aged),26,Low Value,31,Medium Engagement,Low Value - Medium Engagement,No,Quarterly,90,Clothing,Shorts,4.0,No,Free Shipping,Credit Card,Georgia,Summer
3826,49,Female,46-60 (Middle-Aged),35,Low Value,47,High Engagement,Low Value - High Engagement,No,Bi-Weekly,14,Clothing,Shorts,4.1,No,Express,Debit Card,Hawaii,Fall
3827,50,Female,46-60 (Middle-Aged),31,Low Value,25,Medium Engagement,Low Value - Medium Engagement,No,Annually,365,Outerwear,Jacket,4.0,No,Express,Bank Transfer,Montana,Summer
3828,62,Female,61-70 (Senior),73,Medium Value,47,High Engagement,Medium Value - High Engagement,No,Bi-Weekly,14,Accessories,Jewelry,4.1,No,Standard,Cash,Montana,Summer
3829,42,Female,31-45 (Adult),82,High Value,8,Low Engagement,High Value - Low Engagement,No,Weekly,7,Clothing,Blouse,3.4,No,Free Shipping,Cash,Mississippi,Spring
3830,69,Female,61-70 (Senior),32,Low Value,32,Medium Engagement,Low Value - Medium Engagement,No,Bi-Weekly,14,Clothing,Pants,2.9,No,Free Shipping,Debit Card,Washington,Spring
3831,22,Female,18-30 (Young Adult),27,Low Value,33,Medium Engagement,Low Value - Medium Engagement,No,Quarterly,90,Accessories,Hat,3.0,No,2-Day Shipping,Bank Transfer,Pennsylvania,Summer
3832,36,Female,31-45 (Adult),86,High Value,16,Medium Engagement,High Value - Medium Engagement,No,Quarterly,90,Accessories,Backpack,4.0,No,Next Day Air,Debit Card,Nevada,Spring
3833,64,Female,61-70 (Senior),38,Low Value,27,Medium Engagement,Low Value - Medium Engagement,No,Weekly,7,Footwear,Boots,4.8,No,2-Day Shipping,Cash,Kansas,Winter
3834,44,Female,31-45 (Adult),93,High Value,17,Medium Engagement,High Value - Medium Engagement,No,Quarterly,90,Outerwear,Jacket,4.6,No,Free Shipping,PayPal,Arizona,Summer
3835,43,Female,31-45 (Adult),59,Medium Value,17,Medium Engagement,Medium Value - Medium Engagement,No,Quarterly,90,Clothing,Hoodie,4.1,No,2-Day Shipping,Cash,Tennessee,Winter
3836,58,Female,46-60 (Middle-Aged),58,Medium Value,28,Medium Engagement,Medium Value - Medium Engagement,No,Bi-Weekly,14,Footwear,Sandals,2.6,No,Express,PayPal,Pennsylvania,Winter
3837,62,Female,61-70 (Senior),84,High Value,38,High Engagement,High Value - High Engagement,No,Bi-Weekly,14,Clothing,Skirt,2.5,No,Free Shipping,PayPal,Alaska,Spring
3838,45,Female,31-45 (Adult),100,High Value,33,Medium Engagement,High Value - Medium Engagement,No,Bi-Weekly,14,Clothing,Hoodie,4.8,No,Free Shipping,Bank Transfer,New Mexico,Spring
3839,47,Female,46-60 (Middle-Aged),25,Low Value,24,Medium Engagement,Low Value - Medium Engagement,No,Quarterly,90,Clothing,Dress,4.2,No,Express,Venmo,Rhode Island,Summer
3840,66,Female,61-70 (Senior),29,Low Value,14,Low Engagement,Low Value - Low Engagement,No,Quarterly,90,Footwear,Sandals,3.9,No,Free Shipping,Venmo,Connecticut,Spring
3841,30,Female,18-30 (Young Adult),42,Medium Value,5,Low Engagement,Medium Value - Low Engagement,No,Bi-Weekly,14,Clothing,Jeans,3.7,No,Express,Venmo,Idaho,Spring
3842,68,Female,61-70 (Senior),57,Medium Value,8,Low Engagement,Medium Value - Low Engagement,No,Monthly,30,Clothing,Jeans,4.2,No,2-Day Shipping,Bank Transfer,Mississippi,Fall
3843,35,Female,31-45 (Adult),84,High Value,42,High Engagement,High Value - High Engagement,No,Monthly,30,Outerwear,Jacket,4.2,No,Next Day Air,Debit Card,Colorado,Winter
3844,64,Female,61-70 (Senior),71,Medium Value,48,High Engagement,Medium Value - High Engagement,No,Quarterly,90,Accessories,Hat,4.0,No,Free Shipping,Venmo,Georgia,Winter
3845,30,Female,18-30 (Young Adult),87,High Value,40,High Engagement,High Value - High Engagement,No,Quarterly,90,Clothing,Shorts,5.0,No,Next Day Air,Venmo,Montana,Fall
3846,58,Female,46-60 (Middle-Aged),52,Medium Value,46,High Engagement,Medium Value - High Engagement,No,Annually,365,Clothing,Sweater,4.9,No,Standard,Venmo,California,Winter
3847,57,Female,46-60 (Middle-Aged),58,Medium Value,40,High Engagement,Medium Value - High Engagement,No,Quarterly,90,Clothing,Blouse,4.0,No,Express,PayPal,Pennsylvania,Summer
3848,60,Female,46-60 (Middle-Aged),34,Low Value,31,Medium Engagement,Low Value - Medium Engagement,No,Bi-Weekly,14,Clothing,Sweater,3.2,No,2-Day Shipping,PayPal,Delaware,Fall
3849,22,Female,18-30 (Young Adult),60,Medium Value,39,High Engagement,Medium Value - High Engagement,No,Quarterly,90,Accessories,Jewelry,3.0,No,Next Day Air,Cash,New Hampshire,Winter
3850,46,Female,46-60 (Middle-Aged),68,Medium Value,36,High Engagement,Medium Value - High Engagement,No,Bi-Weekly,14,Clothing,Hoodie,2.6,No,Express,PayPal,Florida,Winter
3851,27,Female,18-30 (Young Adult),74,Medium Value,25,Medium Engagement,Medium Value - Medium Engagement,No,Quarterly,90,Accessories,Jewelry,4.4,No,2-Day Shipping,Debit Card,Mississippi,Summer
3852,50,Female,46-60 (Middle-Aged),83,High Value,24,Medium Engagement,High Value - Medium Engagement,No,Annually,365,Accessories,Scarf,3.9,No,Free Shipping,Debit Card,Montana,Summer
3853,65,Female,61-70 (Senior),79,High Value,19,Medium Engagement,High Value - Medium Engagement,No,Weekly,7,Accessories,Hat,4.0,No,2-Day Shipping,PayPal,Mississippi,Fall
3854,61,Female,61-70 (Senior),76,High Value,49,High Engagement,High Value - High Engagement,No,Bi-Weekly,14,Accessories,Sunglasses,4.0,No,Store Pickup,Debit Card,Tennessee,Fall
3855,57,Female,46-60 (Middle-Aged),20,Low Value,4,Low Engagement,Low Value - Low Engagement,No,Annually,365,Clothing,T-shirt,4.2,No,Free Shipping,Venmo,Florida,Spring
3856,40,Female,31-45 (Adult),61,Medium Value,36,High Engagement,Medium Value - High Engagement,No,Quarterly,90,Clothing,Shirt,4.4,No,Next Day Air,Cash,Illinois,Summer
3857,39,Female,31-45 (Adult),78,High Value,8,Low Engagement,High Value - Low Engagement,No,Quarterly,90,Footwear,Sandals,2.5,No,Free Shipping,Debit Card,Virginia,Summer
3858,42,Female,31-45 (Adult),21,Low Value,29,Medium Engagement,Low Value - Medium Engagement,No,Quarterly,90,Accessories,Hat,3.1,No,Store Pickup,Credit Card,Texas,Summer
3859,30,Female,18-30 (Young Adult),77,High Value,26,Medium Engagement,High Value - Medium Engagement,No,Quarterly,90,Clothing,T-shirt,3.5,No,Store Pickup,Credit Card,Missouri,Winter
3860,65,Female,61-70 (Senior),88,High Value,47,High Engagement,High Value - High Engagement,No,Bi-Weekly,14,Clothing,Shorts,3.0,No,2-Day Shipping,Bank Transfer,Mississippi,Fall
3861,57,Female,46-60 (Middle-Aged),64,Medium Value,44,High Engagement,Medium Value - High Engagement,No,Annually,365,Accessories,Sunglasses,4.4,No,Next Day Air,Cash,Pennsylvania,Summer
3862,64,Female,61-70 (Senior),57,Medium Value,49,High Engagement,Medium Value - High Engagement,No,Monthly,30,Outerwear,Jacket,4.9,No,Standard,Credit Card,Wyoming,Spring
3863,56,Female,46-60 (Middle-Aged),49,Medium Value,9,Low Engagement,Medium Value - Low Engagement,No,Monthly,30,Clothing,Shirt,2.8,No,Next Day Air,Venmo,Idaho,Winter
3864,40,Female,31-45 (Adult),35,Low Value,28,Medium Engagement,Low Value - Medium Engagement,No,Bi-Weekly,14,Accessories,Scarf,3.3,No,Free Shipping,Cash,New Hampshire,Summer
3865,55,Female,46-60 (Middle-Aged),99,High Value,1,Low Engagement,High Value - Low Engagement,No,Bi-Weekly,14,Clothing,T-shirt,4.9,No,Express,Debit Card,Wyoming,Winter
3866,25,Female,18-30 (Young Adult),42,Medium Value,28,Medium Engagement,Medium Value - Medium Engagement,No,Quarterly,90,Clothing,Shorts,4.2,No,Store Pickup,Cash,Nebraska,Spring
3867,58,Female,46-60 (Middle-Aged),32,Low Value,33,Medium Engagement,Low Value - Medium Engagement,No,Bi-Weekly,14,Accessories,Hat,3.3,No,2-Day Shipping,Credit Card,Alaska,Winter
3868,46,Female,46-60 (Middle-Aged),21,Low Value,28,Medium Engagement,Low Value - Medium Engagement,No,Monthly,30,Outerwear,Jacket,2.7,No,Standard,Credit Card,Maryland,Summer
3869,18,Female,18-30 (Young Adult),29,Low Value,9,Low Engagement,Low Value - Low Engagement,No,Annually,365,Clothing,Dress,3.3,No,2-Day Shipping,Cash,Maryland,Winter
3870,26,Female,18-30 (Young Adult),64,Medium Value,28,Medium Engagement,Medium Value - Medium Engagement,No,Annually,365,Outerwear,Coat,3.8,No,Free Shipping,Bank Transfer,Arizona,Spring
3871,61,Female,61-70 (Senior),46,Medium Value,19,Medium Engagement,Medium Value - Medium Engagement,No,Quarterly,90,Footwear,Sandals,3.2,No,Next Day Air,Cash,Ohio,Fall
3872,55,Female,46-60 (Middle-Aged),97,High Value,20,Medium Engagement,High Value - Medium Engagement,No,Quarterly,90,Clothing,T-shirt,4.1,No,2-Day Shipping,Bank Transfer,Minnesota,Fall
3873,41,Female,31-45 (Adult),94,High Value,3,Low Engagement,High Value - Low Engagement,No,Monthly,30,Outerwear,Jacket,4.3,No,Standard,Cash,New Hampshire,Spring
3874,42,Female,31-45 (Adult),43,Medium Value,22,Medium Engagement,Medium Value - Medium Engagement,No,Weekly,7,Footwear,Sandals,4.0,No,Standard,Credit Card,Louisiana,Summer
3875,70,Female,61-70 (Senior),54,Medium Value,33,Medium Engagement,Medium Value - Medium Engagement,No,Bi-Weekly,14,Clothing,Sweater,3.9,No,2-Day Shipping,Credit Card,Nevada,Summer
3876,63,Female,61-70 (Senior),51,Medium Value,21,Medium Engagement,Medium Value - Medium Engagement,No,Annually,365,Accessories,Hat,3.3,No,2-Day Shipping,Credit Card,New Hampshire,Winter
3877,60,Female,46-60 (Middle-Aged),85,High Value,7,Low Engagement,High Value - Low Engagement,No,Annually,365,Footwear,Shoes,2.6,No,2-Day Shipping,Cash,Wisconsin,Fall
3878,28,Female,18-30 (Young Adult),96,High Value,46,High Engagement,High Value - High Engagement,No,Monthly,30,Clothing,Hoodie,4.2,No,Next Day Air,Debit Card,Nevada,Spring
3879,60,Female,46-60 (Middle-Aged),42,Medium Value,24,Medium Engagement,Medium Value - Medium Engagement,No,Annually,365,Accessories,Hat,3.4,No,2-Day Shipping,Credit Card,South Carolina,Summer
3880,26,Female,18-30 (Young Adult),63,Medium Value,6,Low Engagement,Medium Value - Low Engagement,No,Quarterly,90,Clothing,Skirt,4.1,No,Free Shipping,Debit Card,Florida,Winter
3881,42,Female,31-45 (Adult),20,Low Value,40,High Engagement,Low Value - High Engagement,No,Monthly,30,Clothing,Shirt,3.9,No,Free Shipping,PayPal,Massachusetts,Winter
3882,56,Female,46-60 (Middle-Aged),25,Low Value,17,Medium Engagement,Low Value - Medium Engagement,No,Weekly,7,Accessories,Scarf,2.8,No,2-Day Shipping,Debit Card,Georgia,Spring
3883,35,Female,31-45 (Adult),95,High Value,24,Medium Engagement,High Value - Medium Engagement,No,Bi-Weekly,14,Clothing,Pants,2.6,No,Free Shipping,Cash,North Dakota,Fall
3884,34,Female,31-45 (Adult),38,Low Value,22,Medium Engagement,Low Value - Medium Engagement,No,Bi-Weekly,14,Accessories,Hat,4.0,No,Next Day Air,Cash,North Dakota,Fall
3885,47,Female,46-60 (Middle-Aged),29,Low Value,3,Low Engagement,Low Value - Low Engagement,No,Weekly,7,Footwear,Sandals,4.9,No,Express,PayPal,Maryland,Fall
3886,49,Female,46-60 (Middle-Aged),64,Medium Value,39,High Engagement,Medium Value - High Engagement,No,Quarterly,90,Clothing,Socks,3.2,No,Free Shipping,Cash,New Mexico,Winter
3887,37,Female,31-45 (Adult),92,High Value,40,High Engagement,High Value - High Engagement,No,Quarterly,90,Accessories,Jewelry,3.9,No,Express,Debit Card,Iowa,Summer
3888,40,Female,31-45 (Adult),34,Low Value,1,Low Engagement,Low Value - Low Engagement,No,Quarterly,90,Clothing,Shirt,2.7,No,Express,Credit Card,Kansas,Spring
3889,45,Female,31-45 (Adult),69,Medium Value,14,Low Engagement,Medium Value - Low Engagement,No,Bi-Weekly,14,Footwear,Sneakers,3.4,No,Standard,Venmo,Virginia,Spring
3890,57,Female,46-60 (Middle-Aged),65,Medium Value,49,High Engagement,Medium Value - High Engagement,No,Annually,365,Clothing,Dress,3.5,No,Express,Bank Transfer,Alaska,Spring
3891,35,Female,31-45 (Adult),81,High Value,33,Medium Engagement,High Value - Medium Engagement,No,Annually,365,Clothing,Shirt,2.6,No,Standard,Debit Card,Nebraska,Winter
3892,36,Female,31-45 (Adult),30,Low Value,6,Low Engagement,Low Value - Low Engagement,No,Quarterly,90,Clothing,Dress,4.7,No,Free Shipping,Bank Transfer,Colorado,Winter
3893,35,Female,31-45 (Adult),86,High Value,5,Low Engagement,High Value - Low Engagement,No,Bi-Weekly,14,Accessories,Jewelry,3.5,No,Standard,PayPal,Michigan,Summer
3894,21,Female,18-30 (Young Adult),64,Medium Value,29,Medium Engagement,Medium Value - Medium Engagement,No,Bi-Weekly,14,Accessories,Hat,3.3,No,Store Pickup,Bank Transfer,Massachusetts,Fall
3895,66,Female,61-70 (Senior),78,High Value,44,High Engagement,High Value - High Engagement,No,Quarterly,90,Clothing,Skirt,3.9,No,2-Day Shipping,Credit Card,Connecticut,Spring
3896,40,Female,31-45 (Adult),28,Low Value,32,Medium Engagement,Low Value - Medium Engagement,No,Weekly,7,Clothing,Hoodie,4.2,No,2-Day Shipping,Venmo,Virginia,Summer
3897,52,Female,46-60 (Middle-Aged),49,Medium Value,41,High Engagement,Medium Value - High Engagement,No,Bi-Weekly,14,Accessories,Backpack,4.5,No,Store Pickup,Bank Transfer,Iowa,Spring
3898,46,Female,46-60 (Middle-Aged),33,Low Value,24,Medium Engagement,Low Value - Medium Engagement,No,Quarterly,90,Accessories,Belt,2.9,No,Standard,Venmo,New Jersey,Spring
3899,44,Female,31-45 (Adult),77,High Value,24,Medium Engagement,High Value - Medium Engagement,No,Weekly,7,Footwear,Shoes,3.8,No,Express,Venmo,Minnesota,Summer
3900,52,Female,46-60 (Middle-Aged),81,High Value,33,Medium Engagement,High Value - Medium Engagement,No,Quarterly,90,Accessories,Handbag,3.1,No,Store Pickup,Venmo,California,Spring
