customer_id,age,gender,item_purchased,category,purchase_amount_usd,location,size,color,season,review_rating,subscription_status,shipping_type,discount_applied,previous_purchases,payment_method,frequency_of_purchases,frequency_of_purchases_raw,age_group,purchase_frequency_days,customer_value_tier,engagement_tier,value_engagement_segment
1,55,Male,Blouse,Clothing,53,Kentucky,L,Gray,Winter,3.1,Yes,Express,Yes,14,Venmo,Bi-Weekly,Fortnightly,46-60 (Middle-Aged),14,Medium Value,Low Engagement,Medium Value - Low Engagement
2,19,Male,Sweater,Clothing,64,Maine,L,Maroon,Winter,3.1,Yes,Express,Yes,2,Cash,Bi-Weekly,Fortnightly,18-30 (Young Adult),14,Medium Value,Low Engagement,Medium Value - Low Engagement
3,50,Male,Jeans,Clothing,73,Massachusetts,S,Maroon,Spring,3.1,Yes,Free Shipping,Yes,23,Credit Card,Weekly,Weekly,46-60 (Middle-Aged),7,Medium Value,Medium Engagement,Medium Value - Medium Engagement
4,21,Male,Sandals,Footwear,90,Rhode Island,M,Maroon,Spring,3.5,Yes,Next Day Air,Yes,49,PayPal,Weekly,Weekly,18-30 (Young Adult),7,High Value,High Engagement,High Value - High Engagement
5,45,Male,Blouse,Clothing,49,Oregon,M,Turquoise,Spring,2.7,Yes,Free Shipping,Yes,31,PayPal,Annually,Annually,31-45 (Adult),365,Medium Value,Medium Engagement,Medium Value - Medium Engagement
6,46,Male,Sneakers,Footwear,20,Wyoming,M,White,Summer,2.9,Yes,Standard,Yes,14,Venmo,Weekly,Weekly,46-60 (Middle-Aged),7,Low Value,Low Engagement,Low Value - Low Engagement
7,63,Male,Shirt,Clothing,85,Montana,M,Gray,Fall,3.2,Yes,Free Shipping,Yes,49,Cash,Quarterly,Quarterly,61-70 (Senior),90,High Value,High Engagement,High Value - High Engagement
8,27,Male,Shorts,Clothing,34,Louisiana,L,Charcoal,Winter,3.2,Yes,Free Shipping,Yes,19,Credit Card,Weekly,Weekly,18-30 (Young Adult),7,Low Value,Medium Engagement,Low Value - Medium Engagement
9,26,Male,Coat,Outerwear,97,West Virginia,L,Silver,Summer,2.6,Yes,Express,Yes,8,Venmo,Annually,Annually,18-30 (Young Adult),365,High Value,Low Engagement,High Value - Low Engagement
10,57,Male,Handbag,Accessories,31,Missouri,M,Pink,Spring,4.8,Yes,2-Day Shipping,Yes,4,Cash,Quarterly,Quarterly,46-60 (Middle-Aged),90,Low Value,Low Engagement,Low Value - Low Engagement
11,53,Male,Shoes,Footwear,34,Arkansas,L,Purple,Fall,4.1,Yes,Store Pickup,Yes,26,Bank Transfer,Bi-Weekly,Bi-Weekly,46-60 (Middle-Aged),14,Low Value,Medium Engagement,Low Value - Medium Engagement
12,30,Male,Shorts,Clothing,68,Hawaii,S,Olive,Winter,4.9,Yes,Store Pickup,Yes,10,Bank Transfer,Bi-Weekly,Fortnightly,18-30 (Young Adult),14,Medium Value,Low Engagement,Medium Value - Low Engagement
13,61,Male,Coat,Outerwear,72,Delaware,M,Gold,Winter,4.5,Yes,Express,Yes,37,Venmo,Bi-Weekly,Fortnightly,61-70 (Senior),14,Medium Value,High Engagement,Medium Value - High Engagement
14,65,Male,Dress,Clothing,51,New Hampshire,M,Violet,Spring,4.7,Yes,Express,Yes,31,PayPal,Weekly,Weekly,61-70 (Senior),7,Medium Value,Medium Engagement,Medium Value - Medium Engagement
15,64,Male,Coat,Outerwear,53,New York,L,Teal,Winter,4.7,Yes,Free Shipping,Yes,34,Debit Card,Weekly,Weekly,61-70 (Senior),7,Medium Value,Medium Engagement,Medium Value - Medium Engagement
16,64,Male,Skirt,Clothing,81,Rhode Island,M,Teal,Winter,2.8,Yes,Store Pickup,Yes,8,PayPal,Monthly,Monthly,61-70 (Senior),30,High Value,Low Engagement,High Value - Low Engagement
17,25,Male,Sunglasses,Accessories,36,Alabama,S,Gray,Spring,4.1,Yes,Next Day Air,Yes,44,Debit Card,Bi-Weekly,Bi-Weekly,18-30 (Young Adult),14,Low Value,High Engagement,Low Value - High Engagement
18,53,Male,Dress,Clothing,38,Mississippi,XL,Lavender,Winter,4.7,Yes,2-Day Shipping,Yes,36,Venmo,Quarterly,Quarterly,46-60 (Middle-Aged),90,Low Value,High Engagement,Low Value - High Engagement
19,52,Male,Sweater,Clothing,48,Montana,S,Black,Summer,4.6,Yes,Free Shipping,Yes,17,Cash,Weekly,Weekly,46-60 (Middle-Aged),7,Medium Value,Medium Engagement,Medium Value - Medium Engagement
20,66,Male,Pants,Clothing,90,Rhode Island,M,Green,Summer,3.3,Yes,Standard,Yes,46,Debit Card,Bi-Weekly,Bi-Weekly,61-70 (Senior),14,High Value,High Engagement,High Value - High Engagement
21,21,Male,Pants,Clothing,51,Louisiana,M,Black,Winter,2.8,Yes,Express,Yes,50,Cash,Quarterly,Every 3 Months,18-30 (Young Adult),90,Medium Value,High Engagement,Medium Value - High Engagement
22,31,Male,Pants,Clothing,62,North Carolina,M,Charcoal,Winter,4.1,Yes,Store Pickup,Yes,22,Debit Card,Quarterly,Quarterly,31-45 (Adult),90,Medium Value,Medium Engagement,Medium Value - Medium Engagement
23,56,Male,Pants,Clothing,37,California,M,Peach,Summer,3.2,Yes,Store Pickup,Yes,32,Debit Card,Annually,Annually,46-60 (Middle-Aged),365,Low Value,Medium Engagement,Low Value - Medium Engagement
24,31,Male,Pants,Clothing,88,Oklahoma,XL,White,Winter,4.4,Yes,Express,Yes,40,Credit Card,Weekly,Weekly,31-45 (Adult),7,High Value,High Engagement,High Value - High Engagement
25,18,Male,Jacket,Outerwear,22,Florida,M,Green,Fall,2.9,Yes,Store Pickup,Yes,16,Debit Card,Weekly,Weekly,18-30 (Young Adult),7,Low Value,Medium Engagement,Low Value - Medium Engagement
26,18,Male,Hoodie,Clothing,25,Texas,M,Silver,Summer,3.6,Yes,Express,Yes,14,PayPal,Annually,Annually,18-30 (Young Adult),365,Low Value,Low Engagement,Low Value - Low Engagement
27,38,Male,Jewelry,Accessories,20,Nevada,M,Red,Spring,3.6,Yes,Next Day Air,Yes,13,Credit Card,Annually,Annually,31-45 (Adult),365,Low Value,Low Engagement,Low Value - Low Engagement
28,56,Male,Shorts,Clothing,56,Kentucky,L,Cyan,Summer,5.0,Yes,Next Day Air,Yes,7,Bank Transfer,Quarterly,Every 3 Months,46-60 (Middle-Aged),90,Medium Value,Low Engagement,Medium Value - Low Engagement
29,54,Male,Handbag,Accessories,94,North Carolina,M,Gray,Fall,4.4,Yes,Free Shipping,Yes,41,PayPal,Quarterly,Every 3 Months,46-60 (Middle-Aged),90,High Value,High Engagement,High Value - High Engagement
30,31,Male,Dress,Clothing,48,Wyoming,S,Black,Fall,4.1,Yes,Store Pickup,Yes,14,Credit Card,Weekly,Weekly,31-45 (Adult),7,Medium Value,Low Engagement,Medium Value - Low Engagement
31,57,Male,Jewelry,Accessories,31,North Carolina,L,Black,Winter,4.7,Yes,Standard,Yes,16,Credit Card,Monthly,Monthly,46-60 (Middle-Aged),30,Low Value,Medium Engagement,Low Value - Medium Engagement
32,33,Male,Dress,Clothing,79,West Virginia,L,Brown,Winter,4.7,Yes,Store Pickup,Yes,45,Venmo,Monthly,Monthly,31-45 (Adult),30,High Value,High Engagement,High Value - High Engagement
33,36,Male,Jacket,Outerwear,67,Kansas,M,Silver,Summer,4.9,Yes,Free Shipping,Yes,37,Venmo,Annually,Annually,31-45 (Adult),365,Medium Value,High Engagement,Medium Value - High Engagement
34,54,Male,Pants,Clothing,38,Colorado,L,Green,Summer,3.3,Yes,Store Pickup,Yes,45,Cash,Quarterly,Quarterly,46-60 (Middle-Aged),90,Low Value,High Engagement,Low Value - High Engagement
35,36,Male,T-shirt,Clothing,91,North Dakota,L,Violet,Spring,4.6,Yes,2-Day Shipping,Yes,38,PayPal,Quarterly,Quarterly,31-45 (Adult),90,High Value,High Engagement,High Value - High Engagement
36,54,Male,Blouse,Clothing,33,Massachusetts,M,Cyan,Summer,4.0,Yes,2-Day Shipping,Yes,48,Credit Card,Bi-Weekly,Bi-Weekly,46-60 (Middle-Aged),14,Low Value,High Engagement,Low Value - High Engagement
37,35,Male,T-shirt,Clothing,69,Illinois,M,Maroon,Winter,4.6,Yes,Free Shipping,Yes,44,PayPal,Bi-Weekly,Fortnightly,31-45 (Adult),14,Medium Value,High Engagement,Medium Value - High Engagement
38,35,Male,Jeans,Clothing,45,Indiana,S,Cyan,Summer,2.8,Yes,Store Pickup,Yes,10,PayPal,Weekly,Weekly,31-45 (Adult),7,Medium Value,Low Engagement,Medium Value - Low Engagement
39,29,Male,Dress,Clothing,37,Florida,M,Red,Winter,3.7,Yes,2-Day Shipping,Yes,44,Venmo,Quarterly,Every 3 Months,18-30 (Young Adult),90,Low Value,High Engagement,Low Value - High Engagement
40,70,Male,Pants,Clothing,60,Arizona,S,Turquoise,Summer,4.2,Yes,Express,Yes,18,Credit Card,Monthly,Monthly,61-70 (Senior),30,Medium Value,Medium Engagement,Medium Value - Medium Engagement
41,69,Male,Handbag,Accessories,76,Louisiana,L,Beige,Winter,4.6,Yes,Next Day Air,Yes,31,Debit Card,Quarterly,Quarterly,61-70 (Senior),90,High Value,Medium Engagement,High Value - Medium Engagement
42,67,Male,Scarf,Accessories,39,Alaska,M,Orange,Spring,4.5,Yes,Standard,Yes,40,Venmo,Annually,Annually,61-70 (Senior),365,Low Value,High Engagement,Low Value - High Engagement
43,20,Male,Coat,Outerwear,100,Tennessee,M,Beige,Spring,4.1,Yes,Free Shipping,Yes,15,PayPal,Annually,Annually,18-30 (Young Adult),365,High Value,Low Engagement,High Value - Low Engagement
44,25,Male,Scarf,Accessories,69,Ohio,L,Lavender,Fall,3.7,Yes,Store Pickup,Yes,19,PayPal,Bi-Weekly,Fortnightly,18-30 (Young Adult),14,Medium Value,Medium Engagement,Medium Value - Medium Engagement
45,39,Male,Hat,Accessories,53,Kentucky,S,Silver,Summer,4.6,Yes,Free Shipping,Yes,45,PayPal,Weekly,Weekly,31-45 (Adult),7,Medium Value,High Engagement,Medium Value - High Engagement
46,50,Male,Socks,Clothing,21,Tennessee,XL,Indigo,Fall,2.9,Yes,2-Day Shipping,Yes,25,PayPal,Annually,Annually,46-60 (Middle-Aged),365,Low Value,Medium Engagement,Low Value - Medium Engagement
47,57,Male,Shirt,Clothing,43,California,L,White,Summer,2.9,Yes,Store Pickup,Yes,45,Cash,Quarterly,Quarterly,46-60 (Middle-Aged),90,Medium Value,High Engagement,Medium Value - High Engagement
48,55,Male,Jewelry,Accessories,54,Montana,M,Charcoal,Winter,4.5,Yes,Free Shipping,Yes,36,Cash,Weekly,Weekly,46-60 (Middle-Aged),7,Medium Value,High Engagement,Medium Value - High Engagement
49,42,Male,Shirt,Clothing,55,Nevada,M,Orange,Summer,2.7,Yes,Store Pickup,Yes,38,Cash,Monthly,Monthly,31-45 (Adult),30,Medium Value,High Engagement,Medium Value - High Engagement
50,68,Male,Hoodie,Clothing,30,New Jersey,S,Indigo,Spring,4.6,Yes,Next Day Air,Yes,34,Debit Card,Bi-Weekly,Bi-Weekly,61-70 (Senior),14,Low Value,Medium Engagement,Low Value - Medium Engagement
51,49,Male,Blouse,Clothing,28,Maryland,M,Red,Spring,3.7,Yes,Store Pickup,Yes,39,Debit Card,Bi-Weekly,Bi-Weekly,46-60 (Middle-Aged),14,Low Value,High Engagement,Low Value - High Engagement
52,59,Male,Skirt,Clothing,59,Vermont,XL,Gray,Winter,4.7,Yes,2-Day Shipping,Yes,7,Credit Card,Quarterly,Quarterly,46-60 (Middle-Aged),90,Medium Value,Low Engagement,Medium Value - Low Engagement
53,42,Male,T-shirt,Clothing,20,Alaska,M,Green,Summer,2.6,Yes,Free Shipping,Yes,26,Credit Card,Weekly,Weekly,31-45 (Adult),7,Low Value,Medium Engagement,Low Value - Medium Engagement
54,29,Male,Skirt,Clothing,24,Mississippi,S,Peach,Winter,3.9,Yes,Next Day Air,Yes,35,Credit Card,Weekly,Weekly,18-30 (Young Adult),7,Low Value,Medium Engagement,Low Value - Medium Engagement
55,47,Male,Coat,Outerwear,94,New Mexico,M,Brown,Summer,4.2,Yes,Next Day Air,Yes,35,Debit Card,Bi-Weekly,Bi-Weekly,46-60 (Middle-Aged),14,High Value,Medium Engagement,High Value - Medium Engagement
56,40,Male,Jacket,Outerwear,28,South Carolina,M,Lavender,Winter,3.0,Yes,2-Day Shipping,Yes,49,Credit Card,Annually,Annually,31-45 (Adult),365,Low Value,High Engagement,Low Value - High Engagement
57,41,Male,Backpack,Accessories,73,Mississippi,XL,Brown,Summer,4.7,Yes,Store Pickup,Yes,46,Credit Card,Weekly,Weekly,31-45 (Adult),7,Medium Value,High Engagement,Medium Value - High Engagement
58,21,Male,Coat,Outerwear,64,West Virginia,M,White,Summer,4.4,Yes,Store Pickup,Yes,17,Debit Card,Bi-Weekly,Fortnightly,18-30 (Young Adult),14,Medium Value,Medium Engagement,Medium Value - Medium Engagement
59,69,Male,Hoodie,Clothing,54,Missouri,M,Charcoal,Summer,4.2,Yes,Free Shipping,Yes,29,Venmo,Monthly,Monthly,61-70 (Senior),30,Medium Value,Medium Engagement,Medium Value - Medium Engagement
60,63,Male,Belt,Accessories,79,Louisiana,L,Yellow,Spring,4.6,Yes,Standard,Yes,4,Debit Card,Weekly,Weekly,61-70 (Senior),7,High Value,Low Engagement,High Value - Low Engagement
61,50,Male,Sweater,Clothing,37,Idaho,L,Brown,Summer,4.0,Yes,Express,Yes,17,Cash,Weekly,Weekly,46-60 (Middle-Aged),7,Low Value,Medium Engagement,Low Value - Medium Engagement
62,55,Male,Scarf,Accessories,68,Texas,M,Orange,Winter,4.7,Yes,Store Pickup,Yes,21,Credit Card,Quarterly,Every 3 Months,46-60 (Middle-Aged),90,Medium Value,Medium Engagement,Medium Value - Medium Engagement
63,30,Male,Sneakers,Footwear,21,Mississippi,S,Magenta,Spring,3.8,Yes,Free Shipping,Yes,31,Credit Card,Bi-Weekly,Fortnightly,18-30 (Young Adult),14,Low Value,Medium Engagement,Low Value - Medium Engagement
64,33,Male,Sunglasses,Accessories,79,Arizona,L,Lavender,Winter,2.7,Yes,2-Day Shipping,Yes,43,Credit Card,Weekly,Weekly,31-45 (Adult),7,High Value,High Engagement,High Value - High Engagement
65,65,Male,Boots,Footwear,83,Alabama,S,Green,Fall,4.8,Yes,Standard,Yes,18,Debit Card,Bi-Weekly,Fortnightly,61-70 (Senior),14,High Value,Medium Engagement,High Value - Medium Engagement
66,65,Male,Backpack,Accessories,36,New Jersey,M,Purple,Spring,4.8,Yes,2-Day Shipping,Yes,44,Venmo,Quarterly,Every 3 Months,61-70 (Senior),90,Low Value,High Engagement,Low Value - High Engagement
67,31,Male,Blouse,Clothing,94,Pennsylvania,S,Magenta,Winter,4.7,Yes,2-Day Shipping,Yes,3,Venmo,Quarterly,Every 3 Months,31-45 (Adult),90,High Value,Low Engagement,High Value - Low Engagement
68,45,Male,Coat,Outerwear,33,Connecticut,L,Gray,Winter,4.4,Yes,Store Pickup,Yes,49,Debit Card,Monthly,Monthly,31-45 (Adult),30,Low Value,High Engagement,Low Value - High Engagement
69,57,Male,Handbag,Accessories,46,Utah,L,Silver,Summer,3.9,Yes,Next Day Air,Yes,21,Cash,Quarterly,Every 3 Months,46-60 (Middle-Aged),90,Medium Value,Medium Engagement,Medium Value - Medium Engagement
70,48,Male,Belt,Accessories,70,Tennessee,S,Cyan,Summer,4.4,Yes,Express,Yes,5,Cash,Weekly,Weekly,46-60 (Middle-Aged),7,Medium Value,Low Engagement,Medium Value - Low Engagement
71,22,Male,Belt,Accessories,29,Alabama,M,Magenta,Fall,4.2,Yes,Express,Yes,32,Debit Card,Quarterly,Every 3 Months,18-30 (Young Adult),90,Low Value,Medium Engagement,Low Value - Medium Engagement
72,36,Male,Dress,Clothing,48,Virginia,L,Gold,Summer,2.9,Yes,Express,Yes,34,Bank Transfer,Annually,Annually,31-45 (Adult),365,Medium Value,Medium Engagement,Medium Value - Medium Engagement
73,18,Male,Dress,Clothing,26,Georgia,M,Olive,Winter,2.9,Yes,Store Pickup,Yes,21,Bank Transfer,Quarterly,Every 3 Months,18-30 (Young Adult),90,Low Value,Medium Engagement,Low Value - Medium Engagement
74,48,Male,Pants,Clothing,85,Hawaii,M,Teal,Spring,2.7,Yes,Free Shipping,Yes,43,Bank Transfer,Bi-Weekly,Bi-Weekly,46-60 (Middle-Aged),14,High Value,High Engagement,High Value - High Engagement
75,49,Male,Gloves,Accessories,58,Indiana,L,Violet,Spring,4.5,Yes,Express,Yes,3,Cash,Monthly,Monthly,46-60 (Middle-Aged),30,Medium Value,Low Engagement,Medium Value - Low Engagement
76,64,Male,Scarf,Accessories,85,Utah,M,Blue,Summer,2.7,Yes,Free Shipping,Yes,21,Credit Card,Annually,Annually,61-70 (Senior),365,High Value,Medium Engagement,High Value - Medium Engagement
77,50,Male,Hat,Accessories,43,Delaware,S,Teal,Summer,4.2,Yes,Free Shipping,Yes,32,Venmo,Monthly,Monthly,46-60 (Middle-Aged),30,Medium Value,Medium Engagement,Medium Value - Medium Engagement
78,22,Male,Dress,Clothing,53,Delaware,L,Gold,Summer,3.3,Yes,Next Day Air,Yes,36,Debit Card,Bi-Weekly,Fortnightly,18-30 (Young Adult),14,Medium Value,High Engagement,Medium Value - High Engagement
79,50,Male,Skirt,Clothing,91,Nebraska,M,Maroon,Spring,4.7,Yes,Free Shipping,Yes,50,Venmo,Bi-Weekly,Fortnightly,46-60 (Middle-Aged),14,High Value,High Engagement,High Value - High Engagement
80,38,Male,Jacket,Outerwear,96,Iowa,M,Olive,Winter,2.6,Yes,2-Day Shipping,Yes,43,Bank Transfer,Quarterly,Every 3 Months,31-45 (Adult),90,High Value,High Engagement,High Value - High Engagement
81,19,Male,Sandals,Footwear,72,New York,XL,Blue,Summer,3.8,Yes,Store Pickup,Yes,24,Credit Card,Quarterly,Every 3 Months,18-30 (Young Adult),90,Medium Value,Medium Engagement,Medium Value - Medium Engagement
82,67,Male,Shoes,Footwear,96,Virginia,L,Maroon,Summer,2.6,Yes,Express,Yes,36,Credit Card,Quarterly,Every 3 Months,61-70 (Senior),90,High Value,High Engagement,High Value - High Engagement
83,19,Male,Pants,Clothing,28,Georgia,S,Olive,Spring,4.0,Yes,2-Day Shipping,Yes,21,Credit Card,Quarterly,Every 3 Months,18-30 (Young Adult),90,Low Value,Medium Engagement,Low Value - Medium Engagement
84,36,Male,Dress,Clothing,40,Texas,M,Turquoise,Summer,4.1,Yes,Standard,Yes,34,Bank Transfer,Weekly,Weekly,31-45 (Adult),7,Medium Value,Medium Engagement,Medium Value - Medium Engagement
85,52,Male,Coat,Outerwear,32,Arizona,S,Peach,Spring,4.4,Yes,Standard,Yes,42,Bank Transfer,Quarterly,Every 3 Months,46-60 (Middle-Aged),90,Low Value,High Engagement,Low Value - High Engagement
86,53,Male,Sunglasses,Accessories,95,New Mexico,M,Charcoal,Winter,4.5,Yes,Next Day Air,Yes,2,Debit Card,Bi-Weekly,Bi-Weekly,46-60 (Middle-Aged),14,High Value,Low Engagement,High Value - Low Engagement
87,24,Male,Hoodie,Clothing,41,Nevada,L,Pink,Spring,3.7,Yes,2-Day Shipping,Yes,47,Cash,Bi-Weekly,Bi-Weekly,18-30 (Young Adult),14,Medium Value,High Engagement,Medium Value - High Engagement
88,52,Male,Shoes,Footwear,53,Ohio,M,Green,Fall,3.7,Yes,2-Day Shipping,Yes,44,Debit Card,Bi-Weekly,Fortnightly,46-60 (Middle-Aged),14,Medium Value,High Engagement,Medium Value - High Engagement
89,33,Male,T-shirt,Clothing,47,Wyoming,M,Orange,Fall,3.5,Yes,Free Shipping,Yes,35,Credit Card,Monthly,Monthly,31-45 (Adult),30,Medium Value,Medium Engagement,Medium Value - Medium Engagement
90,47,Male,Jacket,Outerwear,83,California,XL,Pink,Fall,3.6,Yes,Next Day Air,Yes,15,Cash,Quarterly,Quarterly,46-60 (Middle-Aged),90,High Value,Low Engagement,High Value - Low Engagement
91,25,Male,Hat,Accessories,48,South Carolina,L,Violet,Summer,2.9,Yes,Express,Yes,29,Credit Card,Monthly,Monthly,18-30 (Young Adult),30,Medium Value,Medium Engagement,Medium Value - Medium Engagement
92,44,Male,Scarf,Accessories,99,South Carolina,S,Green,Winter,4.6,Yes,Standard,Yes,18,Credit Card,Quarterly,Every 3 Months,31-45 (Adult),90,High Value,Medium Engagement,High Value - Medium Engagement
93,61,Male,Jacket,Outerwear,87,Texas,M,Olive,Winter,4.4,Yes,2-Day Shipping,Yes,13,Venmo,Quarterly,Every 3 Months,61-70 (Senior),90,High Value,Low Engagement,High Value - Low Engagement
94,37,Male,Sweater,Clothing,62,Florida,M,Purple,Fall,4.5,Yes,Standard,Yes,46,Credit Card,Weekly,Weekly,31-45 (Adult),7,Medium Value,High Engagement,Medium Value - High Engagement
95,58,Male,Skirt,Clothing,76,Nevada,S,Silver,Spring,4.6,Yes,Free Shipping,Yes,28,Credit Card,Weekly,Weekly,46-60 (Middle-Aged),7,High Value,Medium Engagement,High Value - Medium Engagement
96,37,Male,Sneakers,Footwear,100,Missouri,L,Pink,Fall,3.8,Yes,Free Shipping,Yes,48,PayPal,Monthly,Monthly,31-45 (Adult),30,High Value,High Engagement,High Value - High Engagement
97,32,Male,Gloves,Accessories,73,Delaware,S,Gold,Spring,3.8,Yes,Express,Yes,43,Venmo,Quarterly,Every 3 Months,31-45 (Adult),90,Medium Value,High Engagement,Medium Value - High Engagement
98,21,Male,Shoes,Footwear,92,Virginia,M,Teal,Winter,4.8,Yes,Store Pickup,Yes,37,Cash,Annually,Annually,18-30 (Young Adult),365,High Value,High Engagement,High Value - High Engagement
99,20,Male,Jeans,Clothing,67,New York,XL,Teal,Spring,2.6,Yes,Next Day Air,Yes,20,Bank Transfer,Annually,Annually,18-30 (Young Adult),365,Medium Value,Medium Engagement,Medium Value - Medium Engagement
100,26,Male,Hoodie,Clothing,40,Missouri,XL,Indigo,Summer,3.7,Yes,Express,Yes,33,Debit Card,Quarterly,Quarterly,18-30 (Young Adult),90,Medium Value,Medium Engagement,Medium Value - Medium Engagement
101,62,Male,Sunglasses,Accessories,98,South Dakota,M,Maroon,Fall,2.7,Yes,Express,Yes,31,Cash,Bi-Weekly,Fortnightly,61-70 (Senior),14,High Value,Medium Engagement,High Value - Medium Engagement
102,27,Male,Coat,Outerwear,85,North Dakota,XL,White,Spring,4.6,Yes,Express,Yes,50,Credit Card,Bi-Weekly,Bi-Weekly,18-30 (Young Adult),14,High Value,High Engagement,High Value - High Engagement
103,51,Male,Socks,Clothing,67,Oklahoma,L,Violet,Winter,4.8,Yes,Next Day Air,Yes,35,Credit Card,Quarterly,Quarterly,46-60 (Middle-Aged),90,Medium Value,Medium Engagement,Medium Value - Medium Engagement
104,54,Male,Boots,Footwear,89,West Virginia,L,Red,Winter,4.0,Yes,Next Day Air,Yes,22,Venmo,Bi-Weekly,Bi-Weekly,46-60 (Middle-Aged),14,High Value,Medium Engagement,High Value - Medium Engagement
105,55,Male,Sunglasses,Accessories,24,New Hampshire,L,Pink,Spring,4.4,Yes,2-Day Shipping,Yes,1,PayPal,Monthly,Monthly,46-60 (Middle-Aged),30,Low Value,Low Engagement,Low Value - Low Engagement
106,69,Male,Backpack,Accessories,96,New York,M,Charcoal,Fall,3.6,Yes,Next Day Air,Yes,4,Bank Transfer,Annually,Annually,61-70 (Senior),365,High Value,Low Engagement,High Value - Low Engagement
107,64,Male,Jacket,Outerwear,35,Minnesota,L,White,Summer,3.7,Yes,Standard,Yes,31,Credit Card,Monthly,Monthly,61-70 (Senior),30,Low Value,Medium Engagement,Low Value - Medium Engagement
108,28,Male,Sneakers,Footwear,67,Maryland,L,Olive,Winter,3.1,Yes,Next Day Air,Yes,46,PayPal,Bi-Weekly,Fortnightly,18-30 (Young Adult),14,Medium Value,High Engagement,Medium Value - High Engagement
109,70,Male,Socks,Clothing,79,Montana,L,Purple,Spring,3.4,Yes,Next Day Air,Yes,32,Bank Transfer,Bi-Weekly,Bi-Weekly,61-70 (Senior),14,High Value,Medium Engagement,High Value - Medium Engagement
110,58,Male,T-shirt,Clothing,85,Alabama,M,Violet,Spring,2.6,Yes,Next Day Air,Yes,43,Bank Transfer,Bi-Weekly,Fortnightly,46-60 (Middle-Aged),14,High Value,High Engagement,High Value - High Engagement
111,56,Male,Backpack,Accessories,26,New York,M,Black,Summer,4.0,Yes,Standard,Yes,26,Venmo,Bi-Weekly,Fortnightly,46-60 (Middle-Aged),14,Low Value,Medium Engagement,Low Value - Medium Engagement
112,26,Male,Belt,Accessories,75,Massachusetts,L,Purple,Summer,5.0,Yes,Free Shipping,Yes,9,Credit Card,Annually,Annually,18-30 (Young Adult),365,Medium Value,Low Engagement,Medium Value - Low Engagement
113,37,Male,Gloves,Accessories,65,Florida,M,Red,Spring,4.3,Yes,Free Shipping,Yes,28,PayPal,Bi-Weekly,Bi-Weekly,31-45 (Adult),14,Medium Value,Medium Engagement,Medium Value - Medium Engagement
114,44,Male,Hat,Accessories,54,New Jersey,L,Maroon,Winter,3.1,Yes,Next Day Air,Yes,20,PayPal,Quarterly,Quarterly,31-45 (Adult),90,Medium Value,Medium Engagement,Medium Value - Medium Engagement
115,70,Male,Coat,Outerwear,95,Massachusetts,S,Blue,Summer,3.7,Yes,Store Pickup,Yes,9,Cash,Weekly,Weekly,61-70 (Senior),7,High Value,Low Engagement,High Value - Low Engagement
116,53,Male,Skirt,Clothing,94,Wyoming,M,Gray,Spring,3.8,Yes,Standard,Yes,48,Debit Card,Quarterly,Every 3 Months,46-60 (Middle-Aged),90,High Value,High Engagement,High Value - High Engagement
117,55,Male,Shoes,Footwear,86,Virginia,S,Blue,Spring,3.4,Yes,Free Shipping,Yes,12,Venmo,Annually,Annually,46-60 (Middle-Aged),365,High Value,Low Engagement,High Value - Low Engagement
118,50,Male,Sandals,Footwear,32,South Dakota,L,Yellow,Summer,4.6,Yes,Express,Yes,29,Cash,Bi-Weekly,Fortnightly,46-60 (Middle-Aged),14,Low Value,Medium Engagement,Low Value - Medium Engagement
119,50,Male,Sweater,Clothing,45,Kentucky,L,Orange,Fall,4.8,Yes,2-Day Shipping,Yes,27,Cash,Bi-Weekly,Bi-Weekly,46-60 (Middle-Aged),14,Medium Value,Medium Engagement,Medium Value - Medium Engagement
120,38,Male,Coat,Outerwear,76,Wyoming,M,Orange,Fall,4.3,Yes,Express,Yes,44,Cash,Annually,Annually,31-45 (Adult),365,High Value,High Engagement,High Value - High Engagement
121,64,Male,Hat,Accessories,84,West Virginia,L,Red,Summer,4.0,Yes,Express,Yes,32,Bank Transfer,Annually,Annually,61-70 (Senior),365,High Value,Medium Engagement,High Value - Medium Engagement
122,19,Male,Shorts,Clothing,72,Virginia,M,Olive,Winter,4.2,Yes,Standard,Yes,11,Cash,Bi-Weekly,Fortnightly,18-30 (Young Adult),14,Medium Value,Low Engagement,Medium Value - Low Engagement
123,40,Male,Backpack,Accessories,40,Washington,L,Brown,Spring,4.8,Yes,2-Day Shipping,Yes,44,Cash,Bi-Weekly,Fortnightly,31-45 (Adult),14,Medium Value,High Engagement,Medium Value - High Engagement
124,57,Male,Sweater,Clothing,89,Louisiana,L,Brown,Fall,3.1,Yes,Free Shipping,Yes,46,Cash,Weekly,Weekly,46-60 (Middle-Aged),7,High Value,High Engagement,High Value - High Engagement
125,44,Male,Sweater,Clothing,86,Nevada,M,Gray,Spring,3.1,Yes,Next Day Air,Yes,50,PayPal,Annually,Annually,31-45 (Adult),365,High Value,High Engagement,High Value - High Engagement
126,49,Male,Shorts,Clothing,54,California,M,Indigo,Winter,3.6,Yes,Next Day Air,Yes,45,Venmo,Quarterly,Every 3 Months,46-60 (Middle-Aged),90,Medium Value,High Engagement,Medium Value - High Engagement
127,43,Male,Shorts,Clothing,36,Mississippi,L,Pink,Spring,3.9,Yes,Store Pickup,Yes,48,Cash,Quarterly,Every 3 Months,31-45 (Adult),90,Low Value,High Engagement,Low Value - High Engagement
128,24,Male,Sweater,Clothing,89,Mississippi,M,Gray,Winter,4.8,Yes,Next Day Air,Yes,26,Credit Card,Weekly,Weekly,18-30 (Young Adult),7,High Value,Medium Engagement,High Value - Medium Engagement
129,20,Male,Scarf,Accessories,32,California,M,Gold,Spring,4.7,Yes,Standard,Yes,21,Credit Card,Bi-Weekly,Fortnightly,18-30 (Young Adult),14,Low Value,Medium Engagement,Low Value - Medium Engagement
130,24,Male,Dress,Clothing,67,Pennsylvania,XL,Olive,Summer,4.2,Yes,2-Day Shipping,Yes,49,PayPal,Bi-Weekly,Bi-Weekly,18-30 (Young Adult),14,Medium Value,High Engagement,Medium Value - High Engagement
131,44,Male,Scarf,Accessories,39,Kentucky,L,Violet,Fall,3.7,Yes,Next Day Air,Yes,13,PayPal,Bi-Weekly,Fortnightly,31-45 (Adult),14,Low Value,Low Engagement,Low Value - Low Engagement
132,28,Male,Skirt,Clothing,29,Maine,L,Indigo,Summer,3.9,Yes,Standard,Yes,46,Credit Card,Weekly,Weekly,18-30 (Young Adult),7,Low Value,High Engagement,Low Value - High Engagement
133,30,Male,Backpack,Accessories,58,New Mexico,M,Orange,Fall,4.7,Yes,2-Day Shipping,Yes,42,PayPal,Weekly,Weekly,18-30 (Young Adult),7,Medium Value,High Engagement,Medium Value - High Engagement
134,52,Male,Sweater,Clothing,65,Montana,M,Violet,Winter,2.5,Yes,Next Day Air,Yes,25,Venmo,Annually,Annually,46-60 (Middle-Aged),365,Medium Value,Medium Engagement,Medium Value - Medium Engagement
135,43,Male,Hat,Accessories,94,Texas,L,Gray,Fall,4.9,Yes,Store Pickup,Yes,25,Cash,Monthly,Monthly,31-45 (Adult),30,High Value,Medium Engagement,High Value - Medium Engagement
136,43,Male,Sandals,Footwear,81,Kansas,M,Purple,Fall,4.1,Yes,Express,Yes,12,PayPal,Quarterly,Quarterly,31-45 (Adult),90,High Value,Low Engagement,High Value - Low Engagement
137,39,Male,Blouse,Clothing,86,South Carolina,M,White,Winter,3.3,Yes,Free Shipping,Yes,4,Debit Card,Quarterly,Quarterly,31-45 (Adult),90,High Value,Low Engagement,High Value - Low Engagement
138,68,Male,Sneakers,Footwear,43,Colorado,M,Turquoise,Spring,4.7,Yes,Free Shipping,Yes,38,PayPal,Weekly,Weekly,61-70 (Senior),7,Medium Value,High Engagement,Medium Value - High Engagement
139,68,Male,Skirt,Clothing,29,Georgia,M,Maroon,Winter,4.4,Yes,Store Pickup,Yes,42,Bank Transfer,Weekly,Weekly,61-70 (Senior),7,Low Value,High Engagement,Low Value - High Engagement
140,49,Male,Coat,Outerwear,95,Florida,M,White,Fall,3.8,Yes,Store Pickup,Yes,30,Venmo,Annually,Annually,46-60 (Middle-Aged),365,High Value,Medium Engagement,High Value - Medium Engagement
141,63,Male,Shirt,Clothing,28,North Carolina,L,Yellow,Fall,3.9,Yes,2-Day Shipping,Yes,50,Credit Card,Weekly,Weekly,61-70 (Senior),7,Low Value,High Engagement,Low Value - High Engagement
142,56,Male,Gloves,Accessories,46,Virginia,M,Turquoise,Fall,4.9,Yes,Free Shipping,Yes,45,PayPal,Weekly,Weekly,46-60 (Middle-Aged),7,Medium Value,High Engagement,Medium Value - High Engagement
143,37,Male,Jacket,Outerwear,58,Nebraska,L,Violet,Fall,3.1,Yes,Free Shipping,Yes,33,Credit Card,Bi-Weekly,Fortnightly,31-45 (Adult),14,Medium Value,Medium Engagement,Medium Value - Medium Engagement
144,30,Male,Coat,Outerwear,48,Missouri,M,Beige,Fall,2.7,Yes,Store Pickup,Yes,25,PayPal,Quarterly,Quarterly,18-30 (Young Adult),90,Medium Value,Medium Engagement,Medium Value - Medium Engagement
145,19,Male,Shoes,Footwear,43,New Jersey,M,Silver,Fall,3.2,Yes,Express,Yes,25,Cash,Monthly,Monthly,18-30 (Young Adult),30,Medium Value,Medium Engagement,Medium Value - Medium Engagement
146,24,Male,Jewelry,Accessories,95,Missouri,M,Teal,Fall,4.5,Yes,Standard,Yes,44,Debit Card,Quarterly,Quarterly,18-30 (Young Adult),90,High Value,High Engagement,High Value - High Engagement
147,52,Male,Skirt,Clothing,30,Colorado,S,Black,Fall,4.0,Yes,Standard,Yes,21,Venmo,Bi-Weekly,Fortnightly,46-60 (Middle-Aged),14,Low Value,Medium Engagement,Low Value - Medium Engagement
148,63,Male,Shoes,Footwear,64,Idaho,M,Purple,Summer,3.5,Yes,2-Day Shipping,Yes,31,Bank Transfer,Bi-Weekly,Fortnightly,61-70 (Senior),14,Medium Value,Medium Engagement,Medium Value - Medium Engagement
149,37,Male,Gloves,Accessories,90,Wyoming,M,Gray,Fall,2.6,Yes,Store Pickup,Yes,47,Debit Card,Annually,Annually,31-45 (Adult),365,High Value,High Engagement,High Value - High Engagement
150,38,Male,Pants,Clothing,76,Delaware,M,White,Summer,3.2,Yes,Free Shipping,Yes,14,PayPal,Monthly,Monthly,31-45 (Adult),30,High Value,Low Engagement,High Value - Low Engagement
151,35,Male,Boots,Footwear,96,California,L,Cyan,Fall,4.9,Yes,Standard,Yes,17,Debit Card,Quarterly,Every 3 Months,31-45 (Adult),90,High Value,Medium Engagement,High Value - Medium Engagement
152,28,Male,Sunglasses,Accessories,47,North Dakota,L,Turquoise,Fall,4.5,Yes,Next Day Air,Yes,3,Venmo,Annually,Annually,18-30 (Young Adult),365,Medium Value,Low Engagement,Medium Value - Low Engagement
153,30,Male,Shirt,Clothing,85,South Carolina,S,Brown,Summer,4.3,Yes,Express,Yes,42,Venmo,Annually,Annually,18-30 (Young Adult),365,High Value,High Engagement,High Value - High Engagement
154,69,Male,Hoodie,Clothing,55,North Carolina,M,Maroon,Winter,3.2,Yes,Standard,Yes,22,Debit Card,Annually,Annually,61-70 (Senior),365,Medium Value,Medium Engagement,Medium Value - Medium Engagement
155,41,Male,Dress,Clothing,98,Oklahoma,M,Charcoal,Fall,3.6,Yes,Next Day Air,Yes,21,Venmo,Quarterly,Quarterly,31-45 (Adult),90,High Value,Medium Engagement,High Value - Medium Engagement
156,63,Male,Socks,Clothing,77,Maine,S,Olive,Spring,4.3,Yes,Free Shipping,Yes,21,Bank Transfer,Quarterly,Quarterly,61-70 (Senior),90,High Value,Medium Engagement,High Value - Medium Engagement
157,35,Male,Shorts,Clothing,26,Missouri,M,Lavender,Fall,4.0,Yes,Standard,Yes,40,Debit Card,Annually,Annually,31-45 (Adult),365,Low Value,High Engagement,Low Value - High Engagement
158,36,Male,Hat,Accessories,68,Vermont,S,Yellow,Fall,3.0,Yes,Next Day Air,Yes,1,Bank Transfer,Bi-Weekly,Fortnightly,31-45 (Adult),14,Medium Value,Low Engagement,Medium Value - Low Engagement
159,25,Male,Shirt,Clothing,73,Connecticut,XL,Teal,Fall,4.1,Yes,Standard,Yes,50,Bank Transfer,Monthly,Monthly,18-30 (Young Adult),30,Medium Value,High Engagement,Medium Value - High Engagement
160,58,Male,Gloves,Accessories,27,New Hampshire,M,Charcoal,Fall,3.8,Yes,Store Pickup,Yes,39,Bank Transfer,Quarterly,Every 3 Months,46-60 (Middle-Aged),90,Low Value,High Engagement,Low Value - High Engagement
161,27,Male,Gloves,Accessories,23,Texas,M,Orange,Summer,4.6,Yes,Free Shipping,Yes,34,Venmo,Monthly,Monthly,18-30 (Young Adult),30,Low Value,Medium Engagement,Low Value - Medium Engagement
162,65,Male,Backpack,Accessories,49,North Dakota,M,Olive,Fall,3.0,Yes,Express,Yes,29,Venmo,Bi-Weekly,Fortnightly,61-70 (Senior),14,Medium Value,Medium Engagement,Medium Value - Medium Engagement
163,54,Male,Sunglasses,Accessories,74,California,M,Turquoise,Summer,3.0,Yes,Store Pickup,Yes,31,PayPal,Bi-Weekly,Bi-Weekly,46-60 (Middle-Aged),14,Medium Value,Medium Engagement,Medium Value - Medium Engagement
164,54,Male,Skirt,Clothing,67,Virginia,M,Purple,Summer,3.4,Yes,Standard,Yes,8,Debit Card,Weekly,Weekly,46-60 (Middle-Aged),7,Medium Value,Low Engagement,Medium Value - Low Engagement
165,59,Male,Handbag,Accessories,65,Delaware,S,Purple,Spring,2.6,Yes,Free Shipping,Yes,5,Credit Card,Bi-Weekly,Fortnightly,46-60 (Middle-Aged),14,Medium Value,Low Engagement,Medium Value - Low Engagement
166,42,Male,Handbag,Accessories,60,Kentucky,S,Yellow,Winter,2.8,Yes,Store Pickup,Yes,7,Cash,Monthly,Monthly,31-45 (Adult),30,Medium Value,Low Engagement,Medium Value - Low Engagement
167,46,Male,Sneakers,Footwear,31,Delaware,XL,Indigo,Fall,4.0,Yes,Store Pickup,Yes,30,Cash,Monthly,Monthly,46-60 (Middle-Aged),30,Low Value,Medium Engagement,Low Value - Medium Engagement
168,33,Male,Gloves,Accessories,27,Arkansas,M,Green,Fall,4.0,Yes,Express,Yes,14,Credit Card,Quarterly,Every 3 Months,31-45 (Adult),90,Low Value,Low Engagement,Low Value - Low Engagement
169,34,Male,Shoes,Footwear,80,Louisiana,M,Magenta,Summer,3.0,Yes,Express,Yes,5,Cash,Bi-Weekly,Fortnightly,31-45 (Adult),14,High Value,Low Engagement,High Value - Low Engagement
170,27,Male,Jacket,Outerwear,30,Nevada,S,Gold,Summer,3.3,Yes,Standard,Yes,3,PayPal,Quarterly,Every 3 Months,18-30 (Young Adult),90,Low Value,Low Engagement,Low Value - Low Engagement
171,52,Male,Shirt,Clothing,25,Wyoming,M,Maroon,Fall,2.6,Yes,Store Pickup,Yes,46,Venmo,Bi-Weekly,Bi-Weekly,46-60 (Middle-Aged),14,Low Value,High Engagement,Low Value - High Engagement
172,29,Male,Shorts,Clothing,35,Virginia,M,Blue,Summer,3.6,Yes,Store Pickup,Yes,4,Credit Card,Weekly,Weekly,18-30 (Young Adult),7,Low Value,Low Engagement,Low Value - Low Engagement
173,54,Male,Jewelry,Accessories,67,Nebraska,M,Violet,Summer,3.9,Yes,Next Day Air,Yes,42,Credit Card,Bi-Weekly,Bi-Weekly,46-60 (Middle-Aged),14,Medium Value,High Engagement,Medium Value - High Engagement
174,25,Male,Hat,Accessories,46,Hawaii,M,Turquoise,Fall,3.4,Yes,Standard,Yes,30,Cash,Annually,Annually,18-30 (Young Adult),365,Medium Value,Medium Engagement,Medium Value - Medium Engagement
175,41,Male,Shoes,Footwear,35,Vermont,L,Brown,Winter,3.5,Yes,Express,Yes,37,Venmo,Annually,Annually,31-45 (Adult),365,Low Value,High Engagement,Low Value - High Engagement
176,53,Male,Coat,Outerwear,86,Oklahoma,L,Violet,Fall,2.8,Yes,Next Day Air,Yes,2,Bank Transfer,Annually,Annually,46-60 (Middle-Aged),365,High Value,Low Engagement,High Value - Low Engagement
177,53,Male,Backpack,Accessories,81,New Hampshire,L,Black,Spring,2.7,Yes,Next Day Air,Yes,30,Credit Card,Quarterly,Quarterly,46-60 (Middle-Aged),90,High Value,Medium Engagement,High Value - Medium Engagement
178,21,Male,Hoodie,Clothing,42,Kansas,L,Magenta,Fall,3.7,Yes,Next Day Air,Yes,47,Bank Transfer,Monthly,Monthly,18-30 (Young Adult),30,Medium Value,High Engagement,Medium Value - High Engagement
179,61,Male,Skirt,Clothing,43,Idaho,L,Lavender,Fall,4.3,Yes,2-Day Shipping,Yes,21,PayPal,Quarterly,Quarterly,61-70 (Senior),90,Medium Value,Medium Engagement,Medium Value - Medium Engagement
180,64,Male,Boots,Footwear,31,Illinois,M,Violet,Fall,4.9,Yes,Store Pickup,Yes,9,Bank Transfer,Bi-Weekly,Fortnightly,61-70 (Senior),14,Low Value,Low Engagement,Low Value - Low Engagement
181,51,Male,Sandals,Footwear,81,South Dakota,L,Green,Fall,3.3,Yes,Store Pickup,Yes,12,Debit Card,Bi-Weekly,Fortnightly,46-60 (Middle-Aged),14,High Value,Low Engagement,High Value - Low Engagement
182,32,Male,Pants,Clothing,61,Massachusetts,M,Beige,Summer,4.7,Yes,Next Day Air,Yes,4,Bank Transfer,Weekly,Weekly,31-45 (Adult),7,Medium Value,Low Engagement,Medium Value - Low Engagement
183,38,Male,Gloves,Accessories,96,Alabama,XL,Purple,Summer,2.8,Yes,Store Pickup,Yes,10,Debit Card,Annually,Annually,31-45 (Adult),365,High Value,Low Engagement,High Value - Low Engagement
184,58,Male,Skirt,Clothing,29,Ohio,XL,Beige,Spring,3.6,Yes,2-Day Shipping,Yes,26,Credit Card,Weekly,Weekly,46-60 (Middle-Aged),7,Low Value,Medium Engagement,Low Value - Medium Engagement
185,32,Male,Sneakers,Footwear,33,Hawaii,L,Cyan,Spring,3.0,Yes,Express,Yes,40,Cash,Bi-Weekly,Fortnightly,31-45 (Adult),14,Low Value,High Engagement,Low Value - High Engagement
186,46,Male,T-shirt,Clothing,32,Wisconsin,XL,Silver,Summer,4.5,Yes,Store Pickup,Yes,34,Bank Transfer,Bi-Weekly,Fortnightly,46-60 (Middle-Aged),14,Low Value,Medium Engagement,Low Value - Medium Engagement
187,39,Male,Backpack,Accessories,56,Minnesota,S,Lavender,Summer,2.9,Yes,Standard,Yes,31,Debit Card,Annually,Annually,31-45 (Adult),365,Medium Value,Medium Engagement,Medium Value - Medium Engagement
188,19,Male,Shoes,Footwear,94,Georgia,S,Purple,Spring,3.3,Yes,Store Pickup,Yes,1,Bank Transfer,Bi-Weekly,Bi-Weekly,18-30 (Young Adult),14,High Value,Low Engagement,High Value - Low Engagement
189,50,Male,Hoodie,Clothing,53,Arkansas,M,Pink,Spring,3.1,Yes,Express,Yes,5,Bank Transfer,Bi-Weekly,Bi-Weekly,46-60 (Middle-Aged),14,Medium Value,Low Engagement,Medium Value - Low Engagement
190,36,Male,Blouse,Clothing,82,West Virginia,M,Maroon,Fall,4.4,Yes,Next Day Air,Yes,4,Credit Card,Weekly,Weekly,31-45 (Adult),7,High Value,Low Engagement,High Value - Low Engagement
191,65,Male,Coat,Outerwear,70,Indiana,XL,Beige,Fall,3.0,Yes,Free Shipping,Yes,48,Venmo,Quarterly,Quarterly,61-70 (Senior),90,Medium Value,High Engagement,Medium Value - High Engagement
192,64,Male,Hat,Accessories,76,Utah,M,Gray,Fall,3.9,Yes,Free Shipping,Yes,29,Cash,Quarterly,Every 3 Months,61-70 (Senior),90,High Value,Medium Engagement,High Value - Medium Engagement
193,46,Male,Shoes,Footwear,29,Nebraska,L,Turquoise,Summer,2.9,Yes,Express,Yes,12,PayPal,Bi-Weekly,Bi-Weekly,46-60 (Middle-Aged),14,Low Value,Low Engagement,Low Value - Low Engagement
194,36,Male,Belt,Accessories,100,North Dakota,S,Silver,Fall,3.0,Yes,Standard,Yes,29,Venmo,Annually,Annually,31-45 (Adult),365,High Value,Medium Engagement,High Value - Medium Engagement
195,51,Male,Backpack,Accessories,94,Missouri,M,Olive,Spring,3.1,Yes,Express,Yes,15,Debit Card,Quarterly,Quarterly,46-60 (Middle-Aged),90,High Value,Low Engagement,High Value - Low Engagement
196,51,Male,Jacket,Outerwear,25,New York,M,Magenta,Fall,4.3,Yes,Free Shipping,Yes,34,Credit Card,Monthly,Monthly,46-60 (Middle-Aged),30,Low Value,Medium Engagement,Low Value - Medium Engagement
197,38,Male,Boots,Footwear,88,Washington,M,Lavender,Summer,3.9,Yes,Next Day Air,Yes,41,Credit Card,Bi-Weekly,Fortnightly,31-45 (Adult),14,High Value,High Engagement,High Value - High Engagement
198,59,Male,Scarf,Accessories,78,South Carolina,M,Black,Fall,3.2,Yes,2-Day Shipping,Yes,41,Credit Card,Monthly,Monthly,46-60 (Middle-Aged),30,High Value,High Engagement,High Value - High Engagement
199,57,Male,Jewelry,Accessories,45,Utah,M,Turquoise,Winter,4.8,Yes,Standard,Yes,39,Credit Card,Bi-Weekly,Fortnightly,46-60 (Middle-Aged),14,Medium Value,High Engagement,Medium Value - High Engagement
200,54,Male,Hat,Accessories,73,Idaho,XL,Green,Summer,3.8,Yes,Express,Yes,32,Cash,Weekly,Weekly,46-60 (Middle-Aged),7,Medium Value,Medium Engagement,Medium Value - Medium Engagement
201,25,Male,Dress,Clothing,61,Pennsylvania,S,Teal,Summer,3.3,Yes,Next Day Air,Yes,29,Venmo,Monthly,Monthly,18-30 (Young Adult),30,Medium Value,Medium Engagement,Medium Value - Medium Engagement
202,69,Male,Blouse,Clothing,22,Missouri,S,Beige,Fall,4.3,Yes,Free Shipping,Yes,15,Bank Transfer,Annually,Annually,61-70 (Senior),365,Low Value,Low Engagement,Low Value - Low Engagement
203,57,Male,Hat,Accessories,38,Nebraska,L,Magenta,Spring,2.7,Yes,Express,Yes,33,Venmo,Annually,Annually,46-60 (Middle-Aged),365,Low Value,Medium Engagement,Low Value - Medium Engagement
204,70,Male,Scarf,Accessories,38,Indiana,S,Yellow,Fall,3.2,Yes,Next Day Air,Yes,18,Bank Transfer,Weekly,Weekly,61-70 (Senior),7,Low Value,Medium Engagement,Low Value - Medium Engagement
205,24,Male,Sneakers,Footwear,100,Arizona,M,Yellow,Fall,4.0,Yes,Store Pickup,Yes,35,Cash,Bi-Weekly,Bi-Weekly,18-30 (Young Adult),14,High Value,Medium Engagement,High Value - Medium Engagement
206,67,Male,Shirt,Clothing,64,Hawaii,M,Silver,Winter,3.0,Yes,Standard,Yes,25,PayPal,Weekly,Weekly,61-70 (Senior),7,Medium Value,Medium Engagement,Medium Value - Medium Engagement
207,24,Male,T-shirt,Clothing,55,Wisconsin,L,Silver,Summer,4.2,Yes,Free Shipping,Yes,6,Venmo,Bi-Weekly,Fortnightly,18-30 (Young Adult),14,Medium Value,Low Engagement,Medium Value - Low Engagement
208,62,Male,Gloves,Accessories,91,Rhode Island,M,Silver,Summer,2.9,Yes,Express,Yes,17,Bank Transfer,Bi-Weekly,Bi-Weekly,61-70 (Senior),14,High Value,Medium Engagement,High Value - Medium Engagement
209,57,Male,Skirt,Clothing,38,Wisconsin,M,Gold,Spring,4.1,Yes,Store Pickup,Yes,17,Credit Card,Monthly,Monthly,46-60 (Middle-Aged),30,Low Value,Medium Engagement,Low Value - Medium Engagement
210,55,Male,Sandals,Footwear,97,Minnesota,S,Olive,Winter,3.2,Yes,Store Pickup,Yes,44,Cash,Quarterly,Every 3 Months,46-60 (Middle-Aged),90,High Value,High Engagement,High Value - High Engagement
211,45,Male,Jacket,Outerwear,22,Vermont,L,Teal,Fall,3.0,Yes,2-Day Shipping,Yes,6,PayPal,Bi-Weekly,Fortnightly,31-45 (Adult),14,Low Value,Low Engagement,Low Value - Low Engagement
212,69,Male,Skirt,Clothing,92,South Dakota,L,Maroon,Fall,4.2,Yes,2-Day Shipping,Yes,45,Debit Card,Bi-Weekly,Fortnightly,61-70 (Senior),14,High Value,High Engagement,High Value - High Engagement
213,67,Male,Handbag,Accessories,84,Virginia,L,Blue,Fall,4.2,Yes,Express,Yes,7,Debit Card,Annually,Annually,61-70 (Senior),365,High Value,Low Engagement,High Value - Low Engagement
214,30,Male,Handbag,Accessories,93,Nevada,L,Peach,Fall,4.4,Yes,Store Pickup,Yes,11,Debit Card,Quarterly,Every 3 Months,18-30 (Young Adult),90,High Value,Low Engagement,High Value - Low Engagement
215,24,Male,Jacket,Outerwear,50,Hawaii,L,Blue,Summer,4.2,Yes,Next Day Air,Yes,41,Cash,Quarterly,Every 3 Months,18-30 (Young Adult),90,Medium Value,High Engagement,Medium Value - High Engagement
216,62,Male,Scarf,Accessories,64,New Jersey,S,Orange,Spring,2.8,Yes,2-Day Shipping,Yes,24,PayPal,Bi-Weekly,Bi-Weekly,61-70 (Senior),14,Medium Value,Medium Engagement,Medium Value - Medium Engagement
217,43,Male,Shorts,Clothing,61,Massachusetts,L,Yellow,Spring,3.7,Yes,Free Shipping,Yes,21,Venmo,Weekly,Weekly,31-45 (Adult),7,Medium Value,Medium Engagement,Medium Value - Medium Engagement
218,35,Male,Sunglasses,Accessories,48,Oklahoma,M,Purple,Winter,3.5,Yes,Next Day Air,Yes,24,Bank Transfer,Annually,Annually,31-45 (Adult),365,Medium Value,Medium Engagement,Medium Value - Medium Engagement
219,28,Male,T-shirt,Clothing,45,California,S,Magenta,Spring,2.9,Yes,Store Pickup,Yes,8,Credit Card,Quarterly,Quarterly,18-30 (Young Adult),90,Medium Value,Low Engagement,Medium Value - Low Engagement
220,32,Male,Belt,Accessories,88,Nevada,M,Cyan,Spring,3.0,Yes,Free Shipping,Yes,12,Cash,Bi-Weekly,Fortnightly,31-45 (Adult),14,High Value,Low Engagement,High Value - Low Engagement
221,39,Male,Sneakers,Footwear,57,Arizona,S,Indigo,Spring,3.7,Yes,Express,Yes,48,Debit Card,Bi-Weekly,Fortnightly,31-45 (Adult),14,Medium Value,High Engagement,Medium Value - High Engagement
222,28,Male,Hat,Accessories,68,North Carolina,XL,Magenta,Summer,4.4,Yes,Store Pickup,Yes,6,Bank Transfer,Quarterly,Quarterly,18-30 (Young Adult),90,Medium Value,Low Engagement,Medium Value - Low Engagement
223,47,Male,Gloves,Accessories,94,New York,XL,Gray,Spring,4.5,Yes,2-Day Shipping,Yes,14,PayPal,Bi-Weekly,Fortnightly,46-60 (Middle-Aged),14,High Value,Low Engagement,High Value - Low Engagement
224,20,Male,Pants,Clothing,41,Wyoming,M,Turquoise,Spring,4.8,Yes,Free Shipping,Yes,34,PayPal,Annually,Annually,18-30 (Young Adult),365,Medium Value,Medium Engagement,Medium Value - Medium Engagement
225,63,Male,Socks,Clothing,83,South Dakota,S,Beige,Summer,2.9,Yes,Free Shipping,Yes,12,Cash,Quarterly,Every 3 Months,61-70 (Senior),90,High Value,Low Engagement,High Value - Low Engagement
226,25,Male,Jacket,Outerwear,22,Arkansas,M,Olive,Spring,3.2,Yes,Next Day Air,Yes,11,Bank Transfer,Annually,Annually,18-30 (Young Adult),365,Low Value,Low Engagement,Low Value - Low Engagement
227,29,Male,Shoes,Footwear,74,Texas,L,Violet,Spring,3.3,Yes,Free Shipping,Yes,5,PayPal,Monthly,Monthly,18-30 (Young Adult),30,Medium Value,Low Engagement,Medium Value - Low Engagement
228,50,Male,Jeans,Clothing,90,Rhode Island,M,Turquoise,Winter,4.2,Yes,Standard,Yes,25,Venmo,Bi-Weekly,Fortnightly,46-60 (Middle-Aged),14,High Value,Medium Engagement,High Value - Medium Engagement
229,18,Male,Socks,Clothing,79,New Hampshire,M,White,Spring,2.9,Yes,Store Pickup,Yes,11,Credit Card,Annually,Annually,18-30 (Young Adult),365,High Value,Low Engagement,High Value - Low Engagement
230,70,Male,Sandals,Footwear,28,Ohio,S,Silver,Spring,4.6,Yes,Next Day Air,Yes,27,PayPal,Quarterly,Every 3 Months,61-70 (Senior),90,Low Value,Medium Engagement,Low Value - Medium Engagement
231,66,Male,Scarf,Accessories,88,Utah,L,Olive,Fall,4.1,Yes,Standard,Yes,43,Credit Card,Annually,Annually,61-70 (Senior),365,High Value,High Engagement,High Value - High Engagement
232,28,Male,Blouse,Clothing,26,Tennessee,M,Blue,Spring,3.1,Yes,2-Day Shipping,Yes,18,Debit Card,Quarterly,Every 3 Months,18-30 (Young Adult),90,Low Value,Medium Engagement,Low Value - Medium Engagement
233,54,Male,Jewelry,Accessories,27,Hawaii,L,Purple,Winter,4.2,Yes,Express,Yes,32,Bank Transfer,Bi-Weekly,Bi-Weekly,46-60 (Middle-Aged),14,Low Value,Medium Engagement,Low Value - Medium Engagement
234,19,Male,Sweater,Clothing,83,Arizona,XL,Yellow,Fall,4.5,Yes,Next Day Air,Yes,27,Bank Transfer,Quarterly,Every 3 Months,18-30 (Young Adult),90,High Value,Medium Engagement,High Value - Medium Engagement
235,20,Male,Gloves,Accessories,39,South Dakota,S,Silver,Summer,3.7,Yes,Next Day Air,Yes,24,Credit Card,Weekly,Weekly,18-30 (Young Adult),7,Low Value,Medium Engagement,Low Value - Medium Engagement
236,43,Male,Sunglasses,Accessories,89,New Jersey,M,Cyan,Winter,3.7,Yes,Free Shipping,Yes,31,Debit Card,Quarterly,Quarterly,31-45 (Adult),90,High Value,Medium Engagement,High Value - Medium Engagement
237,38,Male,Coat,Outerwear,68,North Dakota,L,Green,Winter,3.4,Yes,Next Day Air,Yes,39,PayPal,Bi-Weekly,Fortnightly,31-45 (Adult),14,Medium Value,High Engagement,Medium Value - High Engagement
238,50,Male,Dress,Clothing,90,Iowa,M,Beige,Summer,3.0,Yes,Store Pickup,Yes,36,Debit Card,Bi-Weekly,Fortnightly,46-60 (Middle-Aged),14,High Value,High Engagement,High Value - High Engagement
239,64,Male,Skirt,Clothing,34,Ohio,M,Peach,Fall,4.2,Yes,Free Shipping,Yes,5,Cash,Annually,Annually,61-70 (Senior),365,Low Value,Low Engagement,Low Value - Low Engagement
240,49,Male,Pants,Clothing,51,Vermont,L,Yellow,Summer,2.9,Yes,Express,Yes,47,Credit Card,Bi-Weekly,Bi-Weekly,46-60 (Middle-Aged),14,Medium Value,High Engagement,Medium Value - High Engagement
241,47,Male,Sweater,Clothing,45,Montana,XL,Turquoise,Winter,3.5,Yes,Free Shipping,Yes,29,Bank Transfer,Bi-Weekly,Fortnightly,46-60 (Middle-Aged),14,Medium Value,Medium Engagement,Medium Value - Medium Engagement
242,36,Male,Hoodie,Clothing,88,Delaware,M,Peach,Winter,4.1,Yes,Free Shipping,Yes,43,Venmo,Bi-Weekly,Bi-Weekly,31-45 (Adult),14,High Value,High Engagement,High Value - High Engagement
243,55,Male,Coat,Outerwear,85,New York,L,Gray,Summer,4.3,Yes,Store Pickup,Yes,40,Debit Card,Quarterly,Every 3 Months,46-60 (Middle-Aged),90,High Value,High Engagement,High Value - High Engagement
244,25,Male,Jewelry,Accessories,100,Kentucky,M,Olive,Winter,2.8,Yes,2-Day Shipping,Yes,4,Debit Card,Monthly,Monthly,18-30 (Young Adult),30,High Value,Low Engagement,High Value - Low Engagement
245,53,Male,Belt,Accessories,42,Oregon,S,Indigo,Spring,4.9,Yes,2-Day Shipping,Yes,39,PayPal,Weekly,Weekly,46-60 (Middle-Aged),7,Medium Value,High Engagement,Medium Value - High Engagement
246,49,Male,Sandals,Footwear,53,Rhode Island,L,Charcoal,Summer,3.3,Yes,Next Day Air,Yes,45,Venmo,Bi-Weekly,Fortnightly,46-60 (Middle-Aged),14,Medium Value,High Engagement,Medium Value - High Engagement
247,35,Male,Sunglasses,Accessories,86,Nevada,XL,Beige,Spring,3.2,Yes,Express,Yes,20,Venmo,Bi-Weekly,Bi-Weekly,31-45 (Adult),14,High Value,Medium Engagement,High Value - Medium Engagement
248,29,Male,Sweater,Clothing,66,Montana,XL,Brown,Spring,4.4,Yes,Standard,Yes,14,Debit Card,Weekly,Weekly,18-30 (Young Adult),7,Medium Value,Low Engagement,Medium Value - Low Engagement
249,47,Male,Belt,Accessories,100,Pennsylvania,M,Blue,Winter,4.8,Yes,Express,Yes,33,PayPal,Weekly,Weekly,46-60 (Middle-Aged),7,High Value,Medium Engagement,High Value - Medium Engagement
250,53,Male,Handbag,Accessories,47,Alaska,S,Teal,Fall,4.2,Yes,Standard,Yes,18,Credit Card,Annually,Annually,46-60 (Middle-Aged),365,Medium Value,Medium Engagement,Medium Value - Medium Engagement
251,33,Male,Skirt,Clothing,25,Mississippi,L,Black,Fall,4.0,Yes,Express,Yes,9,Bank Transfer,Weekly,Weekly,31-45 (Adult),7,Low Value,Low Engagement,Low Value - Low Engagement
252,21,Male,Handbag,Accessories,51,Wyoming,XL,Gold,Winter,2.5,Yes,Standard,Yes,34,PayPal,Annually,Annually,18-30 (Young Adult),365,Medium Value,Medium Engagement,Medium Value - Medium Engagement
253,32,Male,Shorts,Clothing,41,Delaware,M,Violet,Summer,3.9,Yes,Free Shipping,Yes,33,Venmo,Bi-Weekly,Fortnightly,31-45 (Adult),14,Medium Value,Medium Engagement,Medium Value - Medium Engagement
254,52,Male,Boots,Footwear,73,Oklahoma,L,Cyan,Winter,4.9,Yes,2-Day Shipping,Yes,15,Bank Transfer,Bi-Weekly,Bi-Weekly,46-60 (Middle-Aged),14,Medium Value,Low Engagement,Medium Value - Low Engagement
255,67,Male,Sunglasses,Accessories,42,Indiana,M,White,Winter,3.5,Yes,Store Pickup,Yes,4,PayPal,Bi-Weekly,Bi-Weekly,61-70 (Senior),14,Medium Value,Low Engagement,Medium Value - Low Engagement
256,43,Male,Scarf,Accessories,20,Maryland,M,Charcoal,Spring,4.2,Yes,Free Shipping,Yes,25,Debit Card,Annually,Annually,31-45 (Adult),365,Low Value,Medium Engagement,Low Value - Medium Engagement
257,58,Male,Jewelry,Accessories,30,South Dakota,XL,Violet,Spring,4.7,Yes,Express,Yes,20,Credit Card,Quarterly,Every 3 Months,46-60 (Middle-Aged),90,Low Value,Medium Engagement,Low Value - Medium Engagement
258,20,Male,Handbag,Accessories,53,West Virginia,M,Red,Summer,4.5,Yes,Express,Yes,5,Credit Card,Quarterly,Quarterly,18-30 (Young Adult),90,Medium Value,Low Engagement,Medium Value - Low Engagement
259,61,Male,Gloves,Accessories,74,Alabama,S,Lavender,Spring,2.8,Yes,Express,Yes,16,Cash,Quarterly,Quarterly,61-70 (Senior),90,Medium Value,Medium Engagement,Medium Value - Medium Engagement
260,32,Male,Jeans,Clothing,57,Louisiana,M,Gold,Fall,2.9,Yes,Standard,Yes,13,Debit Card,Annually,Annually,31-45 (Adult),365,Medium Value,Low Engagement,Medium Value - Low Engagement
261,38,Male,Hat,Accessories,57,Montana,S,Red,Winter,3.2,Yes,2-Day Shipping,Yes,11,Credit Card,Quarterly,Every 3 Months,31-45 (Adult),90,Medium Value,Low Engagement,Medium Value - Low Engagement
262,21,Male,Jeans,Clothing,77,California,L,Magenta,Winter,4.9,Yes,Standard,Yes,21,Credit Card,Annually,Annually,18-30 (Young Adult),365,High Value,Medium Engagement,High Value - Medium Engagement
263,37,Male,Pants,Clothing,40,Hawaii,M,Teal,Summer,3.7,Yes,Next Day Air,Yes,6,Debit Card,Annually,Annually,31-45 (Adult),365,Medium Value,Low Engagement,Medium Value - Low Engagement
264,27,Male,Shorts,Clothing,46,Iowa,M,Purple,Summer,4.3,Yes,Store Pickup,Yes,29,Venmo,Monthly,Monthly,18-30 (Young Adult),30,Medium Value,Medium Engagement,Medium Value - Medium Engagement
265,36,Male,Pants,Clothing,78,Colorado,S,Charcoal,Fall,3.9,Yes,Store Pickup,Yes,15,Cash,Annually,Annually,31-45 (Adult),365,High Value,Low Engagement,High Value - Low Engagement
266,32,Male,Backpack,Accessories,59,Michigan,M,Gray,Spring,3.2,Yes,2-Day Shipping,Yes,17,Bank Transfer,Bi-Weekly,Bi-Weekly,31-45 (Adult),14,Medium Value,Medium Engagement,Medium Value - Medium Engagement
267,51,Male,Jewelry,Accessories,75,Louisiana,L,White,Summer,3.1,Yes,Express,Yes,32,Credit Card,Weekly,Weekly,46-60 (Middle-Aged),7,Medium Value,Medium Engagement,Medium Value - Medium Engagement
268,64,Male,Sweater,Clothing,54,Maryland,M,Olive,Spring,3.9,Yes,2-Day Shipping,Yes,42,Venmo,Annually,Annually,61-70 (Senior),365,Medium Value,High Engagement,Medium Value - High Engagement
269,68,Male,Shoes,Footwear,42,Georgia,M,Charcoal,Spring,2.6,Yes,Store Pickup,Yes,21,Cash,Monthly,Monthly,61-70 (Senior),30,Medium Value,Medium Engagement,Medium Value - Medium Engagement
270,68,Male,Blouse,Clothing,44,Georgia,M,Charcoal,Winter,3.3,Yes,Next Day Air,Yes,9,Cash,Bi-Weekly,Bi-Weekly,61-70 (Senior),14,Medium Value,Low Engagement,Medium Value - Low Engagement
271,33,Male,Jeans,Clothing,52,North Dakota,XL,Orange,Fall,4.6,Yes,Free Shipping,Yes,16,Bank Transfer,Annually,Annually,31-45 (Adult),365,Medium Value,Medium Engagement,Medium Value - Medium Engagement
272,65,Male,Sunglasses,Accessories,69,Maryland,XL,Yellow,Summer,4.6,Yes,Express,Yes,42,Credit Card,Bi-Weekly,Fortnightly,61-70 (Senior),14,Medium Value,High Engagement,Medium Value - High Engagement
273,48,Male,Jewelry,Accessories,26,Oregon,M,Beige,Summer,4.4,Yes,2-Day Shipping,Yes,37,Debit Card,Bi-Weekly,Bi-Weekly,46-60 (Middle-Aged),14,Low Value,High Engagement,Low Value - High Engagement
274,69,Male,Coat,Outerwear,33,North Dakota,S,Silver,Spring,4.2,Yes,Express,Yes,32,Debit Card,Quarterly,Quarterly,61-70 (Senior),90,Low Value,Medium Engagement,Low Value - Medium Engagement
275,59,Male,Jewelry,Accessories,32,Maryland,M,Indigo,Spring,3.0,Yes,Express,Yes,28,Cash,Bi-Weekly,Bi-Weekly,46-60 (Middle-Aged),14,Low Value,Medium Engagement,Low Value - Medium Engagement
276,48,Male,Backpack,Accessories,85,Virginia,XL,Lavender,Winter,4.0,Yes,Express,Yes,13,Credit Card,Weekly,Weekly,46-60 (Middle-Aged),7,High Value,Low Engagement,High Value - Low Engagement
277,25,Male,Skirt,Clothing,30,South Dakota,XL,Turquoise,Fall,3.5,Yes,Express,Yes,11,Bank Transfer,Bi-Weekly,Fortnightly,18-30 (Young Adult),14,Low Value,Low Engagement,Low Value - Low Engagement
278,29,Male,Shirt,Clothing,29,Georgia,M,Green,Winter,3.0,Yes,Store Pickup,Yes,36,Bank Transfer,Bi-Weekly,Bi-Weekly,18-30 (Young Adult),14,Low Value,High Engagement,Low Value - High Engagement
279,57,Male,Sweater,Clothing,95,Hawaii,M,Orange,Spring,3.7,Yes,Express,Yes,23,Debit Card,Annually,Annually,46-60 (Middle-Aged),365,High Value,Medium Engagement,High Value - Medium Engagement
280,23,Male,Sneakers,Footwear,69,Arkansas,L,Turquoise,Summer,4.0,Yes,Standard,Yes,37,Bank Transfer,Monthly,Monthly,18-30 (Young Adult),30,Medium Value,High Engagement,Medium Value - High Engagement
281,45,Male,Sandals,Footwear,69,Montana,S,Cyan,Fall,4.2,Yes,2-Day Shipping,Yes,21,Cash,Bi-Weekly,Bi-Weekly,31-45 (Adult),14,Medium Value,Medium Engagement,Medium Value - Medium Engagement
282,38,Male,Belt,Accessories,61,Oklahoma,XL,Charcoal,Spring,2.5,Yes,Standard,Yes,22,Debit Card,Bi-Weekly,Bi-Weekly,31-45 (Adult),14,Medium Value,Medium Engagement,Medium Value - Medium Engagement
283,21,Male,Skirt,Clothing,94,Minnesota,M,Teal,Summer,3.0,Yes,2-Day Shipping,Yes,9,Cash,Monthly,Monthly,18-30 (Young Adult),30,High Value,Low Engagement,High Value - Low Engagement
284,32,Male,Sweater,Clothing,30,Montana,S,Maroon,Fall,3.2,Yes,Next Day Air,Yes,16,Venmo,Annually,Annually,31-45 (Adult),365,Low Value,Medium Engagement,Low Value - Medium Engagement
285,63,Male,Skirt,Clothing,45,Ohio,M,Red,Summer,3.5,Yes,Standard,Yes,4,PayPal,Quarterly,Quarterly,61-70 (Senior),90,Medium Value,Low Engagement,Medium Value - Low Engagement
286,29,Male,Handbag,Accessories,39,Kentucky,XL,Yellow,Summer,4.8,Yes,Express,Yes,3,Debit Card,Bi-Weekly,Bi-Weekly,18-30 (Young Adult),14,Low Value,Low Engagement,Low Value - Low Engagement
287,27,Male,Jewelry,Accessories,51,Nebraska,L,Gray,Summer,2.6,Yes,Store Pickup,Yes,6,Debit Card,Annually,Annually,18-30 (Young Adult),365,Medium Value,Low Engagement,Medium Value - Low Engagement
288,56,Male,Scarf,Accessories,37,Delaware,L,Blue,Spring,3.4,Yes,2-Day Shipping,Yes,18,Venmo,Bi-Weekly,Fortnightly,46-60 (Middle-Aged),14,Low Value,Medium Engagement,Low Value - Medium Engagement
289,30,Male,T-shirt,Clothing,62,North Carolina,M,Lavender,Winter,3.7,Yes,2-Day Shipping,Yes,34,Venmo,Bi-Weekly,Bi-Weekly,18-30 (Young Adult),14,Medium Value,Medium Engagement,Medium Value - Medium Engagement
290,49,Male,Coat,Outerwear,85,New York,M,Yellow,Fall,4.5,Yes,2-Day Shipping,Yes,26,Credit Card,Monthly,Monthly,46-60 (Middle-Aged),30,High Value,Medium Engagement,High Value - Medium Engagement
291,58,Male,T-shirt,Clothing,33,Colorado,M,Indigo,Winter,3.7,Yes,Standard,Yes,50,PayPal,Weekly,Weekly,46-60 (Middle-Aged),7,Low Value,High Engagement,Low Value - High Engagement
292,57,Male,Dress,Clothing,26,Delaware,XL,Violet,Fall,3.3,Yes,Next Day Air,Yes,40,Bank Transfer,Monthly,Monthly,46-60 (Middle-Aged),30,Low Value,High Engagement,Low Value - High Engagement
293,60,Male,Shoes,Footwear,99,Utah,M,Green,Spring,4.7,Yes,Free Shipping,Yes,24,Cash,Quarterly,Quarterly,46-60 (Middle-Aged),90,High Value,Medium Engagement,High Value - Medium Engagement
294,69,Male,Handbag,Accessories,39,Connecticut,M,White,Spring,2.7,Yes,Express,Yes,33,PayPal,Annually,Annually,61-70 (Senior),365,Low Value,Medium Engagement,Low Value - Medium Engagement
295,70,Male,Skirt,Clothing,20,New Jersey,M,Gold,Spring,4.6,Yes,Store Pickup,Yes,19,Credit Card,Quarterly,Every 3 Months,61-70 (Senior),90,Low Value,Medium Engagement,Low Value - Medium Engagement
296,53,Male,Sunglasses,Accessories,42,West Virginia,M,Indigo,Winter,2.7,Yes,Store Pickup,Yes,24,Credit Card,Quarterly,Quarterly,46-60 (Middle-Aged),90,Medium Value,Medium Engagement,Medium Value - Medium Engagement
297,25,Male,Sandals,Footwear,74,Indiana,S,Lavender,Spring,4.8,Yes,2-Day Shipping,Yes,19,Credit Card,Weekly,Weekly,18-30 (Young Adult),7,Medium Value,Medium Engagement,Medium Value - Medium Engagement
298,48,Male,Shoes,Footwear,26,Delaware,XL,Purple,Summer,4.4,Yes,Standard,Yes,4,Credit Card,Bi-Weekly,Bi-Weekly,46-60 (Middle-Aged),14,Low Value,Low Engagement,Low Value - Low Engagement
299,69,Male,T-shirt,Clothing,53,Maryland,M,Lavender,Winter,4.0,Yes,Standard,Yes,11,Venmo,Quarterly,Every 3 Months,61-70 (Senior),90,Medium Value,Low Engagement,Medium Value - Low Engagement
300,25,Male,Sneakers,Footwear,80,Pennsylvania,M,Maroon,Summer,3.2,Yes,Next Day Air,Yes,28,PayPal,Bi-Weekly,Fortnightly,18-30 (Young Adult),14,High Value,Medium Engagement,High Value - Medium Engagement
301,29,Male,Hat,Accessories,98,Iowa,M,Teal,Spring,4.4,Yes,Store Pickup,Yes,24,PayPal,Weekly,Weekly,18-30 (Young Adult),7,High Value,Medium Engagement,High Value - Medium Engagement
302,46,Male,Skirt,Clothing,95,Pennsylvania,M,Green,Spring,3.8,Yes,Standard,Yes,25,Credit Card,Quarterly,Every 3 Months,46-60 (Middle-Aged),90,High Value,Medium Engagement,High Value - Medium Engagement
303,37,Male,Sweater,Clothing,44,Delaware,L,Olive,Summer,3.6,Yes,Express,Yes,27,Bank Transfer,Quarterly,Every 3 Months,31-45 (Adult),90,Medium Value,Medium Engagement,Medium Value - Medium Engagement
304,20,Male,Sandals,Footwear,60,Oregon,M,Turquoise,Summer,3.3,Yes,Next Day Air,Yes,49,Venmo,Weekly,Weekly,18-30 (Young Adult),7,Medium Value,High Engagement,Medium Value - High Engagement
305,40,Male,Dress,Clothing,84,Oregon,M,Green,Winter,3.4,Yes,Next Day Air,Yes,45,Credit Card,Bi-Weekly,Bi-Weekly,31-45 (Adult),14,High Value,High Engagement,High Value - High Engagement
306,60,Male,Sweater,Clothing,59,Utah,M,Teal,Fall,3.5,Yes,2-Day Shipping,Yes,26,PayPal,Annually,Annually,46-60 (Middle-Aged),365,Medium Value,Medium Engagement,Medium Value - Medium Engagement
307,26,Male,Jacket,Outerwear,49,North Dakota,S,White,Summer,3.6,Yes,Express,Yes,4,Cash,Annually,Annually,18-30 (Young Adult),365,Medium Value,Low Engagement,Medium Value - Low Engagement
308,29,Male,Gloves,Accessories,32,Florida,M,Orange,Winter,3.2,Yes,Free Shipping,Yes,3,Credit Card,Quarterly,Every 3 Months,18-30 (Young Adult),90,Low Value,Low Engagement,Low Value - Low Engagement
309,66,Male,Handbag,Accessories,29,Maryland,M,Beige,Fall,3.7,Yes,Standard,Yes,45,Venmo,Bi-Weekly,Bi-Weekly,61-70 (Senior),14,Low Value,High Engagement,Low Value - High Engagement
310,66,Male,Dress,Clothing,22,Minnesota,M,Yellow,Spring,4.5,Yes,Standard,Yes,21,Cash,Bi-Weekly,Fortnightly,61-70 (Senior),14,Low Value,Medium Engagement,Low Value - Medium Engagement
311,56,Male,Pants,Clothing,85,Montana,M,Charcoal,Winter,4.6,Yes,Standard,Yes,50,Cash,Bi-Weekly,Fortnightly,46-60 (Middle-Aged),14,High Value,High Engagement,High Value - High Engagement
312,69,Male,Jeans,Clothing,52,Rhode Island,L,Silver,Winter,4.1,Yes,Store Pickup,Yes,19,Bank Transfer,Monthly,Monthly,61-70 (Senior),30,Medium Value,Medium Engagement,Medium Value - Medium Engagement
313,38,Male,Pants,Clothing,89,Massachusetts,L,Green,Spring,3.4,Yes,Next Day Air,Yes,6,PayPal,Annually,Annually,31-45 (Adult),365,High Value,Low Engagement,High Value - Low Engagement
314,42,Male,Dress,Clothing,77,Vermont,M,Pink,Spring,3.7,Yes,Express,Yes,50,Credit Card,Quarterly,Every 3 Months,31-45 (Adult),90,High Value,High Engagement,High Value - High Engagement
315,30,Male,Pants,Clothing,24,New Jersey,M,Purple,Summer,3.3,Yes,Store Pickup,Yes,17,Debit Card,Quarterly,Every 3 Months,18-30 (Young Adult),90,Low Value,Medium Engagement,Low Value - Medium Engagement
316,66,Male,Jewelry,Accessories,24,Wisconsin,XL,Orange,Spring,4.5,Yes,Express,Yes,24,Debit Card,Annually,Annually,61-70 (Senior),365,Low Value,Medium Engagement,Low Value - Medium Engagement
317,36,Male,Handbag,Accessories,22,California,M,Charcoal,Fall,3.3,Yes,Free Shipping,Yes,46,Venmo,Monthly,Monthly,31-45 (Adult),30,Low Value,High Engagement,Low Value - High Engagement
318,58,Male,Sweater,Clothing,82,West Virginia,L,Teal,Fall,4.3,Yes,Standard,Yes,42,Cash,Quarterly,Every 3 Months,46-60 (Middle-Aged),90,High Value,High Engagement,High Value - High Engagement
319,45,Male,Backpack,Accessories,67,South Dakota,M,Beige,Winter,2.5,Yes,Standard,Yes,10,Cash,Annually,Annually,31-45 (Adult),365,Medium Value,Low Engagement,Medium Value - Low Engagement
320,47,Male,Shorts,Clothing,74,Maine,XL,White,Spring,2.6,Yes,Standard,Yes,1,Cash,Quarterly,Every 3 Months,46-60 (Middle-Aged),90,Medium Value,Low Engagement,Medium Value - Low Engagement
321,66,Male,Jewelry,Accessories,72,Kansas,L,White,Summer,4.9,Yes,Standard,Yes,28,Debit Card,Quarterly,Quarterly,61-70 (Senior),90,Medium Value,Medium Engagement,Medium Value - Medium Engagement
322,41,Male,Sneakers,Footwear,36,Vermont,L,Orange,Summer,4.7,Yes,Free Shipping,Yes,48,Debit Card,Quarterly,Quarterly,31-45 (Adult),90,Low Value,High Engagement,Low Value - High Engagement
323,41,Male,Belt,Accessories,95,Tennessee,S,Cyan,Winter,3.0,Yes,Standard,Yes,47,Credit Card,Monthly,Monthly,31-45 (Adult),30,High Value,High Engagement,High Value - High Engagement
324,66,Male,Hoodie,Clothing,78,Tennessee,M,Orange,Winter,3.5,Yes,Next Day Air,Yes,29,PayPal,Bi-Weekly,Bi-Weekly,61-70 (Senior),14,High Value,Medium Engagement,High Value - Medium Engagement
325,37,Male,Shirt,Clothing,82,Wyoming,M,Olive,Summer,4.8,Yes,Standard,Yes,37,Venmo,Quarterly,Quarterly,31-45 (Adult),90,High Value,High Engagement,High Value - High Engagement
326,70,Male,Pants,Clothing,70,Vermont,M,Charcoal,Winter,4.3,Yes,Free Shipping,Yes,38,Debit Card,Annually,Annually,61-70 (Senior),365,Medium Value,High Engagement,Medium Value - High Engagement
327,62,Male,Scarf,Accessories,41,New Jersey,M,White,Fall,3.2,Yes,Store Pickup,Yes,48,Bank Transfer,Weekly,Weekly,61-70 (Senior),7,Medium Value,High Engagement,Medium Value - High Engagement
328,61,Male,Coat,Outerwear,42,Iowa,M,Teal,Summer,3.1,Yes,Free Shipping,Yes,36,PayPal,Weekly,Weekly,61-70 (Senior),7,Medium Value,High Engagement,Medium Value - High Engagement
329,48,Male,Coat,Outerwear,50,Florida,M,Yellow,Fall,2.8,Yes,Free Shipping,Yes,9,Credit Card,Weekly,Weekly,46-60 (Middle-Aged),7,Medium Value,Low Engagement,Medium Value - Low Engagement
330,70,Male,Socks,Clothing,31,Nevada,S,White,Summer,2.9,Yes,2-Day Shipping,Yes,34,Bank Transfer,Monthly,Monthly,61-70 (Senior),30,Low Value,Medium Engagement,Low Value - Medium Engagement
331,46,Male,Sweater,Clothing,51,North Dakota,M,Beige,Winter,3.7,Yes,Express,Yes,43,Venmo,Bi-Weekly,Bi-Weekly,46-60 (Middle-Aged),14,Medium Value,High Engagement,Medium Value - High Engagement
332,31,Male,Shirt,Clothing,98,Florida,L,Beige,Fall,3.3,Yes,Store Pickup,Yes,46,PayPal,Quarterly,Quarterly,31-45 (Adult),90,High Value,High Engagement,High Value - High Engagement
333,19,Male,Shirt,Clothing,86,New York,M,Maroon,Winter,2.8,Yes,2-Day Shipping,Yes,5,Credit Card,Monthly,Monthly,18-30 (Young Adult),30,High Value,Low Engagement,High Value - Low Engagement
334,39,Male,Sweater,Clothing,64,Alaska,M,Teal,Winter,4.5,Yes,Standard,Yes,15,Bank Transfer,Bi-Weekly,Bi-Weekly,31-45 (Adult),14,Medium Value,Low Engagement,Medium Value - Low Engagement
335,41,Male,Blouse,Clothing,46,Kansas,M,Lavender,Fall,2.6,Yes,Next Day Air,Yes,30,Credit Card,Annually,Annually,31-45 (Adult),365,Medium Value,Medium Engagement,Medium Value - Medium Engagement
336,20,Male,Sweater,Clothing,85,Oregon,L,Maroon,Spring,3.7,Yes,Standard,Yes,44,Venmo,Quarterly,Every 3 Months,18-30 (Young Adult),90,High Value,High Engagement,High Value - High Engagement
337,36,Male,Hat,Accessories,81,Rhode Island,S,Orange,Fall,4.4,Yes,Express,Yes,16,PayPal,Annually,Annually,31-45 (Adult),365,High Value,Medium Engagement,High Value - Medium Engagement
338,32,Male,Sweater,Clothing,59,New Mexico,M,Cyan,Winter,4.3,Yes,2-Day Shipping,Yes,16,Bank Transfer,Annually,Annually,31-45 (Adult),365,Medium Value,Medium Engagement,Medium Value - Medium Engagement
339,69,Male,Hoodie,Clothing,79,Massachusetts,M,Silver,Winter,3.5,Yes,Express,Yes,16,Cash,Weekly,Weekly,61-70 (Senior),7,High Value,Medium Engagement,High Value - Medium Engagement
340,40,Male,Shorts,Clothing,33,Pennsylvania,M,Teal,Spring,3.8,Yes,2-Day Shipping,Yes,21,Credit Card,Quarterly,Every 3 Months,31-45 (Adult),90,Low Value,Medium Engagement,Low Value - Medium Engagement
341,40,Male,Shorts,Clothing,47,New Jersey,L,Blue,Summer,3.5,Yes,Express,Yes,39,Venmo,Quarterly,Every 3 Months,31-45 (Adult),90,Medium Value,High Engagement,Medium Value - High Engagement
342,20,Male,Hat,Accessories,20,Utah,S,Blue,Summer,4.6,Yes,Store Pickup,Yes,40,Debit Card,Bi-Weekly,Bi-Weekly,18-30 (Young Adult),14,Low Value,High Engagement,Low Value - High Engagement
343,64,Male,Coat,Outerwear,36,Kentucky,M,Olive,Spring,2.6,Yes,Next Day Air,Yes,48,Credit Card,Quarterly,Every 3 Months,61-70 (Senior),90,Low Value,High Engagement,Low Value - High Engagement
344,27,Male,Sandals,Footwear,39,Nebraska,M,Purple,Summer,4.4,Yes,Next Day Air,Yes,26,Venmo,Monthly,Monthly,18-30 (Young Adult),30,Low Value,Medium Engagement,Low Value - Medium Engagement
345,24,Male,Skirt,Clothing,71,Virginia,M,Charcoal,Winter,4.0,Yes,Standard,Yes,46,Debit Card,Monthly,Monthly,18-30 (Young Adult),30,Medium Value,High Engagement,Medium Value - High Engagement
346,48,Male,Shoes,Footwear,59,Wyoming,S,Olive,Winter,4.4,Yes,Next Day Air,Yes,27,Bank Transfer,Annually,Annually,46-60 (Middle-Aged),365,Medium Value,Medium Engagement,Medium Value - Medium Engagement
347,49,Male,Jeans,Clothing,50,New Mexico,L,Violet,Spring,4.7,Yes,Next Day Air,Yes,5,Cash,Weekly,Weekly,46-60 (Middle-Aged),7,Medium Value,Low Engagement,Medium Value - Low Engagement
348,36,Male,Sandals,Footwear,41,Oregon,L,Red,Fall,3.9,Yes,Store Pickup,Yes,43,PayPal,Bi-Weekly,Fortnightly,31-45 (Adult),14,Medium Value,High Engagement,Medium Value - High Engagement
349,56,Male,Blouse,Clothing,59,South Carolina,M,Beige,Fall,2.7,Yes,Free Shipping,Yes,17,PayPal,Bi-Weekly,Fortnightly,46-60 (Middle-Aged),14,Medium Value,Medium Engagement,Medium Value - Medium Engagement
350,37,Male,Hat,Accessories,87,Arizona,M,Green,Winter,3.7,Yes,2-Day Shipping,Yes,3,Bank Transfer,Bi-Weekly,Bi-Weekly,31-45 (Adult),14,High Value,Low Engagement,High Value - Low Engagement
351,42,Male,Sweater,Clothing,68,Kentucky,M,Violet,Spring,2.6,Yes,2-Day Shipping,Yes,47,Bank Transfer,Bi-Weekly,Fortnightly,31-45 (Adult),14,Medium Value,High Engagement,Medium Value - High Engagement
352,28,Male,Skirt,Clothing,90,New York,M,Teal,Winter,3.9,Yes,Standard,Yes,24,Debit Card,Bi-Weekly,Bi-Weekly,18-30 (Young Adult),14,High Value,Medium Engagement,High Value - Medium Engagement
353,27,Male,Jeans,Clothing,71,Texas,XL,Yellow,Fall,4.9,Yes,Next Day Air,Yes,12,Cash,Quarterly,Every 3 Months,18-30 (Young Adult),90,Medium Value,Low Engagement,Medium Value - Low Engagement
354,63,Male,Sneakers,Footwear,64,Missouri,L,Yellow,Fall,4.1,Yes,Store Pickup,Yes,35,Debit Card,Monthly,Monthly,61-70 (Senior),30,Medium Value,Medium Engagement,Medium Value - Medium Engagement
355,58,Male,Jewelry,Accessories,76,Pennsylvania,S,Olive,Fall,3.0,Yes,Free Shipping,Yes,42,Venmo,Weekly,Weekly,46-60 (Middle-Aged),7,High Value,High Engagement,High Value - High Engagement
356,37,Male,Jewelry,Accessories,42,Oregon,XL,Magenta,Fall,4.1,Yes,2-Day Shipping,Yes,1,PayPal,Quarterly,Every 3 Months,31-45 (Adult),90,Medium Value,Low Engagement,Medium Value - Low Engagement
357,56,Male,Pants,Clothing,80,Nevada,L,Black,Spring,3.7,Yes,Standard,Yes,27,Cash,Weekly,Weekly,46-60 (Middle-Aged),7,High Value,Medium Engagement,High Value - Medium Engagement
358,18,Male,Belt,Accessories,56,Arkansas,M,Olive,Spring,4.0,Yes,Standard,Yes,16,Credit Card,Bi-Weekly,Bi-Weekly,18-30 (Young Adult),14,Medium Value,Medium Engagement,Medium Value - Medium Engagement
359,48,Male,Hat,Accessories,25,Minnesota,XL,Magenta,Summer,3.6,Yes,Express,Yes,36,Credit Card,Quarterly,Every 3 Months,46-60 (Middle-Aged),90,Low Value,High Engagement,Low Value - High Engagement
360,31,Male,Sneakers,Footwear,74,Georgia,M,Olive,Winter,3.0,Yes,Store Pickup,Yes,30,Credit Card,Quarterly,Every 3 Months,31-45 (Adult),90,Medium Value,Medium Engagement,Medium Value - Medium Engagement
361,51,Male,Pants,Clothing,30,Rhode Island,M,Teal,Summer,3.0,Yes,Standard,Yes,18,Debit Card,Bi-Weekly,Fortnightly,46-60 (Middle-Aged),14,Low Value,Medium Engagement,Low Value - Medium Engagement
362,65,Male,T-shirt,Clothing,96,Nevada,M,White,Spring,2.6,Yes,Free Shipping,Yes,45,Cash,Annually,Annually,61-70 (Senior),365,High Value,High Engagement,High Value - High Engagement
363,53,Male,Sneakers,Footwear,64,Texas,M,Charcoal,Fall,3.4,Yes,Free Shipping,Yes,1,Venmo,Bi-Weekly,Fortnightly,46-60 (Middle-Aged),14,Medium Value,Low Engagement,Medium Value - Low Engagement
364,55,Male,Shorts,Clothing,88,Florida,L,Yellow,Winter,3.1,Yes,Free Shipping,Yes,42,Bank Transfer,Bi-Weekly,Fortnightly,46-60 (Middle-Aged),14,High Value,High Engagement,High Value - High Engagement
365,62,Male,Shoes,Footwear,88,North Dakota,L,Charcoal,Summer,3.0,Yes,Free Shipping,Yes,7,Venmo,Quarterly,Every 3 Months,61-70 (Senior),90,High Value,Low Engagement,High Value - Low Engagement
366,55,Male,Gloves,Accessories,88,West Virginia,XL,Gray,Summer,3.7,Yes,Standard,Yes,50,PayPal,Quarterly,Quarterly,46-60 (Middle-Aged),90,High Value,High Engagement,High Value - High Engagement
367,64,Male,Socks,Clothing,36,Nebraska,M,Turquoise,Spring,3.5,Yes,Store Pickup,Yes,37,Venmo,Bi-Weekly,Fortnightly,61-70 (Senior),14,Low Value,High Engagement,Low Value - High Engagement
368,52,Male,Dress,Clothing,40,Tennessee,XL,Cyan,Spring,2.8,Yes,Store Pickup,Yes,18,Bank Transfer,Monthly,Monthly,46-60 (Middle-Aged),30,Medium Value,Medium Engagement,Medium Value - Medium Engagement
369,24,Male,Handbag,Accessories,39,Oklahoma,M,Charcoal,Spring,4.5,Yes,Standard,Yes,29,Cash,Monthly,Monthly,18-30 (Young Adult),30,Low Value,Medium Engagement,Low Value - Medium Engagement
370,38,Male,Belt,Accessories,40,Wisconsin,M,Silver,Summer,3.3,Yes,Store Pickup,Yes,45,PayPal,Quarterly,Quarterly,31-45 (Adult),90,Medium Value,High Engagement,Medium Value - High Engagement
371,59,Male,Scarf,Accessories,34,Oregon,M,Olive,Winter,3.4,Yes,Express,Yes,13,PayPal,Weekly,Weekly,46-60 (Middle-Aged),7,Low Value,Low Engagement,Low Value - Low Engagement
372,27,Male,Sneakers,Footwear,83,North Carolina,S,Pink,Winter,3.2,Yes,2-Day Shipping,Yes,47,PayPal,Monthly,Monthly,18-30 (Young Adult),30,High Value,High Engagement,High Value - High Engagement
373,24,Male,Sweater,Clothing,85,Pennsylvania,L,Orange,Summer,3.7,Yes,Standard,Yes,7,Debit Card,Weekly,Weekly,18-30 (Young Adult),7,High Value,Low Engagement,High Value - Low Engagement
374,23,Male,Coat,Outerwear,27,North Dakota,L,White,Summer,4.6,Yes,Express,Yes,11,Venmo,Bi-Weekly,Bi-Weekly,18-30 (Young Adult),14,Low Value,Low Engagement,Low Value - Low Engagement
375,69,Male,Jewelry,Accessories,78,Ohio,S,Purple,Spring,5.0,Yes,Store Pickup,Yes,39,Bank Transfer,Monthly,Monthly,61-70 (Senior),30,High Value,High Engagement,High Value - High Engagement
376,59,Male,Sunglasses,Accessories,32,Oklahoma,M,Olive,Summer,4.4,Yes,Standard,Yes,6,Debit Card,Quarterly,Quarterly,46-60 (Middle-Aged),90,Low Value,Low Engagement,Low Value - Low Engagement
377,51,Male,Shoes,Footwear,51,South Carolina,S,Gray,Fall,4.9,Yes,Express,Yes,2,Venmo,Bi-Weekly,Bi-Weekly,46-60 (Middle-Aged),14,Medium Value,Low Engagement,Medium Value - Low Engagement
378,63,Male,Scarf,Accessories,32,Maine,M,Silver,Spring,4.1,Yes,Standard,Yes,39,Credit Card,Quarterly,Every 3 Months,61-70 (Senior),90,Low Value,High Engagement,Low Value - High Engagement
379,54,Male,Dress,Clothing,62,Nevada,L,Orange,Winter,4.9,Yes,Next Day Air,Yes,23,Credit Card,Monthly,Monthly,46-60 (Middle-Aged),30,Medium Value,Medium Engagement,Medium Value - Medium Engagement
380,32,Male,T-shirt,Clothing,29,Montana,S,Magenta,Fall,4.7,Yes,2-Day Shipping,Yes,46,Debit Card,Bi-Weekly,Bi-Weekly,31-45 (Adult),14,Low Value,High Engagement,Low Value - High Engagement
381,39,Male,Backpack,Accessories,69,New Hampshire,XL,Beige,Fall,3.0,Yes,Store Pickup,Yes,19,Bank Transfer,Weekly,Weekly,31-45 (Adult),7,Medium Value,Medium Engagement,Medium Value - Medium Engagement
382,66,Male,Jewelry,Accessories,25,Maine,L,Lavender,Winter,3.4,Yes,Store Pickup,Yes,3,Credit Card,Quarterly,Every 3 Months,61-70 (Senior),90,Low Value,Low Engagement,Low Value - Low Engagement
383,28,Male,Jeans,Clothing,76,California,M,Peach,Winter,3.2,Yes,Store Pickup,Yes,47,PayPal,Quarterly,Quarterly,18-30 (Young Adult),90,High Value,High Engagement,High Value - High Engagement
384,50,Male,Sunglasses,Accessories,77,West Virginia,S,Magenta,Fall,3.8,Yes,Standard,Yes,6,PayPal,Quarterly,Quarterly,46-60 (Middle-Aged),90,High Value,Low Engagement,High Value - Low Engagement
385,70,Male,Sweater,Clothing,33,California,M,Beige,Fall,4.5,Yes,2-Day Shipping,Yes,6,Venmo,Annually,Annually,61-70 (Senior),365,Low Value,Low Engagement,Low Value - Low Engagement
386,67,Male,Shorts,Clothing,93,West Virginia,S,Yellow,Fall,2.7,Yes,Next Day Air,Yes,12,Credit Card,Bi-Weekly,Bi-Weekly,61-70 (Senior),14,High Value,Low Engagement,High Value - Low Engagement
387,64,Male,Jewelry,Accessories,39,Louisiana,L,Brown,Spring,3.4,Yes,Express,Yes,40,PayPal,Quarterly,Quarterly,61-70 (Senior),90,Low Value,High Engagement,Low Value - High Engagement
388,45,Male,Coat,Outerwear,93,Georgia,L,Silver,Summer,4.6,Yes,Store Pickup,Yes,38,PayPal,Bi-Weekly,Fortnightly,31-45 (Adult),14,High Value,High Engagement,High Value - High Engagement
389,22,Male,Handbag,Accessories,82,Washington,M,Orange,Summer,2.7,Yes,Store Pickup,Yes,10,PayPal,Quarterly,Quarterly,18-30 (Young Adult),90,High Value,Low Engagement,High Value - Low Engagement
390,27,Male,Boots,Footwear,42,Virginia,L,Purple,Spring,4.2,Yes,Standard,Yes,28,Bank Transfer,Monthly,Monthly,18-30 (Young Adult),30,Medium Value,Medium Engagement,Medium Value - Medium Engagement
391,25,Male,Gloves,Accessories,71,Indiana,M,Indigo,Winter,3.2,Yes,2-Day Shipping,Yes,19,PayPal,Annually,Annually,18-30 (Young Adult),365,Medium Value,Medium Engagement,Medium Value - Medium Engagement
392,37,Male,Sweater,Clothing,86,Minnesota,L,Gray,Spring,4.8,Yes,Standard,Yes,25,Cash,Bi-Weekly,Fortnightly,31-45 (Adult),14,High Value,Medium Engagement,High Value - Medium Engagement
393,26,Male,T-shirt,Clothing,82,Idaho,XL,Black,Spring,3.3,Yes,Next Day Air,Yes,38,Credit Card,Annually,Annually,18-30 (Young Adult),365,High Value,High Engagement,High Value - High Engagement
394,33,Male,Shoes,Footwear,65,Vermont,L,Maroon,Fall,4.2,Yes,Standard,Yes,6,PayPal,Bi-Weekly,Fortnightly,31-45 (Adult),14,Medium Value,Low Engagement,Medium Value - Low Engagement
395,43,Male,Scarf,Accessories,29,North Dakota,M,Beige,Spring,4.8,Yes,Store Pickup,Yes,7,Debit Card,Bi-Weekly,Bi-Weekly,31-45 (Adult),14,Low Value,Low Engagement,Low Value - Low Engagement
396,37,Male,Sneakers,Footwear,65,Rhode Island,L,Brown,Winter,4.9,Yes,Store Pickup,Yes,2,PayPal,Annually,Annually,31-45 (Adult),365,Medium Value,Low Engagement,Medium Value - Low Engagement
397,46,Male,Dress,Clothing,88,South Carolina,S,Black,Fall,3.9,Yes,Standard,Yes,24,Bank Transfer,Annually,Annually,46-60 (Middle-Aged),365,High Value,Medium Engagement,High Value - Medium Engagement
398,22,Male,Belt,Accessories,46,Mississippi,M,Indigo,Fall,3.0,Yes,Free Shipping,Yes,26,Cash,Annually,Annually,18-30 (Young Adult),365,Medium Value,Medium Engagement,Medium Value - Medium Engagement
399,20,Male,Boots,Footwear,67,Montana,S,Silver,Winter,4.6,Yes,Free Shipping,Yes,25,Debit Card,Quarterly,Every 3 Months,18-30 (Young Adult),90,Medium Value,Medium Engagement,Medium Value - Medium Engagement
400,60,Male,Scarf,Accessories,35,Idaho,L,Blue,Fall,3.5,Yes,2-Day Shipping,Yes,10,Debit Card,Monthly,Monthly,46-60 (Middle-Aged),30,Low Value,Low Engagement,Low Value - Low Engagement
401,39,Male,Boots,Footwear,66,Utah,M,Green,Winter,4.8,Yes,Free Shipping,Yes,14,PayPal,Bi-Weekly,Fortnightly,31-45 (Adult),14,Medium Value,Low Engagement,Medium Value - Low Engagement
402,43,Male,T-shirt,Clothing,91,Oklahoma,L,Orange,Fall,4.8,Yes,Standard,Yes,21,Cash,Quarterly,Quarterly,31-45 (Adult),90,High Value,Medium Engagement,High Value - Medium Engagement
403,31,Male,Backpack,Accessories,78,California,L,Cyan,Fall,3.0,Yes,Express,Yes,26,PayPal,Monthly,Monthly,31-45 (Adult),30,High Value,Medium Engagement,High Value - Medium Engagement
404,19,Male,Sneakers,Footwear,45,Nevada,M,Orange,Winter,4.5,Yes,Next Day Air,Yes,12,Bank Transfer,Annually,Annually,18-30 (Young Adult),365,Medium Value,Low Engagement,Medium Value - Low Engagement
405,35,Male,T-shirt,Clothing,93,Delaware,M,Indigo,Spring,4.8,Yes,Store Pickup,Yes,11,Credit Card,Monthly,Monthly,31-45 (Adult),30,High Value,Low Engagement,High Value - Low Engagement
406,41,Male,Jeans,Clothing,74,South Carolina,S,Silver,Summer,3.8,Yes,Standard,Yes,15,Cash,Annually,Annually,31-45 (Adult),365,Medium Value,Low Engagement,Medium Value - Low Engagement
407,52,Male,Gloves,Accessories,55,Maryland,M,Peach,Spring,4.6,Yes,Express,Yes,13,Cash,Monthly,Monthly,46-60 (Middle-Aged),30,Medium Value,Low Engagement,Medium Value - Low Engagement
408,45,Male,Hoodie,Clothing,76,North Carolina,XL,Teal,Spring,3.1,Yes,Next Day Air,Yes,5,Credit Card,Bi-Weekly,Bi-Weekly,31-45 (Adult),14,High Value,Low Engagement,High Value - Low Engagement
409,34,Male,Sneakers,Footwear,66,Alabama,L,White,Spring,3.4,Yes,Express,Yes,36,Cash,Bi-Weekly,Fortnightly,31-45 (Adult),14,Medium Value,High Engagement,Medium Value - High Engagement
410,35,Male,Shorts,Clothing,51,Minnesota,M,Brown,Winter,3.3,Yes,2-Day Shipping,Yes,32,Bank Transfer,Monthly,Monthly,31-45 (Adult),30,Medium Value,Medium Engagement,Medium Value - Medium Engagement
411,29,Male,Sweater,Clothing,26,Virginia,L,Lavender,Spring,4.8,Yes,2-Day Shipping,Yes,1,Credit Card,Quarterly,Quarterly,18-30 (Young Adult),90,Low Value,Low Engagement,Low Value - Low Engagement
412,59,Male,Jeans,Clothing,29,Michigan,M,Indigo,Summer,2.8,Yes,Express,Yes,15,PayPal,Annually,Annually,46-60 (Middle-Aged),365,Low Value,Low Engagement,Low Value - Low Engagement
413,24,Male,Jacket,Outerwear,74,Maine,M,Yellow,Summer,3.1,Yes,Store Pickup,Yes,3,Bank Transfer,Weekly,Weekly,18-30 (Young Adult),7,Medium Value,Low Engagement,Medium Value - Low Engagement
414,70,Male,Jewelry,Accessories,99,Nevada,S,White,Summer,4.6,Yes,Free Shipping,Yes,48,Cash,Monthly,Monthly,61-70 (Senior),30,High Value,High Engagement,High Value - High Engagement
415,29,Male,Backpack,Accessories,88,Wyoming,L,Violet,Winter,2.6,Yes,Store Pickup,Yes,30,Debit Card,Weekly,Weekly,18-30 (Young Adult),7,High Value,Medium Engagement,High Value - Medium Engagement
416,67,Male,Coat,Outerwear,31,Connecticut,M,Lavender,Winter,2.6,Yes,Express,Yes,40,Bank Transfer,Monthly,Monthly,61-70 (Senior),30,Low Value,High Engagement,Low Value - High Engagement
417,36,Male,Belt,Accessories,55,Oregon,L,Olive,Spring,3.8,Yes,Free Shipping,Yes,24,Bank Transfer,Bi-Weekly,Fortnightly,31-45 (Adult),14,Medium Value,Medium Engagement,Medium Value - Medium Engagement
418,23,Male,Sandals,Footwear,81,Mississippi,L,Beige,Fall,4.5,Yes,Free Shipping,Yes,48,Debit Card,Quarterly,Quarterly,18-30 (Young Adult),90,High Value,High Engagement,High Value - High Engagement
419,18,Male,Sweater,Clothing,73,Illinois,L,Purple,Spring,3.0,Yes,Standard,Yes,27,Venmo,Bi-Weekly,Bi-Weekly,18-30 (Young Adult),14,Medium Value,Medium Engagement,Medium Value - Medium Engagement
420,53,Male,Shorts,Clothing,91,Utah,S,Teal,Winter,3.7,Yes,Free Shipping,Yes,14,Credit Card,Quarterly,Every 3 Months,46-60 (Middle-Aged),90,High Value,Low Engagement,High Value - Low Engagement
421,32,Male,Socks,Clothing,54,North Carolina,S,Peach,Spring,3.8,Yes,Free Shipping,Yes,18,Debit Card,Bi-Weekly,Bi-Weekly,31-45 (Adult),14,Medium Value,Medium Engagement,Medium Value - Medium Engagement
422,38,Male,Shirt,Clothing,40,Kentucky,M,Violet,Winter,3.5,Yes,Standard,Yes,48,Cash,Bi-Weekly,Bi-Weekly,31-45 (Adult),14,Medium Value,High Engagement,Medium Value - High Engagement
423,47,Male,Pants,Clothing,59,Minnesota,M,Purple,Fall,3.1,Yes,Store Pickup,Yes,32,Debit Card,Annually,Annually,46-60 (Middle-Aged),365,Medium Value,Medium Engagement,Medium Value - Medium Engagement
424,46,Male,Scarf,Accessories,26,New York,L,Teal,Spring,3.0,Yes,Store Pickup,Yes,21,Credit Card,Bi-Weekly,Bi-Weekly,46-60 (Middle-Aged),14,Low Value,Medium Engagement,Low Value - Medium Engagement
425,66,Male,Sweater,Clothing,23,Illinois,M,Gold,Winter,4.3,Yes,Standard,Yes,42,PayPal,Bi-Weekly,Fortnightly,61-70 (Senior),14,Low Value,High Engagement,Low Value - High Engagement
426,40,Male,Jeans,Clothing,87,North Dakota,S,Teal,Winter,3.3,Yes,Store Pickup,Yes,4,Credit Card,Quarterly,Quarterly,31-45 (Adult),90,High Value,Low Engagement,High Value - Low Engagement
427,43,Male,Pants,Clothing,71,Louisiana,M,Violet,Winter,4.7,Yes,Express,Yes,19,Credit Card,Quarterly,Quarterly,31-45 (Adult),90,Medium Value,Medium Engagement,Medium Value - Medium Engagement
428,58,Male,Backpack,Accessories,91,Illinois,L,Black,Winter,4.5,Yes,Store Pickup,Yes,6,Credit Card,Quarterly,Quarterly,46-60 (Middle-Aged),90,High Value,Low Engagement,High Value - Low Engagement
429,21,Male,Coat,Outerwear,64,Wyoming,XL,Gold,Winter,2.9,Yes,Free Shipping,Yes,2,Debit Card,Bi-Weekly,Fortnightly,18-30 (Young Adult),14,Medium Value,Low Engagement,Medium Value - Low Engagement
430,42,Male,Sandals,Footwear,94,Washington,M,Gold,Winter,4.1,Yes,2-Day Shipping,Yes,21,Cash,Bi-Weekly,Fortnightly,31-45 (Adult),14,High Value,Medium Engagement,High Value - Medium Engagement
431,24,Male,Shirt,Clothing,40,Texas,M,Brown,Summer,3.5,Yes,Store Pickup,Yes,40,Debit Card,Annually,Annually,18-30 (Young Adult),365,Medium Value,High Engagement,Medium Value - High Engagement
432,43,Male,Hat,Accessories,76,New Hampshire,L,Cyan,Winter,3.4,Yes,Store Pickup,Yes,33,Cash,Bi-Weekly,Fortnightly,31-45 (Adult),14,High Value,Medium Engagement,High Value - Medium Engagement
433,47,Male,Shirt,Clothing,86,Indiana,S,Indigo,Fall,3.3,Yes,Free Shipping,Yes,26,Venmo,Weekly,Weekly,46-60 (Middle-Aged),7,High Value,Medium Engagement,High Value - Medium Engagement
434,49,Male,Skirt,Clothing,92,Alabama,M,Orange,Fall,3.2,Yes,Store Pickup,Yes,23,Credit Card,Bi-Weekly,Fortnightly,46-60 (Middle-Aged),14,High Value,Medium Engagement,High Value - Medium Engagement
435,50,Male,Shoes,Footwear,52,Oklahoma,L,Pink,Spring,4.0,Yes,Store Pickup,Yes,39,PayPal,Quarterly,Every 3 Months,46-60 (Middle-Aged),90,Medium Value,High Engagement,Medium Value - High Engagement
436,51,Male,Coat,Outerwear,28,Montana,XL,Olive,Winter,3.6,Yes,Next Day Air,Yes,42,Bank Transfer,Monthly,Monthly,46-60 (Middle-Aged),30,Low Value,High Engagement,Low Value - High Engagement
437,40,Male,Pants,Clothing,46,Tennessee,L,Cyan,Summer,4.6,Yes,Free Shipping,Yes,41,Bank Transfer,Weekly,Weekly,31-45 (Adult),7,Medium Value,High Engagement,Medium Value - High Engagement
438,45,Male,Jewelry,Accessories,50,New Mexico,M,Peach,Summer,2.6,Yes,Next Day Air,Yes,41,PayPal,Annually,Annually,31-45 (Adult),365,Medium Value,High Engagement,Medium Value - High Engagement
439,52,Male,Belt,Accessories,23,Iowa,M,Turquoise,Winter,4.3,Yes,Express,Yes,12,Credit Card,Bi-Weekly,Fortnightly,46-60 (Middle-Aged),14,Low Value,Low Engagement,Low Value - Low Engagement
440,62,Male,Jacket,Outerwear,50,Idaho,M,Turquoise,Summer,3.4,Yes,Free Shipping,Yes,31,Cash,Monthly,Monthly,61-70 (Senior),30,Medium Value,Medium Engagement,Medium Value - Medium Engagement
441,20,Male,Shirt,Clothing,89,Oklahoma,XL,Maroon,Winter,3.5,Yes,Store Pickup,Yes,34,Debit Card,Bi-Weekly,Fortnightly,18-30 (Young Adult),14,High Value,Medium Engagement,High Value - Medium Engagement
442,43,Male,Hoodie,Clothing,81,Florida,M,Maroon,Winter,4.2,Yes,Standard,Yes,32,Credit Card,Annually,Annually,31-45 (Adult),365,High Value,Medium Engagement,High Value - Medium Engagement
443,29,Male,Sunglasses,Accessories,69,Michigan,M,Olive,Fall,3.8,Yes,Store Pickup,Yes,31,Credit Card,Quarterly,Quarterly,18-30 (Young Adult),90,Medium Value,Medium Engagement,Medium Value - Medium Engagement
444,22,Male,Sunglasses,Accessories,67,Hawaii,M,Magenta,Summer,3.6,Yes,Free Shipping,Yes,24,PayPal,Annually,Annually,18-30 (Young Adult),365,Medium Value,Medium Engagement,Medium Value - Medium Engagement
445,48,Male,Dress,Clothing,20,California,M,Red,Summer,4.3,Yes,Store Pickup,Yes,31,Debit Card,Annually,Annually,46-60 (Middle-Aged),365,Low Value,Medium Engagement,Low Value - Medium Engagement
446,42,Male,Boots,Footwear,29,Iowa,M,Olive,Fall,4.9,Yes,Standard,Yes,18,Venmo,Annually,Annually,31-45 (Adult),365,Low Value,Medium Engagement,Low Value - Medium Engagement
447,19,Male,Shirt,Clothing,74,West Virginia,M,Silver,Summer,4.1,Yes,Store Pickup,Yes,15,Venmo,Monthly,Monthly,18-30 (Young Adult),30,Medium Value,Low Engagement,Medium Value - Low Engagement
448,60,Male,Shorts,Clothing,82,Washington,S,Turquoise,Spring,3.6,Yes,Standard,Yes,7,Bank Transfer,Quarterly,Every 3 Months,46-60 (Middle-Aged),90,High Value,Low Engagement,High Value - Low Engagement
449,32,Male,Gloves,Accessories,23,Missouri,M,Yellow,Summer,3.4,Yes,Next Day Air,Yes,35,Bank Transfer,Bi-Weekly,Fortnightly,31-45 (Adult),14,Low Value,Medium Engagement,Low Value - Medium Engagement
450,26,Male,Jewelry,Accessories,45,New York,L,Peach,Summer,2.9,Yes,2-Day Shipping,Yes,35,Bank Transfer,Monthly,Monthly,18-30 (Young Adult),30,Medium Value,Medium Engagement,Medium Value - Medium Engagement
451,25,Male,Boots,Footwear,21,Connecticut,L,Beige,Summer,2.7,Yes,Store Pickup,Yes,19,Credit Card,Monthly,Monthly,18-30 (Young Adult),30,Low Value,Medium Engagement,Low Value - Medium Engagement
452,66,Male,Jewelry,Accessories,31,Virginia,M,Pink,Summer,4.3,Yes,Express,Yes,26,Credit Card,Bi-Weekly,Fortnightly,61-70 (Senior),14,Low Value,Medium Engagement,Low Value - Medium Engagement
453,45,Male,Pants,Clothing,45,Missouri,M,Violet,Summer,3.7,Yes,Express,Yes,39,PayPal,Bi-Weekly,Fortnightly,31-45 (Adult),14,Medium Value,High Engagement,Medium Value - High Engagement
454,54,Male,Jewelry,Accessories,56,Nebraska,XL,Peach,Winter,2.8,Yes,Next Day Air,Yes,22,Credit Card,Weekly,Weekly,46-60 (Middle-Aged),7,Medium Value,Medium Engagement,Medium Value - Medium Engagement
455,37,Male,Jacket,Outerwear,97,New Jersey,S,Gold,Summer,3.2,Yes,Next Day Air,Yes,14,Cash,Bi-Weekly,Bi-Weekly,31-45 (Adult),14,High Value,Low Engagement,High Value - Low Engagement
456,54,Male,Blouse,Clothing,100,Utah,XL,Gold,Fall,3.6,Yes,Store Pickup,Yes,50,Debit Card,Bi-Weekly,Fortnightly,46-60 (Middle-Aged),14,High Value,High Engagement,High Value - High Engagement
457,50,Male,Blouse,Clothing,96,North Carolina,S,Indigo,Fall,4.0,Yes,2-Day Shipping,Yes,33,Credit Card,Quarterly,Quarterly,46-60 (Middle-Aged),90,High Value,Medium Engagement,High Value - Medium Engagement
458,25,Male,Gloves,Accessories,99,Rhode Island,M,Blue,Spring,4.9,Yes,Next Day Air,Yes,48,Debit Card,Quarterly,Every 3 Months,18-30 (Young Adult),90,High Value,High Engagement,High Value - High Engagement
459,47,Male,Shorts,Clothing,91,Arkansas,L,Black,Winter,4.0,Yes,2-Day Shipping,Yes,48,PayPal,Monthly,Monthly,46-60 (Middle-Aged),30,High Value,High Engagement,High Value - High Engagement
460,63,Male,Hat,Accessories,30,Maryland,L,Black,Winter,3.8,Yes,Standard,Yes,27,PayPal,Bi-Weekly,Fortnightly,61-70 (Senior),14,Low Value,Medium Engagement,Low Value - Medium Engagement
461,64,Male,Shoes,Footwear,65,South Carolina,L,Teal,Summer,3.8,Yes,Store Pickup,Yes,27,Bank Transfer,Weekly,Weekly,61-70 (Senior),7,Medium Value,Medium Engagement,Medium Value - Medium Engagement
462,18,Male,Boots,Footwear,93,Ohio,M,Yellow,Winter,3.9,Yes,Express,Yes,20,Venmo,Weekly,Weekly,18-30 (Young Adult),7,High Value,Medium Engagement,High Value - Medium Engagement
463,59,Male,Jacket,Outerwear,81,Illinois,M,White,Fall,3.3,Yes,Express,Yes,48,Venmo,Quarterly,Every 3 Months,46-60 (Middle-Aged),90,High Value,High Engagement,High Value - High Engagement
464,37,Male,Jewelry,Accessories,81,Georgia,S,Orange,Summer,2.7,Yes,Standard,Yes,29,Venmo,Weekly,Weekly,31-45 (Adult),7,High Value,Medium Engagement,High Value - Medium Engagement
465,23,Male,Sunglasses,Accessories,52,Alabama,M,Silver,Winter,4.7,Yes,Next Day Air,Yes,45,PayPal,Monthly,Monthly,18-30 (Young Adult),30,Medium Value,High Engagement,Medium Value - High Engagement
466,54,Male,Skirt,Clothing,88,Oklahoma,M,Pink,Summer,2.8,Yes,Next Day Air,Yes,25,Cash,Quarterly,Quarterly,46-60 (Middle-Aged),90,High Value,Medium Engagement,High Value - Medium Engagement
467,38,Male,Jeans,Clothing,24,Vermont,L,Turquoise,Winter,4.6,Yes,Free Shipping,Yes,25,PayPal,Weekly,Weekly,31-45 (Adult),7,Low Value,Medium Engagement,Low Value - Medium Engagement
468,19,Male,Backpack,Accessories,51,Nebraska,S,Orange,Spring,4.5,Yes,2-Day Shipping,Yes,37,Debit Card,Quarterly,Every 3 Months,18-30 (Young Adult),90,Medium Value,High Engagement,Medium Value - High Engagement
469,34,Male,Backpack,Accessories,38,Georgia,S,Peach,Fall,5.0,Yes,Free Shipping,Yes,16,Cash,Quarterly,Quarterly,31-45 (Adult),90,Low Value,Medium Engagement,Low Value - Medium Engagement
470,21,Male,Shorts,Clothing,46,Alabama,L,Pink,Fall,4.1,Yes,2-Day Shipping,Yes,30,Debit Card,Bi-Weekly,Bi-Weekly,18-30 (Young Adult),14,Medium Value,Medium Engagement,Medium Value - Medium Engagement
471,50,Male,Dress,Clothing,63,Minnesota,L,Teal,Summer,4.6,Yes,Express,Yes,6,Cash,Quarterly,Every 3 Months,46-60 (Middle-Aged),90,Medium Value,Low Engagement,Medium Value - Low Engagement
472,55,Male,Scarf,Accessories,72,Missouri,XL,White,Winter,4.9,Yes,2-Day Shipping,Yes,36,Bank Transfer,Quarterly,Quarterly,46-60 (Middle-Aged),90,Medium Value,High Engagement,Medium Value - High Engagement
473,20,Male,Jeans,Clothing,39,Georgia,L,Gray,Winter,3.9,Yes,Free Shipping,Yes,3,Bank Transfer,Quarterly,Quarterly,18-30 (Young Adult),90,Low Value,Low Engagement,Low Value - Low Engagement
474,34,Male,Coat,Outerwear,42,West Virginia,L,Olive,Spring,3.9,Yes,Store Pickup,Yes,29,PayPal,Quarterly,Every 3 Months,31-45 (Adult),90,Medium Value,Medium Engagement,Medium Value - Medium Engagement
475,62,Male,Sweater,Clothing,76,Arkansas,XL,Maroon,Summer,2.6,Yes,2-Day Shipping,Yes,15,Cash,Quarterly,Quarterly,61-70 (Senior),90,High Value,Low Engagement,High Value - Low Engagement
476,21,Male,Sneakers,Footwear,66,Ohio,L,Magenta,Summer,2.7,Yes,Free Shipping,Yes,18,Debit Card,Annually,Annually,18-30 (Young Adult),365,Medium Value,Medium Engagement,Medium Value - Medium Engagement
477,21,Male,Scarf,Accessories,90,Connecticut,M,Magenta,Spring,3.5,Yes,Free Shipping,Yes,2,Debit Card,Bi-Weekly,Fortnightly,18-30 (Young Adult),14,High Value,Low Engagement,High Value - Low Engagement
478,42,Male,Sweater,Clothing,56,North Dakota,M,Green,Summer,3.7,Yes,Free Shipping,Yes,49,Debit Card,Weekly,Weekly,31-45 (Adult),7,Medium Value,High Engagement,Medium Value - High Engagement
479,35,Male,Jewelry,Accessories,43,Kansas,XL,Turquoise,Winter,3.2,Yes,Free Shipping,Yes,48,Venmo,Annually,Annually,31-45 (Adult),365,Medium Value,High Engagement,Medium Value - High Engagement
480,39,Male,Handbag,Accessories,84,Iowa,L,Yellow,Winter,3.3,Yes,Store Pickup,Yes,43,Venmo,Monthly,Monthly,31-45 (Adult),30,High Value,High Engagement,High Value - High Engagement
481,68,Male,Hoodie,Clothing,88,Vermont,M,Gray,Summer,4.8,Yes,Standard,Yes,30,Debit Card,Bi-Weekly,Bi-Weekly,61-70 (Senior),14,High Value,Medium Engagement,High Value - Medium Engagement
482,46,Male,Hat,Accessories,88,Wisconsin,L,Peach,Fall,3.2,Yes,2-Day Shipping,Yes,10,PayPal,Bi-Weekly,Fortnightly,46-60 (Middle-Aged),14,High Value,Low Engagement,High Value - Low Engagement
483,41,Male,Belt,Accessories,42,Connecticut,M,Yellow,Winter,2.5,Yes,2-Day Shipping,Yes,11,Venmo,Annually,Annually,31-45 (Adult),365,Medium Value,Low Engagement,Medium Value - Low Engagement
484,23,Male,Hoodie,Clothing,73,Oklahoma,M,White,Fall,3.9,Yes,Store Pickup,Yes,12,Debit Card,Weekly,Weekly,18-30 (Young Adult),7,Medium Value,Low Engagement,Medium Value - Low Engagement
485,68,Male,Hat,Accessories,73,Missouri,L,Lavender,Summer,4.7,Yes,Free Shipping,Yes,28,Bank Transfer,Quarterly,Quarterly,61-70 (Senior),90,Medium Value,Medium Engagement,Medium Value - Medium Engagement
486,48,Male,Shoes,Footwear,44,Tennessee,S,Blue,Spring,2.6,Yes,Next Day Air,Yes,36,Debit Card,Bi-Weekly,Fortnightly,46-60 (Middle-Aged),14,Medium Value,High Engagement,Medium Value - High Engagement
487,38,Male,Sandals,Footwear,63,New Mexico,M,Charcoal,Fall,2.8,Yes,Store Pickup,Yes,37,Venmo,Quarterly,Every 3 Months,31-45 (Adult),90,Medium Value,High Engagement,Medium Value - High Engagement
488,41,Male,Jacket,Outerwear,68,Iowa,L,Red,Winter,4.4,Yes,Store Pickup,Yes,22,Credit Card,Quarterly,Quarterly,31-45 (Adult),90,Medium Value,Medium Engagement,Medium Value - Medium Engagement
489,58,Male,Sweater,Clothing,29,Maine,L,Olive,Spring,4.6,Yes,Standard,Yes,32,Venmo,Weekly,Weekly,46-60 (Middle-Aged),7,Low Value,Medium Engagement,Low Value - Medium Engagement
490,49,Male,Socks,Clothing,85,South Dakota,M,Green,Summer,3.2,Yes,Standard,Yes,40,PayPal,Annually,Annually,46-60 (Middle-Aged),365,High Value,High Engagement,High Value - High Engagement
491,57,Male,Sneakers,Footwear,42,Colorado,M,Silver,Winter,4.2,Yes,2-Day Shipping,Yes,47,Cash,Monthly,Monthly,46-60 (Middle-Aged),30,Medium Value,High Engagement,Medium Value - High Engagement
492,49,Male,Coat,Outerwear,69,Vermont,M,Silver,Summer,3.8,Yes,2-Day Shipping,Yes,24,Credit Card,Bi-Weekly,Bi-Weekly,46-60 (Middle-Aged),14,Medium Value,Medium Engagement,Medium Value - Medium Engagement
493,50,Male,Shirt,Clothing,62,Michigan,M,Black,Fall,3.9,Yes,Standard,Yes,11,Debit Card,Weekly,Weekly,46-60 (Middle-Aged),7,Medium Value,Low Engagement,Medium Value - Low Engagement
494,28,Male,Backpack,Accessories,48,Nevada,XL,Red,Summer,4.7,Yes,Store Pickup,Yes,19,Cash,Bi-Weekly,Bi-Weekly,18-30 (Young Adult),14,Medium Value,Medium Engagement,Medium Value - Medium Engagement
495,38,Male,Boots,Footwear,68,Indiana,M,Indigo,Winter,4.5,Yes,Express,Yes,42,Debit Card,Weekly,Weekly,31-45 (Adult),7,Medium Value,High Engagement,Medium Value - High Engagement
496,33,Male,Handbag,Accessories,36,Michigan,XL,Cyan,Fall,3.3,Yes,Free Shipping,Yes,6,Debit Card,Bi-Weekly,Fortnightly,31-45 (Adult),14,Low Value,Low Engagement,Low Value - Low Engagement
497,30,Male,Dress,Clothing,63,California,S,Maroon,Fall,3.3,Yes,Express,Yes,31,Venmo,Bi-Weekly,Fortnightly,18-30 (Young Adult),14,Medium Value,Medium Engagement,Medium Value - Medium Engagement
498,43,Male,Sneakers,Footwear,39,Oklahoma,S,Silver,Winter,4.6,Yes,Free Shipping,Yes,31,Cash,Weekly,Weekly,31-45 (Adult),7,Low Value,Medium Engagement,Low Value - Medium Engagement
499,43,Male,Boots,Footwear,78,Iowa,M,Lavender,Spring,3.6,Yes,Free Shipping,Yes,27,Bank Transfer,Monthly,Monthly,31-45 (Adult),30,High Value,Medium Engagement,High Value - Medium Engagement
500,36,Male,Shoes,Footwear,99,Rhode Island,L,Silver,Winter,4.8,Yes,Express,Yes,24,PayPal,Monthly,Monthly,31-45 (Adult),30,High Value,Medium Engagement,High Value - Medium Engagement
501,36,Male,T-shirt,Clothing,31,Washington,L,Purple,Fall,4.8,Yes,Next Day Air,Yes,35,Venmo,Quarterly,Every 3 Months,31-45 (Adult),90,Low Value,Medium Engagement,Low Value - Medium Engagement
502,64,Male,Boots,Footwear,45,Florida,M,Cyan,Spring,2.9,Yes,Next Day Air,Yes,21,Venmo,Annually,Annually,61-70 (Senior),365,Medium Value,Medium Engagement,Medium Value - Medium Engagement
503,59,Male,Pants,Clothing,30,South Carolina,S,Cyan,Fall,2.8,Yes,Express,Yes,8,PayPal,Bi-Weekly,Fortnightly,46-60 (Middle-Aged),14,Low Value,Low Engagement,Low Value - Low Engagement
504,55,Male,Shoes,Footwear,24,West Virginia,M,Lavender,Summer,3.2,Yes,Next Day Air,Yes,26,Bank Transfer,Quarterly,Quarterly,46-60 (Middle-Aged),90,Low Value,Medium Engagement,Low Value - Medium Engagement
505,42,Male,Shoes,Footwear,22,Missouri,M,Maroon,Winter,3.9,Yes,Free Shipping,Yes,26,PayPal,Annually,Annually,31-45 (Adult),365,Low Value,Medium Engagement,Low Value - Medium Engagement
506,61,Male,T-shirt,Clothing,63,Maine,L,Gray,Spring,4.3,Yes,Express,Yes,9,Cash,Bi-Weekly,Bi-Weekly,61-70 (Senior),14,Medium Value,Low Engagement,Medium Value - Low Engagement
507,28,Male,Scarf,Accessories,40,Georgia,M,Olive,Fall,2.7,Yes,2-Day Shipping,Yes,48,Debit Card,Annually,Annually,18-30 (Young Adult),365,Medium Value,High Engagement,Medium Value - High Engagement
508,65,Male,Shorts,Clothing,20,Maine,M,Magenta,Spring,5.0,Yes,Store Pickup,Yes,33,Debit Card,Bi-Weekly,Fortnightly,61-70 (Senior),14,Low Value,Medium Engagement,Low Value - Medium Engagement
509,27,Male,Jewelry,Accessories,20,Illinois,S,Yellow,Winter,3.7,Yes,Store Pickup,Yes,31,PayPal,Quarterly,Quarterly,18-30 (Young Adult),90,Low Value,Medium Engagement,Low Value - Medium Engagement
510,41,Male,T-shirt,Clothing,80,Delaware,L,Cyan,Summer,3.9,Yes,Free Shipping,Yes,17,Debit Card,Weekly,Weekly,31-45 (Adult),7,High Value,Medium Engagement,High Value - Medium Engagement
511,21,Male,Shirt,Clothing,87,West Virginia,M,Teal,Fall,3.9,Yes,2-Day Shipping,Yes,22,Venmo,Annually,Annually,18-30 (Young Adult),365,High Value,Medium Engagement,High Value - Medium Engagement
512,61,Male,Shirt,Clothing,46,Hawaii,L,Yellow,Fall,3.1,Yes,Free Shipping,Yes,8,PayPal,Annually,Annually,61-70 (Senior),365,Medium Value,Low Engagement,Medium Value - Low Engagement
513,19,Male,Gloves,Accessories,49,New York,L,Peach,Winter,3.8,Yes,Next Day Air,Yes,2,Bank Transfer,Monthly,Monthly,18-30 (Young Adult),30,Medium Value,Low Engagement,Medium Value - Low Engagement
514,22,Male,Scarf,Accessories,65,New Mexico,M,Peach,Fall,3.6,Yes,Store Pickup,Yes,45,Venmo,Annually,Annually,18-30 (Young Adult),365,Medium Value,High Engagement,Medium Value - High Engagement
515,64,Male,Skirt,Clothing,62,Indiana,S,Olive,Winter,4.3,Yes,Standard,Yes,47,PayPal,Quarterly,Quarterly,61-70 (Senior),90,Medium Value,High Engagement,Medium Value - High Engagement
516,28,Male,Hat,Accessories,67,Kentucky,L,Charcoal,Spring,4.5,Yes,Next Day Air,Yes,7,Cash,Monthly,Monthly,18-30 (Young Adult),30,Medium Value,Low Engagement,Medium Value - Low Engagement
517,34,Male,Hoodie,Clothing,41,West Virginia,L,Indigo,Fall,2.8,Yes,2-Day Shipping,Yes,19,Debit Card,Bi-Weekly,Bi-Weekly,31-45 (Adult),14,Medium Value,Medium Engagement,Medium Value - Medium Engagement
518,61,Male,Boots,Footwear,49,North Dakota,L,Silver,Fall,2.7,Yes,Free Shipping,Yes,44,Cash,Quarterly,Every 3 Months,61-70 (Senior),90,Medium Value,High Engagement,Medium Value - High Engagement
519,24,Male,Blouse,Clothing,100,Oregon,M,Beige,Fall,2.9,Yes,Next Day Air,Yes,16,Venmo,Quarterly,Every 3 Months,18-30 (Young Adult),90,High Value,Medium Engagement,High Value - Medium Engagement
520,19,Male,Belt,Accessories,54,Minnesota,L,Blue,Summer,4.4,Yes,2-Day Shipping,Yes,17,Bank Transfer,Quarterly,Quarterly,18-30 (Young Adult),90,Medium Value,Medium Engagement,Medium Value - Medium Engagement
521,51,Male,Sunglasses,Accessories,84,South Carolina,M,White,Spring,3.9,Yes,Free Shipping,Yes,20,Debit Card,Quarterly,Quarterly,46-60 (Middle-Aged),90,High Value,Medium Engagement,High Value - Medium Engagement
522,36,Male,Shorts,Clothing,41,Vermont,L,Gold,Winter,3.5,Yes,Standard,Yes,50,Bank Transfer,Annually,Annually,31-45 (Adult),365,Medium Value,High Engagement,Medium Value - High Engagement
523,65,Male,Gloves,Accessories,88,Minnesota,M,Blue,Spring,2.5,Yes,Store Pickup,Yes,37,Cash,Quarterly,Quarterly,61-70 (Senior),90,High Value,High Engagement,High Value - High Engagement
524,46,Male,Sandals,Footwear,40,Delaware,M,Orange,Spring,4.9,Yes,Express,Yes,5,PayPal,Quarterly,Quarterly,46-60 (Middle-Aged),90,Medium Value,Low Engagement,Medium Value - Low Engagement
525,59,Male,Shirt,Clothing,39,Pennsylvania,M,Gold,Summer,4.8,Yes,Free Shipping,Yes,44,PayPal,Annually,Annually,46-60 (Middle-Aged),365,Low Value,High Engagement,Low Value - High Engagement
526,51,Male,Coat,Outerwear,37,Iowa,M,Cyan,Spring,3.2,Yes,Next Day Air,Yes,41,Debit Card,Monthly,Monthly,46-60 (Middle-Aged),30,Low Value,High Engagement,Low Value - High Engagement
527,51,Male,Pants,Clothing,52,New Jersey,S,Red,Winter,4.9,Yes,Standard,Yes,19,Cash,Monthly,Monthly,46-60 (Middle-Aged),30,Medium Value,Medium Engagement,Medium Value - Medium Engagement
528,21,Male,T-shirt,Clothing,23,South Carolina,L,Yellow,Winter,4.3,Yes,Next Day Air,Yes,47,Bank Transfer,Quarterly,Every 3 Months,18-30 (Young Adult),90,Low Value,High Engagement,Low Value - High Engagement
529,34,Male,Sneakers,Footwear,88,Maryland,S,Beige,Winter,3.2,Yes,Express,Yes,40,Cash,Annually,Annually,31-45 (Adult),365,High Value,High Engagement,High Value - High Engagement
530,32,Male,Shorts,Clothing,84,California,M,Orange,Fall,3.7,Yes,Standard,Yes,6,Credit Card,Monthly,Monthly,31-45 (Adult),30,High Value,Low Engagement,High Value - Low Engagement
531,48,Male,Coat,Outerwear,37,Montana,XL,Magenta,Winter,3.2,Yes,Store Pickup,Yes,25,Credit Card,Bi-Weekly,Bi-Weekly,46-60 (Middle-Aged),14,Low Value,Medium Engagement,Low Value - Medium Engagement
532,50,Male,Sandals,Footwear,51,Vermont,L,Purple,Fall,3.4,Yes,Next Day Air,Yes,42,Cash,Weekly,Weekly,46-60 (Middle-Aged),7,Medium Value,High Engagement,Medium Value - High Engagement
533,26,Male,Pants,Clothing,76,Texas,L,Black,Winter,4.1,Yes,Express,Yes,35,Bank Transfer,Quarterly,Every 3 Months,18-30 (Young Adult),90,High Value,Medium Engagement,High Value - Medium Engagement
534,57,Male,Sandals,Footwear,60,North Carolina,L,Pink,Spring,4.5,Yes,Next Day Air,Yes,17,Debit Card,Weekly,Weekly,46-60 (Middle-Aged),7,Medium Value,Medium Engagement,Medium Value - Medium Engagement
535,65,Male,Gloves,Accessories,72,Florida,L,Pink,Fall,4.5,Yes,Next Day Air,Yes,4,PayPal,Quarterly,Quarterly,61-70 (Senior),90,Medium Value,Low Engagement,Medium Value - Low Engagement
536,56,Male,T-shirt,Clothing,45,West Virginia,L,Maroon,Spring,3.2,Yes,Free Shipping,Yes,24,Bank Transfer,Weekly,Weekly,46-60 (Middle-Aged),7,Medium Value,Medium Engagement,Medium Value - Medium Engagement
537,44,Male,Jacket,Outerwear,84,Illinois,S,Maroon,Fall,4.4,Yes,Store Pickup,Yes,16,Debit Card,Quarterly,Every 3 Months,31-45 (Adult),90,High Value,Medium Engagement,High Value - Medium Engagement
538,50,Male,Blouse,Clothing,49,Virginia,S,Turquoise,Summer,3.0,Yes,Store Pickup,Yes,14,Debit Card,Annually,Annually,46-60 (Middle-Aged),365,Medium Value,Low Engagement,Medium Value - Low Engagement
539,27,Male,Socks,Clothing,22,Virginia,XL,Green,Spring,3.2,Yes,Free Shipping,Yes,43,Cash,Weekly,Weekly,18-30 (Young Adult),7,Low Value,High Engagement,Low Value - High Engagement
540,49,Male,Coat,Outerwear,48,Wyoming,M,Violet,Winter,4.0,Yes,Store Pickup,Yes,49,Debit Card,Weekly,Weekly,46-60 (Middle-Aged),7,Medium Value,High Engagement,Medium Value - High Engagement
541,49,Male,Dress,Clothing,37,South Carolina,M,Lavender,Spring,3.1,Yes,Next Day Air,Yes,33,Cash,Quarterly,Every 3 Months,46-60 (Middle-Aged),90,Low Value,Medium Engagement,Low Value - Medium Engagement
542,52,Male,Jacket,Outerwear,27,Connecticut,L,Gray,Fall,2.8,Yes,Next Day Air,Yes,45,Cash,Bi-Weekly,Bi-Weekly,46-60 (Middle-Aged),14,Low Value,High Engagement,Low Value - High Engagement
543,27,Male,Boots,Footwear,79,Illinois,XL,Teal,Spring,4.6,Yes,Next Day Air,Yes,35,Cash,Bi-Weekly,Bi-Weekly,18-30 (Young Adult),14,High Value,Medium Engagement,High Value - Medium Engagement
544,53,Male,Skirt,Clothing,98,Alabama,S,Red,Spring,4.3,Yes,Express,Yes,11,Credit Card,Monthly,Monthly,46-60 (Middle-Aged),30,High Value,Low Engagement,High Value - Low Engagement
545,34,Male,Sandals,Footwear,64,Washington,S,Yellow,Summer,3.3,Yes,Standard,Yes,30,Bank Transfer,Quarterly,Every 3 Months,31-45 (Adult),90,Medium Value,Medium Engagement,Medium Value - Medium Engagement
546,33,Male,Coat,Outerwear,32,Alabama,L,Magenta,Summer,3.5,Yes,2-Day Shipping,Yes,48,Debit Card,Annually,Annually,31-45 (Adult),365,Low Value,High Engagement,Low Value - High Engagement
547,62,Male,Hoodie,Clothing,74,New Mexico,M,Brown,Winter,3.4,Yes,Free Shipping,Yes,45,Venmo,Bi-Weekly,Bi-Weekly,61-70 (Senior),14,Medium Value,High Engagement,Medium Value - High Engagement
548,38,Male,Jacket,Outerwear,50,Nevada,M,Blue,Winter,2.8,Yes,Free Shipping,Yes,26,Venmo,Weekly,Weekly,31-45 (Adult),7,Medium Value,Medium Engagement,Medium Value - Medium Engagement
549,36,Male,Backpack,Accessories,64,Nebraska,M,Black,Winter,4.6,Yes,Store Pickup,Yes,41,Debit Card,Quarterly,Every 3 Months,31-45 (Adult),90,Medium Value,High Engagement,Medium Value - High Engagement
550,31,Male,Backpack,Accessories,29,Arizona,S,Olive,Fall,3.6,Yes,Express,Yes,37,Venmo,Bi-Weekly,Bi-Weekly,31-45 (Adult),14,Low Value,High Engagement,Low Value - High Engagement
551,62,Male,Belt,Accessories,62,Georgia,M,Olive,Summer,3.3,Yes,Store Pickup,Yes,12,PayPal,Weekly,Weekly,61-70 (Senior),7,Medium Value,Low Engagement,Medium Value - Low Engagement
552,29,Male,Coat,Outerwear,78,Idaho,XL,Green,Fall,3.1,Yes,2-Day Shipping,Yes,27,Cash,Bi-Weekly,Bi-Weekly,18-30 (Young Adult),14,High Value,Medium Engagement,High Value - Medium Engagement
553,24,Male,T-shirt,Clothing,94,Missouri,M,Peach,Fall,3.5,Yes,Express,Yes,18,Bank Transfer,Weekly,Weekly,18-30 (Young Adult),7,High Value,Medium Engagement,High Value - Medium Engagement
554,63,Male,Sunglasses,Accessories,59,Florida,M,White,Winter,3.2,Yes,Express,Yes,15,Credit Card,Quarterly,Quarterly,61-70 (Senior),90,Medium Value,Low Engagement,Medium Value - Low Engagement
555,56,Male,Sneakers,Footwear,47,Minnesota,M,Red,Summer,3.0,Yes,Express,Yes,34,Bank Transfer,Weekly,Weekly,46-60 (Middle-Aged),7,Medium Value,Medium Engagement,Medium Value - Medium Engagement
556,63,Male,Gloves,Accessories,57,Maine,M,White,Fall,4.8,Yes,Express,Yes,37,Venmo,Annually,Annually,61-70 (Senior),365,Medium Value,High Engagement,Medium Value - High Engagement
557,40,Male,Coat,Outerwear,90,Montana,L,Indigo,Winter,5.0,Yes,Store Pickup,Yes,21,Cash,Bi-Weekly,Fortnightly,31-45 (Adult),14,High Value,Medium Engagement,High Value - Medium Engagement
558,18,Male,Shirt,Clothing,60,Alaska,M,White,Spring,2.9,Yes,Free Shipping,Yes,31,Debit Card,Weekly,Weekly,18-30 (Young Adult),7,Medium Value,Medium Engagement,Medium Value - Medium Engagement
559,50,Male,Sneakers,Footwear,77,Iowa,L,Teal,Fall,3.2,Yes,Express,Yes,43,Debit Card,Quarterly,Every 3 Months,46-60 (Middle-Aged),90,High Value,High Engagement,High Value - High Engagement
560,66,Male,Scarf,Accessories,41,Arizona,M,Indigo,Fall,2.9,Yes,Store Pickup,Yes,22,Bank Transfer,Monthly,Monthly,61-70 (Senior),30,Medium Value,Medium Engagement,Medium Value - Medium Engagement
561,25,Male,Jewelry,Accessories,48,Louisiana,L,Red,Fall,3.8,Yes,Free Shipping,Yes,12,Debit Card,Annually,Annually,18-30 (Young Adult),365,Medium Value,Low Engagement,Medium Value - Low Engagement
562,65,Male,Jacket,Outerwear,65,Alabama,M,Blue,Fall,2.6,Yes,Next Day Air,Yes,25,PayPal,Bi-Weekly,Fortnightly,61-70 (Senior),14,Medium Value,Medium Engagement,Medium Value - Medium Engagement
563,53,Male,Jeans,Clothing,62,Missouri,M,Blue,Summer,3.5,Yes,Standard,Yes,40,Debit Card,Annually,Annually,46-60 (Middle-Aged),365,Medium Value,High Engagement,Medium Value - High Engagement
564,61,Male,Shoes,Footwear,99,Idaho,M,Black,Fall,4.4,Yes,Standard,Yes,16,Debit Card,Quarterly,Quarterly,61-70 (Senior),90,High Value,Medium Engagement,High Value - Medium Engagement
565,67,Male,Hoodie,Clothing,58,Florida,M,Olive,Winter,3.4,Yes,Next Day Air,Yes,30,Bank Transfer,Weekly,Weekly,61-70 (Senior),7,Medium Value,Medium Engagement,Medium Value - Medium Engagement
566,59,Male,Backpack,Accessories,43,Idaho,L,Lavender,Fall,4.2,Yes,Store Pickup,Yes,10,Venmo,Weekly,Weekly,46-60 (Middle-Aged),7,Medium Value,Low Engagement,Medium Value - Low Engagement
567,55,Male,Sneakers,Footwear,93,Alabama,M,Indigo,Spring,3.6,Yes,Store Pickup,Yes,1,Debit Card,Bi-Weekly,Fortnightly,46-60 (Middle-Aged),14,High Value,Low Engagement,High Value - Low Engagement
568,21,Male,Blouse,Clothing,50,New Hampshire,S,Red,Winter,3.0,Yes,Next Day Air,Yes,24,Venmo,Bi-Weekly,Fortnightly,18-30 (Young Adult),14,Medium Value,Medium Engagement,Medium Value - Medium Engagement
569,44,Male,Pants,Clothing,88,Utah,L,Red,Summer,4.0,Yes,Free Shipping,Yes,36,PayPal,Monthly,Monthly,31-45 (Adult),30,High Value,High Engagement,High Value - High Engagement
570,65,Male,Skirt,Clothing,33,Alabama,M,Pink,Fall,4.4,Yes,Express,Yes,46,Credit Card,Quarterly,Every 3 Months,61-70 (Senior),90,Low Value,High Engagement,Low Value - High Engagement
571,65,Male,T-shirt,Clothing,99,Iowa,XL,Purple,Fall,4.1,Yes,Standard,Yes,20,Cash,Annually,Annually,61-70 (Senior),365,High Value,Medium Engagement,High Value - Medium Engagement
572,54,Male,Jacket,Outerwear,76,Kentucky,XL,Cyan,Spring,3.6,Yes,Free Shipping,Yes,37,Venmo,Weekly,Weekly,46-60 (Middle-Aged),7,High Value,High Engagement,High Value - High Engagement
573,56,Male,Scarf,Accessories,97,South Carolina,XL,Cyan,Summer,4.6,Yes,Next Day Air,Yes,26,Bank Transfer,Annually,Annually,46-60 (Middle-Aged),365,High Value,Medium Engagement,High Value - Medium Engagement
574,58,Male,Pants,Clothing,68,California,M,Charcoal,Summer,3.2,Yes,2-Day Shipping,Yes,23,Credit Card,Bi-Weekly,Bi-Weekly,46-60 (Middle-Aged),14,Medium Value,Medium Engagement,Medium Value - Medium Engagement
575,54,Male,Sneakers,Footwear,79,Maine,L,Red,Fall,4.8,Yes,Free Shipping,Yes,20,Bank Transfer,Bi-Weekly,Bi-Weekly,46-60 (Middle-Aged),14,High Value,Medium Engagement,High Value - Medium Engagement
576,58,Male,Jeans,Clothing,86,Nebraska,M,Peach,Fall,4.8,Yes,Express,Yes,38,PayPal,Monthly,Monthly,46-60 (Middle-Aged),30,High Value,High Engagement,High Value - High Engagement
577,48,Male,Hat,Accessories,68,Washington,M,Black,Winter,5.0,Yes,2-Day Shipping,Yes,5,Credit Card,Quarterly,Every 3 Months,46-60 (Middle-Aged),90,Medium Value,Low Engagement,Medium Value - Low Engagement
578,19,Male,Skirt,Clothing,52,Alabama,M,Black,Fall,3.7,Yes,Store Pickup,Yes,41,Venmo,Annually,Annually,18-30 (Young Adult),365,Medium Value,High Engagement,Medium Value - High Engagement
579,69,Male,Sandals,Footwear,90,Maine,M,Purple,Fall,4.6,Yes,Next Day Air,Yes,22,Credit Card,Bi-Weekly,Fortnightly,61-70 (Senior),14,High Value,Medium Engagement,High Value - Medium Engagement
580,58,Male,Sandals,Footwear,41,California,M,Violet,Winter,3.7,Yes,Free Shipping,Yes,48,Credit Card,Annually,Annually,46-60 (Middle-Aged),365,Medium Value,High Engagement,Medium Value - High Engagement
581,49,Male,Sweater,Clothing,80,Iowa,M,Orange,Spring,4.1,Yes,Free Shipping,Yes,10,PayPal,Weekly,Weekly,46-60 (Middle-Aged),7,High Value,Low Engagement,High Value - Low Engagement
582,32,Male,Sweater,Clothing,100,Iowa,XL,Charcoal,Winter,2.7,Yes,Store Pickup,Yes,12,Bank Transfer,Quarterly,Every 3 Months,31-45 (Adult),90,High Value,Low Engagement,High Value - Low Engagement
583,40,Male,Jacket,Outerwear,77,Colorado,L,Turquoise,Spring,4.9,Yes,Store Pickup,Yes,2,Bank Transfer,Quarterly,Quarterly,31-45 (Adult),90,High Value,Low Engagement,High Value - Low Engagement
584,25,Male,Shorts,Clothing,78,California,L,Yellow,Spring,4.0,Yes,Store Pickup,Yes,38,PayPal,Monthly,Monthly,18-30 (Young Adult),30,High Value,High Engagement,High Value - High Engagement
585,70,Male,Socks,Clothing,94,Indiana,M,White,Spring,4.7,Yes,Free Shipping,Yes,20,Debit Card,Monthly,Monthly,61-70 (Senior),30,High Value,Medium Engagement,High Value - Medium Engagement
586,69,Male,Socks,Clothing,23,South Carolina,M,Gray,Fall,2.8,Yes,Next Day Air,Yes,5,Cash,Quarterly,Every 3 Months,61-70 (Senior),90,Low Value,Low Engagement,Low Value - Low Engagement
587,45,Male,Hoodie,Clothing,20,Wisconsin,S,Blue,Winter,4.9,Yes,2-Day Shipping,Yes,9,Venmo,Annually,Annually,31-45 (Adult),365,Low Value,Low Engagement,Low Value - Low Engagement
588,29,Male,Socks,Clothing,86,Washington,S,Maroon,Fall,4.2,Yes,Express,Yes,48,Debit Card,Quarterly,Every 3 Months,18-30 (Young Adult),90,High Value,High Engagement,High Value - High Engagement
589,47,Male,Boots,Footwear,60,South Dakota,M,Violet,Fall,3.0,Yes,Standard,Yes,9,Debit Card,Quarterly,Quarterly,46-60 (Middle-Aged),90,Medium Value,Low Engagement,Medium Value - Low Engagement
590,28,Male,Shirt,Clothing,70,Minnesota,M,Orange,Fall,3.4,Yes,2-Day Shipping,Yes,40,PayPal,Annually,Annually,18-30 (Young Adult),365,Medium Value,High Engagement,Medium Value - High Engagement
591,64,Male,Belt,Accessories,39,Alaska,S,Turquoise,Fall,4.6,Yes,Standard,Yes,30,Venmo,Bi-Weekly,Fortnightly,61-70 (Senior),14,Low Value,Medium Engagement,Low Value - Medium Engagement
592,47,Male,Backpack,Accessories,37,Kentucky,L,Olive,Fall,4.2,Yes,Store Pickup,Yes,6,Debit Card,Bi-Weekly,Bi-Weekly,46-60 (Middle-Aged),14,Low Value,Low Engagement,Low Value - Low Engagement
593,60,Male,Boots,Footwear,29,North Dakota,M,Brown,Fall,3.2,Yes,Free Shipping,Yes,42,Venmo,Quarterly,Every 3 Months,46-60 (Middle-Aged),90,Low Value,High Engagement,Low Value - High Engagement
594,67,Male,Coat,Outerwear,35,Alaska,S,Green,Winter,4.4,Yes,Store Pickup,Yes,9,PayPal,Quarterly,Every 3 Months,61-70 (Senior),90,Low Value,Low Engagement,Low Value - Low Engagement
595,35,Male,Hoodie,Clothing,83,Oklahoma,S,Brown,Winter,2.5,Yes,Next Day Air,Yes,6,Debit Card,Monthly,Monthly,31-45 (Adult),30,High Value,Low Engagement,High Value - Low Engagement
596,30,Male,Shoes,Footwear,77,Delaware,M,Silver,Summer,3.6,Yes,Next Day Air,Yes,47,PayPal,Quarterly,Quarterly,18-30 (Young Adult),90,High Value,High Engagement,High Value - High Engagement
597,23,Male,Shoes,Footwear,37,Montana,XL,White,Summer,4.5,Yes,Store Pickup,Yes,36,Venmo,Annually,Annually,18-30 (Young Adult),365,Low Value,High Engagement,Low Value - High Engagement
598,70,Male,Jewelry,Accessories,69,Alaska,L,Gold,Summer,3.4,Yes,Standard,Yes,19,Bank Transfer,Bi-Weekly,Fortnightly,61-70 (Senior),14,Medium Value,Medium Engagement,Medium Value - Medium Engagement
599,21,Male,Dress,Clothing,66,California,L,Green,Winter,3.2,Yes,2-Day Shipping,Yes,30,Cash,Quarterly,Every 3 Months,18-30 (Young Adult),90,Medium Value,Medium Engagement,Medium Value - Medium Engagement
600,51,Male,Boots,Footwear,26,Massachusetts,L,Teal,Spring,4.2,Yes,Standard,Yes,27,Debit Card,Quarterly,Every 3 Months,46-60 (Middle-Aged),90,Low Value,Medium Engagement,Low Value - Medium Engagement
601,22,Male,Hat,Accessories,63,South Carolina,M,Charcoal,Spring,5.0,Yes,2-Day Shipping,Yes,25,Venmo,Monthly,Monthly,18-30 (Young Adult),30,Medium Value,Medium Engagement,Medium Value - Medium Engagement
602,32,Male,Backpack,Accessories,38,West Virginia,M,Maroon,Summer,4.7,Yes,Store Pickup,Yes,5,Cash,Bi-Weekly,Fortnightly,31-45 (Adult),14,Low Value,Low Engagement,Low Value - Low Engagement
603,37,Male,Shoes,Footwear,58,Oregon,L,Lavender,Summer,4.2,Yes,Next Day Air,Yes,10,Cash,Quarterly,Every 3 Months,31-45 (Adult),90,Medium Value,Low Engagement,Medium Value - Low Engagement
604,31,Male,Handbag,Accessories,46,Massachusetts,L,Green,Winter,3.4,Yes,2-Day Shipping,Yes,26,PayPal,Quarterly,Every 3 Months,31-45 (Adult),90,Medium Value,Medium Engagement,Medium Value - Medium Engagement
605,44,Male,Sunglasses,Accessories,92,West Virginia,S,Pink,Fall,4.4,Yes,Store Pickup,Yes,11,Credit Card,Quarterly,Every 3 Months,31-45 (Adult),90,High Value,Low Engagement,High Value - Low Engagement
606,40,Male,Hat,Accessories,32,California,XL,Charcoal,Winter,4.2,Yes,Standard,Yes,17,Bank Transfer,Weekly,Weekly,31-45 (Adult),7,Low Value,Medium Engagement,Low Value - Medium Engagement
607,27,Male,Scarf,Accessories,90,Colorado,M,Blue,Spring,4.5,Yes,Standard,Yes,44,PayPal,Monthly,Monthly,18-30 (Young Adult),30,High Value,High Engagement,High Value - High Engagement
608,47,Male,Hoodie,Clothing,23,Indiana,L,Purple,Fall,2.8,Yes,Next Day Air,Yes,44,Cash,Monthly,Monthly,46-60 (Middle-Aged),30,Low Value,High Engagement,Low Value - High Engagement
609,41,Male,Backpack,Accessories,25,Delaware,S,Gold,Fall,3.3,Yes,Next Day Air,Yes,21,Venmo,Quarterly,Every 3 Months,31-45 (Adult),90,Low Value,Medium Engagement,Low Value - Medium Engagement
610,51,Male,Sweater,Clothing,54,Ohio,L,Purple,Fall,4.6,Yes,Next Day Air,Yes,49,Credit Card,Bi-Weekly,Fortnightly,46-60 (Middle-Aged),14,Medium Value,High Engagement,Medium Value - High Engagement
611,53,Male,Shorts,Clothing,72,Oklahoma,M,Charcoal,Summer,2.5,Yes,Free Shipping,Yes,27,Bank Transfer,Quarterly,Every 3 Months,46-60 (Middle-Aged),90,Medium Value,Medium Engagement,Medium Value - Medium Engagement
612,43,Male,Scarf,Accessories,33,California,M,Black,Winter,4.7,Yes,Store Pickup,Yes,19,Cash,Monthly,Monthly,31-45 (Adult),30,Low Value,Medium Engagement,Low Value - Medium Engagement
613,67,Male,Hat,Accessories,43,New Hampshire,L,Lavender,Fall,4.6,Yes,Express,Yes,33,Credit Card,Quarterly,Quarterly,61-70 (Senior),90,Medium Value,Medium Engagement,Medium Value - Medium Engagement
614,61,Male,Coat,Outerwear,51,Pennsylvania,L,Lavender,Fall,2.6,Yes,Standard,Yes,46,Cash,Bi-Weekly,Bi-Weekly,61-70 (Senior),14,Medium Value,High Engagement,Medium Value - High Engagement
615,68,Male,Jewelry,Accessories,85,Idaho,M,Lavender,Winter,4.0,Yes,Standard,Yes,21,Credit Card,Bi-Weekly,Bi-Weekly,61-70 (Senior),14,High Value,Medium Engagement,High Value - Medium Engagement
616,67,Male,Sandals,Footwear,100,Maryland,L,Olive,Summer,2.6,Yes,Next Day Air,Yes,23,Venmo,Annually,Annually,61-70 (Senior),365,High Value,Medium Engagement,High Value - Medium Engagement
617,29,Male,Gloves,Accessories,72,Pennsylvania,L,Teal,Spring,4.6,Yes,Free Shipping,Yes,38,Credit Card,Quarterly,Every 3 Months,18-30 (Young Adult),90,Medium Value,High Engagement,Medium Value - High Engagement
618,50,Male,Backpack,Accessories,57,Colorado,M,Maroon,Fall,2.6,Yes,Standard,Yes,2,Bank Transfer,Quarterly,Quarterly,46-60 (Middle-Aged),90,Medium Value,Low Engagement,Medium Value - Low Engagement
619,61,Male,Jacket,Outerwear,94,Indiana,L,Cyan,Spring,4.0,Yes,Express,Yes,21,Debit Card,Bi-Weekly,Bi-Weekly,61-70 (Senior),14,High Value,Medium Engagement,High Value - Medium Engagement
620,19,Male,Backpack,Accessories,34,Nebraska,M,Charcoal,Summer,4.6,Yes,Store Pickup,Yes,1,Debit Card,Quarterly,Every 3 Months,18-30 (Young Adult),90,Low Value,Low Engagement,Low Value - Low Engagement
621,33,Male,Backpack,Accessories,89,Rhode Island,M,Black,Fall,3.7,Yes,2-Day Shipping,Yes,10,Venmo,Quarterly,Every 3 Months,31-45 (Adult),90,High Value,Low Engagement,High Value - Low Engagement
622,51,Male,Sunglasses,Accessories,27,Kansas,S,Red,Fall,4.4,Yes,Store Pickup,Yes,45,Credit Card,Weekly,Weekly,46-60 (Middle-Aged),7,Low Value,High Engagement,Low Value - High Engagement
623,69,Male,Socks,Clothing,63,Georgia,S,Peach,Spring,4.0,Yes,Next Day Air,Yes,44,Bank Transfer,Bi-Weekly,Fortnightly,61-70 (Senior),14,Medium Value,High Engagement,Medium Value - High Engagement
624,19,Male,Shoes,Footwear,70,Nevada,M,White,Fall,4.7,Yes,Standard,Yes,48,PayPal,Bi-Weekly,Bi-Weekly,18-30 (Young Adult),14,Medium Value,High Engagement,Medium Value - High Engagement
625,55,Male,Pants,Clothing,87,South Carolina,XL,Pink,Fall,3.4,Yes,Express,Yes,21,PayPal,Annually,Annually,46-60 (Middle-Aged),365,High Value,Medium Engagement,High Value - Medium Engagement
626,49,Male,Jewelry,Accessories,79,Delaware,M,Red,Fall,4.0,Yes,Next Day Air,Yes,1,Venmo,Weekly,Weekly,46-60 (Middle-Aged),7,High Value,Low Engagement,High Value - Low Engagement
627,31,Male,Sunglasses,Accessories,79,New Hampshire,M,Indigo,Spring,3.9,Yes,Standard,Yes,10,Venmo,Annually,Annually,31-45 (Adult),365,High Value,Low Engagement,High Value - Low Engagement
628,42,Male,Sandals,Footwear,44,Oregon,L,Black,Winter,4.1,Yes,Express,Yes,24,PayPal,Monthly,Monthly,31-45 (Adult),30,Medium Value,Medium Engagement,Medium Value - Medium Engagement
629,69,Male,Sweater,Clothing,85,Massachusetts,M,White,Fall,3.7,Yes,2-Day Shipping,Yes,29,Credit Card,Monthly,Monthly,61-70 (Senior),30,High Value,Medium Engagement,High Value - Medium Engagement
630,26,Male,Shoes,Footwear,90,Vermont,L,Beige,Spring,4.7,Yes,Standard,Yes,11,Debit Card,Annually,Annually,18-30 (Young Adult),365,High Value,Low Engagement,High Value - Low Engagement
631,41,Male,Jewelry,Accessories,94,Mississippi,S,Silver,Fall,4.3,Yes,2-Day Shipping,Yes,33,Debit Card,Annually,Annually,31-45 (Adult),365,High Value,Medium Engagement,High Value - Medium Engagement
632,55,Male,Boots,Footwear,68,Washington,S,Violet,Summer,4.1,Yes,Store Pickup,Yes,27,Cash,Bi-Weekly,Fortnightly,46-60 (Middle-Aged),14,Medium Value,Medium Engagement,Medium Value - Medium Engagement
633,35,Male,Backpack,Accessories,51,Wyoming,M,Red,Winter,3.9,Yes,Next Day Air,Yes,19,Venmo,Bi-Weekly,Fortnightly,31-45 (Adult),14,Medium Value,Medium Engagement,Medium Value - Medium Engagement
634,66,Male,Sandals,Footwear,33,Minnesota,M,Orange,Spring,2.9,Yes,Express,Yes,50,Debit Card,Quarterly,Quarterly,61-70 (Senior),90,Low Value,High Engagement,Low Value - High Engagement
635,36,Male,Sneakers,Footwear,60,Ohio,M,Teal,Summer,3.9,Yes,Standard,Yes,46,PayPal,Weekly,Weekly,31-45 (Adult),7,Medium Value,High Engagement,Medium Value - High Engagement
636,27,Male,Hoodie,Clothing,59,South Carolina,M,Brown,Fall,4.3,Yes,2-Day Shipping,Yes,28,Cash,Quarterly,Quarterly,18-30 (Young Adult),90,Medium Value,Medium Engagement,Medium Value - Medium Engagement
637,41,Male,Handbag,Accessories,30,Wisconsin,M,Indigo,Summer,2.8,Yes,Store Pickup,Yes,14,Bank Transfer,Quarterly,Every 3 Months,31-45 (Adult),90,Low Value,Low Engagement,Low Value - Low Engagement
638,21,Male,Sweater,Clothing,20,Tennessee,M,Cyan,Winter,3.4,Yes,2-Day Shipping,Yes,46,Cash,Bi-Weekly,Fortnightly,18-30 (Young Adult),14,Low Value,High Engagement,Low Value - High Engagement
639,53,Male,Sandals,Footwear,20,Maryland,S,Blue,Summer,2.7,Yes,Express,Yes,41,PayPal,Monthly,Monthly,46-60 (Middle-Aged),30,Low Value,High Engagement,Low Value - High Engagement
640,54,Male,Dress,Clothing,24,Mississippi,L,Olive,Spring,4.0,Yes,2-Day Shipping,Yes,50,Credit Card,Annually,Annually,46-60 (Middle-Aged),365,Low Value,High Engagement,Low Value - High Engagement
641,53,Male,Skirt,Clothing,88,Minnesota,M,Gray,Summer,4.4,Yes,Store Pickup,Yes,28,Debit Card,Bi-Weekly,Fortnightly,46-60 (Middle-Aged),14,High Value,Medium Engagement,High Value - Medium Engagement
642,47,Male,Blouse,Clothing,78,Alaska,M,Red,Winter,3.9,Yes,2-Day Shipping,Yes,23,Credit Card,Quarterly,Every 3 Months,46-60 (Middle-Aged),90,High Value,Medium Engagement,High Value - Medium Engagement
643,64,Male,Skirt,Clothing,25,Arkansas,L,Red,Spring,2.8,Yes,2-Day Shipping,Yes,14,Debit Card,Bi-Weekly,Bi-Weekly,61-70 (Senior),14,Low Value,Low Engagement,Low Value - Low Engagement
644,18,Male,Sweater,Clothing,57,Oregon,XL,Green,Winter,3.2,Yes,Next Day Air,Yes,10,Bank Transfer,Quarterly,Every 3 Months,18-30 (Young Adult),90,Medium Value,Low Engagement,Medium Value - Low Engagement
645,68,Male,Backpack,Accessories,93,Louisiana,S,Blue,Summer,4.3,Yes,Next Day Air,Yes,37,Cash,Weekly,Weekly,61-70 (Senior),7,High Value,High Engagement,High Value - High Engagement
646,62,Male,Hoodie,Clothing,42,Oklahoma,S,Purple,Summer,4.2,Yes,Express,Yes,15,Venmo,Bi-Weekly,Bi-Weekly,61-70 (Senior),14,Medium Value,Low Engagement,Medium Value - Low Engagement
647,51,Male,Boots,Footwear,54,Indiana,XL,Pink,Spring,4.9,Yes,Standard,Yes,19,Venmo,Bi-Weekly,Bi-Weekly,46-60 (Middle-Aged),14,Medium Value,Medium Engagement,Medium Value - Medium Engagement
648,54,Male,Blouse,Clothing,70,Mississippi,XL,Charcoal,Summer,3.7,Yes,Express,Yes,23,Credit Card,Bi-Weekly,Fortnightly,46-60 (Middle-Aged),14,Medium Value,Medium Engagement,Medium Value - Medium Engagement
649,22,Male,Hoodie,Clothing,31,Michigan,M,Brown,Winter,4.1,Yes,Store Pickup,Yes,35,Credit Card,Weekly,Weekly,18-30 (Young Adult),7,Low Value,Medium Engagement,Low Value - Medium Engagement
650,53,Male,Pants,Clothing,93,Delaware,L,Orange,Spring,4.2,Yes,Store Pickup,Yes,33,PayPal,Quarterly,Every 3 Months,46-60 (Middle-Aged),90,High Value,Medium Engagement,High Value - Medium Engagement
651,34,Male,Gloves,Accessories,40,Florida,M,Magenta,Spring,3.9,Yes,Next Day Air,Yes,12,Bank Transfer,Annually,Annually,31-45 (Adult),365,Medium Value,Low Engagement,Medium Value - Low Engagement
652,32,Male,Hat,Accessories,32,Arkansas,L,Yellow,Summer,2.9,Yes,Next Day Air,Yes,41,Venmo,Bi-Weekly,Fortnightly,31-45 (Adult),14,Low Value,High Engagement,Low Value - High Engagement
653,64,Male,Sunglasses,Accessories,27,Minnesota,M,Beige,Winter,3.1,Yes,Free Shipping,Yes,27,Venmo,Weekly,Weekly,61-70 (Senior),7,Low Value,Medium Engagement,Low Value - Medium Engagement
654,20,Male,Scarf,Accessories,68,North Dakota,M,Olive,Winter,3.6,Yes,2-Day Shipping,Yes,45,Cash,Bi-Weekly,Fortnightly,18-30 (Young Adult),14,Medium Value,High Engagement,Medium Value - High Engagement
655,24,Male,Handbag,Accessories,59,California,L,Gray,Summer,4.4,Yes,2-Day Shipping,Yes,23,Venmo,Annually,Annually,18-30 (Young Adult),365,Medium Value,Medium Engagement,Medium Value - Medium Engagement
656,20,Male,Handbag,Accessories,36,Mississippi,S,Purple,Fall,3.1,Yes,Free Shipping,Yes,19,Venmo,Monthly,Monthly,18-30 (Young Adult),30,Low Value,Medium Engagement,Low Value - Medium Engagement
657,42,Male,Jeans,Clothing,23,Pennsylvania,M,Beige,Summer,3.9,Yes,Standard,Yes,6,PayPal,Quarterly,Quarterly,31-45 (Adult),90,Low Value,Low Engagement,Low Value - Low Engagement
658,48,Male,Jacket,Outerwear,80,Arizona,M,White,Winter,4.3,Yes,Free Shipping,Yes,6,PayPal,Quarterly,Quarterly,46-60 (Middle-Aged),90,High Value,Low Engagement,High Value - Low Engagement
659,62,Male,Backpack,Accessories,37,Louisiana,S,White,Fall,4.9,Yes,Store Pickup,Yes,20,Venmo,Weekly,Weekly,61-70 (Senior),7,Low Value,Medium Engagement,Low Value - Medium Engagement
660,62,Male,Shorts,Clothing,52,Virginia,S,Gold,Spring,3.6,Yes,2-Day Shipping,Yes,8,Cash,Weekly,Weekly,61-70 (Senior),7,Medium Value,Low Engagement,Medium Value - Low Engagement
661,50,Male,Coat,Outerwear,79,Montana,M,Olive,Fall,5.0,Yes,2-Day Shipping,Yes,39,Credit Card,Quarterly,Quarterly,46-60 (Middle-Aged),90,High Value,High Engagement,High Value - High Engagement
662,57,Male,Shirt,Clothing,68,Iowa,XL,Green,Fall,4.1,Yes,Store Pickup,Yes,39,Credit Card,Quarterly,Quarterly,46-60 (Middle-Aged),90,Medium Value,High Engagement,Medium Value - High Engagement
663,24,Male,Gloves,Accessories,98,Illinois,L,Magenta,Fall,2.8,Yes,Express,Yes,39,Venmo,Bi-Weekly,Bi-Weekly,18-30 (Young Adult),14,High Value,High Engagement,High Value - High Engagement
664,59,Male,Dress,Clothing,83,Alaska,M,Charcoal,Fall,4.7,Yes,Express,Yes,23,Credit Card,Monthly,Monthly,46-60 (Middle-Aged),30,High Value,Medium Engagement,High Value - Medium Engagement
665,63,Male,Pants,Clothing,83,Colorado,M,Indigo,Winter,4.4,Yes,Express,Yes,41,PayPal,Bi-Weekly,Bi-Weekly,61-70 (Senior),14,High Value,High Engagement,High Value - High Engagement
666,41,Male,Pants,Clothing,55,New Mexico,M,Peach,Spring,4.9,Yes,2-Day Shipping,Yes,50,Credit Card,Annually,Annually,31-45 (Adult),365,Medium Value,High Engagement,Medium Value - High Engagement
667,35,Male,Hoodie,Clothing,26,Colorado,L,Turquoise,Winter,3.1,Yes,Free Shipping,Yes,30,Debit Card,Quarterly,Quarterly,31-45 (Adult),90,Low Value,Medium Engagement,Low Value - Medium Engagement
668,34,Male,Sunglasses,Accessories,76,Arizona,S,Blue,Winter,2.6,Yes,Standard,Yes,32,Bank Transfer,Quarterly,Quarterly,31-45 (Adult),90,High Value,Medium Engagement,High Value - Medium Engagement
669,49,Male,T-shirt,Clothing,85,Hawaii,S,Turquoise,Fall,2.9,Yes,Express,Yes,35,Bank Transfer,Monthly,Monthly,46-60 (Middle-Aged),30,High Value,Medium Engagement,High Value - Medium Engagement
670,43,Male,Jacket,Outerwear,89,Illinois,M,Gray,Spring,3.3,Yes,Free Shipping,Yes,45,Venmo,Bi-Weekly,Bi-Weekly,31-45 (Adult),14,High Value,High Engagement,High Value - High Engagement
671,63,Male,Sweater,Clothing,41,Louisiana,XL,Purple,Spring,4.8,Yes,Next Day Air,Yes,37,Cash,Bi-Weekly,Bi-Weekly,61-70 (Senior),14,Medium Value,High Engagement,Medium Value - High Engagement
672,38,Male,Jacket,Outerwear,30,Iowa,L,Black,Winter,4.7,Yes,Express,Yes,45,Cash,Weekly,Weekly,31-45 (Adult),7,Low Value,High Engagement,Low Value - High Engagement
673,59,Male,Socks,Clothing,53,Washington,M,Peach,Winter,3.3,Yes,2-Day Shipping,Yes,29,Cash,Quarterly,Quarterly,46-60 (Middle-Aged),90,Medium Value,Medium Engagement,Medium Value - Medium Engagement
674,35,Male,Shirt,Clothing,66,Oklahoma,M,Indigo,Spring,4.2,Yes,Free Shipping,Yes,27,Venmo,Bi-Weekly,Bi-Weekly,31-45 (Adult),14,Medium Value,Medium Engagement,Medium Value - Medium Engagement
675,48,Male,Jewelry,Accessories,33,Washington,XL,Beige,Winter,4.7,Yes,Store Pickup,Yes,36,Bank Transfer,Annually,Annually,46-60 (Middle-Aged),365,Low Value,High Engagement,Low Value - High Engagement
676,64,Male,Sunglasses,Accessories,86,Arkansas,M,Yellow,Spring,2.6,Yes,2-Day Shipping,Yes,9,Cash,Annually,Annually,61-70 (Senior),365,High Value,Low Engagement,High Value - Low Engagement
677,28,Male,Pants,Clothing,60,Connecticut,M,Peach,Winter,2.9,Yes,2-Day Shipping,Yes,38,Venmo,Bi-Weekly,Bi-Weekly,18-30 (Young Adult),14,Medium Value,High Engagement,Medium Value - High Engagement
678,60,Male,Socks,Clothing,62,Washington,S,Turquoise,Summer,2.7,Yes,Express,Yes,41,PayPal,Annually,Annually,46-60 (Middle-Aged),365,Medium Value,High Engagement,Medium Value - High Engagement
679,27,Male,Blouse,Clothing,74,Maine,M,Teal,Fall,3.3,Yes,Store Pickup,Yes,25,Debit Card,Quarterly,Every 3 Months,18-30 (Young Adult),90,Medium Value,Medium Engagement,Medium Value - Medium Engagement
680,56,Male,Sandals,Footwear,95,Michigan,M,Turquoise,Fall,3.4,Yes,Express,Yes,37,Venmo,Bi-Weekly,Fortnightly,46-60 (Middle-Aged),14,High Value,High Engagement,High Value - High Engagement
681,58,Male,Sneakers,Footwear,25,Tennessee,M,Magenta,Spring,4.2,Yes,Express,Yes,3,PayPal,Annually,Annually,46-60 (Middle-Aged),365,Low Value,Low Engagement,Low Value - Low Engagement
682,30,Male,Shirt,Clothing,59,Louisiana,XL,Purple,Winter,3.8,Yes,2-Day Shipping,Yes,24,Credit Card,Quarterly,Every 3 Months,18-30 (Young Adult),90,Medium Value,Medium Engagement,Medium Value - Medium Engagement
683,23,Male,Jacket,Outerwear,29,Missouri,M,Brown,Summer,4.0,Yes,Standard,Yes,49,Credit Card,Bi-Weekly,Bi-Weekly,18-30 (Young Adult),14,Low Value,High Engagement,Low Value - High Engagement
684,33,Male,Sandals,Footwear,36,Michigan,S,Violet,Winter,2.7,Yes,Free Shipping,Yes,3,Bank Transfer,Monthly,Monthly,31-45 (Adult),30,Low Value,Low Engagement,Low Value - Low Engagement
685,63,Male,Hat,Accessories,82,Alabama,M,Yellow,Summer,4.7,Yes,Express,Yes,42,Debit Card,Monthly,Monthly,61-70 (Senior),30,High Value,High Engagement,High Value - High Engagement
686,70,Male,Blouse,Clothing,71,Massachusetts,XL,Magenta,Winter,3.5,Yes,Standard,Yes,32,Cash,Bi-Weekly,Fortnightly,61-70 (Senior),14,Medium Value,Medium Engagement,Medium Value - Medium Engagement
687,70,Male,Sweater,Clothing,35,Indiana,L,Beige,Fall,3.0,Yes,2-Day Shipping,Yes,33,Venmo,Bi-Weekly,Fortnightly,61-70 (Senior),14,Low Value,Medium Engagement,Low Value - Medium Engagement
688,19,Male,Gloves,Accessories,38,West Virginia,XL,Turquoise,Winter,3.3,Yes,Free Shipping,Yes,46,Bank Transfer,Quarterly,Quarterly,18-30 (Young Adult),90,Low Value,High Engagement,Low Value - High Engagement
689,25,Male,Scarf,Accessories,59,Michigan,S,Peach,Summer,4.7,Yes,Store Pickup,Yes,44,Venmo,Monthly,Monthly,18-30 (Young Adult),30,Medium Value,High Engagement,Medium Value - High Engagement
690,19,Male,Hoodie,Clothing,91,Pennsylvania,M,Orange,Summer,4.7,Yes,Express,Yes,35,Credit Card,Quarterly,Every 3 Months,18-30 (Young Adult),90,High Value,Medium Engagement,High Value - Medium Engagement
691,25,Male,Shorts,Clothing,68,Alaska,XL,Red,Spring,4.8,Yes,Standard,Yes,45,Bank Transfer,Weekly,Weekly,18-30 (Young Adult),7,Medium Value,High Engagement,Medium Value - High Engagement
692,60,Male,Backpack,Accessories,21,Massachusetts,L,Silver,Summer,2.9,Yes,Standard,Yes,37,PayPal,Bi-Weekly,Bi-Weekly,46-60 (Middle-Aged),14,Low Value,High Engagement,Low Value - High Engagement
693,35,Male,Sunglasses,Accessories,95,North Dakota,M,Cyan,Spring,4.0,Yes,2-Day Shipping,Yes,40,Debit Card,Quarterly,Every 3 Months,31-45 (Adult),90,High Value,High Engagement,High Value - High Engagement
694,46,Male,Shorts,Clothing,52,Vermont,L,Turquoise,Spring,3.1,Yes,Free Shipping,Yes,30,Cash,Quarterly,Every 3 Months,46-60 (Middle-Aged),90,Medium Value,Medium Engagement,Medium Value - Medium Engagement
695,41,Male,Dress,Clothing,21,Kentucky,S,Charcoal,Fall,3.5,Yes,2-Day Shipping,Yes,38,Venmo,Quarterly,Every 3 Months,31-45 (Adult),90,Low Value,High Engagement,Low Value - High Engagement
696,30,Male,Shorts,Clothing,67,Nevada,XL,Peach,Summer,3.7,Yes,Next Day Air,Yes,15,Debit Card,Quarterly,Every 3 Months,18-30 (Young Adult),90,Medium Value,Low Engagement,Medium Value - Low Engagement
697,44,Male,Belt,Accessories,42,Utah,L,Green,Fall,2.8,Yes,Standard,Yes,49,Cash,Monthly,Monthly,31-45 (Adult),30,Medium Value,High Engagement,Medium Value - High Engagement
698,61,Male,Scarf,Accessories,63,North Dakota,XL,Brown,Summer,4.6,Yes,Free Shipping,Yes,40,Debit Card,Quarterly,Quarterly,61-70 (Senior),90,Medium Value,High Engagement,Medium Value - High Engagement
699,55,Male,Boots,Footwear,41,Iowa,M,Yellow,Winter,3.8,Yes,Standard,Yes,40,Debit Card,Weekly,Weekly,46-60 (Middle-Aged),7,Medium Value,High Engagement,Medium Value - High Engagement
700,50,Male,Handbag,Accessories,46,Connecticut,M,Charcoal,Fall,2.6,Yes,2-Day Shipping,Yes,5,PayPal,Weekly,Weekly,46-60 (Middle-Aged),7,Medium Value,Low Engagement,Medium Value - Low Engagement
701,57,Male,Pants,Clothing,79,Wisconsin,L,Olive,Winter,4.1,Yes,Standard,Yes,5,PayPal,Monthly,Monthly,46-60 (Middle-Aged),30,High Value,Low Engagement,High Value - Low Engagement
702,51,Male,Boots,Footwear,90,Idaho,L,Red,Fall,3.3,Yes,Next Day Air,Yes,5,Debit Card,Quarterly,Every 3 Months,46-60 (Middle-Aged),90,High Value,Low Engagement,High Value - Low Engagement
703,18,Male,Shirt,Clothing,71,Montana,M,White,Winter,3.4,Yes,Store Pickup,Yes,1,Cash,Weekly,Weekly,18-30 (Young Adult),7,Medium Value,Low Engagement,Medium Value - Low Engagement
704,63,Male,Dress,Clothing,87,Connecticut,L,Pink,Summer,3.0,Yes,Standard,Yes,21,Venmo,Weekly,Weekly,61-70 (Senior),7,High Value,Medium Engagement,High Value - Medium Engagement
705,34,Male,Hoodie,Clothing,66,Idaho,S,Black,Spring,3.2,Yes,Express,Yes,18,PayPal,Annually,Annually,31-45 (Adult),365,Medium Value,Medium Engagement,Medium Value - Medium Engagement
706,25,Male,Pants,Clothing,90,Arkansas,XL,Indigo,Summer,4.5,Yes,Free Shipping,Yes,49,Cash,Quarterly,Quarterly,18-30 (Young Adult),90,High Value,High Engagement,High Value - High Engagement
707,46,Male,Jeans,Clothing,47,Iowa,L,Turquoise,Summer,4.8,Yes,Express,Yes,27,Debit Card,Weekly,Weekly,46-60 (Middle-Aged),7,Medium Value,Medium Engagement,Medium Value - Medium Engagement
708,59,Male,Shirt,Clothing,38,Louisiana,L,Purple,Spring,3.7,Yes,Next Day Air,Yes,21,Venmo,Annually,Annually,46-60 (Middle-Aged),365,Low Value,Medium Engagement,Low Value - Medium Engagement
709,37,Male,Backpack,Accessories,50,Kentucky,L,Beige,Summer,3.4,Yes,Store Pickup,Yes,19,Cash,Bi-Weekly,Fortnightly,31-45 (Adult),14,Medium Value,Medium Engagement,Medium Value - Medium Engagement
710,49,Male,Jacket,Outerwear,79,Massachusetts,L,Charcoal,Summer,4.6,Yes,Standard,Yes,23,Debit Card,Monthly,Monthly,46-60 (Middle-Aged),30,High Value,Medium Engagement,High Value - Medium Engagement
711,22,Male,Scarf,Accessories,91,Virginia,L,Turquoise,Spring,4.1,Yes,Standard,Yes,26,PayPal,Bi-Weekly,Fortnightly,18-30 (Young Adult),14,High Value,Medium Engagement,High Value - Medium Engagement
712,64,Male,Boots,Footwear,60,New Hampshire,M,Maroon,Spring,3.5,Yes,2-Day Shipping,Yes,13,Bank Transfer,Bi-Weekly,Bi-Weekly,61-70 (Senior),14,Medium Value,Low Engagement,Medium Value - Low Engagement
713,42,Male,Blouse,Clothing,81,New Hampshire,XL,Black,Summer,3.8,Yes,Next Day Air,Yes,36,Bank Transfer,Quarterly,Quarterly,31-45 (Adult),90,High Value,High Engagement,High Value - High Engagement
714,37,Male,Hoodie,Clothing,90,Oregon,M,Lavender,Summer,2.6,Yes,Express,Yes,39,Bank Transfer,Bi-Weekly,Bi-Weekly,31-45 (Adult),14,High Value,High Engagement,High Value - High Engagement
715,26,Male,Jacket,Outerwear,70,South Dakota,M,Magenta,Fall,4.4,Yes,Store Pickup,Yes,40,Debit Card,Bi-Weekly,Fortnightly,18-30 (Young Adult),14,Medium Value,High Engagement,Medium Value - High Engagement
716,33,Male,Jeans,Clothing,63,Delaware,L,Green,Spring,2.6,Yes,Express,Yes,37,Debit Card,Quarterly,Quarterly,31-45 (Adult),90,Medium Value,High Engagement,Medium Value - High Engagement
717,30,Male,Jewelry,Accessories,29,Missouri,M,Olive,Spring,3.6,Yes,Express,Yes,9,Venmo,Bi-Weekly,Bi-Weekly,18-30 (Young Adult),14,Low Value,Low Engagement,Low Value - Low Engagement
718,21,Male,Socks,Clothing,90,Alaska,L,Green,Spring,4.2,Yes,Express,Yes,7,Venmo,Quarterly,Every 3 Months,18-30 (Young Adult),90,High Value,Low Engagement,High Value - Low Engagement
719,22,Male,Shirt,Clothing,22,Florida,M,Peach,Summer,4.6,Yes,Standard,Yes,25,Bank Transfer,Annually,Annually,18-30 (Young Adult),365,Low Value,Medium Engagement,Low Value - Medium Engagement
720,63,Male,Shorts,Clothing,22,Mississippi,L,Turquoise,Summer,3.3,Yes,Next Day Air,Yes,42,Venmo,Bi-Weekly,Bi-Weekly,61-70 (Senior),14,Low Value,High Engagement,Low Value - High Engagement
721,33,Male,Jewelry,Accessories,62,New Mexico,L,Orange,Fall,3.4,Yes,Free Shipping,Yes,19,Debit Card,Weekly,Weekly,31-45 (Adult),7,Medium Value,Medium Engagement,Medium Value - Medium Engagement
722,43,Male,Blouse,Clothing,57,California,L,Silver,Summer,4.4,Yes,Next Day Air,Yes,41,Debit Card,Quarterly,Every 3 Months,31-45 (Adult),90,Medium Value,High Engagement,Medium Value - High Engagement
723,27,Male,Sweater,Clothing,32,Wyoming,S,Blue,Summer,4.3,Yes,Store Pickup,Yes,50,Cash,Bi-Weekly,Bi-Weekly,18-30 (Young Adult),14,Low Value,High Engagement,Low Value - High Engagement
724,35,Male,Jewelry,Accessories,53,Missouri,L,Cyan,Fall,3.5,Yes,Express,Yes,43,PayPal,Monthly,Monthly,31-45 (Adult),30,Medium Value,High Engagement,Medium Value - High Engagement
725,37,Male,T-shirt,Clothing,79,New Hampshire,XL,Green,Fall,4.7,Yes,Store Pickup,Yes,36,Venmo,Quarterly,Every 3 Months,31-45 (Adult),90,High Value,High Engagement,High Value - High Engagement
726,61,Male,Hat,Accessories,61,Texas,L,Silver,Winter,3.1,Yes,Standard,Yes,33,Debit Card,Bi-Weekly,Fortnightly,61-70 (Senior),14,Medium Value,Medium Engagement,Medium Value - Medium Engagement
727,32,Male,Shorts,Clothing,78,North Dakota,L,Yellow,Summer,3.6,Yes,Next Day Air,Yes,20,Bank Transfer,Quarterly,Every 3 Months,31-45 (Adult),90,High Value,Medium Engagement,High Value - Medium Engagement
728,62,Male,Sweater,Clothing,97,Arkansas,S,Gray,Winter,4.8,Yes,Next Day Air,Yes,37,Venmo,Quarterly,Every 3 Months,61-70 (Senior),90,High Value,High Engagement,High Value - High Engagement
729,29,Male,Jeans,Clothing,78,Nebraska,M,Pink,Winter,3.7,Yes,Next Day Air,Yes,12,PayPal,Quarterly,Every 3 Months,18-30 (Young Adult),90,High Value,Low Engagement,High Value - Low Engagement
730,41,Male,Sunglasses,Accessories,56,Minnesota,L,Beige,Summer,3.2,Yes,Express,Yes,46,PayPal,Quarterly,Every 3 Months,31-45 (Adult),90,Medium Value,High Engagement,Medium Value - High Engagement
731,48,Male,Boots,Footwear,25,Massachusetts,M,Indigo,Summer,3.9,Yes,Standard,Yes,28,Venmo,Bi-Weekly,Fortnightly,46-60 (Middle-Aged),14,Low Value,Medium Engagement,Low Value - Medium Engagement
732,43,Male,Coat,Outerwear,28,Arkansas,M,Red,Spring,3.5,Yes,Free Shipping,Yes,30,PayPal,Bi-Weekly,Fortnightly,31-45 (Adult),14,Low Value,Medium Engagement,Low Value - Medium Engagement
733,34,Male,Shirt,Clothing,57,New Hampshire,L,Blue,Spring,2.8,Yes,Express,Yes,28,Cash,Bi-Weekly,Bi-Weekly,31-45 (Adult),14,Medium Value,Medium Engagement,Medium Value - Medium Engagement
734,45,Male,Dress,Clothing,36,Rhode Island,L,Cyan,Fall,2.7,Yes,2-Day Shipping,Yes,20,Debit Card,Bi-Weekly,Bi-Weekly,31-45 (Adult),14,Low Value,Medium Engagement,Low Value - Medium Engagement
735,65,Male,Shirt,Clothing,69,New Jersey,S,Violet,Winter,3.1,Yes,Express,Yes,39,Bank Transfer,Quarterly,Every 3 Months,61-70 (Senior),90,Medium Value,High Engagement,Medium Value - High Engagement
736,61,Male,Sunglasses,Accessories,48,Montana,M,Orange,Fall,3.6,Yes,2-Day Shipping,Yes,48,Cash,Bi-Weekly,Bi-Weekly,61-70 (Senior),14,Medium Value,High Engagement,Medium Value - High Engagement
737,18,Male,Dress,Clothing,58,Colorado,L,Maroon,Spring,2.9,Yes,2-Day Shipping,Yes,32,Credit Card,Quarterly,Every 3 Months,18-30 (Young Adult),90,Medium Value,Medium Engagement,Medium Value - Medium Engagement
738,47,Male,Sunglasses,Accessories,24,Nebraska,M,Teal,Spring,3.6,Yes,Store Pickup,Yes,28,PayPal,Annually,Annually,46-60 (Middle-Aged),365,Low Value,Medium Engagement,Low Value - Medium Engagement
739,56,Male,Sunglasses,Accessories,31,Minnesota,L,Orange,Winter,3.5,Yes,2-Day Shipping,Yes,27,Venmo,Quarterly,Quarterly,46-60 (Middle-Aged),90,Low Value,Medium Engagement,Low Value - Medium Engagement
740,64,Male,Shorts,Clothing,29,Minnesota,S,Purple,Summer,3.5,Yes,Free Shipping,Yes,26,Venmo,Bi-Weekly,Bi-Weekly,61-70 (Senior),14,Low Value,Medium Engagement,Low Value - Medium Engagement
741,26,Male,Jeans,Clothing,69,South Dakota,M,Orange,Summer,2.8,Yes,Next Day Air,Yes,22,Credit Card,Bi-Weekly,Fortnightly,18-30 (Young Adult),14,Medium Value,Medium Engagement,Medium Value - Medium Engagement
742,22,Male,T-shirt,Clothing,79,West Virginia,XL,Yellow,Summer,4.7,Yes,Free Shipping,Yes,23,Bank Transfer,Quarterly,Every 3 Months,18-30 (Young Adult),90,High Value,Medium Engagement,High Value - Medium Engagement
743,64,Male,Pants,Clothing,39,Nevada,M,Charcoal,Summer,3.1,Yes,Express,Yes,21,Debit Card,Quarterly,Quarterly,61-70 (Senior),90,Low Value,Medium Engagement,Low Value - Medium Engagement
744,21,Male,Sunglasses,Accessories,84,North Carolina,L,Gray,Fall,4.9,Yes,Free Shipping,Yes,36,Cash,Weekly,Weekly,18-30 (Young Adult),7,High Value,High Engagement,High Value - High Engagement
745,67,Male,Boots,Footwear,66,Illinois,S,Charcoal,Spring,4.1,Yes,Next Day Air,Yes,42,Debit Card,Bi-Weekly,Bi-Weekly,61-70 (Senior),14,Medium Value,High Engagement,Medium Value - High Engagement
746,46,Male,T-shirt,Clothing,92,Michigan,L,Orange,Fall,4.7,Yes,Standard,Yes,4,Venmo,Monthly,Monthly,46-60 (Middle-Aged),30,High Value,Low Engagement,High Value - Low Engagement
747,40,Male,Sandals,Footwear,45,Michigan,M,Red,Winter,2.5,Yes,Free Shipping,Yes,47,Credit Card,Annually,Annually,31-45 (Adult),365,Medium Value,High Engagement,Medium Value - High Engagement
748,51,Male,Shorts,Clothing,74,Oklahoma,L,Gold,Spring,4.4,Yes,Next Day Air,Yes,13,Bank Transfer,Weekly,Weekly,46-60 (Middle-Aged),7,Medium Value,Low Engagement,Medium Value - Low Engagement
749,35,Male,Hat,Accessories,39,South Dakota,L,Brown,Fall,3.9,Yes,Free Shipping,Yes,8,Bank Transfer,Quarterly,Quarterly,31-45 (Adult),90,Low Value,Low Engagement,Low Value - Low Engagement
750,56,Male,Scarf,Accessories,71,Oklahoma,M,Olive,Winter,3.7,Yes,Standard,Yes,11,Debit Card,Quarterly,Quarterly,46-60 (Middle-Aged),90,Medium Value,Low Engagement,Medium Value - Low Engagement
751,25,Male,T-shirt,Clothing,95,Maryland,L,Violet,Fall,3.4,Yes,Free Shipping,Yes,5,Venmo,Annually,Annually,18-30 (Young Adult),365,High Value,Low Engagement,High Value - Low Engagement
752,65,Male,Gloves,Accessories,72,Ohio,L,Indigo,Fall,4.8,Yes,Free Shipping,Yes,1,Credit Card,Monthly,Monthly,61-70 (Senior),30,Medium Value,Low Engagement,Medium Value - Low Engagement
753,39,Male,Scarf,Accessories,85,Ohio,L,Yellow,Fall,4.2,Yes,2-Day Shipping,Yes,17,PayPal,Quarterly,Every 3 Months,31-45 (Adult),90,High Value,Medium Engagement,High Value - Medium Engagement
754,47,Male,Boots,Footwear,54,Massachusetts,M,Teal,Fall,3.4,Yes,Store Pickup,Yes,27,Venmo,Quarterly,Quarterly,46-60 (Middle-Aged),90,Medium Value,Medium Engagement,Medium Value - Medium Engagement
755,36,Male,Gloves,Accessories,41,North Carolina,L,Pink,Spring,2.9,Yes,Store Pickup,Yes,3,Debit Card,Quarterly,Quarterly,31-45 (Adult),90,Medium Value,Low Engagement,Medium Value - Low Engagement
756,66,Male,Coat,Outerwear,24,Florida,M,Violet,Spring,3.3,Yes,Free Shipping,Yes,22,PayPal,Weekly,Weekly,61-70 (Senior),7,Low Value,Medium Engagement,Low Value - Medium Engagement
757,62,Male,Belt,Accessories,99,Montana,S,Orange,Summer,4.8,Yes,Standard,Yes,24,Cash,Bi-Weekly,Fortnightly,61-70 (Senior),14,High Value,Medium Engagement,High Value - Medium Engagement
758,41,Male,Hoodie,Clothing,32,Minnesota,M,Red,Fall,3.8,Yes,Store Pickup,Yes,18,Debit Card,Quarterly,Quarterly,31-45 (Adult),90,Low Value,Medium Engagement,Low Value - Medium Engagement
759,66,Male,Shoes,Footwear,71,Massachusetts,L,Peach,Summer,4.6,Yes,2-Day Shipping,Yes,39,Bank Transfer,Quarterly,Every 3 Months,61-70 (Senior),90,Medium Value,High Engagement,Medium Value - High Engagement
760,51,Male,Dress,Clothing,49,Rhode Island,XL,Green,Winter,2.6,Yes,Next Day Air,Yes,25,Credit Card,Bi-Weekly,Fortnightly,46-60 (Middle-Aged),14,Medium Value,Medium Engagement,Medium Value - Medium Engagement
761,33,Male,Gloves,Accessories,50,Minnesota,XL,Violet,Fall,3.4,Yes,Free Shipping,Yes,6,Cash,Annually,Annually,31-45 (Adult),365,Medium Value,Low Engagement,Medium Value - Low Engagement
762,57,Male,Jewelry,Accessories,91,Nevada,L,Yellow,Fall,4.2,Yes,Express,Yes,26,Bank Transfer,Weekly,Weekly,46-60 (Middle-Aged),7,High Value,Medium Engagement,High Value - Medium Engagement
763,45,Male,Belt,Accessories,46,New Mexico,M,Pink,Fall,3.9,Yes,Standard,Yes,43,Debit Card,Bi-Weekly,Fortnightly,31-45 (Adult),14,Medium Value,High Engagement,Medium Value - High Engagement
764,61,Male,Sweater,Clothing,50,North Carolina,M,Brown,Spring,2.9,Yes,2-Day Shipping,Yes,6,Credit Card,Monthly,Monthly,61-70 (Senior),30,Medium Value,Low Engagement,Medium Value - Low Engagement
765,55,Male,Skirt,Clothing,39,Virginia,XL,Silver,Fall,4.2,Yes,Free Shipping,Yes,6,Debit Card,Quarterly,Quarterly,46-60 (Middle-Aged),90,Low Value,Low Engagement,Low Value - Low Engagement
766,54,Male,Sneakers,Footwear,99,Alaska,M,Pink,Summer,3.0,Yes,Store Pickup,Yes,13,Cash,Quarterly,Quarterly,46-60 (Middle-Aged),90,High Value,Low Engagement,High Value - Low Engagement
767,57,Male,Gloves,Accessories,48,Nevada,M,Cyan,Winter,3.6,Yes,Next Day Air,Yes,13,PayPal,Monthly,Monthly,46-60 (Middle-Aged),30,Medium Value,Low Engagement,Medium Value - Low Engagement
768,27,Male,Coat,Outerwear,77,Pennsylvania,M,Brown,Fall,2.5,Yes,Next Day Air,Yes,11,Cash,Annually,Annually,18-30 (Young Adult),365,High Value,Low Engagement,High Value - Low Engagement
769,64,Male,Backpack,Accessories,95,Illinois,XL,Red,Spring,2.6,Yes,Express,Yes,45,Venmo,Weekly,Weekly,61-70 (Senior),7,High Value,High Engagement,High Value - High Engagement
770,52,Male,Socks,Clothing,100,Delaware,M,Silver,Spring,4.3,Yes,Store Pickup,Yes,8,PayPal,Monthly,Monthly,46-60 (Middle-Aged),30,High Value,Low Engagement,High Value - Low Engagement
771,19,Male,Sneakers,Footwear,54,Vermont,M,Gray,Spring,3.3,Yes,Express,Yes,8,Credit Card,Annually,Annually,18-30 (Young Adult),365,Medium Value,Low Engagement,Medium Value - Low Engagement
772,22,Male,Sweater,Clothing,68,Hawaii,L,Cyan,Fall,2.6,Yes,Next Day Air,Yes,34,Bank Transfer,Bi-Weekly,Fortnightly,18-30 (Young Adult),14,Medium Value,Medium Engagement,Medium Value - Medium Engagement
773,18,Male,Jeans,Clothing,22,Illinois,L,Teal,Fall,3.6,Yes,Free Shipping,Yes,40,Debit Card,Bi-Weekly,Bi-Weekly,18-30 (Young Adult),14,Low Value,High Engagement,Low Value - High Engagement
774,29,Male,Hat,Accessories,84,California,L,Indigo,Winter,2.6,Yes,Express,Yes,14,Debit Card,Bi-Weekly,Bi-Weekly,18-30 (Young Adult),14,High Value,Low Engagement,High Value - Low Engagement
775,42,Male,Hat,Accessories,46,Nevada,M,Yellow,Summer,3.5,Yes,Standard,Yes,11,Credit Card,Quarterly,Quarterly,31-45 (Adult),90,Medium Value,Low Engagement,Medium Value - Low Engagement
776,49,Male,Handbag,Accessories,53,Kentucky,S,Gold,Winter,3.0,Yes,Store Pickup,Yes,8,PayPal,Monthly,Monthly,46-60 (Middle-Aged),30,Medium Value,Low Engagement,Medium Value - Low Engagement
777,49,Male,Shirt,Clothing,60,Alabama,M,Maroon,Spring,5.0,Yes,Standard,Yes,8,Venmo,Quarterly,Every 3 Months,46-60 (Middle-Aged),90,Medium Value,Low Engagement,Medium Value - Low Engagement
778,55,Male,Socks,Clothing,32,Wyoming,XL,Silver,Spring,2.5,Yes,Express,Yes,37,Venmo,Weekly,Weekly,46-60 (Middle-Aged),7,Low Value,High Engagement,Low Value - High Engagement
779,29,Male,Socks,Clothing,50,Massachusetts,M,Yellow,Summer,2.9,Yes,Store Pickup,Yes,23,Debit Card,Annually,Annually,18-30 (Young Adult),365,Medium Value,Medium Engagement,Medium Value - Medium Engagement
780,60,Male,Dress,Clothing,94,Utah,M,Blue,Spring,4.6,Yes,Express,Yes,38,Cash,Annually,Annually,46-60 (Middle-Aged),365,High Value,High Engagement,High Value - High Engagement
781,34,Male,Shoes,Footwear,26,New York,M,Turquoise,Spring,3.6,Yes,Free Shipping,Yes,38,Cash,Quarterly,Quarterly,31-45 (Adult),90,Low Value,High Engagement,Low Value - High Engagement
782,30,Male,Scarf,Accessories,44,Vermont,L,Indigo,Winter,3.0,Yes,Store Pickup,Yes,12,Credit Card,Bi-Weekly,Fortnightly,18-30 (Young Adult),14,Medium Value,Low Engagement,Medium Value - Low Engagement
783,28,Male,Hoodie,Clothing,57,Hawaii,M,Green,Summer,4.5,Yes,Standard,Yes,15,Cash,Weekly,Weekly,18-30 (Young Adult),7,Medium Value,Low Engagement,Medium Value - Low Engagement
784,63,Male,T-shirt,Clothing,65,Louisiana,L,Purple,Winter,4.5,Yes,Next Day Air,Yes,38,PayPal,Bi-Weekly,Fortnightly,61-70 (Senior),14,Medium Value,High Engagement,Medium Value - High Engagement
785,31,Male,Jeans,Clothing,72,Alabama,M,Peach,Winter,3.2,Yes,Store Pickup,Yes,41,Bank Transfer,Quarterly,Every 3 Months,31-45 (Adult),90,Medium Value,High Engagement,Medium Value - High Engagement
786,46,Male,Shorts,Clothing,62,Louisiana,S,Purple,Spring,4.0,Yes,Next Day Air,Yes,37,PayPal,Bi-Weekly,Fortnightly,46-60 (Middle-Aged),14,Medium Value,High Engagement,Medium Value - High Engagement
787,70,Male,Hat,Accessories,21,Indiana,S,Teal,Winter,4.8,Yes,Express,Yes,16,Bank Transfer,Quarterly,Every 3 Months,61-70 (Senior),90,Low Value,Medium Engagement,Low Value - Medium Engagement
788,53,Male,Handbag,Accessories,85,Michigan,S,Green,Spring,3.7,Yes,Free Shipping,Yes,25,Venmo,Weekly,Weekly,46-60 (Middle-Aged),7,High Value,Medium Engagement,High Value - Medium Engagement
789,50,Male,Pants,Clothing,51,Rhode Island,XL,Yellow,Summer,3.8,Yes,Store Pickup,Yes,18,Bank Transfer,Quarterly,Quarterly,46-60 (Middle-Aged),90,Medium Value,Medium Engagement,Medium Value - Medium Engagement
790,33,Male,Handbag,Accessories,84,Idaho,S,Purple,Fall,2.7,Yes,Standard,Yes,4,Credit Card,Bi-Weekly,Bi-Weekly,31-45 (Adult),14,High Value,Low Engagement,High Value - Low Engagement
791,22,Male,Sweater,Clothing,37,Louisiana,M,Indigo,Summer,4.9,Yes,Store Pickup,Yes,12,Bank Transfer,Quarterly,Quarterly,18-30 (Young Adult),90,Low Value,Low Engagement,Low Value - Low Engagement
792,50,Male,Scarf,Accessories,44,North Carolina,S,Magenta,Summer,3.1,Yes,2-Day Shipping,Yes,35,PayPal,Bi-Weekly,Fortnightly,46-60 (Middle-Aged),14,Medium Value,Medium Engagement,Medium Value - Medium Engagement
793,34,Male,Sneakers,Footwear,45,New Jersey,M,Violet,Spring,4.2,Yes,Next Day Air,Yes,45,Venmo,Weekly,Weekly,31-45 (Adult),7,Medium Value,High Engagement,Medium Value - High Engagement
794,24,Male,Pants,Clothing,35,Alabama,L,Maroon,Summer,3.8,Yes,Free Shipping,Yes,16,Credit Card,Monthly,Monthly,18-30 (Young Adult),30,Low Value,Medium Engagement,Low Value - Medium Engagement
795,69,Male,Backpack,Accessories,50,Kentucky,XL,Yellow,Winter,4.2,Yes,Store Pickup,Yes,10,Debit Card,Bi-Weekly,Fortnightly,61-70 (Senior),14,Medium Value,Low Engagement,Medium Value - Low Engagement
796,39,Male,Sandals,Footwear,26,New York,M,Beige,Summer,4.6,Yes,Store Pickup,Yes,34,Venmo,Annually,Annually,31-45 (Adult),365,Low Value,Medium Engagement,Low Value - Medium Engagement
797,42,Male,Socks,Clothing,78,Arizona,XL,Black,Fall,4.0,Yes,2-Day Shipping,Yes,43,Credit Card,Annually,Annually,31-45 (Adult),365,High Value,High Engagement,High Value - High Engagement
798,42,Male,Coat,Outerwear,82,Maryland,M,Violet,Fall,4.0,Yes,2-Day Shipping,Yes,38,Debit Card,Weekly,Weekly,31-45 (Adult),7,High Value,High Engagement,High Value - High Engagement
799,29,Male,Socks,Clothing,39,Alaska,M,Violet,Spring,3.8,Yes,2-Day Shipping,Yes,48,PayPal,Quarterly,Every 3 Months,18-30 (Young Adult),90,Low Value,High Engagement,Low Value - High Engagement
800,55,Male,Belt,Accessories,55,Nevada,L,Brown,Summer,3.8,Yes,Free Shipping,Yes,31,PayPal,Annually,Annually,46-60 (Middle-Aged),365,Medium Value,Medium Engagement,Medium Value - Medium Engagement
801,32,Male,Socks,Clothing,20,Utah,S,Gold,Summer,2.6,Yes,Free Shipping,Yes,20,Cash,Quarterly,Every 3 Months,31-45 (Adult),90,Low Value,Medium Engagement,Low Value - Medium Engagement
802,25,Male,Belt,Accessories,29,New Mexico,L,Blue,Fall,4.9,Yes,Express,Yes,12,Credit Card,Bi-Weekly,Fortnightly,18-30 (Young Adult),14,Low Value,Low Engagement,Low Value - Low Engagement
803,38,Male,Pants,Clothing,41,Delaware,M,Teal,Winter,3.5,Yes,Next Day Air,Yes,2,Bank Transfer,Weekly,Weekly,31-45 (Adult),7,Medium Value,Low Engagement,Medium Value - Low Engagement
804,32,Male,Shorts,Clothing,38,Connecticut,L,Silver,Winter,2.8,Yes,Express,Yes,30,Venmo,Quarterly,Every 3 Months,31-45 (Adult),90,Low Value,Medium Engagement,Low Value - Medium Engagement
805,43,Male,Boots,Footwear,47,Mississippi,M,Maroon,Summer,2.6,Yes,Store Pickup,Yes,28,Venmo,Quarterly,Quarterly,31-45 (Adult),90,Medium Value,Medium Engagement,Medium Value - Medium Engagement
806,41,Male,Dress,Clothing,30,Connecticut,L,White,Summer,3.7,Yes,Next Day Air,Yes,40,Debit Card,Monthly,Monthly,31-45 (Adult),30,Low Value,High Engagement,Low Value - High Engagement
807,56,Male,Jeans,Clothing,56,Florida,L,Charcoal,Summer,2.7,Yes,Standard,Yes,46,PayPal,Quarterly,Quarterly,46-60 (Middle-Aged),90,Medium Value,High Engagement,Medium Value - High Engagement
808,27,Male,T-shirt,Clothing,89,New York,S,Brown,Winter,3.3,Yes,Express,Yes,15,Credit Card,Weekly,Weekly,18-30 (Young Adult),7,High Value,Low Engagement,High Value - Low Engagement
809,46,Male,Shoes,Footwear,96,Wisconsin,L,Lavender,Fall,4.6,Yes,Next Day Air,Yes,38,Cash,Quarterly,Every 3 Months,46-60 (Middle-Aged),90,High Value,High Engagement,High Value - High Engagement
810,48,Male,Boots,Footwear,81,South Carolina,M,Violet,Fall,4.9,Yes,Next Day Air,Yes,30,PayPal,Bi-Weekly,Bi-Weekly,46-60 (Middle-Aged),14,High Value,Medium Engagement,High Value - Medium Engagement
811,52,Male,Scarf,Accessories,83,South Dakota,S,Lavender,Fall,4.9,Yes,Store Pickup,Yes,32,Debit Card,Bi-Weekly,Bi-Weekly,46-60 (Middle-Aged),14,High Value,Medium Engagement,High Value - Medium Engagement
812,18,Male,Sneakers,Footwear,35,Illinois,M,Green,Winter,2.7,Yes,Free Shipping,Yes,36,Venmo,Quarterly,Quarterly,18-30 (Young Adult),90,Low Value,High Engagement,Low Value - High Engagement
813,64,Male,Boots,Footwear,56,Alaska,M,Olive,Summer,3.2,Yes,Standard,Yes,32,Credit Card,Weekly,Weekly,61-70 (Senior),7,Medium Value,Medium Engagement,Medium Value - Medium Engagement
814,54,Male,Handbag,Accessories,45,Montana,S,Olive,Summer,2.9,Yes,Store Pickup,Yes,14,Debit Card,Annually,Annually,46-60 (Middle-Aged),365,Medium Value,Low Engagement,Medium Value - Low Engagement
815,31,Male,Shirt,Clothing,62,Minnesota,M,Pink,Winter,3.8,Yes,Express,Yes,8,PayPal,Monthly,Monthly,31-45 (Adult),30,Medium Value,Low Engagement,Medium Value - Low Engagement
816,30,Male,Hat,Accessories,84,West Virginia,L,Teal,Spring,3.0,Yes,Next Day Air,Yes,27,Venmo,Bi-Weekly,Bi-Weekly,18-30 (Young Adult),14,High Value,Medium Engagement,High Value - Medium Engagement
817,26,Male,Sweater,Clothing,24,Illinois,L,Cyan,Summer,3.9,Yes,Store Pickup,Yes,24,Debit Card,Monthly,Monthly,18-30 (Young Adult),30,Low Value,Medium Engagement,Low Value - Medium Engagement
818,25,Male,Handbag,Accessories,21,Nevada,S,Gray,Spring,4.7,Yes,Store Pickup,Yes,30,PayPal,Bi-Weekly,Fortnightly,18-30 (Young Adult),14,Low Value,Medium Engagement,Low Value - Medium Engagement
819,59,Male,Shirt,Clothing,91,Idaho,M,Peach,Winter,4.9,Yes,Store Pickup,Yes,34,Debit Card,Monthly,Monthly,46-60 (Middle-Aged),30,High Value,Medium Engagement,High Value - Medium Engagement
820,55,Male,Sunglasses,Accessories,36,Colorado,S,Teal,Winter,4.8,Yes,Next Day Air,Yes,28,Debit Card,Quarterly,Quarterly,46-60 (Middle-Aged),90,Low Value,Medium Engagement,Low Value - Medium Engagement
821,56,Male,Sneakers,Footwear,39,Louisiana,M,Turquoise,Spring,2.5,Yes,2-Day Shipping,Yes,27,Debit Card,Monthly,Monthly,46-60 (Middle-Aged),30,Low Value,Medium Engagement,Low Value - Medium Engagement
822,62,Male,Hoodie,Clothing,39,Vermont,M,Green,Spring,3.9,Yes,Standard,Yes,31,Credit Card,Bi-Weekly,Bi-Weekly,61-70 (Senior),14,Low Value,Medium Engagement,Low Value - Medium Engagement
823,35,Male,Shirt,Clothing,59,Mississippi,L,Magenta,Winter,3.4,Yes,Standard,Yes,23,Bank Transfer,Annually,Annually,31-45 (Adult),365,Medium Value,Medium Engagement,Medium Value - Medium Engagement
824,51,Male,Sunglasses,Accessories,27,Georgia,M,Green,Winter,2.5,Yes,Free Shipping,Yes,11,Credit Card,Quarterly,Quarterly,46-60 (Middle-Aged),90,Low Value,Low Engagement,Low Value - Low Engagement
825,61,Male,Blouse,Clothing,94,Georgia,M,White,Spring,3.0,Yes,Store Pickup,Yes,48,Cash,Quarterly,Quarterly,61-70 (Senior),90,High Value,High Engagement,High Value - High Engagement
826,27,Male,Belt,Accessories,94,Nebraska,XL,Brown,Fall,3.6,Yes,Next Day Air,Yes,17,Cash,Monthly,Monthly,18-30 (Young Adult),30,High Value,Medium Engagement,High Value - Medium Engagement
827,54,Male,Dress,Clothing,94,Massachusetts,M,Purple,Winter,3.6,Yes,Standard,Yes,36,PayPal,Weekly,Weekly,46-60 (Middle-Aged),7,High Value,High Engagement,High Value - High Engagement
828,31,Male,Shoes,Footwear,51,Colorado,S,Green,Fall,4.1,Yes,Free Shipping,Yes,33,Bank Transfer,Bi-Weekly,Fortnightly,31-45 (Adult),14,Medium Value,Medium Engagement,Medium Value - Medium Engagement
829,24,Male,Socks,Clothing,62,Nevada,M,Peach,Fall,3.7,Yes,2-Day Shipping,Yes,27,PayPal,Bi-Weekly,Bi-Weekly,18-30 (Young Adult),14,Medium Value,Medium Engagement,Medium Value - Medium Engagement
830,42,Male,Socks,Clothing,57,Idaho,S,Silver,Spring,3.7,Yes,2-Day Shipping,Yes,14,Credit Card,Bi-Weekly,Fortnightly,31-45 (Adult),14,Medium Value,Low Engagement,Medium Value - Low Engagement
831,41,Male,Shorts,Clothing,76,Wyoming,M,Maroon,Fall,4.2,Yes,Express,Yes,5,Credit Card,Annually,Annually,31-45 (Adult),365,High Value,Low Engagement,High Value - Low Engagement
832,66,Male,Gloves,Accessories,63,Washington,M,Red,Summer,4.3,Yes,Express,Yes,47,Cash,Quarterly,Every 3 Months,61-70 (Senior),90,Medium Value,High Engagement,Medium Value - High Engagement
833,58,Male,Jacket,Outerwear,80,California,L,Blue,Fall,2.5,Yes,Express,Yes,28,Cash,Bi-Weekly,Bi-Weekly,46-60 (Middle-Aged),14,High Value,Medium Engagement,High Value - Medium Engagement
834,43,Male,Handbag,Accessories,68,Oklahoma,M,Purple,Fall,3.5,Yes,Standard,Yes,11,Credit Card,Annually,Annually,31-45 (Adult),365,Medium Value,Low Engagement,Medium Value - Low Engagement
835,52,Male,Backpack,Accessories,89,Nevada,M,Indigo,Summer,3.1,Yes,Free Shipping,Yes,18,Credit Card,Weekly,Weekly,46-60 (Middle-Aged),7,High Value,Medium Engagement,High Value - Medium Engagement
836,35,Male,Boots,Footwear,26,Maryland,L,Indigo,Summer,2.5,Yes,Next Day Air,Yes,21,Debit Card,Weekly,Weekly,31-45 (Adult),7,Low Value,Medium Engagement,Low Value - Medium Engagement
837,23,Male,Gloves,Accessories,90,West Virginia,L,Violet,Winter,3.9,Yes,Store Pickup,Yes,22,Cash,Bi-Weekly,Bi-Weekly,18-30 (Young Adult),14,High Value,Medium Engagement,High Value - Medium Engagement
838,25,Male,Hoodie,Clothing,28,Illinois,L,Brown,Spring,4.9,Yes,Express,Yes,33,Cash,Quarterly,Every 3 Months,18-30 (Young Adult),90,Low Value,Medium Engagement,Low Value - Medium Engagement
839,33,Male,Coat,Outerwear,29,Kentucky,M,Gray,Spring,4.3,Yes,Express,Yes,49,Credit Card,Annually,Annually,31-45 (Adult),365,Low Value,High Engagement,Low Value - High Engagement
840,48,Male,Shirt,Clothing,31,Illinois,L,Teal,Spring,2.6,Yes,Free Shipping,Yes,10,Debit Card,Quarterly,Every 3 Months,46-60 (Middle-Aged),90,Low Value,Low Engagement,Low Value - Low Engagement
841,42,Male,Shirt,Clothing,24,Alabama,L,Teal,Summer,4.2,Yes,2-Day Shipping,Yes,18,PayPal,Weekly,Weekly,31-45 (Adult),7,Low Value,Medium Engagement,Low Value - Medium Engagement
842,55,Male,Sweater,Clothing,88,Texas,M,Beige,Summer,2.6,Yes,Store Pickup,Yes,28,PayPal,Bi-Weekly,Fortnightly,46-60 (Middle-Aged),14,High Value,Medium Engagement,High Value - Medium Engagement
843,59,Male,Shirt,Clothing,87,Missouri,M,Violet,Spring,3.6,Yes,Express,Yes,25,PayPal,Weekly,Weekly,46-60 (Middle-Aged),7,High Value,Medium Engagement,High Value - Medium Engagement
844,65,Male,Hoodie,Clothing,80,Pennsylvania,S,Beige,Summer,3.2,Yes,Express,Yes,6,PayPal,Weekly,Weekly,61-70 (Senior),7,High Value,Low Engagement,High Value - Low Engagement
845,59,Male,Sandals,Footwear,48,Missouri,L,Purple,Winter,4.4,Yes,Express,Yes,44,Venmo,Bi-Weekly,Bi-Weekly,46-60 (Middle-Aged),14,Medium Value,High Engagement,Medium Value - High Engagement
846,31,Male,Belt,Accessories,21,Michigan,XL,Charcoal,Winter,3.7,Yes,Standard,Yes,30,Venmo,Monthly,Monthly,31-45 (Adult),30,Low Value,Medium Engagement,Low Value - Medium Engagement
847,49,Male,Boots,Footwear,72,Kentucky,M,Pink,Spring,3.7,Yes,Express,Yes,42,Debit Card,Quarterly,Quarterly,46-60 (Middle-Aged),90,Medium Value,High Engagement,Medium Value - High Engagement
848,53,Male,Hoodie,Clothing,44,New Jersey,L,Blue,Fall,4.1,Yes,Standard,Yes,30,PayPal,Monthly,Monthly,46-60 (Middle-Aged),30,Medium Value,Medium Engagement,Medium Value - Medium Engagement
849,48,Male,Sandals,Footwear,73,Delaware,M,Lavender,Fall,3.6,Yes,Store Pickup,Yes,33,Credit Card,Bi-Weekly,Bi-Weekly,46-60 (Middle-Aged),14,Medium Value,Medium Engagement,Medium Value - Medium Engagement
850,23,Male,Jeans,Clothing,61,Missouri,S,Charcoal,Spring,4.3,Yes,Express,Yes,24,PayPal,Quarterly,Quarterly,18-30 (Young Adult),90,Medium Value,Medium Engagement,Medium Value - Medium Engagement
851,68,Male,Shoes,Footwear,20,Connecticut,L,Turquoise,Winter,2.6,Yes,Store Pickup,Yes,13,Venmo,Monthly,Monthly,61-70 (Senior),30,Low Value,Low Engagement,Low Value - Low Engagement
852,35,Male,Sandals,Footwear,86,Massachusetts,M,Red,Summer,2.9,Yes,Express,Yes,19,Debit Card,Monthly,Monthly,31-45 (Adult),30,High Value,Medium Engagement,High Value - Medium Engagement
853,34,Male,Dress,Clothing,60,Florida,L,Yellow,Spring,4.2,Yes,Next Day Air,Yes,23,Debit Card,Quarterly,Every 3 Months,31-45 (Adult),90,Medium Value,Medium Engagement,Medium Value - Medium Engagement
854,62,Male,Hat,Accessories,43,Delaware,L,Orange,Winter,4.0,Yes,Free Shipping,Yes,35,Cash,Monthly,Monthly,61-70 (Senior),30,Medium Value,Medium Engagement,Medium Value - Medium Engagement
855,21,Male,Pants,Clothing,44,California,L,Blue,Spring,4.3,Yes,Free Shipping,Yes,22,Venmo,Monthly,Monthly,18-30 (Young Adult),30,Medium Value,Medium Engagement,Medium Value - Medium Engagement
856,70,Male,Socks,Clothing,76,Oregon,L,Gold,Spring,3.0,Yes,2-Day Shipping,Yes,14,Credit Card,Quarterly,Quarterly,61-70 (Senior),90,High Value,Low Engagement,High Value - Low Engagement
857,55,Male,Shirt,Clothing,33,Alaska,M,Gold,Summer,3.5,Yes,Express,Yes,47,Debit Card,Bi-Weekly,Fortnightly,46-60 (Middle-Aged),14,Low Value,High Engagement,Low Value - High Engagement
858,43,Male,Shorts,Clothing,60,Missouri,L,Cyan,Fall,3.0,Yes,Standard,Yes,50,Debit Card,Quarterly,Every 3 Months,31-45 (Adult),90,Medium Value,High Engagement,Medium Value - High Engagement
859,19,Male,Jacket,Outerwear,26,Oklahoma,L,Olive,Fall,3.1,Yes,Free Shipping,Yes,33,PayPal,Weekly,Weekly,18-30 (Young Adult),7,Low Value,Medium Engagement,Low Value - Medium Engagement
860,47,Male,Hoodie,Clothing,73,Wisconsin,M,Teal,Winter,4.0,Yes,Next Day Air,Yes,7,Debit Card,Monthly,Monthly,46-60 (Middle-Aged),30,Medium Value,Low Engagement,Medium Value - Low Engagement
861,26,Male,Shoes,Footwear,87,South Carolina,M,Maroon,Spring,4.1,Yes,Standard,Yes,3,Cash,Monthly,Monthly,18-30 (Young Adult),30,High Value,Low Engagement,High Value - Low Engagement
862,46,Male,Skirt,Clothing,100,Virginia,XL,Green,Spring,3.7,Yes,2-Day Shipping,Yes,35,Credit Card,Quarterly,Every 3 Months,46-60 (Middle-Aged),90,High Value,Medium Engagement,High Value - Medium Engagement
863,19,Male,Coat,Outerwear,84,Arkansas,M,Charcoal,Winter,4.9,Yes,Standard,Yes,13,PayPal,Bi-Weekly,Fortnightly,18-30 (Young Adult),14,High Value,Low Engagement,High Value - Low Engagement
864,49,Male,Sneakers,Footwear,41,Vermont,M,Cyan,Summer,3.9,Yes,Standard,Yes,42,PayPal,Bi-Weekly,Fortnightly,46-60 (Middle-Aged),14,Medium Value,High Engagement,Medium Value - High Engagement
865,51,Male,Jeans,Clothing,59,Kentucky,S,Charcoal,Winter,3.9,Yes,Next Day Air,Yes,5,PayPal,Annually,Annually,46-60 (Middle-Aged),365,Medium Value,Low Engagement,Medium Value - Low Engagement
866,64,Male,Blouse,Clothing,26,Colorado,L,Charcoal,Winter,4.8,Yes,Store Pickup,Yes,23,Venmo,Annually,Annually,61-70 (Senior),365,Low Value,Medium Engagement,Low Value - Medium Engagement
867,67,Male,Sunglasses,Accessories,69,New Mexico,M,Lavender,Summer,2.7,Yes,Free Shipping,Yes,11,PayPal,Bi-Weekly,Bi-Weekly,61-70 (Senior),14,Medium Value,Low Engagement,Medium Value - Low Engagement
868,37,Male,Jacket,Outerwear,20,Colorado,M,Turquoise,Spring,3.1,Yes,Free Shipping,Yes,23,Bank Transfer,Bi-Weekly,Fortnightly,31-45 (Adult),14,Low Value,Medium Engagement,Low Value - Medium Engagement
869,40,Male,Dress,Clothing,83,North Carolina,M,Green,Summer,3.2,Yes,Next Day Air,Yes,2,Credit Card,Quarterly,Every 3 Months,31-45 (Adult),90,High Value,Low Engagement,High Value - Low Engagement
870,38,Male,Hat,Accessories,54,New Hampshire,M,Silver,Spring,2.7,Yes,2-Day Shipping,Yes,33,PayPal,Weekly,Weekly,31-45 (Adult),7,Medium Value,Medium Engagement,Medium Value - Medium Engagement
871,66,Male,Hoodie,Clothing,66,West Virginia,M,Blue,Fall,2.5,Yes,Standard,Yes,6,Bank Transfer,Bi-Weekly,Bi-Weekly,61-70 (Senior),14,Medium Value,Low Engagement,Medium Value - Low Engagement
872,47,Male,Handbag,Accessories,42,Hawaii,M,Charcoal,Spring,2.6,Yes,Next Day Air,Yes,45,Debit Card,Quarterly,Quarterly,46-60 (Middle-Aged),90,Medium Value,High Engagement,Medium Value - High Engagement
873,56,Male,Jeans,Clothing,33,North Dakota,M,Pink,Spring,2.9,Yes,Standard,Yes,25,Cash,Quarterly,Quarterly,46-60 (Middle-Aged),90,Low Value,Medium Engagement,Low Value - Medium Engagement
874,51,Male,Boots,Footwear,77,Mississippi,M,Pink,Summer,4.2,Yes,Free Shipping,Yes,24,Venmo,Quarterly,Quarterly,46-60 (Middle-Aged),90,High Value,Medium Engagement,High Value - Medium Engagement
875,25,Male,Jacket,Outerwear,65,Maine,M,Magenta,Fall,4.4,Yes,Free Shipping,Yes,10,Venmo,Quarterly,Every 3 Months,18-30 (Young Adult),90,Medium Value,Low Engagement,Medium Value - Low Engagement
876,37,Male,Sandals,Footwear,39,North Dakota,L,Gray,Summer,4.1,Yes,Free Shipping,Yes,7,Bank Transfer,Quarterly,Every 3 Months,31-45 (Adult),90,Low Value,Low Engagement,Low Value - Low Engagement
877,41,Male,Belt,Accessories,51,Nebraska,L,Gray,Summer,3.8,Yes,2-Day Shipping,Yes,1,Debit Card,Weekly,Weekly,31-45 (Adult),7,Medium Value,Low Engagement,Medium Value - Low Engagement
878,64,Male,Handbag,Accessories,65,Nebraska,M,Orange,Winter,4.9,Yes,Next Day Air,Yes,45,Venmo,Quarterly,Every 3 Months,61-70 (Senior),90,Medium Value,High Engagement,Medium Value - High Engagement
879,23,Male,Sunglasses,Accessories,89,Tennessee,S,Black,Summer,4.9,Yes,Express,Yes,37,Debit Card,Weekly,Weekly,18-30 (Young Adult),7,High Value,High Engagement,High Value - High Engagement
880,62,Male,Skirt,Clothing,76,Wyoming,S,Lavender,Spring,4.1,Yes,Free Shipping,Yes,14,PayPal,Quarterly,Quarterly,61-70 (Senior),90,High Value,Low Engagement,High Value - Low Engagement
881,39,Male,Backpack,Accessories,75,Nevada,L,Red,Spring,3.1,Yes,Express,Yes,25,Debit Card,Monthly,Monthly,31-45 (Adult),30,Medium Value,Medium Engagement,Medium Value - Medium Engagement
882,52,Male,Sandals,Footwear,61,South Carolina,M,Silver,Summer,2.7,Yes,Next Day Air,Yes,18,Venmo,Annually,Annually,46-60 (Middle-Aged),365,Medium Value,Medium Engagement,Medium Value - Medium Engagement
883,50,Male,Boots,Footwear,35,Virginia,M,Cyan,Fall,3.8,Yes,Next Day Air,Yes,37,Cash,Quarterly,Every 3 Months,46-60 (Middle-Aged),90,Low Value,High Engagement,Low Value - High Engagement
884,28,Male,Sneakers,Footwear,37,Pennsylvania,S,Gold,Fall,4.3,Yes,Free Shipping,Yes,30,Bank Transfer,Monthly,Monthly,18-30 (Young Adult),30,Low Value,Medium Engagement,Low Value - Medium Engagement
885,67,Male,Skirt,Clothing,91,Hawaii,L,Yellow,Winter,4.1,Yes,Express,Yes,34,Bank Transfer,Weekly,Weekly,61-70 (Senior),7,High Value,Medium Engagement,High Value - Medium Engagement
886,41,Male,Dress,Clothing,99,Ohio,L,Purple,Fall,4.4,Yes,Free Shipping,Yes,49,Debit Card,Quarterly,Every 3 Months,31-45 (Adult),90,High Value,High Engagement,High Value - High Engagement
887,19,Male,Shorts,Clothing,54,Utah,S,Brown,Summer,3.6,Yes,Express,Yes,48,Bank Transfer,Monthly,Monthly,18-30 (Young Adult),30,Medium Value,High Engagement,Medium Value - High Engagement
888,70,Male,Handbag,Accessories,47,Minnesota,L,Turquoise,Winter,3.3,Yes,2-Day Shipping,Yes,33,PayPal,Bi-Weekly,Fortnightly,61-70 (Senior),14,Medium Value,Medium Engagement,Medium Value - Medium Engagement
889,49,Male,Scarf,Accessories,77,New Hampshire,S,Gold,Spring,3.8,Yes,Express,Yes,44,Cash,Annually,Annually,46-60 (Middle-Aged),365,High Value,High Engagement,High Value - High Engagement
890,59,Male,Belt,Accessories,84,Arizona,S,Olive,Fall,2.8,Yes,Free Shipping,Yes,50,Venmo,Weekly,Weekly,46-60 (Middle-Aged),7,High Value,High Engagement,High Value - High Engagement
891,52,Male,Gloves,Accessories,51,New York,S,Purple,Spring,4.3,Yes,2-Day Shipping,Yes,47,Credit Card,Monthly,Monthly,46-60 (Middle-Aged),30,Medium Value,High Engagement,Medium Value - High Engagement
892,20,Male,Skirt,Clothing,26,Pennsylvania,S,Lavender,Summer,3.9,Yes,Store Pickup,Yes,24,PayPal,Quarterly,Every 3 Months,18-30 (Young Adult),90,Low Value,Medium Engagement,Low Value - Medium Engagement
893,31,Male,Shorts,Clothing,64,New Mexico,L,Gray,Summer,2.7,Yes,Free Shipping,Yes,43,Debit Card,Monthly,Monthly,31-45 (Adult),30,Medium Value,High Engagement,Medium Value - High Engagement
894,33,Male,Backpack,Accessories,51,Nebraska,M,Red,Spring,4.7,Yes,Express,Yes,14,Venmo,Monthly,Monthly,31-45 (Adult),30,Medium Value,Low Engagement,Medium Value - Low Engagement
895,44,Male,Hoodie,Clothing,60,Wyoming,L,Purple,Spring,3.8,Yes,Free Shipping,Yes,3,Debit Card,Quarterly,Quarterly,31-45 (Adult),90,Medium Value,Low Engagement,Medium Value - Low Engagement
896,40,Male,Hat,Accessories,69,Mississippi,XL,Olive,Spring,4.7,Yes,Next Day Air,Yes,33,Debit Card,Quarterly,Quarterly,31-45 (Adult),90,Medium Value,Medium Engagement,Medium Value - Medium Engagement
897,69,Male,Jewelry,Accessories,29,Arkansas,M,Lavender,Spring,4.7,Yes,Express,Yes,38,Cash,Bi-Weekly,Fortnightly,61-70 (Senior),14,Low Value,High Engagement,Low Value - High Engagement
898,29,Male,Shirt,Clothing,91,Illinois,M,Gray,Spring,3.4,Yes,Express,Yes,46,Venmo,Weekly,Weekly,18-30 (Young Adult),7,High Value,High Engagement,High Value - High Engagement
899,54,Male,Belt,Accessories,70,Nevada,L,Red,Spring,3.5,Yes,2-Day Shipping,Yes,19,Bank Transfer,Quarterly,Every 3 Months,46-60 (Middle-Aged),90,Medium Value,Medium Engagement,Medium Value - Medium Engagement
900,65,Male,Sweater,Clothing,58,Rhode Island,M,Peach,Summer,4.0,Yes,Standard,Yes,20,PayPal,Annually,Annually,61-70 (Senior),365,Medium Value,Medium Engagement,Medium Value - Medium Engagement
901,54,Male,Hat,Accessories,98,West Virginia,L,Gray,Fall,3.3,Yes,Free Shipping,Yes,42,Bank Transfer,Quarterly,Quarterly,46-60 (Middle-Aged),90,High Value,High Engagement,High Value - High Engagement
902,60,Male,Scarf,Accessories,68,Missouri,L,Violet,Summer,4.7,Yes,2-Day Shipping,Yes,34,Cash,Monthly,Monthly,46-60 (Middle-Aged),30,Medium Value,Medium Engagement,Medium Value - Medium Engagement
903,43,Male,Hat,Accessories,44,Kentucky,M,Beige,Summer,2.8,Yes,Next Day Air,Yes,5,Cash,Monthly,Monthly,31-45 (Adult),30,Medium Value,Low Engagement,Medium Value - Low Engagement
904,44,Male,Jacket,Outerwear,45,Washington,M,Blue,Winter,3.3,Yes,Express,Yes,3,PayPal,Quarterly,Quarterly,31-45 (Adult),90,Medium Value,Low Engagement,Medium Value - Low Engagement
905,69,Male,T-shirt,Clothing,99,Alaska,L,Magenta,Spring,2.9,Yes,Free Shipping,Yes,46,PayPal,Quarterly,Every 3 Months,61-70 (Senior),90,High Value,High Engagement,High Value - High Engagement
906,46,Male,Dress,Clothing,68,Mississippi,S,Cyan,Spring,2.8,Yes,Standard,Yes,16,Venmo,Annually,Annually,46-60 (Middle-Aged),365,Medium Value,Medium Engagement,Medium Value - Medium Engagement
907,41,Male,Pants,Clothing,56,South Carolina,M,Red,Spring,4.2,Yes,Standard,Yes,21,Debit Card,Bi-Weekly,Bi-Weekly,31-45 (Adult),14,Medium Value,Medium Engagement,Medium Value - Medium Engagement
908,32,Male,Sweater,Clothing,43,Missouri,L,Cyan,Winter,4.4,Yes,Express,Yes,34,Credit Card,Bi-Weekly,Bi-Weekly,31-45 (Adult),14,Medium Value,Medium Engagement,Medium Value - Medium Engagement
909,26,Male,Sunglasses,Accessories,99,New Jersey,M,Turquoise,Winter,3.6,Yes,Free Shipping,Yes,9,PayPal,Quarterly,Every 3 Months,18-30 (Young Adult),90,High Value,Low Engagement,High Value - Low Engagement
910,61,Male,Belt,Accessories,56,Louisiana,L,Silver,Fall,2.7,Yes,Express,Yes,36,PayPal,Weekly,Weekly,61-70 (Senior),7,Medium Value,High Engagement,Medium Value - High Engagement
911,49,Male,Hoodie,Clothing,25,South Carolina,S,Pink,Spring,3.4,Yes,Express,Yes,22,Credit Card,Monthly,Monthly,46-60 (Middle-Aged),30,Low Value,Medium Engagement,Low Value - Medium Engagement
912,53,Male,Pants,Clothing,74,Vermont,M,Black,Winter,2.8,Yes,2-Day Shipping,Yes,2,Bank Transfer,Quarterly,Quarterly,46-60 (Middle-Aged),90,Medium Value,Low Engagement,Medium Value - Low Engagement
913,24,Male,Hoodie,Clothing,56,Arkansas,M,Green,Winter,3.4,Yes,Next Day Air,Yes,32,Bank Transfer,Monthly,Monthly,18-30 (Young Adult),30,Medium Value,Medium Engagement,Medium Value - Medium Engagement
914,37,Male,Sneakers,Footwear,47,Utah,M,Yellow,Fall,2.6,Yes,Next Day Air,Yes,29,Cash,Quarterly,Every 3 Months,31-45 (Adult),90,Medium Value,Medium Engagement,Medium Value - Medium Engagement
915,43,Male,Dress,Clothing,67,Washington,L,Purple,Summer,4.1,Yes,Standard,Yes,27,Venmo,Quarterly,Every 3 Months,31-45 (Adult),90,Medium Value,Medium Engagement,Medium Value - Medium Engagement
916,31,Male,Dress,Clothing,22,Rhode Island,L,Purple,Winter,2.9,Yes,Store Pickup,Yes,33,Credit Card,Bi-Weekly,Fortnightly,31-45 (Adult),14,Low Value,Medium Engagement,Low Value - Medium Engagement
917,49,Male,Jeans,Clothing,34,Illinois,S,Blue,Spring,2.7,Yes,Standard,Yes,16,Venmo,Monthly,Monthly,46-60 (Middle-Aged),30,Low Value,Medium Engagement,Low Value - Medium Engagement
918,69,Male,Sweater,Clothing,64,Missouri,M,Maroon,Spring,3.7,Yes,Standard,Yes,11,Bank Transfer,Quarterly,Quarterly,61-70 (Senior),90,Medium Value,Low Engagement,Medium Value - Low Engagement
919,65,Male,Shorts,Clothing,42,North Carolina,M,Orange,Spring,4.3,Yes,2-Day Shipping,Yes,11,Cash,Bi-Weekly,Fortnightly,61-70 (Senior),14,Medium Value,Low Engagement,Medium Value - Low Engagement
920,41,Male,Shirt,Clothing,82,Massachusetts,L,Green,Winter,2.6,Yes,2-Day Shipping,Yes,17,Debit Card,Bi-Weekly,Bi-Weekly,31-45 (Adult),14,High Value,Medium Engagement,High Value - Medium Engagement
921,37,Male,Belt,Accessories,81,Arkansas,XL,Gold,Summer,4.3,Yes,Free Shipping,Yes,37,Cash,Weekly,Weekly,31-45 (Adult),7,High Value,High Engagement,High Value - High Engagement
922,70,Male,Coat,Outerwear,24,South Dakota,L,Silver,Summer,4.1,Yes,Express,Yes,18,PayPal,Weekly,Weekly,61-70 (Senior),7,Low Value,Medium Engagement,Low Value - Medium Engagement
923,63,Male,Sneakers,Footwear,60,Georgia,M,Cyan,Fall,4.2,Yes,Standard,Yes,13,Credit Card,Monthly,Monthly,61-70 (Senior),30,Medium Value,Low Engagement,Medium Value - Low Engagement
924,55,Male,Shirt,Clothing,24,Arkansas,M,Silver,Spring,4.2,Yes,2-Day Shipping,Yes,7,PayPal,Weekly,Weekly,46-60 (Middle-Aged),7,Low Value,Low Engagement,Low Value - Low Engagement
925,52,Male,Socks,Clothing,78,Kansas,XL,Beige,Winter,3.1,Yes,Standard,Yes,37,Cash,Quarterly,Quarterly,46-60 (Middle-Aged),90,High Value,High Engagement,High Value - High Engagement
926,22,Male,Jeans,Clothing,88,Arizona,L,Teal,Winter,4.9,Yes,Express,Yes,8,Cash,Monthly,Monthly,18-30 (Young Adult),30,High Value,Low Engagement,High Value - Low Engagement
927,54,Male,Jeans,Clothing,63,Massachusetts,XL,Green,Spring,4.4,Yes,Express,Yes,11,Cash,Bi-Weekly,Bi-Weekly,46-60 (Middle-Aged),14,Medium Value,Low Engagement,Medium Value - Low Engagement
928,28,Male,Sneakers,Footwear,78,New Mexico,L,Black,Summer,4.4,Yes,Standard,Yes,8,Venmo,Bi-Weekly,Bi-Weekly,18-30 (Young Adult),14,High Value,Low Engagement,High Value - Low Engagement
929,67,Male,Dress,Clothing,37,Arkansas,XL,Yellow,Winter,3.4,Yes,Store Pickup,Yes,31,Cash,Quarterly,Every 3 Months,61-70 (Senior),90,Low Value,Medium Engagement,Low Value - Medium Engagement
930,59,Male,Boots,Footwear,94,Nebraska,M,White,Fall,4.5,Yes,2-Day Shipping,Yes,26,Debit Card,Bi-Weekly,Fortnightly,46-60 (Middle-Aged),14,High Value,Medium Engagement,High Value - Medium Engagement
931,26,Male,T-shirt,Clothing,78,Hawaii,L,Green,Fall,4.5,Yes,Store Pickup,Yes,20,Credit Card,Bi-Weekly,Bi-Weekly,18-30 (Young Adult),14,High Value,Medium Engagement,High Value - Medium Engagement
932,24,Male,Coat,Outerwear,36,Nebraska,M,Silver,Winter,4.1,Yes,Standard,Yes,24,Bank Transfer,Bi-Weekly,Fortnightly,18-30 (Young Adult),14,Low Value,Medium Engagement,Low Value - Medium Engagement
933,62,Male,Skirt,Clothing,24,Indiana,L,Blue,Winter,3.2,Yes,Standard,Yes,45,Debit Card,Bi-Weekly,Bi-Weekly,61-70 (Senior),14,Low Value,High Engagement,Low Value - High Engagement
934,70,Male,Sneakers,Footwear,84,Colorado,M,Magenta,Spring,2.7,Yes,Store Pickup,Yes,33,Debit Card,Monthly,Monthly,61-70 (Senior),30,High Value,Medium Engagement,High Value - Medium Engagement
935,45,Male,Jeans,Clothing,47,Oregon,S,Yellow,Spring,3.7,Yes,Express,Yes,21,Bank Transfer,Monthly,Monthly,31-45 (Adult),30,Medium Value,Medium Engagement,Medium Value - Medium Engagement
936,58,Male,Hoodie,Clothing,51,Ohio,L,White,Fall,2.6,Yes,Store Pickup,Yes,2,Bank Transfer,Bi-Weekly,Fortnightly,46-60 (Middle-Aged),14,Medium Value,Low Engagement,Medium Value - Low Engagement
937,31,Male,Shoes,Footwear,84,Maine,M,Pink,Summer,2.7,Yes,Free Shipping,Yes,28,Cash,Weekly,Weekly,31-45 (Adult),7,High Value,Medium Engagement,High Value - Medium Engagement
938,32,Male,Shorts,Clothing,24,Iowa,M,Magenta,Summer,2.7,Yes,Express,Yes,18,Venmo,Quarterly,Quarterly,31-45 (Adult),90,Low Value,Medium Engagement,Low Value - Medium Engagement
939,36,Male,Blouse,Clothing,97,Wisconsin,S,Teal,Fall,4.8,Yes,Free Shipping,Yes,21,Debit Card,Bi-Weekly,Fortnightly,31-45 (Adult),14,High Value,Medium Engagement,High Value - Medium Engagement
940,25,Male,T-shirt,Clothing,89,New York,L,Indigo,Winter,4.8,Yes,Next Day Air,Yes,24,Credit Card,Monthly,Monthly,18-30 (Young Adult),30,High Value,Medium Engagement,High Value - Medium Engagement
941,48,Male,Belt,Accessories,44,Colorado,S,Maroon,Spring,2.6,Yes,Store Pickup,Yes,15,PayPal,Quarterly,Every 3 Months,46-60 (Middle-Aged),90,Medium Value,Low Engagement,Medium Value - Low Engagement
942,39,Male,Handbag,Accessories,35,Illinois,L,Black,Winter,4.5,Yes,2-Day Shipping,Yes,38,PayPal,Quarterly,Every 3 Months,31-45 (Adult),90,Low Value,High Engagement,Low Value - High Engagement
943,26,Male,Dress,Clothing,91,Arizona,M,Cyan,Winter,3.2,Yes,Express,Yes,38,PayPal,Bi-Weekly,Bi-Weekly,18-30 (Young Adult),14,High Value,High Engagement,High Value - High Engagement
944,32,Male,Hat,Accessories,63,Oklahoma,L,Cyan,Winter,3.8,Yes,Next Day Air,Yes,13,Venmo,Bi-Weekly,Fortnightly,31-45 (Adult),14,Medium Value,Low Engagement,Medium Value - Low Engagement
945,54,Male,Belt,Accessories,97,Indiana,S,Gray,Spring,4.8,Yes,Express,Yes,39,Cash,Bi-Weekly,Bi-Weekly,46-60 (Middle-Aged),14,High Value,High Engagement,High Value - High Engagement
946,38,Male,Boots,Footwear,38,Minnesota,M,Violet,Summer,4.1,Yes,Store Pickup,Yes,8,Venmo,Quarterly,Every 3 Months,31-45 (Adult),90,Low Value,Low Engagement,Low Value - Low Engagement
947,46,Male,Coat,Outerwear,24,Pennsylvania,XL,Blue,Spring,2.8,Yes,Next Day Air,Yes,4,PayPal,Quarterly,Quarterly,46-60 (Middle-Aged),90,Low Value,Low Engagement,Low Value - Low Engagement
948,57,Male,Blouse,Clothing,32,Indiana,M,Charcoal,Winter,3.9,Yes,Store Pickup,Yes,6,Cash,Quarterly,Every 3 Months,46-60 (Middle-Aged),90,Low Value,Low Engagement,Low Value - Low Engagement
949,49,Male,Hat,Accessories,90,Alabama,L,Olive,Summer,4.9,Yes,Express,Yes,11,Venmo,Quarterly,Every 3 Months,46-60 (Middle-Aged),90,High Value,Low Engagement,High Value - Low Engagement
950,33,Male,Jeans,Clothing,36,Montana,M,Olive,Summer,3.4,Yes,Standard,Yes,49,Venmo,Monthly,Monthly,31-45 (Adult),30,Low Value,High Engagement,Low Value - High Engagement
951,54,Male,Backpack,Accessories,37,New Mexico,XL,Turquoise,Winter,4.1,Yes,Free Shipping,Yes,30,PayPal,Quarterly,Quarterly,46-60 (Middle-Aged),90,Low Value,Medium Engagement,Low Value - Medium Engagement
952,47,Male,Dress,Clothing,51,Alaska,M,Cyan,Summer,2.9,Yes,Express,Yes,34,Bank Transfer,Monthly,Monthly,46-60 (Middle-Aged),30,Medium Value,Medium Engagement,Medium Value - Medium Engagement
953,36,Male,Hat,Accessories,71,Idaho,S,Red,Fall,3.1,Yes,2-Day Shipping,Yes,28,PayPal,Monthly,Monthly,31-45 (Adult),30,Medium Value,Medium Engagement,Medium Value - Medium Engagement
954,68,Male,Sunglasses,Accessories,50,Utah,S,Cyan,Spring,3.6,Yes,2-Day Shipping,Yes,36,Venmo,Quarterly,Quarterly,61-70 (Senior),90,Medium Value,High Engagement,Medium Value - High Engagement
955,60,Male,Hat,Accessories,74,Louisiana,S,Turquoise,Fall,3.5,Yes,Standard,Yes,18,Credit Card,Quarterly,Every 3 Months,46-60 (Middle-Aged),90,Medium Value,Medium Engagement,Medium Value - Medium Engagement
956,55,Male,Dress,Clothing,75,Mississippi,L,Lavender,Summer,3.4,Yes,Free Shipping,Yes,4,PayPal,Monthly,Monthly,46-60 (Middle-Aged),30,Medium Value,Low Engagement,Medium Value - Low Engagement
957,29,Male,Shirt,Clothing,99,Mississippi,XL,Cyan,Spring,2.9,Yes,2-Day Shipping,Yes,42,Debit Card,Quarterly,Quarterly,18-30 (Young Adult),90,High Value,High Engagement,High Value - High Engagement
958,38,Male,Scarf,Accessories,23,Indiana,XL,Violet,Spring,4.7,Yes,Store Pickup,Yes,11,Cash,Quarterly,Quarterly,31-45 (Adult),90,Low Value,Low Engagement,Low Value - Low Engagement
959,70,Male,Sneakers,Footwear,53,Washington,XL,Beige,Winter,4.4,Yes,Free Shipping,Yes,31,Credit Card,Bi-Weekly,Bi-Weekly,61-70 (Senior),14,Medium Value,Medium Engagement,Medium Value - Medium Engagement
960,36,Male,Skirt,Clothing,99,Nevada,M,Cyan,Spring,2.6,Yes,Standard,Yes,12,Cash,Bi-Weekly,Fortnightly,31-45 (Adult),14,High Value,Low Engagement,High Value - Low Engagement
961,18,Male,Jewelry,Accessories,48,Louisiana,XL,Indigo,Spring,4.4,Yes,Standard,Yes,20,Venmo,Quarterly,Quarterly,18-30 (Young Adult),90,Medium Value,Medium Engagement,Medium Value - Medium Engagement
962,62,Male,Boots,Footwear,72,Pennsylvania,L,Olive,Fall,3.7,Yes,Next Day Air,Yes,37,Debit Card,Quarterly,Quarterly,61-70 (Senior),90,Medium Value,High Engagement,Medium Value - High Engagement
963,29,Male,Sunglasses,Accessories,64,Michigan,L,Green,Spring,4.4,Yes,Standard,Yes,26,Debit Card,Bi-Weekly,Fortnightly,18-30 (Young Adult),14,Medium Value,Medium Engagement,Medium Value - Medium Engagement
964,21,Male,Boots,Footwear,63,South Carolina,L,Green,Spring,2.5,Yes,2-Day Shipping,Yes,14,Credit Card,Weekly,Weekly,18-30 (Young Adult),7,Medium Value,Low Engagement,Medium Value - Low Engagement
965,42,Male,Sandals,Footwear,51,Arizona,M,Beige,Spring,2.6,Yes,Next Day Air,Yes,12,Venmo,Bi-Weekly,Bi-Weekly,31-45 (Adult),14,Medium Value,Low Engagement,Medium Value - Low Engagement
966,43,Male,Boots,Footwear,55,Delaware,L,Black,Spring,5.0,Yes,Store Pickup,Yes,10,Credit Card,Annually,Annually,31-45 (Adult),365,Medium Value,Low Engagement,Medium Value - Low Engagement
967,58,Male,Dress,Clothing,55,Kentucky,M,Brown,Spring,4.9,Yes,Express,Yes,19,Cash,Annually,Annually,46-60 (Middle-Aged),365,Medium Value,Medium Engagement,Medium Value - Medium Engagement
968,27,Male,Hoodie,Clothing,26,Georgia,S,Silver,Summer,3.7,Yes,Store Pickup,Yes,4,Cash,Weekly,Weekly,18-30 (Young Adult),7,Low Value,Low Engagement,Low Value - Low Engagement
969,57,Male,Shorts,Clothing,67,North Carolina,L,Gray,Summer,3.1,Yes,Next Day Air,Yes,48,Bank Transfer,Quarterly,Quarterly,46-60 (Middle-Aged),90,Medium Value,High Engagement,Medium Value - High Engagement
970,40,Male,Coat,Outerwear,31,California,S,Pink,Fall,3.2,Yes,Express,Yes,37,PayPal,Monthly,Monthly,31-45 (Adult),30,Low Value,High Engagement,Low Value - High Engagement
971,45,Male,Jeans,Clothing,66,California,S,Maroon,Winter,4.4,Yes,Free Shipping,Yes,4,Cash,Monthly,Monthly,31-45 (Adult),30,Medium Value,Low Engagement,Medium Value - Low Engagement
972,47,Male,Sunglasses,Accessories,67,Indiana,M,Cyan,Summer,4.3,Yes,Next Day Air,Yes,15,Credit Card,Weekly,Weekly,46-60 (Middle-Aged),7,Medium Value,Low Engagement,Medium Value - Low Engagement
973,61,Male,Sneakers,Footwear,61,Colorado,L,Gold,Winter,3.0,Yes,Standard,Yes,33,Credit Card,Weekly,Weekly,61-70 (Senior),7,Medium Value,Medium Engagement,Medium Value - Medium Engagement
974,60,Male,Jacket,Outerwear,75,Colorado,M,Teal,Fall,3.5,Yes,2-Day Shipping,Yes,30,Bank Transfer,Quarterly,Quarterly,46-60 (Middle-Aged),90,Medium Value,Medium Engagement,Medium Value - Medium Engagement
975,69,Male,Skirt,Clothing,90,North Carolina,M,Beige,Spring,3.6,Yes,2-Day Shipping,Yes,23,Bank Transfer,Monthly,Monthly,61-70 (Senior),30,High Value,Medium Engagement,High Value - Medium Engagement
976,58,Male,Sweater,Clothing,40,Washington,M,Olive,Summer,3.8,Yes,2-Day Shipping,Yes,2,Bank Transfer,Weekly,Weekly,46-60 (Middle-Aged),7,Medium Value,Low Engagement,Medium Value - Low Engagement
977,34,Male,T-shirt,Clothing,90,Florida,M,Gray,Fall,3.6,Yes,Express,Yes,50,Credit Card,Quarterly,Every 3 Months,31-45 (Adult),90,High Value,High Engagement,High Value - High Engagement
978,20,Male,Belt,Accessories,20,Washington,M,Black,Spring,4.6,Yes,Express,Yes,34,Cash,Bi-Weekly,Bi-Weekly,18-30 (Young Adult),14,Low Value,Medium Engagement,Low Value - Medium Engagement
979,56,Male,Gloves,Accessories,40,Colorado,M,Turquoise,Summer,2.5,Yes,Standard,Yes,33,Credit Card,Weekly,Weekly,46-60 (Middle-Aged),7,Medium Value,Medium Engagement,Medium Value - Medium Engagement
980,64,Male,Hat,Accessories,33,New Hampshire,S,Brown,Fall,3.5,Yes,Store Pickup,Yes,34,Debit Card,Monthly,Monthly,61-70 (Senior),30,Low Value,Medium Engagement,Low Value - Medium Engagement
981,56,Male,Boots,Footwear,98,Maryland,S,Magenta,Spring,4.0,Yes,Free Shipping,Yes,39,PayPal,Quarterly,Every 3 Months,46-60 (Middle-Aged),90,High Value,High Engagement,High Value - High Engagement
982,27,Male,Belt,Accessories,42,Maryland,M,Silver,Spring,3.5,Yes,Next Day Air,Yes,47,Credit Card,Quarterly,Quarterly,18-30 (Young Adult),90,Medium Value,High Engagement,Medium Value - High Engagement
983,35,Male,Coat,Outerwear,62,Texas,S,Red,Summer,3.2,Yes,Standard,Yes,37,PayPal,Monthly,Monthly,31-45 (Adult),30,Medium Value,High Engagement,Medium Value - High Engagement
984,24,Male,Hat,Accessories,45,New Mexico,L,Indigo,Winter,3.5,Yes,Free Shipping,Yes,40,Venmo,Bi-Weekly,Bi-Weekly,18-30 (Young Adult),14,Medium Value,High Engagement,Medium Value - High Engagement
985,26,Male,Shoes,Footwear,78,Utah,M,Green,Summer,3.4,Yes,Free Shipping,Yes,8,Credit Card,Bi-Weekly,Bi-Weekly,18-30 (Young Adult),14,High Value,Low Engagement,High Value - Low Engagement
986,32,Male,Handbag,Accessories,80,West Virginia,M,Gray,Fall,5.0,Yes,Express,Yes,12,Bank Transfer,Annually,Annually,31-45 (Adult),365,High Value,Low Engagement,High Value - Low Engagement
987,54,Male,Scarf,Accessories,96,Connecticut,S,Peach,Spring,4.5,Yes,Store Pickup,Yes,36,Bank Transfer,Monthly,Monthly,46-60 (Middle-Aged),30,High Value,High Engagement,High Value - High Engagement
988,62,Male,Handbag,Accessories,47,West Virginia,M,Charcoal,Summer,2.8,Yes,Express,Yes,48,PayPal,Weekly,Weekly,61-70 (Senior),7,Medium Value,High Engagement,Medium Value - High Engagement
989,50,Male,Pants,Clothing,84,Ohio,M,Orange,Winter,4.9,Yes,2-Day Shipping,Yes,47,PayPal,Bi-Weekly,Fortnightly,46-60 (Middle-Aged),14,High Value,High Engagement,High Value - High Engagement
990,70,Male,Shoes,Footwear,31,Texas,M,Beige,Spring,3.1,Yes,Store Pickup,Yes,2,Bank Transfer,Monthly,Monthly,61-70 (Senior),30,Low Value,Low Engagement,Low Value - Low Engagement
991,48,Male,Sunglasses,Accessories,63,Washington,S,Yellow,Spring,4.8,Yes,Store Pickup,Yes,24,Cash,Weekly,Weekly,46-60 (Middle-Aged),7,Medium Value,Medium Engagement,Medium Value - Medium Engagement
992,20,Male,Shorts,Clothing,97,Wisconsin,XL,White,Spring,2.7,Yes,Standard,Yes,40,Bank Transfer,Bi-Weekly,Bi-Weekly,18-30 (Young Adult),14,High Value,High Engagement,High Value - High Engagement
993,46,Male,Jacket,Outerwear,99,Louisiana,M,Gray,Winter,4.6,Yes,Express,Yes,50,Debit Card,Weekly,Weekly,46-60 (Middle-Aged),7,High Value,High Engagement,High Value - High Engagement
994,51,Male,Sandals,Footwear,90,Iowa,M,Peach,Winter,4.4,Yes,Store Pickup,Yes,25,Cash,Weekly,Weekly,46-60 (Middle-Aged),7,High Value,Medium Engagement,High Value - Medium Engagement
995,53,Male,Shoes,Footwear,68,New York,L,Violet,Fall,3.2,Yes,Express,Yes,20,Debit Card,Monthly,Monthly,46-60 (Middle-Aged),30,Medium Value,Medium Engagement,Medium Value - Medium Engagement
996,44,Male,Jewelry,Accessories,80,Idaho,M,Magenta,Spring,3.0,Yes,2-Day Shipping,Yes,10,Venmo,Weekly,Weekly,31-45 (Adult),7,High Value,Low Engagement,High Value - Low Engagement
997,29,Male,Sandals,Footwear,91,Delaware,L,Maroon,Summer,4.9,Yes,Standard,Yes,32,Bank Transfer,Quarterly,Quarterly,18-30 (Young Adult),90,High Value,Medium Engagement,High Value - Medium Engagement
998,64,Male,Pants,Clothing,30,Kentucky,M,Cyan,Spring,3.6,Yes,Express,Yes,31,Cash,Bi-Weekly,Fortnightly,61-70 (Senior),14,Low Value,Medium Engagement,Low Value - Medium Engagement
999,51,Male,Shoes,Footwear,90,Connecticut,M,White,Spring,3.8,Yes,Next Day Air,Yes,48,Bank Transfer,Bi-Weekly,Bi-Weekly,46-60 (Middle-Aged),14,High Value,High Engagement,High Value - High Engagement
1000,50,Male,Socks,Clothing,28,New Mexico,L,Brown,Spring,2.9,Yes,Standard,Yes,23,Debit Card,Monthly,Monthly,46-60 (Middle-Aged),30,Low Value,Medium Engagement,Low Value - Medium Engagement
1001,43,Male,Socks,Clothing,46,Georgia,M,Red,Winter,3.9,Yes,Express,Yes,1,Bank Transfer,Bi-Weekly,Bi-Weekly,31-45 (Adult),14,Medium Value,Low Engagement,Medium Value - Low Engagement
1002,61,Male,Dress,Clothing,60,Washington,M,Orange,Fall,3.6,Yes,Standard,Yes,4,Debit Card,Bi-Weekly,Fortnightly,61-70 (Senior),14,Medium Value,Low Engagement,Medium Value - Low Engagement
1003,55,Male,Shoes,Footwear,59,North Dakota,M,White,Spring,3.5,Yes,Store Pickup,Yes,3,Bank Transfer,Bi-Weekly,Bi-Weekly,46-60 (Middle-Aged),14,Medium Value,Low Engagement,Medium Value - Low Engagement
1004,56,Male,Hat,Accessories,68,Ohio,M,Green,Fall,4.0,Yes,Store Pickup,Yes,3,Cash,Bi-Weekly,Bi-Weekly,46-60 (Middle-Aged),14,Medium Value,Low Engagement,Medium Value - Low Engagement
1005,33,Male,Backpack,Accessories,79,Tennessee,M,Black,Summer,4.8,Yes,2-Day Shipping,Yes,44,Cash,Annually,Annually,31-45 (Adult),365,High Value,High Engagement,High Value - High Engagement
1006,43,Male,Backpack,Accessories,94,New York,M,Gold,Winter,3.9,Yes,Store Pickup,Yes,5,Debit Card,Bi-Weekly,Bi-Weekly,31-45 (Adult),14,High Value,Low Engagement,High Value - Low Engagement
1007,21,Male,Pants,Clothing,83,Michigan,S,Lavender,Summer,4.5,Yes,Next Day Air,Yes,50,Venmo,Quarterly,Quarterly,18-30 (Young Adult),90,High Value,High Engagement,High Value - High Engagement
1008,58,Male,Gloves,Accessories,62,Georgia,XL,Turquoise,Spring,4.8,Yes,Standard,Yes,2,Credit Card,Annually,Annually,46-60 (Middle-Aged),365,Medium Value,Low Engagement,Medium Value - Low Engagement
1009,41,Male,Scarf,Accessories,85,New Mexico,M,Pink,Spring,2.6,Yes,Store Pickup,Yes,29,PayPal,Annually,Annually,31-45 (Adult),365,High Value,Medium Engagement,High Value - Medium Engagement
1010,39,Male,Hoodie,Clothing,30,Louisiana,M,Silver,Summer,3.1,Yes,Express,Yes,11,Venmo,Annually,Annually,31-45 (Adult),365,Low Value,Low Engagement,Low Value - Low Engagement
1011,54,Male,Jeans,Clothing,24,South Dakota,XL,Gray,Spring,4.7,Yes,2-Day Shipping,Yes,37,Credit Card,Bi-Weekly,Fortnightly,46-60 (Middle-Aged),14,Low Value,High Engagement,Low Value - High Engagement
1012,43,Male,Backpack,Accessories,25,Montana,L,Indigo,Spring,2.9,Yes,Next Day Air,Yes,32,Debit Card,Bi-Weekly,Fortnightly,31-45 (Adult),14,Low Value,Medium Engagement,Low Value - Medium Engagement
1013,28,Male,Sandals,Footwear,37,New Mexico,L,Teal,Summer,3.8,Yes,Express,Yes,27,Credit Card,Annually,Annually,18-30 (Young Adult),365,Low Value,Medium Engagement,Low Value - Medium Engagement
1014,59,Male,Belt,Accessories,69,South Carolina,XL,Green,Summer,3.8,Yes,2-Day Shipping,Yes,31,Venmo,Bi-Weekly,Bi-Weekly,46-60 (Middle-Aged),14,Medium Value,Medium Engagement,Medium Value - Medium Engagement
1015,28,Male,Shoes,Footwear,97,Ohio,M,Violet,Summer,3.0,Yes,Standard,Yes,36,Debit Card,Bi-Weekly,Fortnightly,18-30 (Young Adult),14,High Value,High Engagement,High Value - High Engagement
1016,68,Male,Gloves,Accessories,24,North Carolina,M,Cyan,Summer,4.1,Yes,Standard,Yes,34,Cash,Weekly,Weekly,61-70 (Senior),7,Low Value,Medium Engagement,Low Value - Medium Engagement
1017,20,Male,Belt,Accessories,30,Idaho,XL,Blue,Summer,3.4,Yes,Express,Yes,15,Bank Transfer,Quarterly,Every 3 Months,18-30 (Young Adult),90,Low Value,Low Engagement,Low Value - Low Engagement
1018,21,Male,Jacket,Outerwear,53,Oklahoma,L,Orange,Fall,2.5,Yes,Express,Yes,14,Credit Card,Annually,Annually,18-30 (Young Adult),365,Medium Value,Low Engagement,Medium Value - Low Engagement
1019,50,Male,Dress,Clothing,70,Georgia,XL,Charcoal,Spring,4.9,Yes,Next Day Air,Yes,46,Cash,Weekly,Weekly,46-60 (Middle-Aged),7,Medium Value,High Engagement,Medium Value - High Engagement
1020,32,Male,Shirt,Clothing,76,Kentucky,S,Beige,Winter,2.8,Yes,Standard,Yes,33,Venmo,Bi-Weekly,Bi-Weekly,31-45 (Adult),14,High Value,Medium Engagement,High Value - Medium Engagement
1021,24,Male,Scarf,Accessories,95,Delaware,M,Black,Fall,4.5,Yes,Express,Yes,41,Debit Card,Annually,Annually,18-30 (Young Adult),365,High Value,High Engagement,High Value - High Engagement
1022,55,Male,Coat,Outerwear,51,Massachusetts,S,Lavender,Winter,4.9,Yes,2-Day Shipping,Yes,39,PayPal,Weekly,Weekly,46-60 (Middle-Aged),7,Medium Value,High Engagement,Medium Value - High Engagement
1023,61,Male,Handbag,Accessories,41,Nebraska,M,Lavender,Winter,4.9,Yes,Store Pickup,Yes,7,Cash,Annually,Annually,61-70 (Senior),365,Medium Value,Low Engagement,Medium Value - Low Engagement
1024,61,Male,Sunglasses,Accessories,71,Maine,S,Turquoise,Winter,3.5,Yes,Free Shipping,Yes,29,Bank Transfer,Quarterly,Every 3 Months,61-70 (Senior),90,Medium Value,Medium Engagement,Medium Value - Medium Engagement
1025,28,Male,T-shirt,Clothing,66,Pennsylvania,M,Purple,Summer,3.5,Yes,Free Shipping,Yes,18,Venmo,Quarterly,Quarterly,18-30 (Young Adult),90,Medium Value,Medium Engagement,Medium Value - Medium Engagement
1026,60,Male,Shirt,Clothing,84,Nebraska,M,Olive,Winter,4.9,Yes,Free Shipping,Yes,15,Credit Card,Annually,Annually,46-60 (Middle-Aged),365,High Value,Low Engagement,High Value - Low Engagement
1027,49,Male,Handbag,Accessories,95,Virginia,L,Turquoise,Winter,3.0,Yes,Express,Yes,39,PayPal,Bi-Weekly,Bi-Weekly,46-60 (Middle-Aged),14,High Value,High Engagement,High Value - High Engagement
1028,33,Male,Jewelry,Accessories,90,Ohio,L,Teal,Summer,2.8,Yes,Next Day Air,Yes,11,Cash,Monthly,Monthly,31-45 (Adult),30,High Value,Low Engagement,High Value - Low Engagement
1029,45,Male,Hoodie,Clothing,36,Nebraska,S,Lavender,Summer,3.7,Yes,Standard,Yes,4,Cash,Bi-Weekly,Fortnightly,31-45 (Adult),14,Low Value,Low Engagement,Low Value - Low Engagement
1030,29,Male,Gloves,Accessories,22,Ohio,M,Purple,Spring,3.6,Yes,2-Day Shipping,Yes,33,Venmo,Bi-Weekly,Bi-Weekly,18-30 (Young Adult),14,Low Value,Medium Engagement,Low Value - Medium Engagement
1031,58,Male,Coat,Outerwear,89,Kentucky,L,Blue,Winter,3.3,Yes,Next Day Air,Yes,37,Debit Card,Quarterly,Quarterly,46-60 (Middle-Aged),90,High Value,High Engagement,High Value - High Engagement
1032,22,Male,Sandals,Footwear,50,Tennessee,M,Teal,Spring,3.4,Yes,Free Shipping,Yes,32,Cash,Quarterly,Quarterly,18-30 (Young Adult),90,Medium Value,Medium Engagement,Medium Value - Medium Engagement
1033,55,Male,Boots,Footwear,36,Maine,M,Lavender,Fall,4.0,Yes,Free Shipping,Yes,44,Credit Card,Quarterly,Quarterly,46-60 (Middle-Aged),90,Low Value,High Engagement,Low Value - High Engagement
1034,19,Male,Pants,Clothing,52,Montana,S,Silver,Spring,4.6,Yes,Free Shipping,Yes,41,Bank Transfer,Quarterly,Quarterly,18-30 (Young Adult),90,Medium Value,High Engagement,Medium Value - High Engagement
1035,68,Male,Socks,Clothing,29,Maryland,M,Olive,Fall,4.2,Yes,Next Day Air,Yes,44,Bank Transfer,Weekly,Weekly,61-70 (Senior),7,Low Value,High Engagement,Low Value - High Engagement
1036,61,Male,Blouse,Clothing,89,Georgia,M,Brown,Fall,2.8,Yes,Express,Yes,32,Venmo,Annually,Annually,61-70 (Senior),365,High Value,Medium Engagement,High Value - Medium Engagement
1037,68,Male,Handbag,Accessories,47,Hawaii,M,Yellow,Fall,3.7,Yes,2-Day Shipping,Yes,13,Bank Transfer,Monthly,Monthly,61-70 (Senior),30,Medium Value,Low Engagement,Medium Value - Low Engagement
1038,52,Male,Jewelry,Accessories,25,Rhode Island,XL,Brown,Spring,3.4,Yes,Standard,Yes,48,Debit Card,Quarterly,Quarterly,46-60 (Middle-Aged),90,Low Value,High Engagement,Low Value - High Engagement
1039,41,Male,Pants,Clothing,74,Nebraska,XL,Cyan,Fall,3.0,Yes,Express,Yes,3,Bank Transfer,Weekly,Weekly,31-45 (Adult),7,Medium Value,Low Engagement,Medium Value - Low Engagement
1040,29,Male,Belt,Accessories,46,Michigan,M,Magenta,Fall,4.8,Yes,Standard,Yes,39,Venmo,Monthly,Monthly,18-30 (Young Adult),30,Medium Value,High Engagement,Medium Value - High Engagement
1041,68,Male,Jeans,Clothing,22,North Carolina,S,Magenta,Fall,4.0,Yes,Next Day Air,Yes,7,Cash,Bi-Weekly,Fortnightly,61-70 (Senior),14,Low Value,Low Engagement,Low Value - Low Engagement
1042,36,Male,Shirt,Clothing,25,Minnesota,M,Orange,Summer,4.9,Yes,Next Day Air,Yes,11,Cash,Bi-Weekly,Fortnightly,31-45 (Adult),14,Low Value,Low Engagement,Low Value - Low Engagement
1043,55,Male,Belt,Accessories,80,Maryland,M,Maroon,Spring,4.9,Yes,Next Day Air,Yes,47,Credit Card,Weekly,Weekly,46-60 (Middle-Aged),7,High Value,High Engagement,High Value - High Engagement
1044,28,Male,Jeans,Clothing,76,Hawaii,M,Green,Spring,3.3,Yes,2-Day Shipping,Yes,28,Debit Card,Bi-Weekly,Fortnightly,18-30 (Young Adult),14,High Value,Medium Engagement,High Value - Medium Engagement
1045,39,Male,Jeans,Clothing,30,Oregon,L,Teal,Summer,4.4,Yes,Next Day Air,Yes,17,Bank Transfer,Quarterly,Every 3 Months,31-45 (Adult),90,Low Value,Medium Engagement,Low Value - Medium Engagement
1046,54,Male,Sweater,Clothing,79,New Mexico,L,Black,Fall,3.5,Yes,2-Day Shipping,Yes,11,PayPal,Bi-Weekly,Bi-Weekly,46-60 (Middle-Aged),14,High Value,Low Engagement,High Value - Low Engagement
1047,40,Male,Sneakers,Footwear,22,Illinois,M,Magenta,Winter,4.2,Yes,Standard,Yes,12,Venmo,Annually,Annually,31-45 (Adult),365,Low Value,Low Engagement,Low Value - Low Engagement
1048,31,Male,Socks,Clothing,36,Utah,S,Olive,Fall,4.2,Yes,Standard,Yes,7,Credit Card,Bi-Weekly,Fortnightly,31-45 (Adult),14,Low Value,Low Engagement,Low Value - Low Engagement
1049,30,Male,Socks,Clothing,77,Maine,L,Yellow,Fall,2.7,Yes,Standard,Yes,19,Venmo,Bi-Weekly,Fortnightly,18-30 (Young Adult),14,High Value,Medium Engagement,High Value - Medium Engagement
1050,45,Male,Sunglasses,Accessories,33,Virginia,S,Purple,Fall,2.8,Yes,Store Pickup,Yes,24,Cash,Quarterly,Quarterly,31-45 (Adult),90,Low Value,Medium Engagement,Low Value - Medium Engagement
1051,48,Male,Sneakers,Footwear,64,Florida,M,Beige,Winter,3.8,Yes,Next Day Air,Yes,19,Venmo,Monthly,Monthly,46-60 (Middle-Aged),30,Medium Value,Medium Engagement,Medium Value - Medium Engagement
1052,45,Male,Socks,Clothing,53,Ohio,M,Indigo,Fall,2.6,Yes,Free Shipping,Yes,39,PayPal,Annually,Annually,31-45 (Adult),365,Medium Value,High Engagement,Medium Value - High Engagement
1053,60,Male,Shoes,Footwear,36,Virginia,XL,Pink,Fall,3.0,Yes,2-Day Shipping,Yes,1,Credit Card,Bi-Weekly,Fortnightly,46-60 (Middle-Aged),14,Low Value,Low Engagement,Low Value - Low Engagement
1054,59,Male,Blouse,Clothing,70,Kansas,M,Blue,Spring,3.3,No,2-Day Shipping,Yes,10,Debit Card,Bi-Weekly,Bi-Weekly,46-60 (Middle-Aged),14,Medium Value,Low Engagement,Medium Value - Low Engagement
1055,18,Male,Shorts,Clothing,96,Arkansas,L,Cyan,Winter,4.9,No,Express,Yes,48,PayPal,Quarterly,Quarterly,18-30 (Young Adult),90,High Value,High Engagement,High Value - High Engagement
1056,70,Male,Jacket,Outerwear,27,Massachusetts,M,Orange,Spring,3.3,No,Next Day Air,Yes,24,Debit Card,Annually,Annually,61-70 (Senior),365,Low Value,Medium Engagement,Low Value - Medium Engagement
1057,20,Male,Sweater,Clothing,64,Idaho,L,Black,Winter,2.9,No,2-Day Shipping,Yes,42,Venmo,Bi-Weekly,Fortnightly,18-30 (Young Adult),14,Medium Value,High Engagement,Medium Value - High Engagement
1058,65,Male,Jacket,Outerwear,23,Wisconsin,S,Maroon,Spring,4.4,No,2-Day Shipping,Yes,20,Credit Card,Weekly,Weekly,61-70 (Senior),7,Low Value,Medium Engagement,Low Value - Medium Engagement
1059,29,Male,Scarf,Accessories,33,New Mexico,L,Violet,Summer,3.1,No,Next Day Air,Yes,49,Bank Transfer,Quarterly,Every 3 Months,18-30 (Young Adult),90,Low Value,High Engagement,Low Value - High Engagement
1060,22,Male,Jacket,Outerwear,34,North Carolina,M,Beige,Winter,2.5,No,Standard,Yes,25,Debit Card,Monthly,Monthly,18-30 (Young Adult),30,Low Value,Medium Engagement,Low Value - Medium Engagement
1061,27,Male,Sweater,Clothing,35,Iowa,S,Gray,Summer,2.6,No,Next Day Air,Yes,21,Debit Card,Quarterly,Every 3 Months,18-30 (Young Adult),90,Low Value,Medium Engagement,Low Value - Medium Engagement
1062,36,Male,Coat,Outerwear,62,Idaho,M,Gray,Summer,4.4,No,Free Shipping,Yes,12,Venmo,Quarterly,Every 3 Months,31-45 (Adult),90,Medium Value,Low Engagement,Medium Value - Low Engagement
1063,59,Male,Boots,Footwear,75,Ohio,M,Brown,Fall,2.6,No,Next Day Air,Yes,21,Debit Card,Quarterly,Every 3 Months,46-60 (Middle-Aged),90,Medium Value,Medium Engagement,Medium Value - Medium Engagement
1064,62,Male,Hoodie,Clothing,29,Alabama,S,Indigo,Summer,3.3,No,Free Shipping,Yes,35,Cash,Monthly,Monthly,61-70 (Senior),30,Low Value,Medium Engagement,Low Value - Medium Engagement
1065,34,Male,Hat,Accessories,28,Wyoming,M,Violet,Spring,3.5,No,Express,Yes,42,Credit Card,Quarterly,Every 3 Months,31-45 (Adult),90,Low Value,High Engagement,Low Value - High Engagement
1066,59,Male,T-shirt,Clothing,20,Alabama,XL,Blue,Spring,4.1,No,Store Pickup,Yes,3,PayPal,Quarterly,Every 3 Months,46-60 (Middle-Aged),90,Low Value,Low Engagement,Low Value - Low Engagement
1067,49,Male,Coat,Outerwear,96,Mississippi,M,Red,Winter,4.0,No,Store Pickup,Yes,11,PayPal,Bi-Weekly,Bi-Weekly,46-60 (Middle-Aged),14,High Value,Low Engagement,High Value - Low Engagement
1068,18,Male,Dress,Clothing,43,Pennsylvania,S,Peach,Summer,2.7,No,2-Day Shipping,Yes,22,PayPal,Quarterly,Quarterly,18-30 (Young Adult),90,Medium Value,Medium Engagement,Medium Value - Medium Engagement
1069,55,Male,Shirt,Clothing,94,Wyoming,M,Olive,Fall,2.5,No,Standard,Yes,47,Credit Card,Weekly,Weekly,46-60 (Middle-Aged),7,High Value,High Engagement,High Value - High Engagement
1070,38,Male,Skirt,Clothing,81,Maryland,XL,White,Fall,4.3,No,Next Day Air,Yes,33,Venmo,Quarterly,Every 3 Months,31-45 (Adult),90,High Value,Medium Engagement,High Value - Medium Engagement
1071,50,Male,Jewelry,Accessories,75,North Carolina,M,Magenta,Summer,3.3,No,Free Shipping,Yes,50,Debit Card,Weekly,Weekly,46-60 (Middle-Aged),7,Medium Value,High Engagement,Medium Value - High Engagement
1072,61,Male,Hat,Accessories,81,Pennsylvania,M,Beige,Summer,2.6,No,Express,Yes,46,Credit Card,Monthly,Monthly,61-70 (Senior),30,High Value,High Engagement,High Value - High Engagement
1073,48,Male,Shorts,Clothing,92,Idaho,L,Gold,Fall,3.7,No,Express,Yes,34,Debit Card,Bi-Weekly,Fortnightly,46-60 (Middle-Aged),14,High Value,Medium Engagement,High Value - Medium Engagement
1074,22,Male,Scarf,Accessories,96,California,XL,Purple,Spring,4.0,No,Store Pickup,Yes,33,Credit Card,Monthly,Monthly,18-30 (Young Adult),30,High Value,Medium Engagement,High Value - Medium Engagement
1075,48,Male,Jewelry,Accessories,71,Tennessee,S,White,Fall,2.6,No,Standard,Yes,45,Bank Transfer,Bi-Weekly,Fortnightly,46-60 (Middle-Aged),14,Medium Value,High Engagement,Medium Value - High Engagement
1076,57,Male,Sunglasses,Accessories,50,Missouri,L,Indigo,Summer,4.9,No,Next Day Air,Yes,32,Debit Card,Bi-Weekly,Bi-Weekly,46-60 (Middle-Aged),14,Medium Value,Medium Engagement,Medium Value - Medium Engagement
1077,33,Male,Coat,Outerwear,72,North Dakota,L,Charcoal,Spring,2.9,No,Standard,Yes,47,Venmo,Bi-Weekly,Bi-Weekly,31-45 (Adult),14,Medium Value,High Engagement,Medium Value - High Engagement
1078,58,Male,Jacket,Outerwear,28,West Virginia,M,Pink,Winter,3.7,No,Standard,Yes,5,PayPal,Quarterly,Quarterly,46-60 (Middle-Aged),90,Low Value,Low Engagement,Low Value - Low Engagement
1079,37,Male,Sweater,Clothing,59,Arizona,M,Silver,Fall,4.4,No,Express,Yes,49,Credit Card,Bi-Weekly,Fortnightly,31-45 (Adult),14,Medium Value,High Engagement,Medium Value - High Engagement
1080,18,Male,Coat,Outerwear,33,Oklahoma,S,Blue,Summer,4.4,No,Free Shipping,Yes,48,Bank Transfer,Monthly,Monthly,18-30 (Young Adult),30,Low Value,High Engagement,Low Value - High Engagement
1081,65,Male,Scarf,Accessories,59,Pennsylvania,L,Blue,Fall,3.8,No,Express,Yes,22,Cash,Quarterly,Every 3 Months,61-70 (Senior),90,Medium Value,Medium Engagement,Medium Value - Medium Engagement
1082,62,Male,Belt,Accessories,30,Idaho,XL,Brown,Spring,4.5,No,Standard,Yes,45,Credit Card,Annually,Annually,61-70 (Senior),365,Low Value,High Engagement,Low Value - High Engagement
1083,54,Male,Hat,Accessories,85,South Carolina,XL,Cyan,Winter,2.6,No,Next Day Air,Yes,30,Venmo,Quarterly,Quarterly,46-60 (Middle-Aged),90,High Value,Medium Engagement,High Value - Medium Engagement
1084,35,Male,Backpack,Accessories,97,Washington,L,Teal,Summer,3.3,No,Store Pickup,Yes,43,Cash,Weekly,Weekly,31-45 (Adult),7,High Value,High Engagement,High Value - High Engagement
1085,34,Male,T-shirt,Clothing,36,Arkansas,S,Purple,Fall,4.1,No,Next Day Air,Yes,48,Cash,Quarterly,Quarterly,31-45 (Adult),90,Low Value,High Engagement,Low Value - High Engagement
1086,25,Male,Jewelry,Accessories,85,Utah,M,Turquoise,Winter,3.0,No,Store Pickup,Yes,23,Venmo,Bi-Weekly,Fortnightly,18-30 (Young Adult),14,High Value,Medium Engagement,High Value - Medium Engagement
1087,53,Male,Sunglasses,Accessories,62,Alaska,M,Olive,Winter,3.0,No,Free Shipping,Yes,27,PayPal,Bi-Weekly,Bi-Weekly,46-60 (Middle-Aged),14,Medium Value,Medium Engagement,Medium Value - Medium Engagement
1088,45,Male,Jeans,Clothing,71,West Virginia,S,White,Winter,3.4,No,Next Day Air,Yes,7,Bank Transfer,Monthly,Monthly,31-45 (Adult),30,Medium Value,Low Engagement,Medium Value - Low Engagement
1089,49,Male,Pants,Clothing,21,Louisiana,M,Turquoise,Winter,2.7,No,Free Shipping,Yes,2,PayPal,Weekly,Weekly,46-60 (Middle-Aged),7,Low Value,Low Engagement,Low Value - Low Engagement
1090,40,Male,Backpack,Accessories,61,Arizona,M,Silver,Spring,3.8,No,Next Day Air,Yes,33,PayPal,Bi-Weekly,Bi-Weekly,31-45 (Adult),14,Medium Value,Medium Engagement,Medium Value - Medium Engagement
1091,38,Male,Scarf,Accessories,58,Connecticut,M,Violet,Spring,4.2,No,Store Pickup,Yes,27,Cash,Bi-Weekly,Fortnightly,31-45 (Adult),14,Medium Value,Medium Engagement,Medium Value - Medium Engagement
1092,44,Male,Sweater,Clothing,80,North Carolina,L,Lavender,Spring,4.7,No,Store Pickup,Yes,6,Credit Card,Bi-Weekly,Fortnightly,31-45 (Adult),14,High Value,Low Engagement,High Value - Low Engagement
1093,68,Male,Jewelry,Accessories,50,South Dakota,L,Magenta,Spring,4.1,No,2-Day Shipping,Yes,20,Venmo,Quarterly,Quarterly,61-70 (Senior),90,Medium Value,Medium Engagement,Medium Value - Medium Engagement
1094,60,Male,Sneakers,Footwear,48,Delaware,S,Indigo,Winter,4.2,No,2-Day Shipping,Yes,46,Venmo,Quarterly,Every 3 Months,46-60 (Middle-Aged),90,Medium Value,High Engagement,Medium Value - High Engagement
1095,25,Male,Jewelry,Accessories,40,Connecticut,M,Black,Winter,4.8,No,Next Day Air,Yes,25,Cash,Quarterly,Quarterly,18-30 (Young Adult),90,Medium Value,Medium Engagement,Medium Value - Medium Engagement
1096,19,Male,Coat,Outerwear,34,Tennessee,S,Peach,Summer,3.0,No,Free Shipping,Yes,30,Bank Transfer,Quarterly,Quarterly,18-30 (Young Adult),90,Low Value,Medium Engagement,Low Value - Medium Engagement
1097,57,Male,Coat,Outerwear,46,New Hampshire,S,Beige,Fall,2.6,No,Standard,Yes,48,Credit Card,Annually,Annually,46-60 (Middle-Aged),365,Medium Value,High Engagement,Medium Value - High Engagement
1098,58,Male,Sunglasses,Accessories,27,Vermont,M,Black,Summer,3.2,No,Store Pickup,Yes,47,Bank Transfer,Weekly,Weekly,46-60 (Middle-Aged),7,Low Value,High Engagement,Low Value - High Engagement
1099,49,Male,Handbag,Accessories,98,Idaho,S,Turquoise,Spring,3.6,No,Next Day Air,Yes,27,Credit Card,Weekly,Weekly,46-60 (Middle-Aged),7,High Value,Medium Engagement,High Value - Medium Engagement
1100,19,Male,Sweater,Clothing,73,North Carolina,M,Peach,Fall,2.6,No,Next Day Air,Yes,45,Bank Transfer,Bi-Weekly,Fortnightly,18-30 (Young Adult),14,Medium Value,High Engagement,Medium Value - High Engagement
1101,50,Male,Pants,Clothing,28,Nevada,L,Gold,Spring,4.4,No,Express,Yes,2,Credit Card,Weekly,Weekly,46-60 (Middle-Aged),7,Low Value,Low Engagement,Low Value - Low Engagement
1102,30,Male,Gloves,Accessories,76,Delaware,XL,Silver,Fall,3.0,No,Free Shipping,Yes,39,Cash,Bi-Weekly,Fortnightly,18-30 (Young Adult),14,High Value,High Engagement,High Value - High Engagement
1103,52,Male,Sweater,Clothing,83,Texas,M,Peach,Fall,2.9,No,Express,Yes,24,Cash,Bi-Weekly,Fortnightly,46-60 (Middle-Aged),14,High Value,Medium Engagement,High Value - Medium Engagement
1104,35,Male,Hoodie,Clothing,23,Tennessee,S,Charcoal,Spring,4.3,No,Free Shipping,Yes,8,Debit Card,Bi-Weekly,Bi-Weekly,31-45 (Adult),14,Low Value,Low Engagement,Low Value - Low Engagement
1105,35,Male,Hat,Accessories,28,Delaware,M,Beige,Fall,3.1,No,Express,Yes,8,Bank Transfer,Quarterly,Quarterly,31-45 (Adult),90,Low Value,Low Engagement,Low Value - Low Engagement
1106,33,Male,T-shirt,Clothing,83,Massachusetts,S,Olive,Spring,3.0,No,Next Day Air,Yes,6,Venmo,Quarterly,Every 3 Months,31-45 (Adult),90,High Value,Low Engagement,High Value - Low Engagement
1107,52,Male,Skirt,Clothing,96,Minnesota,L,Violet,Winter,3.6,No,Store Pickup,Yes,12,Venmo,Bi-Weekly,Fortnightly,46-60 (Middle-Aged),14,High Value,Low Engagement,High Value - Low Engagement
1108,69,Male,Sneakers,Footwear,62,Texas,M,Peach,Fall,2.8,No,Store Pickup,Yes,26,Bank Transfer,Weekly,Weekly,61-70 (Senior),7,Medium Value,Medium Engagement,Medium Value - Medium Engagement
1109,27,Male,Shorts,Clothing,25,Nebraska,M,Teal,Fall,2.8,No,Standard,Yes,50,Cash,Bi-Weekly,Fortnightly,18-30 (Young Adult),14,Low Value,High Engagement,Low Value - High Engagement
1110,66,Male,Hoodie,Clothing,97,Oklahoma,L,Violet,Winter,3.7,No,Next Day Air,Yes,2,Venmo,Weekly,Weekly,61-70 (Senior),7,High Value,Low Engagement,High Value - Low Engagement
1111,28,Male,Hoodie,Clothing,61,Texas,L,Cyan,Fall,3.0,No,Standard,Yes,31,Cash,Bi-Weekly,Bi-Weekly,18-30 (Young Adult),14,Medium Value,Medium Engagement,Medium Value - Medium Engagement
1112,22,Male,Shoes,Footwear,66,New York,S,Olive,Summer,4.1,No,Next Day Air,Yes,4,Credit Card,Bi-Weekly,Bi-Weekly,18-30 (Young Adult),14,Medium Value,Low Engagement,Medium Value - Low Engagement
1113,69,Male,Hoodie,Clothing,67,Washington,XL,Pink,Spring,4.6,No,Free Shipping,Yes,32,PayPal,Quarterly,Quarterly,61-70 (Senior),90,Medium Value,Medium Engagement,Medium Value - Medium Engagement
1114,28,Male,Sunglasses,Accessories,80,Maryland,M,Purple,Summer,4.8,No,Next Day Air,Yes,11,PayPal,Bi-Weekly,Bi-Weekly,18-30 (Young Adult),14,High Value,Low Engagement,High Value - Low Engagement
1115,55,Male,Skirt,Clothing,25,New Hampshire,L,Violet,Fall,2.6,No,Next Day Air,Yes,47,Bank Transfer,Quarterly,Every 3 Months,46-60 (Middle-Aged),90,Low Value,High Engagement,Low Value - High Engagement
1116,30,Male,Hat,Accessories,58,New York,S,Peach,Fall,4.0,No,2-Day Shipping,Yes,37,Cash,Weekly,Weekly,18-30 (Young Adult),7,Medium Value,High Engagement,Medium Value - High Engagement
1117,67,Male,Backpack,Accessories,96,Hawaii,M,Charcoal,Winter,4.2,No,Express,Yes,39,PayPal,Bi-Weekly,Fortnightly,61-70 (Senior),14,High Value,High Engagement,High Value - High Engagement
1118,25,Male,Sunglasses,Accessories,77,California,L,Lavender,Spring,4.5,No,Store Pickup,Yes,24,Credit Card,Monthly,Monthly,18-30 (Young Adult),30,High Value,Medium Engagement,High Value - Medium Engagement
1119,49,Male,Belt,Accessories,65,Indiana,M,Purple,Summer,4.9,No,Standard,Yes,11,PayPal,Quarterly,Every 3 Months,46-60 (Middle-Aged),90,Medium Value,Low Engagement,Medium Value - Low Engagement
1120,34,Male,Jewelry,Accessories,36,Louisiana,M,Indigo,Spring,3.1,No,Standard,Yes,36,Credit Card,Weekly,Weekly,31-45 (Adult),7,Low Value,High Engagement,Low Value - High Engagement
1121,22,Male,Sneakers,Footwear,84,Pennsylvania,M,Magenta,Winter,4.0,No,Next Day Air,Yes,40,Debit Card,Monthly,Monthly,18-30 (Young Adult),30,High Value,High Engagement,High Value - High Engagement
1122,63,Male,T-shirt,Clothing,58,Florida,XL,Peach,Fall,3.2,No,Express,Yes,25,Cash,Quarterly,Quarterly,61-70 (Senior),90,Medium Value,Medium Engagement,Medium Value - Medium Engagement
1123,70,Male,Handbag,Accessories,62,North Carolina,S,Charcoal,Spring,4.3,No,2-Day Shipping,Yes,12,Credit Card,Annually,Annually,61-70 (Senior),365,Medium Value,Low Engagement,Medium Value - Low Engagement
1124,36,Male,Hat,Accessories,67,Massachusetts,S,Purple,Fall,2.5,No,Store Pickup,Yes,38,Cash,Monthly,Monthly,31-45 (Adult),30,Medium Value,High Engagement,Medium Value - High Engagement
1125,42,Male,Sweater,Clothing,20,Iowa,M,Orange,Spring,3.7,No,Express,Yes,40,Cash,Quarterly,Quarterly,31-45 (Adult),90,Low Value,High Engagement,Low Value - High Engagement
1126,27,Male,Sandals,Footwear,90,North Dakota,M,Lavender,Summer,2.7,No,2-Day Shipping,Yes,10,Bank Transfer,Weekly,Weekly,18-30 (Young Adult),7,High Value,Low Engagement,High Value - Low Engagement
1127,23,Male,Scarf,Accessories,58,Iowa,L,Beige,Winter,3.4,No,Standard,Yes,47,Venmo,Bi-Weekly,Fortnightly,18-30 (Young Adult),14,Medium Value,High Engagement,Medium Value - High Engagement
1128,50,Male,Shirt,Clothing,53,Delaware,XL,Maroon,Spring,4.8,No,Store Pickup,Yes,22,Debit Card,Monthly,Monthly,46-60 (Middle-Aged),30,Medium Value,Medium Engagement,Medium Value - Medium Engagement
1129,56,Male,Gloves,Accessories,30,New York,L,Charcoal,Winter,4.7,No,Next Day Air,Yes,35,Debit Card,Monthly,Monthly,46-60 (Middle-Aged),30,Low Value,Medium Engagement,Low Value - Medium Engagement
1130,37,Male,Hoodie,Clothing,65,New Hampshire,XL,White,Winter,4.7,No,Express,Yes,46,Venmo,Bi-Weekly,Fortnightly,31-45 (Adult),14,Medium Value,High Engagement,Medium Value - High Engagement
1131,67,Male,Jewelry,Accessories,41,Kentucky,M,Lavender,Summer,3.9,No,Standard,Yes,30,PayPal,Bi-Weekly,Bi-Weekly,61-70 (Senior),14,Medium Value,Medium Engagement,Medium Value - Medium Engagement
1132,67,Male,Shirt,Clothing,73,Illinois,M,Black,Spring,3.7,No,Express,Yes,20,Bank Transfer,Monthly,Monthly,61-70 (Senior),30,Medium Value,Medium Engagement,Medium Value - Medium Engagement
1133,50,Male,Hoodie,Clothing,98,North Carolina,S,Teal,Spring,4.3,No,Store Pickup,Yes,25,Cash,Bi-Weekly,Fortnightly,46-60 (Middle-Aged),14,High Value,Medium Engagement,High Value - Medium Engagement
1134,36,Male,Shoes,Footwear,36,Connecticut,XL,Magenta,Winter,4.1,No,2-Day Shipping,Yes,29,Cash,Weekly,Weekly,31-45 (Adult),7,Low Value,Medium Engagement,Low Value - Medium Engagement
1135,62,Male,T-shirt,Clothing,81,Wisconsin,M,Brown,Summer,3.7,No,Express,Yes,2,Venmo,Quarterly,Every 3 Months,61-70 (Senior),90,High Value,Low Engagement,High Value - Low Engagement
1136,65,Male,Skirt,Clothing,90,Massachusetts,L,Peach,Winter,3.6,No,2-Day Shipping,Yes,32,Bank Transfer,Quarterly,Quarterly,61-70 (Senior),90,High Value,Medium Engagement,High Value - Medium Engagement
1137,23,Male,Handbag,Accessories,83,Illinois,S,Cyan,Summer,4.8,No,Free Shipping,Yes,37,Cash,Monthly,Monthly,18-30 (Young Adult),30,High Value,High Engagement,High Value - High Engagement
1138,46,Male,Shirt,Clothing,91,New Mexico,XL,Pink,Winter,2.8,No,2-Day Shipping,Yes,16,Bank Transfer,Quarterly,Every 3 Months,46-60 (Middle-Aged),90,High Value,Medium Engagement,High Value - Medium Engagement
1139,18,Male,Pants,Clothing,36,Iowa,M,Purple,Summer,4.7,No,Express,Yes,32,Venmo,Bi-Weekly,Fortnightly,18-30 (Young Adult),14,Low Value,Medium Engagement,Low Value - Medium Engagement
1140,58,Male,Coat,Outerwear,53,Alabama,L,Purple,Spring,3.9,No,Standard,Yes,42,Debit Card,Bi-Weekly,Bi-Weekly,46-60 (Middle-Aged),14,Medium Value,High Engagement,Medium Value - High Engagement
1141,31,Male,Jeans,Clothing,39,Maryland,M,White,Winter,2.6,No,Store Pickup,Yes,6,Credit Card,Quarterly,Every 3 Months,31-45 (Adult),90,Low Value,Low Engagement,Low Value - Low Engagement
1142,39,Male,Gloves,Accessories,33,Ohio,S,Silver,Winter,4.7,No,Next Day Air,Yes,23,PayPal,Bi-Weekly,Fortnightly,31-45 (Adult),14,Low Value,Medium Engagement,Low Value - Medium Engagement
1143,69,Male,T-shirt,Clothing,76,Ohio,L,Green,Spring,3.5,No,Store Pickup,Yes,27,Venmo,Bi-Weekly,Bi-Weekly,61-70 (Senior),14,High Value,Medium Engagement,High Value - Medium Engagement
1144,68,Male,Boots,Footwear,23,Nevada,L,Teal,Winter,4.4,No,Standard,Yes,43,PayPal,Quarterly,Quarterly,61-70 (Senior),90,Low Value,High Engagement,Low Value - High Engagement
1145,41,Male,Jeans,Clothing,54,South Carolina,S,Indigo,Fall,4.4,No,2-Day Shipping,Yes,25,Bank Transfer,Bi-Weekly,Fortnightly,31-45 (Adult),14,Medium Value,Medium Engagement,Medium Value - Medium Engagement
1146,31,Male,Sneakers,Footwear,89,Nevada,L,Pink,Summer,3.0,No,Express,Yes,30,Cash,Quarterly,Every 3 Months,31-45 (Adult),90,High Value,Medium Engagement,High Value - Medium Engagement
1147,48,Male,Sneakers,Footwear,38,Wisconsin,M,Indigo,Summer,4.2,No,Standard,Yes,7,Bank Transfer,Quarterly,Every 3 Months,46-60 (Middle-Aged),90,Low Value,Low Engagement,Low Value - Low Engagement
1148,59,Male,Hat,Accessories,36,Tennessee,XL,Red,Winter,4.3,No,Next Day Air,Yes,17,Debit Card,Annually,Annually,46-60 (Middle-Aged),365,Low Value,Medium Engagement,Low Value - Medium Engagement
1149,34,Male,Pants,Clothing,66,Florida,M,Violet,Spring,2.6,No,Store Pickup,Yes,10,PayPal,Bi-Weekly,Fortnightly,31-45 (Adult),14,Medium Value,Low Engagement,Medium Value - Low Engagement
1150,21,Male,Jewelry,Accessories,42,Georgia,L,Cyan,Spring,3.3,No,Store Pickup,Yes,40,Venmo,Annually,Annually,18-30 (Young Adult),365,Medium Value,High Engagement,Medium Value - High Engagement
1151,29,Male,Jewelry,Accessories,36,Kentucky,S,Red,Winter,2.7,No,Next Day Air,Yes,50,Venmo,Bi-Weekly,Bi-Weekly,18-30 (Young Adult),14,Low Value,High Engagement,Low Value - High Engagement
1152,41,Male,Blouse,Clothing,86,Ohio,M,Gray,Spring,3.7,No,Express,Yes,24,Credit Card,Weekly,Weekly,31-45 (Adult),7,High Value,Medium Engagement,High Value - Medium Engagement
1153,62,Male,Handbag,Accessories,49,Connecticut,M,Gold,Fall,4.0,No,Standard,Yes,8,PayPal,Quarterly,Every 3 Months,61-70 (Senior),90,Medium Value,Low Engagement,Medium Value - Low Engagement
1154,27,Male,Shirt,Clothing,41,Idaho,M,Pink,Summer,4.0,No,Free Shipping,Yes,6,Bank Transfer,Quarterly,Quarterly,18-30 (Young Adult),90,Medium Value,Low Engagement,Medium Value - Low Engagement
1155,49,Male,Dress,Clothing,82,Georgia,L,Cyan,Spring,2.9,No,2-Day Shipping,Yes,44,Credit Card,Bi-Weekly,Bi-Weekly,46-60 (Middle-Aged),14,High Value,High Engagement,High Value - High Engagement
1156,67,Male,T-shirt,Clothing,53,Tennessee,S,Red,Fall,2.6,No,Express,Yes,47,PayPal,Quarterly,Quarterly,61-70 (Senior),90,Medium Value,High Engagement,Medium Value - High Engagement
1157,20,Male,Shoes,Footwear,21,Hawaii,M,Gold,Summer,4.8,No,Express,Yes,6,Venmo,Quarterly,Every 3 Months,18-30 (Young Adult),90,Low Value,Low Engagement,Low Value - Low Engagement
1158,37,Male,Belt,Accessories,66,Maryland,M,Charcoal,Fall,4.4,No,Standard,Yes,11,Cash,Quarterly,Quarterly,31-45 (Adult),90,Medium Value,Low Engagement,Medium Value - Low Engagement
1159,69,Male,Belt,Accessories,89,Nevada,L,Orange,Summer,4.0,No,2-Day Shipping,Yes,41,Bank Transfer,Annually,Annually,61-70 (Senior),365,High Value,High Engagement,High Value - High Engagement
1160,66,Male,Handbag,Accessories,55,New Hampshire,L,Blue,Fall,3.6,No,2-Day Shipping,Yes,46,Venmo,Quarterly,Every 3 Months,61-70 (Senior),90,Medium Value,High Engagement,Medium Value - High Engagement
1161,37,Male,Scarf,Accessories,42,North Dakota,S,Blue,Summer,3.2,No,Next Day Air,Yes,9,Venmo,Bi-Weekly,Bi-Weekly,31-45 (Adult),14,Medium Value,Low Engagement,Medium Value - Low Engagement
1162,63,Male,Shorts,Clothing,52,Oklahoma,S,Orange,Fall,3.1,No,2-Day Shipping,Yes,37,PayPal,Monthly,Monthly,61-70 (Senior),30,Medium Value,High Engagement,Medium Value - High Engagement
1163,47,Male,Sandals,Footwear,92,North Carolina,M,Blue,Winter,4.2,No,Express,Yes,13,PayPal,Weekly,Weekly,46-60 (Middle-Aged),7,High Value,Low Engagement,High Value - Low Engagement
1164,26,Male,Pants,Clothing,56,Tennessee,L,White,Summer,3.0,No,2-Day Shipping,Yes,24,Debit Card,Monthly,Monthly,18-30 (Young Adult),30,Medium Value,Medium Engagement,Medium Value - Medium Engagement
1165,68,Male,Dress,Clothing,96,Montana,M,Green,Winter,4.2,No,Standard,Yes,47,PayPal,Quarterly,Quarterly,61-70 (Senior),90,High Value,High Engagement,High Value - High Engagement
1166,51,Male,T-shirt,Clothing,64,Wisconsin,M,Silver,Winter,2.9,No,Next Day Air,Yes,21,Venmo,Quarterly,Every 3 Months,46-60 (Middle-Aged),90,Medium Value,Medium Engagement,Medium Value - Medium Engagement
1167,48,Male,Dress,Clothing,48,Connecticut,S,Lavender,Winter,3.7,No,Store Pickup,Yes,22,Venmo,Bi-Weekly,Fortnightly,46-60 (Middle-Aged),14,Medium Value,Medium Engagement,Medium Value - Medium Engagement
1168,60,Male,Socks,Clothing,83,New Jersey,XL,Beige,Summer,3.6,No,Free Shipping,Yes,16,PayPal,Quarterly,Quarterly,46-60 (Middle-Aged),90,High Value,Medium Engagement,High Value - Medium Engagement
1169,68,Male,Scarf,Accessories,91,Mississippi,L,Violet,Summer,3.6,No,Standard,Yes,37,Debit Card,Bi-Weekly,Fortnightly,61-70 (Senior),14,High Value,High Engagement,High Value - High Engagement
1170,25,Male,Backpack,Accessories,94,Wyoming,S,Gray,Fall,4.5,No,2-Day Shipping,Yes,3,Cash,Annually,Annually,18-30 (Young Adult),365,High Value,Low Engagement,High Value - Low Engagement
1171,57,Male,Skirt,Clothing,62,Illinois,S,Red,Spring,3.2,No,Express,Yes,33,Cash,Bi-Weekly,Bi-Weekly,46-60 (Middle-Aged),14,Medium Value,Medium Engagement,Medium Value - Medium Engagement
1172,41,Male,Socks,Clothing,55,Louisiana,M,Lavender,Spring,3.9,No,Next Day Air,Yes,15,Debit Card,Annually,Annually,31-45 (Adult),365,Medium Value,Low Engagement,Medium Value - Low Engagement
1173,59,Male,Coat,Outerwear,68,Oregon,L,Peach,Spring,4.6,No,Store Pickup,Yes,42,Bank Transfer,Bi-Weekly,Bi-Weekly,46-60 (Middle-Aged),14,Medium Value,High Engagement,Medium Value - High Engagement
1174,44,Male,Jewelry,Accessories,76,South Dakota,M,Indigo,Winter,2.5,No,Express,Yes,42,Cash,Bi-Weekly,Bi-Weekly,31-45 (Adult),14,High Value,High Engagement,High Value - High Engagement
1175,42,Male,Backpack,Accessories,31,Michigan,M,Black,Winter,4.3,No,Express,Yes,19,Bank Transfer,Bi-Weekly,Bi-Weekly,31-45 (Adult),14,Low Value,Medium Engagement,Low Value - Medium Engagement
1176,35,Male,Belt,Accessories,81,New Jersey,M,Beige,Spring,4.1,No,Store Pickup,Yes,26,PayPal,Quarterly,Quarterly,31-45 (Adult),90,High Value,Medium Engagement,High Value - Medium Engagement
1177,36,Male,Dress,Clothing,83,Oregon,M,Red,Winter,3.7,No,Free Shipping,Yes,39,PayPal,Quarterly,Quarterly,31-45 (Adult),90,High Value,High Engagement,High Value - High Engagement
1178,54,Male,Skirt,Clothing,21,Iowa,M,Black,Spring,4.8,No,Standard,Yes,24,Debit Card,Monthly,Monthly,46-60 (Middle-Aged),30,Low Value,Medium Engagement,Low Value - Medium Engagement
1179,37,Male,Dress,Clothing,22,South Carolina,M,Teal,Spring,4.9,No,Express,Yes,23,Debit Card,Annually,Annually,31-45 (Adult),365,Low Value,Medium Engagement,Low Value - Medium Engagement
1180,20,Male,T-shirt,Clothing,33,Indiana,M,Blue,Summer,2.8,No,Free Shipping,Yes,44,Bank Transfer,Annually,Annually,18-30 (Young Adult),365,Low Value,High Engagement,Low Value - High Engagement
1181,23,Male,Skirt,Clothing,23,Oregon,S,Beige,Spring,4.9,No,Standard,Yes,34,Cash,Monthly,Monthly,18-30 (Young Adult),30,Low Value,Medium Engagement,Low Value - Medium Engagement
1182,61,Male,Shorts,Clothing,96,New York,L,Teal,Summer,3.5,No,Free Shipping,Yes,43,Bank Transfer,Quarterly,Quarterly,61-70 (Senior),90,High Value,High Engagement,High Value - High Engagement
1183,37,Male,Jewelry,Accessories,21,New Mexico,M,Maroon,Spring,3.8,No,Express,Yes,45,PayPal,Quarterly,Quarterly,31-45 (Adult),90,Low Value,High Engagement,Low Value - High Engagement
1184,23,Male,Pants,Clothing,39,Louisiana,M,Yellow,Spring,4.5,No,2-Day Shipping,Yes,4,Credit Card,Weekly,Weekly,18-30 (Young Adult),7,Low Value,Low Engagement,Low Value - Low Engagement
1185,63,Male,Belt,Accessories,73,South Carolina,S,Indigo,Fall,3.4,No,Express,Yes,19,Credit Card,Annually,Annually,61-70 (Senior),365,Medium Value,Medium Engagement,Medium Value - Medium Engagement
1186,47,Male,Jeans,Clothing,64,Maine,M,Magenta,Spring,3.9,No,Standard,Yes,29,Credit Card,Monthly,Monthly,46-60 (Middle-Aged),30,Medium Value,Medium Engagement,Medium Value - Medium Engagement
1187,63,Male,Jeans,Clothing,68,Indiana,M,Beige,Summer,4.1,No,2-Day Shipping,Yes,27,Credit Card,Annually,Annually,61-70 (Senior),365,Medium Value,Medium Engagement,Medium Value - Medium Engagement
1188,56,Male,Hat,Accessories,89,Iowa,L,Maroon,Fall,3.0,No,Express,Yes,37,Credit Card,Quarterly,Every 3 Months,46-60 (Middle-Aged),90,High Value,High Engagement,High Value - High Engagement
1189,68,Male,Blouse,Clothing,29,Mississippi,M,Magenta,Summer,3.3,No,Next Day Air,Yes,11,Credit Card,Weekly,Weekly,61-70 (Senior),7,Low Value,Low Engagement,Low Value - Low Engagement
1190,64,Male,Shirt,Clothing,97,Arkansas,XL,Teal,Summer,3.7,No,Free Shipping,Yes,28,Debit Card,Annually,Annually,61-70 (Senior),365,High Value,Medium Engagement,High Value - Medium Engagement
1191,62,Male,Shirt,Clothing,45,South Carolina,M,Orange,Winter,4.3,No,Next Day Air,Yes,31,Credit Card,Weekly,Weekly,61-70 (Senior),7,Medium Value,Medium Engagement,Medium Value - Medium Engagement
1192,34,Male,T-shirt,Clothing,70,Indiana,L,Charcoal,Winter,4.1,No,Free Shipping,Yes,50,Venmo,Quarterly,Quarterly,31-45 (Adult),90,Medium Value,High Engagement,Medium Value - High Engagement
1193,49,Male,Coat,Outerwear,56,Florida,M,Turquoise,Summer,4.0,No,2-Day Shipping,Yes,42,Venmo,Quarterly,Quarterly,46-60 (Middle-Aged),90,Medium Value,High Engagement,Medium Value - High Engagement
1194,40,Male,Jacket,Outerwear,55,Alaska,L,Pink,Fall,5.0,No,2-Day Shipping,Yes,18,Credit Card,Bi-Weekly,Fortnightly,31-45 (Adult),14,Medium Value,Medium Engagement,Medium Value - Medium Engagement
1195,50,Male,Hoodie,Clothing,46,New York,S,Teal,Winter,3.1,No,2-Day Shipping,Yes,6,Credit Card,Bi-Weekly,Fortnightly,46-60 (Middle-Aged),14,Medium Value,Low Engagement,Medium Value - Low Engagement
1196,25,Male,Scarf,Accessories,95,Texas,M,White,Winter,4.0,No,2-Day Shipping,Yes,33,Venmo,Monthly,Monthly,18-30 (Young Adult),30,High Value,Medium Engagement,High Value - Medium Engagement
1197,30,Male,Belt,Accessories,88,North Dakota,M,Maroon,Winter,3.2,No,2-Day Shipping,Yes,13,Bank Transfer,Bi-Weekly,Bi-Weekly,18-30 (Young Adult),14,High Value,Low Engagement,High Value - Low Engagement
1198,54,Male,Sneakers,Footwear,92,Vermont,L,Violet,Fall,3.9,No,Standard,Yes,26,PayPal,Annually,Annually,46-60 (Middle-Aged),365,High Value,Medium Engagement,High Value - Medium Engagement
1199,40,Male,Socks,Clothing,49,New Jersey,M,Brown,Summer,3.9,No,2-Day Shipping,Yes,17,Cash,Annually,Annually,31-45 (Adult),365,Medium Value,Medium Engagement,Medium Value - Medium Engagement
1200,49,Male,Sandals,Footwear,89,Maryland,M,Indigo,Fall,4.5,No,Free Shipping,Yes,3,Debit Card,Weekly,Weekly,46-60 (Middle-Aged),7,High Value,Low Engagement,High Value - Low Engagement
1201,27,Male,Coat,Outerwear,22,Connecticut,XL,Black,Winter,4.4,No,Store Pickup,Yes,7,PayPal,Weekly,Weekly,18-30 (Young Adult),7,Low Value,Low Engagement,Low Value - Low Engagement
1202,27,Male,Shoes,Footwear,61,Illinois,XL,Black,Summer,3.1,No,2-Day Shipping,Yes,46,Venmo,Bi-Weekly,Fortnightly,18-30 (Young Adult),14,Medium Value,High Engagement,Medium Value - High Engagement
1203,48,Male,Scarf,Accessories,29,Maryland,S,Olive,Spring,2.9,No,Standard,Yes,14,Venmo,Quarterly,Every 3 Months,46-60 (Middle-Aged),90,Low Value,Low Engagement,Low Value - Low Engagement
1204,40,Male,Sneakers,Footwear,82,Minnesota,M,Orange,Winter,3.7,No,Free Shipping,Yes,23,Bank Transfer,Annually,Annually,31-45 (Adult),365,High Value,Medium Engagement,High Value - Medium Engagement
1205,67,Male,Belt,Accessories,94,Florida,M,Pink,Spring,3.2,No,2-Day Shipping,Yes,20,Credit Card,Quarterly,Every 3 Months,61-70 (Senior),90,High Value,Medium Engagement,High Value - Medium Engagement
1206,52,Male,Handbag,Accessories,99,California,M,Olive,Spring,3.5,No,Standard,Yes,38,Bank Transfer,Bi-Weekly,Fortnightly,46-60 (Middle-Aged),14,High Value,High Engagement,High Value - High Engagement
1207,22,Male,Handbag,Accessories,59,Mississippi,S,Cyan,Fall,3.0,No,Free Shipping,Yes,16,Venmo,Quarterly,Every 3 Months,18-30 (Young Adult),90,Medium Value,Medium Engagement,Medium Value - Medium Engagement
1208,62,Male,Boots,Footwear,90,Washington,M,White,Summer,4.1,No,Next Day Air,Yes,48,Credit Card,Quarterly,Every 3 Months,61-70 (Senior),90,High Value,High Engagement,High Value - High Engagement
1209,20,Male,Boots,Footwear,100,Wisconsin,S,Red,Winter,3.8,No,2-Day Shipping,Yes,8,Debit Card,Annually,Annually,18-30 (Young Adult),365,High Value,Low Engagement,High Value - Low Engagement
1210,41,Male,Pants,Clothing,62,Pennsylvania,M,Blue,Winter,3.8,No,Next Day Air,Yes,16,Bank Transfer,Monthly,Monthly,31-45 (Adult),30,Medium Value,Medium Engagement,Medium Value - Medium Engagement
1211,34,Male,Sunglasses,Accessories,78,Missouri,M,Olive,Fall,4.1,No,Next Day Air,Yes,5,Cash,Quarterly,Quarterly,31-45 (Adult),90,High Value,Low Engagement,High Value - Low Engagement
1212,23,Male,Hoodie,Clothing,94,Oklahoma,M,Green,Spring,4.6,No,Store Pickup,Yes,14,Venmo,Quarterly,Every 3 Months,18-30 (Young Adult),90,High Value,Low Engagement,High Value - Low Engagement
1213,32,Male,Shoes,Footwear,74,Pennsylvania,M,Yellow,Summer,2.5,No,Free Shipping,Yes,18,Credit Card,Weekly,Weekly,31-45 (Adult),7,Medium Value,Medium Engagement,Medium Value - Medium Engagement
1214,68,Male,Handbag,Accessories,52,Kentucky,XL,Black,Spring,3.7,No,Express,Yes,14,Debit Card,Quarterly,Every 3 Months,61-70 (Senior),90,Medium Value,Low Engagement,Medium Value - Low Engagement
1215,30,Male,Jacket,Outerwear,81,Vermont,M,Blue,Fall,3.8,No,Free Shipping,Yes,5,Cash,Quarterly,Every 3 Months,18-30 (Young Adult),90,High Value,Low Engagement,High Value - Low Engagement
1216,66,Male,Blouse,Clothing,20,Oregon,L,Pink,Winter,2.6,No,2-Day Shipping,Yes,15,Credit Card,Quarterly,Every 3 Months,61-70 (Senior),90,Low Value,Low Engagement,Low Value - Low Engagement
1217,62,Male,Pants,Clothing,32,Utah,XL,Lavender,Summer,3.7,No,Free Shipping,Yes,3,Venmo,Quarterly,Every 3 Months,61-70 (Senior),90,Low Value,Low Engagement,Low Value - Low Engagement
1218,50,Male,Boots,Footwear,63,Nebraska,XL,Cyan,Fall,2.6,No,Free Shipping,Yes,12,Cash,Quarterly,Every 3 Months,46-60 (Middle-Aged),90,Medium Value,Low Engagement,Medium Value - Low Engagement
1219,55,Male,Boots,Footwear,79,Pennsylvania,M,Cyan,Spring,3.1,No,Store Pickup,Yes,43,Cash,Quarterly,Every 3 Months,46-60 (Middle-Aged),90,High Value,High Engagement,High Value - High Engagement
1220,19,Male,Sweater,Clothing,23,Vermont,M,Gold,Winter,2.5,No,Next Day Air,Yes,35,Credit Card,Bi-Weekly,Bi-Weekly,18-30 (Young Adult),14,Low Value,Medium Engagement,Low Value - Medium Engagement
1221,67,Male,Gloves,Accessories,64,Kentucky,M,Green,Winter,3.8,No,Express,Yes,36,Bank Transfer,Quarterly,Quarterly,61-70 (Senior),90,Medium Value,High Engagement,Medium Value - High Engagement
1222,18,Male,Socks,Clothing,69,Iowa,M,Red,Winter,4.5,No,Standard,Yes,3,Cash,Quarterly,Quarterly,18-30 (Young Adult),90,Medium Value,Low Engagement,Medium Value - Low Engagement
1223,58,Male,Jeans,Clothing,69,Indiana,L,Magenta,Fall,3.4,No,Store Pickup,Yes,27,Bank Transfer,Annually,Annually,46-60 (Middle-Aged),365,Medium Value,Medium Engagement,Medium Value - Medium Engagement
1224,69,Male,Pants,Clothing,24,Kansas,L,Red,Winter,3.9,No,Free Shipping,Yes,21,Bank Transfer,Weekly,Weekly,61-70 (Senior),7,Low Value,Medium Engagement,Low Value - Medium Engagement
1225,62,Male,Shorts,Clothing,50,Illinois,M,Yellow,Summer,3.7,No,Store Pickup,Yes,18,Venmo,Weekly,Weekly,61-70 (Senior),7,Medium Value,Medium Engagement,Medium Value - Medium Engagement
1226,28,Male,Gloves,Accessories,97,North Carolina,S,Turquoise,Fall,2.6,No,Free Shipping,Yes,16,Debit Card,Weekly,Weekly,18-30 (Young Adult),7,High Value,Medium Engagement,High Value - Medium Engagement
1227,53,Male,Sandals,Footwear,91,Ohio,S,Cyan,Fall,3.4,No,Store Pickup,Yes,18,Venmo,Bi-Weekly,Bi-Weekly,46-60 (Middle-Aged),14,High Value,Medium Engagement,High Value - Medium Engagement
1228,27,Male,Blouse,Clothing,37,Illinois,L,Yellow,Spring,4.9,No,Store Pickup,Yes,19,Bank Transfer,Bi-Weekly,Bi-Weekly,18-30 (Young Adult),14,Low Value,Medium Engagement,Low Value - Medium Engagement
1229,55,Male,Jacket,Outerwear,55,Indiana,S,Yellow,Winter,3.9,No,Express,Yes,1,Cash,Annually,Annually,46-60 (Middle-Aged),365,Medium Value,Low Engagement,Medium Value - Low Engagement
1230,34,Male,Jewelry,Accessories,52,Kansas,XL,Maroon,Winter,3.6,No,Express,Yes,39,Bank Transfer,Annually,Annually,31-45 (Adult),365,Medium Value,High Engagement,Medium Value - High Engagement
1231,25,Male,Hat,Accessories,80,Illinois,L,Brown,Spring,3.8,No,Standard,Yes,49,Venmo,Monthly,Monthly,18-30 (Young Adult),30,High Value,High Engagement,High Value - High Engagement
1232,66,Male,Socks,Clothing,79,Pennsylvania,M,Gold,Spring,4.0,No,2-Day Shipping,Yes,43,Credit Card,Bi-Weekly,Fortnightly,61-70 (Senior),14,High Value,High Engagement,High Value - High Engagement
1233,57,Male,Handbag,Accessories,23,New York,M,Charcoal,Summer,3.6,No,Free Shipping,Yes,31,Debit Card,Quarterly,Every 3 Months,46-60 (Middle-Aged),90,Low Value,Medium Engagement,Low Value - Medium Engagement
1234,46,Male,Pants,Clothing,73,Utah,L,Beige,Winter,3.5,No,Next Day Air,Yes,40,Venmo,Quarterly,Every 3 Months,46-60 (Middle-Aged),90,Medium Value,High Engagement,Medium Value - High Engagement
1235,38,Male,Gloves,Accessories,99,New Jersey,M,Indigo,Fall,4.1,No,Store Pickup,Yes,2,Bank Transfer,Bi-Weekly,Bi-Weekly,31-45 (Adult),14,High Value,Low Engagement,High Value - Low Engagement
1236,23,Male,Sweater,Clothing,22,Idaho,M,Red,Spring,3.0,No,Store Pickup,Yes,46,PayPal,Quarterly,Every 3 Months,18-30 (Young Adult),90,Low Value,High Engagement,Low Value - High Engagement
1237,42,Male,Hat,Accessories,68,New Mexico,M,White,Summer,4.4,No,Store Pickup,Yes,35,Debit Card,Quarterly,Every 3 Months,31-45 (Adult),90,Medium Value,Medium Engagement,Medium Value - Medium Engagement
1238,25,Male,Dress,Clothing,92,Michigan,S,Charcoal,Spring,4.4,No,2-Day Shipping,Yes,42,Credit Card,Quarterly,Quarterly,18-30 (Young Adult),90,High Value,High Engagement,High Value - High Engagement
1239,55,Male,Pants,Clothing,77,Wyoming,M,Violet,Winter,3.7,No,Express,Yes,3,Venmo,Bi-Weekly,Fortnightly,46-60 (Middle-Aged),14,High Value,Low Engagement,High Value - Low Engagement
1240,62,Male,Coat,Outerwear,37,New Jersey,XL,Magenta,Spring,4.8,No,Standard,Yes,32,Debit Card,Quarterly,Every 3 Months,61-70 (Senior),90,Low Value,Medium Engagement,Low Value - Medium Engagement
1241,41,Male,Scarf,Accessories,79,New Jersey,L,White,Winter,2.9,No,Store Pickup,Yes,48,Debit Card,Annually,Annually,31-45 (Adult),365,High Value,High Engagement,High Value - High Engagement
1242,58,Male,Hoodie,Clothing,51,Hawaii,XL,Pink,Winter,3.1,No,Express,Yes,34,Credit Card,Weekly,Weekly,46-60 (Middle-Aged),7,Medium Value,Medium Engagement,Medium Value - Medium Engagement
1243,56,Male,Socks,Clothing,27,Nevada,M,Lavender,Summer,4.0,No,Next Day Air,Yes,15,Bank Transfer,Quarterly,Quarterly,46-60 (Middle-Aged),90,Low Value,Low Engagement,Low Value - Low Engagement
1244,25,Male,Blouse,Clothing,23,New Hampshire,S,Pink,Spring,3.0,No,Store Pickup,Yes,22,Debit Card,Annually,Annually,18-30 (Young Adult),365,Low Value,Medium Engagement,Low Value - Medium Engagement
1245,70,Male,Socks,Clothing,76,Indiana,S,Silver,Summer,3.9,No,2-Day Shipping,Yes,2,Cash,Monthly,Monthly,61-70 (Senior),30,High Value,Low Engagement,High Value - Low Engagement
1246,42,Male,Dress,Clothing,31,New York,M,Violet,Fall,3.4,No,Standard,Yes,30,Bank Transfer,Weekly,Weekly,31-45 (Adult),7,Low Value,Medium Engagement,Low Value - Medium Engagement
1247,27,Male,Hoodie,Clothing,60,Louisiana,M,Charcoal,Winter,2.7,No,Standard,Yes,27,Cash,Monthly,Monthly,18-30 (Young Adult),30,Medium Value,Medium Engagement,Medium Value - Medium Engagement
1248,65,Male,T-shirt,Clothing,99,Virginia,M,Charcoal,Spring,3.7,No,Express,Yes,18,Venmo,Bi-Weekly,Bi-Weekly,61-70 (Senior),14,High Value,Medium Engagement,High Value - Medium Engagement
1249,62,Male,Hat,Accessories,37,Wisconsin,XL,Red,Winter,3.0,No,Free Shipping,Yes,8,Credit Card,Annually,Annually,61-70 (Senior),365,Low Value,Low Engagement,Low Value - Low Engagement
1250,62,Male,Boots,Footwear,50,Oregon,M,Peach,Winter,4.5,No,Express,Yes,48,Venmo,Bi-Weekly,Fortnightly,61-70 (Senior),14,Medium Value,High Engagement,Medium Value - High Engagement
1251,52,Male,Jeans,Clothing,26,New Hampshire,XL,Purple,Winter,4.1,No,Free Shipping,Yes,24,Cash,Monthly,Monthly,46-60 (Middle-Aged),30,Low Value,Medium Engagement,Low Value - Medium Engagement
1252,56,Male,Shorts,Clothing,86,Indiana,XL,Orange,Spring,5.0,No,Next Day Air,Yes,43,Credit Card,Monthly,Monthly,46-60 (Middle-Aged),30,High Value,High Engagement,High Value - High Engagement
1253,28,Male,Sandals,Footwear,41,Massachusetts,L,Magenta,Fall,4.0,No,Standard,Yes,8,Cash,Quarterly,Quarterly,18-30 (Young Adult),90,Medium Value,Low Engagement,Medium Value - Low Engagement
1254,39,Male,Sandals,Footwear,23,Montana,XL,Red,Winter,4.9,No,Express,Yes,49,PayPal,Annually,Annually,31-45 (Adult),365,Low Value,High Engagement,Low Value - High Engagement
1255,54,Male,Sneakers,Footwear,56,California,XL,Black,Spring,3.3,No,2-Day Shipping,Yes,2,Credit Card,Bi-Weekly,Bi-Weekly,46-60 (Middle-Aged),14,Medium Value,Low Engagement,Medium Value - Low Engagement
1256,30,Male,Hat,Accessories,68,Indiana,M,Peach,Fall,4.1,No,Standard,Yes,38,Cash,Bi-Weekly,Fortnightly,18-30 (Young Adult),14,Medium Value,High Engagement,Medium Value - High Engagement
1257,45,Male,Coat,Outerwear,48,West Virginia,S,Olive,Winter,3.6,No,Express,Yes,4,Cash,Bi-Weekly,Fortnightly,31-45 (Adult),14,Medium Value,Low Engagement,Medium Value - Low Engagement
1258,68,Male,Dress,Clothing,67,Minnesota,L,Gold,Spring,3.0,No,Free Shipping,Yes,31,Cash,Quarterly,Every 3 Months,61-70 (Senior),90,Medium Value,Medium Engagement,Medium Value - Medium Engagement
1259,47,Male,Boots,Footwear,87,Ohio,XL,Gold,Spring,4.1,No,2-Day Shipping,Yes,34,Debit Card,Quarterly,Every 3 Months,46-60 (Middle-Aged),90,High Value,Medium Engagement,High Value - Medium Engagement
1260,68,Male,Skirt,Clothing,64,Minnesota,M,Turquoise,Fall,3.9,No,Standard,Yes,45,Credit Card,Monthly,Monthly,61-70 (Senior),30,Medium Value,High Engagement,Medium Value - High Engagement
1261,63,Male,Shirt,Clothing,93,Virginia,XL,Green,Spring,4.1,No,Store Pickup,Yes,30,Debit Card,Quarterly,Quarterly,61-70 (Senior),90,High Value,Medium Engagement,High Value - Medium Engagement
1262,20,Male,Shirt,Clothing,29,Connecticut,L,Maroon,Summer,2.8,No,Next Day Air,Yes,2,Credit Card,Bi-Weekly,Fortnightly,18-30 (Young Adult),14,Low Value,Low Engagement,Low Value - Low Engagement
1263,29,Male,Boots,Footwear,62,Tennessee,L,Brown,Winter,4.8,No,Store Pickup,Yes,44,Venmo,Monthly,Monthly,18-30 (Young Adult),30,Medium Value,High Engagement,Medium Value - High Engagement
1264,41,Male,Hoodie,Clothing,70,Delaware,L,Brown,Winter,4.6,No,2-Day Shipping,Yes,1,Credit Card,Bi-Weekly,Bi-Weekly,31-45 (Adult),14,Medium Value,Low Engagement,Medium Value - Low Engagement
1265,52,Male,Sweater,Clothing,92,Vermont,S,Blue,Winter,2.5,No,Next Day Air,Yes,1,Venmo,Bi-Weekly,Bi-Weekly,46-60 (Middle-Aged),14,High Value,Low Engagement,High Value - Low Engagement
1266,32,Male,Shirt,Clothing,79,Louisiana,M,Lavender,Spring,2.7,No,Next Day Air,Yes,27,Bank Transfer,Weekly,Weekly,31-45 (Adult),7,High Value,Medium Engagement,High Value - Medium Engagement
1267,20,Male,Blouse,Clothing,31,North Dakota,M,Peach,Fall,4.0,No,Standard,Yes,14,Debit Card,Quarterly,Every 3 Months,18-30 (Young Adult),90,Low Value,Low Engagement,Low Value - Low Engagement
1268,47,Male,T-shirt,Clothing,83,Oregon,S,Gray,Spring,2.7,No,Standard,Yes,41,Cash,Weekly,Weekly,46-60 (Middle-Aged),7,High Value,High Engagement,High Value - High Engagement
1269,23,Male,Jacket,Outerwear,88,Idaho,XL,Charcoal,Winter,2.9,No,Next Day Air,Yes,25,Debit Card,Bi-Weekly,Bi-Weekly,18-30 (Young Adult),14,High Value,Medium Engagement,High Value - Medium Engagement
1270,43,Male,Jewelry,Accessories,53,Vermont,M,Lavender,Spring,3.0,No,Standard,Yes,47,PayPal,Quarterly,Quarterly,31-45 (Adult),90,Medium Value,High Engagement,Medium Value - High Engagement
1271,67,Male,Hoodie,Clothing,98,West Virginia,M,Green,Fall,3.3,No,Standard,Yes,20,Cash,Annually,Annually,61-70 (Senior),365,High Value,Medium Engagement,High Value - Medium Engagement
1272,70,Male,Jewelry,Accessories,57,Kentucky,S,Gray,Spring,4.3,No,Store Pickup,Yes,42,PayPal,Annually,Annually,61-70 (Senior),365,Medium Value,High Engagement,Medium Value - High Engagement
1273,35,Male,Sandals,Footwear,80,Wisconsin,M,Orange,Winter,4.4,No,Express,Yes,16,Bank Transfer,Monthly,Monthly,31-45 (Adult),30,High Value,Medium Engagement,High Value - Medium Engagement
1274,41,Male,Jeans,Clothing,29,Mississippi,L,Silver,Spring,4.1,No,Next Day Air,Yes,32,Credit Card,Quarterly,Every 3 Months,31-45 (Adult),90,Low Value,Medium Engagement,Low Value - Medium Engagement
1275,54,Male,Hat,Accessories,73,Missouri,M,Olive,Spring,3.1,No,2-Day Shipping,Yes,37,PayPal,Quarterly,Quarterly,46-60 (Middle-Aged),90,Medium Value,High Engagement,Medium Value - High Engagement
1276,55,Male,Sweater,Clothing,32,Arkansas,S,Turquoise,Fall,4.5,No,Standard,Yes,1,PayPal,Monthly,Monthly,46-60 (Middle-Aged),30,Low Value,Low Engagement,Low Value - Low Engagement
1277,51,Male,Boots,Footwear,68,Wyoming,L,Turquoise,Spring,4.8,No,Next Day Air,Yes,37,Bank Transfer,Weekly,Weekly,46-60 (Middle-Aged),7,Medium Value,High Engagement,Medium Value - High Engagement
1278,19,Male,Blouse,Clothing,97,Rhode Island,L,Green,Spring,5.0,No,Express,Yes,5,Venmo,Quarterly,Quarterly,18-30 (Young Adult),90,High Value,Low Engagement,High Value - Low Engagement
1279,28,Male,Shorts,Clothing,98,Utah,M,Violet,Fall,2.8,No,Next Day Air,Yes,31,Venmo,Bi-Weekly,Fortnightly,18-30 (Young Adult),14,High Value,Medium Engagement,High Value - Medium Engagement
1280,63,Male,Hoodie,Clothing,56,Maryland,L,Charcoal,Fall,3.7,No,Express,Yes,18,Debit Card,Annually,Annually,61-70 (Senior),365,Medium Value,Medium Engagement,Medium Value - Medium Engagement
1281,30,Male,Pants,Clothing,78,Georgia,L,White,Winter,4.4,No,2-Day Shipping,Yes,39,Venmo,Quarterly,Every 3 Months,18-30 (Young Adult),90,High Value,High Engagement,High Value - High Engagement
1282,29,Male,Belt,Accessories,81,New Jersey,M,Olive,Spring,4.5,No,Store Pickup,Yes,8,Venmo,Bi-Weekly,Bi-Weekly,18-30 (Young Adult),14,High Value,Low Engagement,High Value - Low Engagement
1283,24,Male,Shirt,Clothing,68,New Hampshire,L,Violet,Winter,3.0,No,Free Shipping,Yes,20,Venmo,Monthly,Monthly,18-30 (Young Adult),30,Medium Value,Medium Engagement,Medium Value - Medium Engagement
1284,69,Male,Shirt,Clothing,94,Oregon,M,Violet,Winter,3.9,No,2-Day Shipping,Yes,23,Debit Card,Quarterly,Every 3 Months,61-70 (Senior),90,High Value,Medium Engagement,High Value - Medium Engagement
1285,65,Male,Dress,Clothing,93,Arkansas,M,Black,Spring,3.9,No,Express,Yes,38,PayPal,Bi-Weekly,Fortnightly,61-70 (Senior),14,High Value,High Engagement,High Value - High Engagement
1286,64,Male,Gloves,Accessories,99,North Carolina,M,Charcoal,Fall,3.5,No,Next Day Air,Yes,45,Bank Transfer,Bi-Weekly,Fortnightly,61-70 (Senior),14,High Value,High Engagement,High Value - High Engagement
1287,40,Male,Gloves,Accessories,49,West Virginia,L,Yellow,Winter,4.9,No,Next Day Air,Yes,44,Debit Card,Bi-Weekly,Fortnightly,31-45 (Adult),14,Medium Value,High Engagement,Medium Value - High Engagement
1288,24,Male,Jeans,Clothing,28,Utah,XL,Blue,Winter,3.4,No,Standard,Yes,20,PayPal,Monthly,Monthly,18-30 (Young Adult),30,Low Value,Medium Engagement,Low Value - Medium Engagement
1289,66,Male,Belt,Accessories,93,South Dakota,XL,Charcoal,Winter,4.1,No,Standard,Yes,34,PayPal,Bi-Weekly,Bi-Weekly,61-70 (Senior),14,High Value,Medium Engagement,High Value - Medium Engagement
1290,35,Male,Jacket,Outerwear,24,New Hampshire,M,Red,Fall,2.9,No,Next Day Air,Yes,10,PayPal,Weekly,Weekly,31-45 (Adult),7,Low Value,Low Engagement,Low Value - Low Engagement
1291,67,Male,Skirt,Clothing,35,Maryland,M,Indigo,Spring,3.4,No,Free Shipping,Yes,3,PayPal,Annually,Annually,61-70 (Senior),365,Low Value,Low Engagement,Low Value - Low Engagement
1292,69,Male,Sandals,Footwear,68,South Dakota,S,Beige,Spring,3.2,No,2-Day Shipping,Yes,23,Debit Card,Bi-Weekly,Fortnightly,61-70 (Senior),14,Medium Value,Medium Engagement,Medium Value - Medium Engagement
1293,26,Male,Belt,Accessories,61,Kentucky,M,Maroon,Summer,3.8,No,Free Shipping,Yes,42,Bank Transfer,Annually,Annually,18-30 (Young Adult),365,Medium Value,High Engagement,Medium Value - High Engagement
1294,23,Male,Sweater,Clothing,74,Florida,XL,Yellow,Fall,4.1,No,Standard,Yes,30,Debit Card,Annually,Annually,18-30 (Young Adult),365,Medium Value,Medium Engagement,Medium Value - Medium Engagement
1295,27,Male,Shirt,Clothing,64,Texas,M,Silver,Summer,4.5,No,Standard,Yes,21,Cash,Quarterly,Every 3 Months,18-30 (Young Adult),90,Medium Value,Medium Engagement,Medium Value - Medium Engagement
1296,30,Male,Sneakers,Footwear,60,New Mexico,M,Olive,Fall,2.8,No,Standard,Yes,50,PayPal,Weekly,Weekly,18-30 (Young Adult),7,Medium Value,High Engagement,Medium Value - High Engagement
1297,48,Male,Jeans,Clothing,29,South Dakota,S,Teal,Spring,2.8,No,Express,Yes,16,Cash,Bi-Weekly,Bi-Weekly,46-60 (Middle-Aged),14,Low Value,Medium Engagement,Low Value - Medium Engagement
1298,44,Male,Sandals,Footwear,85,New Jersey,M,Silver,Summer,4.6,No,Standard,Yes,32,Venmo,Annually,Annually,31-45 (Adult),365,High Value,Medium Engagement,High Value - Medium Engagement
1299,29,Male,Pants,Clothing,81,Indiana,S,Indigo,Summer,3.0,No,Free Shipping,Yes,14,Bank Transfer,Bi-Weekly,Fortnightly,18-30 (Young Adult),14,High Value,Low Engagement,High Value - Low Engagement
1300,29,Male,Belt,Accessories,23,Louisiana,L,Teal,Fall,3.6,No,2-Day Shipping,Yes,42,Venmo,Bi-Weekly,Bi-Weekly,18-30 (Young Adult),14,Low Value,High Engagement,Low Value - High Engagement
1301,67,Male,T-shirt,Clothing,100,West Virginia,M,Charcoal,Spring,4.5,No,Next Day Air,Yes,47,Credit Card,Quarterly,Every 3 Months,61-70 (Senior),90,High Value,High Engagement,High Value - High Engagement
1302,42,Male,Shirt,Clothing,54,Maine,M,Orange,Fall,5.0,No,Express,Yes,21,Debit Card,Weekly,Weekly,31-45 (Adult),7,Medium Value,Medium Engagement,Medium Value - Medium Engagement
1303,23,Male,Sneakers,Footwear,25,Idaho,M,Gold,Fall,2.9,No,Next Day Air,Yes,37,Credit Card,Monthly,Monthly,18-30 (Young Adult),30,Low Value,High Engagement,Low Value - High Engagement
1304,34,Male,Blouse,Clothing,32,New York,L,Silver,Summer,3.1,No,Next Day Air,Yes,10,Credit Card,Annually,Annually,31-45 (Adult),365,Low Value,Low Engagement,Low Value - Low Engagement
1305,64,Male,Backpack,Accessories,63,Montana,S,Orange,Spring,4.0,No,2-Day Shipping,Yes,18,PayPal,Quarterly,Every 3 Months,61-70 (Senior),90,Medium Value,Medium Engagement,Medium Value - Medium Engagement
1306,31,Male,Pants,Clothing,56,Mississippi,XL,Peach,Spring,4.5,No,Express,Yes,2,PayPal,Quarterly,Every 3 Months,31-45 (Adult),90,Medium Value,Low Engagement,Medium Value - Low Engagement
1307,54,Male,Sweater,Clothing,33,Alaska,L,Brown,Winter,4.5,No,Next Day Air,Yes,40,PayPal,Annually,Annually,46-60 (Middle-Aged),365,Low Value,High Engagement,Low Value - High Engagement
1308,23,Male,Coat,Outerwear,32,Missouri,L,Black,Summer,3.1,No,Express,Yes,43,PayPal,Annually,Annually,18-30 (Young Adult),365,Low Value,High Engagement,Low Value - High Engagement
1309,59,Male,Dress,Clothing,38,Rhode Island,L,Red,Summer,4.4,No,Next Day Air,Yes,14,Credit Card,Quarterly,Every 3 Months,46-60 (Middle-Aged),90,Low Value,Low Engagement,Low Value - Low Engagement
1310,32,Male,Blouse,Clothing,21,Hawaii,L,Lavender,Summer,4.7,No,Store Pickup,Yes,41,Cash,Quarterly,Quarterly,31-45 (Adult),90,Low Value,High Engagement,Low Value - High Engagement
1311,43,Male,Hoodie,Clothing,59,South Carolina,L,Brown,Winter,3.1,No,Store Pickup,Yes,38,Credit Card,Quarterly,Every 3 Months,31-45 (Adult),90,Medium Value,High Engagement,Medium Value - High Engagement
1312,32,Male,Shoes,Footwear,87,Tennessee,M,Maroon,Fall,4.2,No,Express,Yes,12,Venmo,Annually,Annually,31-45 (Adult),365,High Value,Low Engagement,High Value - Low Engagement
1313,66,Male,T-shirt,Clothing,79,Missouri,M,Violet,Winter,3.0,No,Store Pickup,Yes,19,Bank Transfer,Monthly,Monthly,61-70 (Senior),30,High Value,Medium Engagement,High Value - Medium Engagement
1314,70,Male,Shoes,Footwear,28,Missouri,M,Lavender,Summer,3.8,No,Free Shipping,Yes,23,Credit Card,Bi-Weekly,Bi-Weekly,61-70 (Senior),14,Low Value,Medium Engagement,Low Value - Medium Engagement
1315,42,Male,Boots,Footwear,67,Missouri,S,Magenta,Summer,3.4,No,Free Shipping,Yes,49,Debit Card,Annually,Annually,31-45 (Adult),365,Medium Value,High Engagement,Medium Value - High Engagement
1316,56,Male,Shorts,Clothing,75,Mississippi,L,Green,Spring,4.2,No,2-Day Shipping,Yes,29,Debit Card,Quarterly,Quarterly,46-60 (Middle-Aged),90,Medium Value,Medium Engagement,Medium Value - Medium Engagement
1317,28,Male,Belt,Accessories,32,Arkansas,S,Lavender,Spring,4.6,No,Standard,Yes,14,Debit Card,Bi-Weekly,Bi-Weekly,18-30 (Young Adult),14,Low Value,Low Engagement,Low Value - Low Engagement
1318,28,Male,Pants,Clothing,43,Kentucky,M,Green,Spring,2.8,No,Free Shipping,Yes,19,Cash,Monthly,Monthly,18-30 (Young Adult),30,Medium Value,Medium Engagement,Medium Value - Medium Engagement
1319,52,Male,Shorts,Clothing,93,Connecticut,M,Maroon,Spring,2.7,No,Express,Yes,19,Credit Card,Bi-Weekly,Bi-Weekly,46-60 (Middle-Aged),14,High Value,Medium Engagement,High Value - Medium Engagement
1320,65,Male,Sunglasses,Accessories,24,Oklahoma,M,Magenta,Spring,4.0,No,Standard,Yes,48,Bank Transfer,Weekly,Weekly,61-70 (Senior),7,Low Value,High Engagement,Low Value - High Engagement
1321,56,Male,Hat,Accessories,31,California,XL,Teal,Fall,3.1,No,Free Shipping,Yes,19,Debit Card,Annually,Annually,46-60 (Middle-Aged),365,Low Value,Medium Engagement,Low Value - Medium Engagement
1322,59,Male,T-shirt,Clothing,84,Missouri,L,Orange,Winter,3.7,No,Express,Yes,45,Bank Transfer,Quarterly,Every 3 Months,46-60 (Middle-Aged),90,High Value,High Engagement,High Value - High Engagement
1323,23,Male,Pants,Clothing,74,Washington,M,Violet,Winter,4.0,No,Next Day Air,Yes,17,Bank Transfer,Quarterly,Quarterly,18-30 (Young Adult),90,Medium Value,Medium Engagement,Medium Value - Medium Engagement
1324,58,Male,Shorts,Clothing,62,New York,M,Yellow,Spring,4.6,No,Standard,Yes,15,Debit Card,Quarterly,Every 3 Months,46-60 (Middle-Aged),90,Medium Value,Low Engagement,Medium Value - Low Engagement
1325,39,Male,Jewelry,Accessories,77,Indiana,S,Orange,Summer,3.8,No,Free Shipping,Yes,11,Credit Card,Bi-Weekly,Fortnightly,31-45 (Adult),14,High Value,Low Engagement,High Value - Low Engagement
1326,28,Male,Backpack,Accessories,73,Oregon,L,Gold,Summer,3.5,No,Express,Yes,1,Cash,Monthly,Monthly,18-30 (Young Adult),30,Medium Value,Low Engagement,Medium Value - Low Engagement
1327,40,Male,Shoes,Footwear,50,Texas,M,Indigo,Spring,3.8,No,Free Shipping,Yes,17,Cash,Monthly,Monthly,31-45 (Adult),30,Medium Value,Medium Engagement,Medium Value - Medium Engagement
1328,52,Male,Coat,Outerwear,40,Florida,M,Turquoise,Winter,2.8,No,Standard,Yes,37,Cash,Weekly,Weekly,46-60 (Middle-Aged),7,Medium Value,High Engagement,Medium Value - High Engagement
1329,37,Male,Sweater,Clothing,97,Rhode Island,M,Orange,Winter,3.7,No,Standard,Yes,40,Bank Transfer,Weekly,Weekly,31-45 (Adult),7,High Value,High Engagement,High Value - High Engagement
1330,70,Male,Gloves,Accessories,63,Texas,M,Indigo,Fall,3.3,No,Express,Yes,50,PayPal,Quarterly,Every 3 Months,61-70 (Senior),90,Medium Value,High Engagement,Medium Value - High Engagement
1331,30,Male,Handbag,Accessories,65,Vermont,M,Charcoal,Fall,2.9,No,Standard,Yes,20,PayPal,Bi-Weekly,Bi-Weekly,18-30 (Young Adult),14,Medium Value,Medium Engagement,Medium Value - Medium Engagement
1332,38,Male,Socks,Clothing,91,Maryland,M,Lavender,Spring,3.2,No,Standard,Yes,8,PayPal,Bi-Weekly,Bi-Weekly,31-45 (Adult),14,High Value,Low Engagement,High Value - Low Engagement
1333,66,Male,Hoodie,Clothing,60,Alaska,S,Gold,Spring,4.3,No,Store Pickup,Yes,16,Bank Transfer,Quarterly,Quarterly,61-70 (Senior),90,Medium Value,Medium Engagement,Medium Value - Medium Engagement
1334,29,Male,Pants,Clothing,69,Idaho,M,Lavender,Winter,2.7,No,Next Day Air,Yes,9,Bank Transfer,Quarterly,Quarterly,18-30 (Young Adult),90,Medium Value,Low Engagement,Medium Value - Low Engagement
1335,46,Male,Coat,Outerwear,52,West Virginia,S,White,Spring,3.8,No,Store Pickup,Yes,12,Venmo,Monthly,Monthly,46-60 (Middle-Aged),30,Medium Value,Low Engagement,Medium Value - Low Engagement
1336,56,Male,Boots,Footwear,49,Nevada,M,Lavender,Fall,4.8,No,2-Day Shipping,Yes,26,Credit Card,Weekly,Weekly,46-60 (Middle-Aged),7,Medium Value,Medium Engagement,Medium Value - Medium Engagement
1337,23,Male,Sneakers,Footwear,85,Oregon,M,Charcoal,Spring,4.8,No,Store Pickup,Yes,44,Debit Card,Bi-Weekly,Fortnightly,18-30 (Young Adult),14,High Value,High Engagement,High Value - High Engagement
1338,37,Male,Sweater,Clothing,86,Tennessee,L,Silver,Spring,3.4,No,Express,Yes,19,Credit Card,Bi-Weekly,Bi-Weekly,31-45 (Adult),14,High Value,Medium Engagement,High Value - Medium Engagement
1339,56,Male,Handbag,Accessories,51,Alabama,S,Yellow,Winter,2.6,No,Standard,Yes,43,PayPal,Bi-Weekly,Fortnightly,46-60 (Middle-Aged),14,Medium Value,High Engagement,Medium Value - High Engagement
1340,36,Male,Belt,Accessories,56,Indiana,L,Olive,Winter,5.0,No,Next Day Air,Yes,5,Bank Transfer,Quarterly,Every 3 Months,31-45 (Adult),90,Medium Value,Low Engagement,Medium Value - Low Engagement
1341,40,Male,Belt,Accessories,72,Idaho,M,Peach,Fall,4.4,No,Next Day Air,Yes,5,Debit Card,Quarterly,Every 3 Months,31-45 (Adult),90,Medium Value,Low Engagement,Medium Value - Low Engagement
1342,26,Male,Hoodie,Clothing,27,Rhode Island,XL,Yellow,Fall,3.7,No,Standard,Yes,31,Bank Transfer,Quarterly,Quarterly,18-30 (Young Adult),90,Low Value,Medium Engagement,Low Value - Medium Engagement
1343,57,Male,Sunglasses,Accessories,43,Arizona,XL,Yellow,Summer,3.4,No,2-Day Shipping,Yes,11,Bank Transfer,Monthly,Monthly,46-60 (Middle-Aged),30,Medium Value,Low Engagement,Medium Value - Low Engagement
1344,68,Male,Sneakers,Footwear,56,Florida,M,Indigo,Spring,3.4,No,Standard,Yes,34,Bank Transfer,Monthly,Monthly,61-70 (Senior),30,Medium Value,Medium Engagement,Medium Value - Medium Engagement
1345,56,Male,T-shirt,Clothing,37,New York,S,Violet,Fall,4.9,No,Next Day Air,Yes,14,Cash,Annually,Annually,46-60 (Middle-Aged),365,Low Value,Low Engagement,Low Value - Low Engagement
1346,40,Male,Dress,Clothing,21,Nebraska,M,White,Fall,3.6,No,Standard,Yes,42,Venmo,Weekly,Weekly,31-45 (Adult),7,Low Value,High Engagement,Low Value - High Engagement
1347,44,Male,Hoodie,Clothing,91,Mississippi,L,White,Winter,3.0,No,Free Shipping,Yes,15,Venmo,Bi-Weekly,Bi-Weekly,31-45 (Adult),14,High Value,Low Engagement,High Value - Low Engagement
1348,44,Male,Sweater,Clothing,95,Vermont,M,Cyan,Summer,3.9,No,2-Day Shipping,Yes,47,Bank Transfer,Monthly,Monthly,31-45 (Adult),30,High Value,High Engagement,High Value - High Engagement
1349,19,Male,Belt,Accessories,54,Nebraska,XL,Purple,Spring,3.2,No,Standard,Yes,23,Credit Card,Bi-Weekly,Fortnightly,18-30 (Young Adult),14,Medium Value,Medium Engagement,Medium Value - Medium Engagement
1350,21,Male,Socks,Clothing,36,South Carolina,XL,Black,Spring,3.2,No,Next Day Air,Yes,23,Cash,Bi-Weekly,Bi-Weekly,18-30 (Young Adult),14,Low Value,Medium Engagement,Low Value - Medium Engagement
1351,31,Male,Sunglasses,Accessories,71,Delaware,M,Orange,Fall,4.3,No,Next Day Air,Yes,1,Cash,Quarterly,Every 3 Months,31-45 (Adult),90,Medium Value,Low Engagement,Medium Value - Low Engagement
1352,30,Male,Coat,Outerwear,31,Vermont,L,Maroon,Summer,2.8,No,2-Day Shipping,Yes,28,Bank Transfer,Quarterly,Quarterly,18-30 (Young Adult),90,Low Value,Medium Engagement,Low Value - Medium Engagement
1353,65,Male,Hat,Accessories,89,Indiana,XL,Orange,Spring,4.5,No,Next Day Air,Yes,37,Credit Card,Bi-Weekly,Bi-Weekly,61-70 (Senior),14,High Value,High Engagement,High Value - High Engagement
1354,39,Male,Pants,Clothing,83,Oregon,M,Teal,Winter,4.1,No,Next Day Air,Yes,4,Cash,Quarterly,Every 3 Months,31-45 (Adult),90,High Value,Low Engagement,High Value - Low Engagement
1355,64,Male,Backpack,Accessories,42,Maryland,M,Gray,Spring,3.6,No,2-Day Shipping,Yes,21,Bank Transfer,Quarterly,Quarterly,61-70 (Senior),90,Medium Value,Medium Engagement,Medium Value - Medium Engagement
1356,59,Male,Shorts,Clothing,91,Florida,M,Blue,Summer,3.0,No,2-Day Shipping,Yes,50,PayPal,Bi-Weekly,Bi-Weekly,46-60 (Middle-Aged),14,High Value,High Engagement,High Value - High Engagement
1357,49,Male,Jacket,Outerwear,61,Indiana,M,Cyan,Spring,4.0,No,Free Shipping,Yes,34,Bank Transfer,Annually,Annually,46-60 (Middle-Aged),365,Medium Value,Medium Engagement,Medium Value - Medium Engagement
1358,24,Male,Backpack,Accessories,66,Texas,S,Red,Summer,3.5,No,Next Day Air,Yes,20,Cash,Quarterly,Quarterly,18-30 (Young Adult),90,Medium Value,Medium Engagement,Medium Value - Medium Engagement
1359,19,Male,Scarf,Accessories,22,Nebraska,XL,Pink,Spring,2.5,No,Store Pickup,Yes,25,Venmo,Quarterly,Every 3 Months,18-30 (Young Adult),90,Low Value,Medium Engagement,Low Value - Medium Engagement
1360,27,Male,Hoodie,Clothing,68,North Carolina,S,Cyan,Winter,4.3,No,Store Pickup,Yes,26,Bank Transfer,Bi-Weekly,Fortnightly,18-30 (Young Adult),14,Medium Value,Medium Engagement,Medium Value - Medium Engagement
1361,56,Male,Skirt,Clothing,43,Alabama,L,Black,Fall,2.8,No,Express,Yes,4,Bank Transfer,Annually,Annually,46-60 (Middle-Aged),365,Medium Value,Low Engagement,Medium Value - Low Engagement
1362,49,Male,Dress,Clothing,32,Alabama,M,Beige,Fall,3.7,No,Next Day Air,Yes,39,Debit Card,Monthly,Monthly,46-60 (Middle-Aged),30,Low Value,High Engagement,Low Value - High Engagement
1363,41,Male,Coat,Outerwear,46,Colorado,M,Gray,Fall,4.3,No,Express,Yes,29,Cash,Weekly,Weekly,31-45 (Adult),7,Medium Value,Medium Engagement,Medium Value - Medium Engagement
1364,36,Male,Blouse,Clothing,90,Wisconsin,L,Red,Summer,4.0,No,Express,Yes,47,PayPal,Quarterly,Quarterly,31-45 (Adult),90,High Value,High Engagement,High Value - High Engagement
1365,68,Male,Hat,Accessories,75,Delaware,L,Yellow,Fall,4.7,No,Express,Yes,5,Cash,Quarterly,Every 3 Months,61-70 (Senior),90,Medium Value,Low Engagement,Medium Value - Low Engagement
1366,28,Male,Handbag,Accessories,69,Indiana,M,Magenta,Winter,4.5,No,Store Pickup,Yes,18,Bank Transfer,Bi-Weekly,Fortnightly,18-30 (Young Adult),14,Medium Value,Medium Engagement,Medium Value - Medium Engagement
1367,45,Male,Belt,Accessories,40,Iowa,M,Magenta,Fall,3.1,No,Free Shipping,Yes,10,Credit Card,Bi-Weekly,Fortnightly,31-45 (Adult),14,Medium Value,Low Engagement,Medium Value - Low Engagement
1368,60,Male,Belt,Accessories,63,Iowa,S,Black,Fall,3.8,No,Express,Yes,25,Cash,Quarterly,Quarterly,46-60 (Middle-Aged),90,Medium Value,Medium Engagement,Medium Value - Medium Engagement
1369,21,Male,Shirt,Clothing,36,Wisconsin,L,Orange,Summer,4.9,No,Express,Yes,2,Cash,Weekly,Weekly,18-30 (Young Adult),7,Low Value,Low Engagement,Low Value - Low Engagement
1370,32,Male,Shoes,Footwear,75,Iowa,M,Green,Winter,3.2,No,Standard,Yes,48,Venmo,Bi-Weekly,Fortnightly,31-45 (Adult),14,Medium Value,High Engagement,Medium Value - High Engagement
1371,27,Male,Scarf,Accessories,67,Montana,L,Peach,Summer,3.8,No,2-Day Shipping,Yes,41,Bank Transfer,Quarterly,Every 3 Months,18-30 (Young Adult),90,Medium Value,High Engagement,Medium Value - High Engagement
1372,40,Male,Pants,Clothing,64,Mississippi,M,Charcoal,Spring,2.8,No,Store Pickup,Yes,42,Credit Card,Monthly,Monthly,31-45 (Adult),30,Medium Value,High Engagement,Medium Value - High Engagement
1373,64,Male,Blouse,Clothing,61,Michigan,M,Gray,Fall,4.0,No,2-Day Shipping,Yes,44,PayPal,Bi-Weekly,Bi-Weekly,61-70 (Senior),14,Medium Value,High Engagement,Medium Value - High Engagement
1374,18,Male,Gloves,Accessories,40,Virginia,L,Turquoise,Winter,2.6,No,Store Pickup,Yes,6,Cash,Quarterly,Quarterly,18-30 (Young Adult),90,Medium Value,Low Engagement,Medium Value - Low Engagement
1375,22,Male,Handbag,Accessories,97,New York,M,Red,Fall,2.7,No,Free Shipping,Yes,5,Bank Transfer,Quarterly,Quarterly,18-30 (Young Adult),90,High Value,Low Engagement,High Value - Low Engagement
1376,42,Male,Sneakers,Footwear,31,Maine,L,Brown,Spring,4.1,No,2-Day Shipping,Yes,8,Credit Card,Annually,Annually,31-45 (Adult),365,Low Value,Low Engagement,Low Value - Low Engagement
1377,57,Male,Sandals,Footwear,65,New Jersey,L,Pink,Spring,5.0,No,Free Shipping,Yes,24,PayPal,Annually,Annually,46-60 (Middle-Aged),365,Medium Value,Medium Engagement,Medium Value - Medium Engagement
1378,33,Male,Sunglasses,Accessories,54,Maryland,L,Olive,Spring,3.0,No,Next Day Air,Yes,42,Venmo,Monthly,Monthly,31-45 (Adult),30,Medium Value,High Engagement,Medium Value - High Engagement
1379,37,Male,Jacket,Outerwear,49,Kentucky,XL,Lavender,Fall,3.6,No,Free Shipping,Yes,24,Venmo,Weekly,Weekly,31-45 (Adult),7,Medium Value,Medium Engagement,Medium Value - Medium Engagement
1380,21,Male,T-shirt,Clothing,64,Minnesota,L,Purple,Fall,2.8,No,2-Day Shipping,Yes,38,Venmo,Bi-Weekly,Bi-Weekly,18-30 (Young Adult),14,Medium Value,High Engagement,Medium Value - High Engagement
1381,51,Male,Sneakers,Footwear,35,Massachusetts,S,Beige,Winter,4.6,No,Standard,Yes,41,Cash,Bi-Weekly,Fortnightly,46-60 (Middle-Aged),14,Low Value,High Engagement,Low Value - High Engagement
1382,30,Male,Shoes,Footwear,86,Illinois,L,Green,Winter,2.9,No,Standard,Yes,48,Venmo,Quarterly,Quarterly,18-30 (Young Adult),90,High Value,High Engagement,High Value - High Engagement
1383,68,Male,Jacket,Outerwear,55,Michigan,L,Brown,Winter,4.8,No,Express,Yes,16,Bank Transfer,Quarterly,Quarterly,61-70 (Senior),90,Medium Value,Medium Engagement,Medium Value - Medium Engagement
1384,36,Male,Scarf,Accessories,58,Wisconsin,M,Beige,Spring,3.3,No,Express,Yes,4,Venmo,Monthly,Monthly,31-45 (Adult),30,Medium Value,Low Engagement,Medium Value - Low Engagement
1385,46,Male,Sneakers,Footwear,96,Alaska,M,Beige,Fall,4.6,No,Standard,Yes,8,Bank Transfer,Weekly,Weekly,46-60 (Middle-Aged),7,High Value,Low Engagement,High Value - Low Engagement
1386,41,Male,Jewelry,Accessories,64,Mississippi,M,Indigo,Fall,2.6,No,Store Pickup,Yes,1,Bank Transfer,Bi-Weekly,Bi-Weekly,31-45 (Adult),14,Medium Value,Low Engagement,Medium Value - Low Engagement
1387,68,Male,Jacket,Outerwear,56,Oregon,M,Silver,Fall,4.0,No,Next Day Air,Yes,4,Debit Card,Quarterly,Quarterly,61-70 (Senior),90,Medium Value,Low Engagement,Medium Value - Low Engagement
1388,21,Male,Blouse,Clothing,85,Maryland,M,Gold,Winter,3.8,No,Standard,Yes,20,Credit Card,Monthly,Monthly,18-30 (Young Adult),30,High Value,Medium Engagement,High Value - Medium Engagement
1389,62,Male,Dress,Clothing,23,Arkansas,M,Lavender,Spring,3.9,No,Express,Yes,40,Cash,Quarterly,Quarterly,61-70 (Senior),90,Low Value,High Engagement,Low Value - High Engagement
1390,59,Male,Scarf,Accessories,72,Illinois,L,Orange,Fall,2.6,No,Store Pickup,Yes,8,Debit Card,Bi-Weekly,Fortnightly,46-60 (Middle-Aged),14,Medium Value,Low Engagement,Medium Value - Low Engagement
1391,25,Male,Hat,Accessories,38,Arkansas,M,Maroon,Summer,4.3,No,Standard,Yes,42,Debit Card,Weekly,Weekly,18-30 (Young Adult),7,Low Value,High Engagement,Low Value - High Engagement
1392,53,Male,Blouse,Clothing,29,Mississippi,S,White,Winter,3.6,No,Express,Yes,38,Credit Card,Annually,Annually,46-60 (Middle-Aged),365,Low Value,High Engagement,Low Value - High Engagement
1393,31,Male,Gloves,Accessories,46,Arkansas,M,Yellow,Spring,4.2,No,Express,Yes,34,Venmo,Quarterly,Every 3 Months,31-45 (Adult),90,Medium Value,Medium Engagement,Medium Value - Medium Engagement
1394,46,Male,Gloves,Accessories,58,Idaho,L,Yellow,Spring,3.9,No,Express,Yes,14,PayPal,Bi-Weekly,Fortnightly,46-60 (Middle-Aged),14,Medium Value,Low Engagement,Medium Value - Low Engagement
1395,26,Male,Coat,Outerwear,43,Iowa,L,Magenta,Fall,4.7,No,Next Day Air,Yes,39,Cash,Weekly,Weekly,18-30 (Young Adult),7,Medium Value,High Engagement,Medium Value - High Engagement
1396,47,Male,Scarf,Accessories,32,West Virginia,L,Turquoise,Spring,2.8,No,Next Day Air,Yes,40,PayPal,Bi-Weekly,Bi-Weekly,46-60 (Middle-Aged),14,Low Value,High Engagement,Low Value - High Engagement
1397,37,Male,Pants,Clothing,30,Wisconsin,XL,Lavender,Winter,3.0,No,Next Day Air,Yes,49,Debit Card,Monthly,Monthly,31-45 (Adult),30,Low Value,High Engagement,Low Value - High Engagement
1398,55,Male,Sunglasses,Accessories,67,Massachusetts,S,Magenta,Summer,4.7,No,Store Pickup,Yes,33,PayPal,Annually,Annually,46-60 (Middle-Aged),365,Medium Value,Medium Engagement,Medium Value - Medium Engagement
1399,30,Male,Dress,Clothing,45,Texas,M,Cyan,Summer,2.5,No,Free Shipping,Yes,25,Credit Card,Weekly,Weekly,18-30 (Young Adult),7,Medium Value,Medium Engagement,Medium Value - Medium Engagement
1400,19,Male,Hat,Accessories,81,Nebraska,M,Olive,Winter,3.1,No,Store Pickup,Yes,48,Venmo,Annually,Annually,18-30 (Young Adult),365,High Value,High Engagement,High Value - High Engagement
1401,36,Male,Backpack,Accessories,23,Nevada,M,Red,Fall,3.6,No,Next Day Air,Yes,22,Credit Card,Quarterly,Every 3 Months,31-45 (Adult),90,Low Value,Medium Engagement,Low Value - Medium Engagement
1402,23,Male,Sandals,Footwear,59,Indiana,M,Blue,Fall,3.5,No,2-Day Shipping,Yes,1,PayPal,Weekly,Weekly,18-30 (Young Adult),7,Medium Value,Low Engagement,Medium Value - Low Engagement
1403,62,Male,Sunglasses,Accessories,21,North Dakota,L,White,Summer,3.1,No,Express,Yes,47,PayPal,Monthly,Monthly,61-70 (Senior),30,Low Value,High Engagement,Low Value - High Engagement
1404,26,Male,Backpack,Accessories,20,Georgia,M,Peach,Spring,3.6,No,Store Pickup,Yes,20,Credit Card,Bi-Weekly,Bi-Weekly,18-30 (Young Adult),14,Low Value,Medium Engagement,Low Value - Medium Engagement
1405,36,Male,Jewelry,Accessories,28,New Mexico,M,Charcoal,Winter,3.5,No,Next Day Air,Yes,10,Debit Card,Weekly,Weekly,31-45 (Adult),7,Low Value,Low Engagement,Low Value - Low Engagement
1406,33,Male,Socks,Clothing,100,New Hampshire,M,Peach,Winter,2.7,No,Store Pickup,Yes,39,Credit Card,Monthly,Monthly,31-45 (Adult),30,High Value,High Engagement,High Value - High Engagement
1407,32,Male,Shirt,Clothing,46,Washington,L,Turquoise,Spring,3.6,No,Express,Yes,15,Debit Card,Monthly,Monthly,31-45 (Adult),30,Medium Value,Low Engagement,Medium Value - Low Engagement
1408,56,Male,Handbag,Accessories,61,Nevada,XL,Charcoal,Spring,4.5,No,Express,Yes,11,Credit Card,Annually,Annually,46-60 (Middle-Aged),365,Medium Value,Low Engagement,Medium Value - Low Engagement
1409,58,Male,Blouse,Clothing,58,Maine,M,Yellow,Winter,4.1,No,Free Shipping,Yes,38,Venmo,Weekly,Weekly,46-60 (Middle-Aged),7,Medium Value,High Engagement,Medium Value - High Engagement
1410,34,Male,Backpack,Accessories,50,Idaho,M,Blue,Spring,4.2,No,Standard,Yes,41,Cash,Bi-Weekly,Fortnightly,31-45 (Adult),14,Medium Value,High Engagement,Medium Value - High Engagement
1411,61,Male,Hat,Accessories,93,Tennessee,M,Purple,Summer,4.0,No,Store Pickup,Yes,18,Debit Card,Annually,Annually,61-70 (Senior),365,High Value,Medium Engagement,High Value - Medium Engagement
1412,48,Male,Skirt,Clothing,24,Louisiana,L,Green,Summer,2.8,No,Store Pickup,Yes,13,Venmo,Quarterly,Quarterly,46-60 (Middle-Aged),90,Low Value,Low Engagement,Low Value - Low Engagement
1413,25,Male,Shorts,Clothing,100,Michigan,M,Charcoal,Summer,2.6,No,2-Day Shipping,Yes,43,Venmo,Annually,Annually,18-30 (Young Adult),365,High Value,High Engagement,High Value - High Engagement
1414,51,Male,Blouse,Clothing,79,New Hampshire,S,Indigo,Fall,2.7,No,Store Pickup,Yes,12,Bank Transfer,Quarterly,Quarterly,46-60 (Middle-Aged),90,High Value,Low Engagement,High Value - Low Engagement
1415,29,Male,Socks,Clothing,51,Minnesota,M,Black,Summer,4.5,No,Store Pickup,Yes,3,Credit Card,Bi-Weekly,Bi-Weekly,18-30 (Young Adult),14,Medium Value,Low Engagement,Medium Value - Low Engagement
1416,54,Male,Belt,Accessories,90,Illinois,M,Blue,Winter,3.7,No,Free Shipping,Yes,12,Credit Card,Quarterly,Every 3 Months,46-60 (Middle-Aged),90,High Value,Low Engagement,High Value - Low Engagement
1417,48,Male,Boots,Footwear,56,Idaho,L,Silver,Summer,3.4,No,Free Shipping,Yes,46,Cash,Quarterly,Quarterly,46-60 (Middle-Aged),90,Medium Value,High Engagement,Medium Value - High Engagement
1418,62,Male,Shorts,Clothing,25,Montana,S,Brown,Spring,4.6,No,Standard,Yes,21,Debit Card,Bi-Weekly,Fortnightly,61-70 (Senior),14,Low Value,Medium Engagement,Low Value - Medium Engagement
1419,18,Male,Shirt,Clothing,75,Alabama,M,Violet,Summer,4.1,No,2-Day Shipping,Yes,23,Venmo,Quarterly,Every 3 Months,18-30 (Young Adult),90,Medium Value,Medium Engagement,Medium Value - Medium Engagement
1420,43,Male,Handbag,Accessories,75,Montana,M,Orange,Summer,2.6,No,Free Shipping,Yes,4,Debit Card,Quarterly,Quarterly,31-45 (Adult),90,Medium Value,Low Engagement,Medium Value - Low Engagement
1421,22,Male,Jeans,Clothing,53,California,XL,Gray,Summer,4.6,No,Store Pickup,Yes,45,PayPal,Quarterly,Every 3 Months,18-30 (Young Adult),90,Medium Value,High Engagement,Medium Value - High Engagement
1422,68,Male,Dress,Clothing,100,Pennsylvania,S,Gold,Spring,3.0,No,Standard,Yes,24,Bank Transfer,Bi-Weekly,Fortnightly,61-70 (Senior),14,High Value,Medium Engagement,High Value - Medium Engagement
1423,44,Male,Dress,Clothing,27,Texas,L,Charcoal,Fall,3.4,No,Free Shipping,Yes,3,PayPal,Bi-Weekly,Bi-Weekly,31-45 (Adult),14,Low Value,Low Engagement,Low Value - Low Engagement
1424,51,Male,Sandals,Footwear,60,Michigan,S,Black,Fall,3.5,No,Free Shipping,Yes,12,Venmo,Quarterly,Every 3 Months,46-60 (Middle-Aged),90,Medium Value,Low Engagement,Medium Value - Low Engagement
1425,66,Male,Jacket,Outerwear,23,Connecticut,S,Indigo,Fall,3.5,No,Standard,Yes,34,Bank Transfer,Quarterly,Every 3 Months,61-70 (Senior),90,Low Value,Medium Engagement,Low Value - Medium Engagement
1426,59,Male,Coat,Outerwear,40,Wyoming,S,White,Winter,3.7,No,Next Day Air,Yes,39,Credit Card,Annually,Annually,46-60 (Middle-Aged),365,Medium Value,High Engagement,Medium Value - High Engagement
1427,60,Male,Pants,Clothing,38,Michigan,M,Yellow,Summer,4.8,No,Free Shipping,Yes,35,PayPal,Quarterly,Every 3 Months,46-60 (Middle-Aged),90,Low Value,Medium Engagement,Low Value - Medium Engagement
1428,31,Male,Backpack,Accessories,90,South Dakota,S,Orange,Summer,4.9,No,Store Pickup,Yes,8,Credit Card,Annually,Annually,31-45 (Adult),365,High Value,Low Engagement,High Value - Low Engagement
1429,20,Male,Blouse,Clothing,97,North Dakota,S,Green,Summer,4.9,No,Express,Yes,42,PayPal,Quarterly,Quarterly,18-30 (Young Adult),90,High Value,High Engagement,High Value - High Engagement
1430,24,Male,Skirt,Clothing,38,Maryland,L,Gold,Fall,4.7,No,Standard,Yes,6,Credit Card,Quarterly,Every 3 Months,18-30 (Young Adult),90,Low Value,Low Engagement,Low Value - Low Engagement
1431,48,Male,Sandals,Footwear,30,Michigan,S,Orange,Summer,4.9,No,Free Shipping,Yes,3,Credit Card,Bi-Weekly,Fortnightly,46-60 (Middle-Aged),14,Low Value,Low Engagement,Low Value - Low Engagement
1432,39,Male,Pants,Clothing,88,South Dakota,M,Cyan,Fall,2.9,No,Express,Yes,29,Venmo,Quarterly,Quarterly,31-45 (Adult),90,High Value,Medium Engagement,High Value - Medium Engagement
1433,34,Male,Hat,Accessories,33,Florida,L,Black,Winter,4.4,No,Express,Yes,32,Debit Card,Quarterly,Quarterly,31-45 (Adult),90,Low Value,Medium Engagement,Low Value - Medium Engagement
1434,70,Male,Hoodie,Clothing,60,Minnesota,L,Yellow,Winter,3.2,No,Next Day Air,Yes,45,Debit Card,Weekly,Weekly,61-70 (Senior),7,Medium Value,High Engagement,Medium Value - High Engagement
1435,59,Male,Sweater,Clothing,64,New York,L,Maroon,Summer,4.6,No,Free Shipping,Yes,21,Debit Card,Bi-Weekly,Bi-Weekly,46-60 (Middle-Aged),14,Medium Value,Medium Engagement,Medium Value - Medium Engagement
1436,45,Male,Scarf,Accessories,95,Oregon,XL,Black,Fall,4.0,No,Standard,Yes,41,Cash,Weekly,Weekly,31-45 (Adult),7,High Value,High Engagement,High Value - High Engagement
1437,35,Male,Sneakers,Footwear,83,Minnesota,M,Gray,Winter,3.7,No,Free Shipping,Yes,23,PayPal,Bi-Weekly,Fortnightly,31-45 (Adult),14,High Value,Medium Engagement,High Value - Medium Engagement
1438,69,Male,Boots,Footwear,97,Montana,XL,Orange,Winter,4.2,No,Free Shipping,Yes,14,Cash,Annually,Annually,61-70 (Senior),365,High Value,Low Engagement,High Value - Low Engagement
1439,58,Male,Coat,Outerwear,38,Washington,M,Cyan,Spring,2.9,No,Standard,Yes,24,Debit Card,Monthly,Monthly,46-60 (Middle-Aged),30,Low Value,Medium Engagement,Low Value - Medium Engagement
1440,25,Male,Boots,Footwear,48,New Mexico,M,Magenta,Summer,4.8,No,Next Day Air,Yes,25,Cash,Bi-Weekly,Fortnightly,18-30 (Young Adult),14,Medium Value,Medium Engagement,Medium Value - Medium Engagement
1441,27,Male,Sandals,Footwear,76,Arizona,M,Pink,Spring,4.4,No,Standard,Yes,13,Venmo,Monthly,Monthly,18-30 (Young Adult),30,High Value,Low Engagement,High Value - Low Engagement
1442,34,Male,Pants,Clothing,25,Nebraska,S,Turquoise,Summer,3.4,No,Free Shipping,Yes,3,Venmo,Quarterly,Every 3 Months,31-45 (Adult),90,Low Value,Low Engagement,Low Value - Low Engagement
1443,53,Male,Hoodie,Clothing,92,Idaho,S,Violet,Spring,2.8,No,2-Day Shipping,Yes,42,Credit Card,Annually,Annually,46-60 (Middle-Aged),365,High Value,High Engagement,High Value - High Engagement
1444,58,Male,Sandals,Footwear,47,Idaho,L,Teal,Fall,4.2,No,Next Day Air,Yes,2,Cash,Monthly,Monthly,46-60 (Middle-Aged),30,Medium Value,Low Engagement,Medium Value - Low Engagement
1445,32,Male,Sweater,Clothing,36,Vermont,L,Pink,Fall,3.8,No,Express,Yes,26,Cash,Quarterly,Quarterly,31-45 (Adult),90,Low Value,Medium Engagement,Low Value - Medium Engagement
1446,64,Male,Belt,Accessories,51,Arkansas,M,Gold,Fall,3.1,No,2-Day Shipping,Yes,24,Credit Card,Annually,Annually,61-70 (Senior),365,Medium Value,Medium Engagement,Medium Value - Medium Engagement
1447,63,Male,Jeans,Clothing,35,Wyoming,XL,Red,Summer,3.2,No,Express,Yes,6,Credit Card,Quarterly,Quarterly,61-70 (Senior),90,Low Value,Low Engagement,Low Value - Low Engagement
1448,23,Male,Hoodie,Clothing,57,New Mexico,S,Beige,Summer,3.0,No,Next Day Air,Yes,25,PayPal,Monthly,Monthly,18-30 (Young Adult),30,Medium Value,Medium Engagement,Medium Value - Medium Engagement
1449,64,Male,Boots,Footwear,95,West Virginia,M,Black,Summer,3.6,No,Free Shipping,Yes,11,Credit Card,Quarterly,Every 3 Months,61-70 (Senior),90,High Value,Low Engagement,High Value - Low Engagement
1450,18,Male,Socks,Clothing,41,New York,L,Lavender,Winter,2.5,No,Store Pickup,Yes,20,Cash,Quarterly,Every 3 Months,18-30 (Young Adult),90,Medium Value,Medium Engagement,Medium Value - Medium Engagement
1451,25,Male,Dress,Clothing,44,Illinois,S,Teal,Winter,3.4,No,Free Shipping,Yes,25,Cash,Quarterly,Quarterly,18-30 (Young Adult),90,Medium Value,Medium Engagement,Medium Value - Medium Engagement
1452,54,Male,Jacket,Outerwear,34,Utah,M,Maroon,Fall,2.5,No,Next Day Air,Yes,35,PayPal,Quarterly,Quarterly,46-60 (Middle-Aged),90,Low Value,Medium Engagement,Low Value - Medium Engagement
1453,60,Male,Jacket,Outerwear,25,Colorado,L,Blue,Spring,4.7,No,2-Day Shipping,Yes,11,Bank Transfer,Quarterly,Quarterly,46-60 (Middle-Aged),90,Low Value,Low Engagement,Low Value - Low Engagement
1454,36,Male,Boots,Footwear,93,Virginia,S,Teal,Winter,3.2,No,2-Day Shipping,Yes,41,Bank Transfer,Bi-Weekly,Fortnightly,31-45 (Adult),14,High Value,High Engagement,High Value - High Engagement
1455,66,Male,Sneakers,Footwear,50,Georgia,L,Maroon,Winter,2.9,No,Free Shipping,Yes,17,Credit Card,Annually,Annually,61-70 (Senior),365,Medium Value,Medium Engagement,Medium Value - Medium Engagement
1456,60,Male,Pants,Clothing,79,Alabama,L,Silver,Fall,4.9,No,Express,Yes,1,PayPal,Quarterly,Every 3 Months,46-60 (Middle-Aged),90,High Value,Low Engagement,High Value - Low Engagement
1457,59,Male,Coat,Outerwear,100,Montana,S,Olive,Spring,2.7,No,Store Pickup,Yes,30,PayPal,Quarterly,Every 3 Months,46-60 (Middle-Aged),90,High Value,Medium Engagement,High Value - Medium Engagement
1458,58,Male,Shirt,Clothing,57,Pennsylvania,S,Gray,Spring,4.7,No,Express,Yes,47,Venmo,Bi-Weekly,Fortnightly,46-60 (Middle-Aged),14,Medium Value,High Engagement,Medium Value - High Engagement
1459,35,Male,Sweater,Clothing,28,Missouri,M,Peach,Spring,2.9,No,2-Day Shipping,Yes,34,Venmo,Weekly,Weekly,31-45 (Adult),7,Low Value,Medium Engagement,Low Value - Medium Engagement
1460,20,Male,Shoes,Footwear,35,Maine,L,Yellow,Winter,4.8,No,Express,Yes,18,Venmo,Bi-Weekly,Fortnightly,18-30 (Young Adult),14,Low Value,Medium Engagement,Low Value - Medium Engagement
1461,70,Male,Boots,Footwear,85,Pennsylvania,L,Violet,Fall,4.6,No,Standard,Yes,33,Venmo,Bi-Weekly,Bi-Weekly,61-70 (Senior),14,High Value,Medium Engagement,High Value - Medium Engagement
1462,54,Male,Sunglasses,Accessories,95,Oregon,S,Red,Summer,5.0,No,2-Day Shipping,Yes,42,Venmo,Quarterly,Quarterly,46-60 (Middle-Aged),90,High Value,High Engagement,High Value - High Engagement
1463,38,Male,Sneakers,Footwear,90,Utah,S,Charcoal,Summer,4.8,No,2-Day Shipping,Yes,2,Venmo,Quarterly,Quarterly,31-45 (Adult),90,High Value,Low Engagement,High Value - Low Engagement
1464,54,Male,Jewelry,Accessories,49,Oklahoma,M,Beige,Summer,4.9,No,Store Pickup,Yes,1,Bank Transfer,Monthly,Monthly,46-60 (Middle-Aged),30,Medium Value,Low Engagement,Medium Value - Low Engagement
1465,33,Male,Belt,Accessories,92,Montana,M,Peach,Winter,4.6,No,2-Day Shipping,Yes,23,Bank Transfer,Quarterly,Quarterly,31-45 (Adult),90,High Value,Medium Engagement,High Value - Medium Engagement
1466,46,Male,Gloves,Accessories,72,Nebraska,XL,Violet,Winter,3.9,No,Store Pickup,Yes,42,Cash,Bi-Weekly,Bi-Weekly,46-60 (Middle-Aged),14,Medium Value,High Engagement,Medium Value - High Engagement
1467,58,Male,Shorts,Clothing,71,Alabama,M,Green,Summer,4.5,No,Store Pickup,Yes,3,PayPal,Annually,Annually,46-60 (Middle-Aged),365,Medium Value,Low Engagement,Medium Value - Low Engagement
1468,30,Male,Jewelry,Accessories,27,Ohio,XL,Olive,Winter,4.7,No,Store Pickup,Yes,16,Debit Card,Bi-Weekly,Fortnightly,18-30 (Young Adult),14,Low Value,Medium Engagement,Low Value - Medium Engagement
1469,42,Male,Gloves,Accessories,39,Arkansas,S,Silver,Fall,3.9,No,Express,Yes,46,Cash,Bi-Weekly,Fortnightly,31-45 (Adult),14,Low Value,High Engagement,Low Value - High Engagement
1470,28,Male,Jewelry,Accessories,98,Mississippi,M,Purple,Winter,4.4,No,Standard,Yes,31,PayPal,Quarterly,Every 3 Months,18-30 (Young Adult),90,High Value,Medium Engagement,High Value - Medium Engagement
1471,43,Male,Sandals,Footwear,27,California,M,Silver,Spring,3.9,No,Next Day Air,Yes,15,Cash,Quarterly,Every 3 Months,31-45 (Adult),90,Low Value,Low Engagement,Low Value - Low Engagement
1472,31,Male,Jewelry,Accessories,71,Alaska,S,Gray,Spring,2.8,No,2-Day Shipping,Yes,48,Venmo,Quarterly,Every 3 Months,31-45 (Adult),90,Medium Value,High Engagement,Medium Value - High Engagement
1473,39,Male,Hat,Accessories,24,Indiana,L,Turquoise,Spring,3.5,No,Store Pickup,Yes,11,Cash,Weekly,Weekly,31-45 (Adult),7,Low Value,Low Engagement,Low Value - Low Engagement
1474,69,Male,Shorts,Clothing,63,Wisconsin,M,Violet,Fall,4.3,No,Express,Yes,20,Credit Card,Quarterly,Every 3 Months,61-70 (Senior),90,Medium Value,Medium Engagement,Medium Value - Medium Engagement
1475,31,Male,Sweater,Clothing,72,New Jersey,S,Pink,Fall,3.9,No,Next Day Air,Yes,6,Credit Card,Monthly,Monthly,31-45 (Adult),30,Medium Value,Low Engagement,Medium Value - Low Engagement
1476,44,Male,Blouse,Clothing,61,Rhode Island,M,Teal,Spring,4.0,No,Express,Yes,24,Cash,Monthly,Monthly,31-45 (Adult),30,Medium Value,Medium Engagement,Medium Value - Medium Engagement
1477,39,Male,Hat,Accessories,56,Wyoming,M,Magenta,Fall,4.1,No,Next Day Air,Yes,18,Credit Card,Monthly,Monthly,31-45 (Adult),30,Medium Value,Medium Engagement,Medium Value - Medium Engagement
1478,24,Male,Belt,Accessories,32,Oregon,XL,Silver,Summer,4.3,No,Standard,Yes,1,PayPal,Quarterly,Every 3 Months,18-30 (Young Adult),90,Low Value,Low Engagement,Low Value - Low Engagement
1479,28,Male,Gloves,Accessories,23,Washington,M,Blue,Summer,4.2,No,Free Shipping,Yes,13,Venmo,Bi-Weekly,Bi-Weekly,18-30 (Young Adult),14,Low Value,Low Engagement,Low Value - Low Engagement
1480,48,Male,Coat,Outerwear,100,Washington,L,Black,Spring,4.0,No,Standard,Yes,2,Bank Transfer,Weekly,Weekly,46-60 (Middle-Aged),7,High Value,Low Engagement,High Value - Low Engagement
1481,39,Male,Jewelry,Accessories,74,New Hampshire,M,Gold,Fall,3.6,No,Express,Yes,26,Cash,Quarterly,Quarterly,31-45 (Adult),90,Medium Value,Medium Engagement,Medium Value - Medium Engagement
1482,64,Male,Skirt,Clothing,33,Maryland,S,Gray,Spring,3.3,No,Standard,Yes,31,PayPal,Quarterly,Quarterly,61-70 (Senior),90,Low Value,Medium Engagement,Low Value - Medium Engagement
1483,28,Male,Gloves,Accessories,67,Wisconsin,S,Magenta,Spring,4.1,No,2-Day Shipping,Yes,43,Bank Transfer,Weekly,Weekly,18-30 (Young Adult),7,Medium Value,High Engagement,Medium Value - High Engagement
1484,39,Male,Jewelry,Accessories,61,Massachusetts,S,Yellow,Summer,4.7,No,Next Day Air,Yes,12,Debit Card,Bi-Weekly,Bi-Weekly,31-45 (Adult),14,Medium Value,Low Engagement,Medium Value - Low Engagement
1485,49,Male,Shorts,Clothing,46,Nebraska,M,Teal,Summer,4.4,No,Store Pickup,Yes,22,Venmo,Quarterly,Every 3 Months,46-60 (Middle-Aged),90,Medium Value,Medium Engagement,Medium Value - Medium Engagement
1486,22,Male,Gloves,Accessories,56,Nebraska,L,Red,Spring,3.4,No,Standard,Yes,3,Cash,Bi-Weekly,Fortnightly,18-30 (Young Adult),14,Medium Value,Low Engagement,Medium Value - Low Engagement
1487,25,Male,Sneakers,Footwear,73,Idaho,S,Yellow,Spring,5.0,No,Free Shipping,Yes,23,Venmo,Quarterly,Every 3 Months,18-30 (Young Adult),90,Medium Value,Medium Engagement,Medium Value - Medium Engagement
1488,40,Male,Skirt,Clothing,44,Arizona,L,Black,Summer,4.6,No,Store Pickup,Yes,26,PayPal,Annually,Annually,31-45 (Adult),365,Medium Value,Medium Engagement,Medium Value - Medium Engagement
1489,23,Male,Hat,Accessories,44,Hawaii,L,Pink,Winter,4.0,No,Standard,Yes,37,Credit Card,Weekly,Weekly,18-30 (Young Adult),7,Medium Value,High Engagement,Medium Value - High Engagement
1490,24,Male,Jewelry,Accessories,26,Missouri,XL,Magenta,Summer,4.1,No,Next Day Air,Yes,42,Venmo,Quarterly,Quarterly,18-30 (Young Adult),90,Low Value,High Engagement,Low Value - High Engagement
1491,66,Male,Sneakers,Footwear,52,Louisiana,L,Olive,Spring,4.9,No,Express,Yes,15,Venmo,Bi-Weekly,Bi-Weekly,61-70 (Senior),14,Medium Value,Low Engagement,Medium Value - Low Engagement
1492,27,Male,Shirt,Clothing,54,Arkansas,S,Black,Summer,2.7,No,Free Shipping,Yes,10,Bank Transfer,Quarterly,Quarterly,18-30 (Young Adult),90,Medium Value,Low Engagement,Medium Value - Low Engagement
1493,62,Male,Jacket,Outerwear,38,North Carolina,M,Maroon,Summer,4.5,No,Free Shipping,Yes,3,Venmo,Quarterly,Quarterly,61-70 (Senior),90,Low Value,Low Engagement,Low Value - Low Engagement
1494,70,Male,Belt,Accessories,44,North Dakota,S,Gold,Fall,2.7,No,Standard,Yes,44,Credit Card,Quarterly,Quarterly,61-70 (Senior),90,Medium Value,High Engagement,Medium Value - High Engagement
1495,43,Male,T-shirt,Clothing,76,Montana,M,Gray,Spring,3.0,No,Next Day Air,Yes,23,Bank Transfer,Bi-Weekly,Fortnightly,31-45 (Adult),14,High Value,Medium Engagement,High Value - Medium Engagement
1496,45,Male,Jewelry,Accessories,23,Rhode Island,M,Brown,Winter,4.5,No,Next Day Air,Yes,6,PayPal,Weekly,Weekly,31-45 (Adult),7,Low Value,Low Engagement,Low Value - Low Engagement
1497,63,Male,T-shirt,Clothing,98,Idaho,M,Purple,Winter,5.0,No,Standard,Yes,9,Venmo,Bi-Weekly,Bi-Weekly,61-70 (Senior),14,High Value,Low Engagement,High Value - Low Engagement
1498,69,Male,Jacket,Outerwear,33,Michigan,S,Magenta,Spring,3.8,No,2-Day Shipping,Yes,16,Debit Card,Quarterly,Every 3 Months,61-70 (Senior),90,Low Value,Medium Engagement,Low Value - Medium Engagement
1499,59,Male,Sweater,Clothing,32,Illinois,M,Teal,Summer,3.1,No,Standard,Yes,46,Venmo,Bi-Weekly,Fortnightly,46-60 (Middle-Aged),14,Low Value,High Engagement,Low Value - High Engagement
1500,19,Male,Boots,Footwear,85,Georgia,S,Olive,Fall,3.4,No,Free Shipping,Yes,24,Credit Card,Quarterly,Every 3 Months,18-30 (Young Adult),90,High Value,Medium Engagement,High Value - Medium Engagement
1501,63,Male,Jeans,Clothing,69,Alabama,L,Maroon,Summer,4.8,No,Next Day Air,Yes,22,Debit Card,Monthly,Monthly,61-70 (Senior),30,Medium Value,Medium Engagement,Medium Value - Medium Engagement
1502,37,Male,Jeans,Clothing,55,Alaska,XL,Silver,Spring,2.7,No,Standard,Yes,13,Debit Card,Quarterly,Every 3 Months,31-45 (Adult),90,Medium Value,Low Engagement,Medium Value - Low Engagement
1503,37,Male,Pants,Clothing,66,Massachusetts,M,Black,Summer,3.2,No,Store Pickup,Yes,20,Cash,Bi-Weekly,Fortnightly,31-45 (Adult),14,Medium Value,Medium Engagement,Medium Value - Medium Engagement
1504,50,Male,Jacket,Outerwear,30,Michigan,M,Maroon,Fall,3.9,No,2-Day Shipping,Yes,46,Cash,Quarterly,Quarterly,46-60 (Middle-Aged),90,Low Value,High Engagement,Low Value - High Engagement
1505,60,Male,Jacket,Outerwear,80,Alaska,M,Teal,Winter,4.2,No,Next Day Air,Yes,10,Bank Transfer,Monthly,Monthly,46-60 (Middle-Aged),30,High Value,Low Engagement,High Value - Low Engagement
1506,46,Male,Belt,Accessories,20,North Dakota,M,Teal,Summer,3.0,No,Express,Yes,39,Cash,Monthly,Monthly,46-60 (Middle-Aged),30,Low Value,High Engagement,Low Value - High Engagement
1507,35,Male,Shirt,Clothing,30,South Carolina,L,Beige,Fall,3.0,No,2-Day Shipping,Yes,44,PayPal,Quarterly,Quarterly,31-45 (Adult),90,Low Value,High Engagement,Low Value - High Engagement
1508,66,Male,Dress,Clothing,86,Pennsylvania,S,Maroon,Winter,3.7,No,2-Day Shipping,Yes,7,Venmo,Annually,Annually,61-70 (Senior),365,High Value,Low Engagement,High Value - Low Engagement
1509,35,Male,Blouse,Clothing,84,Colorado,L,Beige,Spring,4.4,No,Store Pickup,Yes,3,Cash,Quarterly,Every 3 Months,31-45 (Adult),90,High Value,Low Engagement,High Value - Low Engagement
1510,20,Male,Dress,Clothing,54,New Hampshire,XL,White,Summer,4.6,No,Free Shipping,Yes,44,Debit Card,Annually,Annually,18-30 (Young Adult),365,Medium Value,High Engagement,Medium Value - High Engagement
1511,55,Male,Blouse,Clothing,30,Maryland,XL,Gray,Fall,3.0,No,Free Shipping,Yes,31,Venmo,Annually,Annually,46-60 (Middle-Aged),365,Low Value,Medium Engagement,Low Value - Medium Engagement
1512,34,Male,Dress,Clothing,91,Georgia,M,Violet,Winter,3.6,No,Express,Yes,48,Credit Card,Weekly,Weekly,31-45 (Adult),7,High Value,High Engagement,High Value - High Engagement
1513,60,Male,Sneakers,Footwear,23,Wisconsin,L,Silver,Winter,3.9,No,Standard,Yes,18,PayPal,Bi-Weekly,Bi-Weekly,46-60 (Middle-Aged),14,Low Value,Medium Engagement,Low Value - Medium Engagement
1514,22,Male,Socks,Clothing,35,Texas,M,Red,Spring,4.1,No,Free Shipping,Yes,27,Cash,Monthly,Monthly,18-30 (Young Adult),30,Low Value,Medium Engagement,Low Value - Medium Engagement
1515,26,Male,Shoes,Footwear,90,Utah,L,Brown,Winter,3.9,No,2-Day Shipping,Yes,1,Venmo,Weekly,Weekly,18-30 (Young Adult),7,High Value,Low Engagement,High Value - Low Engagement
1516,39,Male,Jeans,Clothing,93,Indiana,S,Turquoise,Fall,3.9,No,2-Day Shipping,Yes,34,Cash,Weekly,Weekly,31-45 (Adult),7,High Value,Medium Engagement,High Value - Medium Engagement
1517,20,Male,Jeans,Clothing,68,Nevada,L,Indigo,Winter,4.5,No,Express,Yes,5,Bank Transfer,Bi-Weekly,Bi-Weekly,18-30 (Young Adult),14,Medium Value,Low Engagement,Medium Value - Low Engagement
1518,57,Male,Gloves,Accessories,41,New Hampshire,M,Violet,Spring,3.4,No,Standard,Yes,12,Cash,Quarterly,Quarterly,46-60 (Middle-Aged),90,Medium Value,Low Engagement,Medium Value - Low Engagement
1519,68,Male,Belt,Accessories,73,New York,M,Yellow,Winter,4.1,No,Next Day Air,Yes,14,Venmo,Bi-Weekly,Fortnightly,61-70 (Senior),14,Medium Value,Low Engagement,Medium Value - Low Engagement
1520,50,Male,Sunglasses,Accessories,73,Texas,L,Cyan,Fall,4.9,No,Next Day Air,Yes,40,PayPal,Weekly,Weekly,46-60 (Middle-Aged),7,Medium Value,High Engagement,Medium Value - High Engagement
1521,21,Male,Hat,Accessories,66,Iowa,M,Brown,Summer,4.4,No,2-Day Shipping,Yes,39,Cash,Quarterly,Quarterly,18-30 (Young Adult),90,Medium Value,High Engagement,Medium Value - High Engagement
1522,29,Male,Backpack,Accessories,59,Washington,M,White,Summer,2.7,No,2-Day Shipping,Yes,50,Bank Transfer,Weekly,Weekly,18-30 (Young Adult),7,Medium Value,High Engagement,Medium Value - High Engagement
1523,38,Male,Shorts,Clothing,72,Tennessee,L,Yellow,Spring,4.8,No,Free Shipping,Yes,5,Debit Card,Monthly,Monthly,31-45 (Adult),30,Medium Value,Low Engagement,Medium Value - Low Engagement
1524,54,Male,Socks,Clothing,88,Georgia,M,White,Summer,3.3,No,2-Day Shipping,Yes,35,Debit Card,Annually,Annually,46-60 (Middle-Aged),365,High Value,Medium Engagement,High Value - Medium Engagement
1525,22,Male,Socks,Clothing,76,Massachusetts,L,Pink,Summer,4.4,No,Free Shipping,Yes,6,Cash,Bi-Weekly,Bi-Weekly,18-30 (Young Adult),14,High Value,Low Engagement,High Value - Low Engagement
1526,29,Male,Belt,Accessories,31,Oregon,M,Indigo,Winter,4.6,No,2-Day Shipping,Yes,22,Cash,Bi-Weekly,Fortnightly,18-30 (Young Adult),14,Low Value,Medium Engagement,Low Value - Medium Engagement
1527,41,Male,Jacket,Outerwear,22,Oklahoma,L,White,Summer,3.1,No,Next Day Air,Yes,27,PayPal,Monthly,Monthly,31-45 (Adult),30,Low Value,Medium Engagement,Low Value - Medium Engagement
1528,26,Male,Hat,Accessories,75,Wisconsin,L,Red,Fall,4.5,No,2-Day Shipping,Yes,33,Debit Card,Bi-Weekly,Fortnightly,18-30 (Young Adult),14,Medium Value,Medium Engagement,Medium Value - Medium Engagement
1529,69,Male,T-shirt,Clothing,75,Oregon,S,Red,Spring,4.0,No,Store Pickup,Yes,47,Venmo,Bi-Weekly,Bi-Weekly,61-70 (Senior),14,Medium Value,High Engagement,Medium Value - High Engagement
1530,20,Male,Backpack,Accessories,63,Georgia,M,Lavender,Winter,3.1,No,Free Shipping,Yes,48,Credit Card,Bi-Weekly,Bi-Weekly,18-30 (Young Adult),14,Medium Value,High Engagement,Medium Value - High Engagement
1531,59,Male,Coat,Outerwear,21,New Mexico,M,Teal,Spring,3.9,No,Next Day Air,Yes,22,Bank Transfer,Quarterly,Quarterly,46-60 (Middle-Aged),90,Low Value,Medium Engagement,Low Value - Medium Engagement
1532,63,Male,Backpack,Accessories,83,Mississippi,S,Violet,Spring,4.5,No,Next Day Air,Yes,8,PayPal,Bi-Weekly,Bi-Weekly,61-70 (Senior),14,High Value,Low Engagement,High Value - Low Engagement
1533,68,Male,Jacket,Outerwear,46,Wisconsin,S,Silver,Winter,4.4,No,Next Day Air,Yes,5,PayPal,Quarterly,Every 3 Months,61-70 (Senior),90,Medium Value,Low Engagement,Medium Value - Low Engagement
1534,50,Male,Shoes,Footwear,59,New Hampshire,M,Gold,Summer,3.6,No,2-Day Shipping,Yes,16,Bank Transfer,Quarterly,Quarterly,46-60 (Middle-Aged),90,Medium Value,Medium Engagement,Medium Value - Medium Engagement
1535,55,Male,Blouse,Clothing,66,Wyoming,M,Green,Summer,3.4,No,Free Shipping,Yes,26,Venmo,Bi-Weekly,Fortnightly,46-60 (Middle-Aged),14,Medium Value,Medium Engagement,Medium Value - Medium Engagement
1536,36,Male,Sandals,Footwear,74,West Virginia,S,Turquoise,Fall,4.0,No,2-Day Shipping,Yes,8,Venmo,Monthly,Monthly,31-45 (Adult),30,Medium Value,Low Engagement,Medium Value - Low Engagement
1537,18,Male,Sunglasses,Accessories,82,Michigan,M,Indigo,Summer,2.6,No,Store Pickup,Yes,17,Cash,Quarterly,Quarterly,18-30 (Young Adult),90,High Value,Medium Engagement,High Value - Medium Engagement
1538,68,Male,Shoes,Footwear,89,Alaska,L,Black,Spring,3.2,No,Next Day Air,Yes,50,Venmo,Annually,Annually,61-70 (Senior),365,High Value,High Engagement,High Value - High Engagement
1539,56,Male,Dress,Clothing,65,Illinois,L,Charcoal,Fall,3.2,No,Standard,Yes,22,Venmo,Bi-Weekly,Bi-Weekly,46-60 (Middle-Aged),14,Medium Value,Medium Engagement,Medium Value - Medium Engagement
1540,32,Male,Belt,Accessories,55,Hawaii,M,Turquoise,Spring,5.0,No,2-Day Shipping,Yes,19,Cash,Quarterly,Every 3 Months,31-45 (Adult),90,Medium Value,Medium Engagement,Medium Value - Medium Engagement
1541,28,Male,Shorts,Clothing,95,Colorado,M,Red,Winter,2.9,No,Next Day Air,Yes,14,Bank Transfer,Monthly,Monthly,18-30 (Young Adult),30,High Value,Low Engagement,High Value - Low Engagement
1542,24,Male,Handbag,Accessories,77,Illinois,S,Indigo,Winter,2.9,No,Store Pickup,Yes,35,Cash,Bi-Weekly,Bi-Weekly,18-30 (Young Adult),14,High Value,Medium Engagement,High Value - Medium Engagement
1543,59,Male,Blouse,Clothing,44,Hawaii,M,Maroon,Winter,3.5,No,Next Day Air,Yes,43,PayPal,Weekly,Weekly,46-60 (Middle-Aged),7,Medium Value,High Engagement,Medium Value - High Engagement
1544,56,Male,Jeans,Clothing,89,Wisconsin,M,Indigo,Fall,4.0,No,Standard,Yes,24,Venmo,Annually,Annually,46-60 (Middle-Aged),365,High Value,Medium Engagement,High Value - Medium Engagement
1545,30,Male,Jewelry,Accessories,24,Arkansas,M,Maroon,Spring,3.9,No,Standard,Yes,17,Debit Card,Bi-Weekly,Bi-Weekly,18-30 (Young Adult),14,Low Value,Medium Engagement,Low Value - Medium Engagement
1546,48,Male,Belt,Accessories,43,Delaware,M,Black,Winter,4.9,No,Store Pickup,Yes,49,Bank Transfer,Annually,Annually,46-60 (Middle-Aged),365,Medium Value,High Engagement,Medium Value - High Engagement
1547,60,Male,Sneakers,Footwear,51,Oregon,XL,Purple,Summer,3.8,No,Express,Yes,17,Bank Transfer,Annually,Annually,46-60 (Middle-Aged),365,Medium Value,Medium Engagement,Medium Value - Medium Engagement
1548,46,Male,Hat,Accessories,46,South Carolina,L,Teal,Summer,3.5,No,Standard,Yes,40,Cash,Quarterly,Quarterly,46-60 (Middle-Aged),90,Medium Value,High Engagement,Medium Value - High Engagement
1549,69,Male,Dress,Clothing,32,Maryland,M,Silver,Summer,3.7,No,Store Pickup,Yes,43,Bank Transfer,Weekly,Weekly,61-70 (Senior),7,Low Value,High Engagement,Low Value - High Engagement
1550,19,Male,Sneakers,Footwear,55,Kansas,M,Black,Spring,2.9,No,2-Day Shipping,Yes,19,Debit Card,Quarterly,Every 3 Months,18-30 (Young Adult),90,Medium Value,Medium Engagement,Medium Value - Medium Engagement
1551,66,Male,Sunglasses,Accessories,26,Arkansas,S,Black,Summer,2.8,No,Free Shipping,Yes,40,Bank Transfer,Quarterly,Quarterly,61-70 (Senior),90,Low Value,High Engagement,Low Value - High Engagement
1552,64,Male,Handbag,Accessories,29,Minnesota,M,Olive,Summer,3.7,No,2-Day Shipping,Yes,13,Credit Card,Monthly,Monthly,61-70 (Senior),30,Low Value,Low Engagement,Low Value - Low Engagement
1553,54,Male,Blouse,Clothing,49,New Mexico,L,Purple,Spring,3.0,No,Express,Yes,20,Credit Card,Monthly,Monthly,46-60 (Middle-Aged),30,Medium Value,Medium Engagement,Medium Value - Medium Engagement
1554,27,Male,Blouse,Clothing,45,Delaware,M,Indigo,Spring,4.8,No,Free Shipping,Yes,21,Debit Card,Quarterly,Quarterly,18-30 (Young Adult),90,Medium Value,Medium Engagement,Medium Value - Medium Engagement
1555,64,Male,Shorts,Clothing,48,Utah,S,Lavender,Winter,2.7,No,Standard,Yes,18,Cash,Bi-Weekly,Bi-Weekly,61-70 (Senior),14,Medium Value,Medium Engagement,Medium Value - Medium Engagement
1556,43,Male,Shorts,Clothing,47,Ohio,S,Cyan,Winter,4.5,No,Free Shipping,Yes,44,Cash,Quarterly,Quarterly,31-45 (Adult),90,Medium Value,High Engagement,Medium Value - High Engagement
1557,43,Male,Hoodie,Clothing,57,Alabama,M,Gold,Fall,2.7,No,Standard,Yes,26,Credit Card,Quarterly,Quarterly,31-45 (Adult),90,Medium Value,Medium Engagement,Medium Value - Medium Engagement
1558,27,Male,Backpack,Accessories,34,South Dakota,L,Magenta,Fall,3.5,No,Next Day Air,Yes,34,PayPal,Quarterly,Quarterly,18-30 (Young Adult),90,Low Value,Medium Engagement,Low Value - Medium Engagement
1559,35,Male,Sunglasses,Accessories,75,New Mexico,XL,Teal,Fall,3.5,No,Express,Yes,24,Credit Card,Quarterly,Every 3 Months,31-45 (Adult),90,Medium Value,Medium Engagement,Medium Value - Medium Engagement
1560,43,Male,Scarf,Accessories,94,Oregon,L,Beige,Fall,4.5,No,Store Pickup,Yes,23,PayPal,Bi-Weekly,Fortnightly,31-45 (Adult),14,High Value,Medium Engagement,High Value - Medium Engagement
1561,57,Male,Hat,Accessories,84,Oregon,M,Teal,Winter,3.8,No,Free Shipping,Yes,3,Debit Card,Weekly,Weekly,46-60 (Middle-Aged),7,High Value,Low Engagement,High Value - Low Engagement
1562,50,Male,Scarf,Accessories,38,Mississippi,M,Indigo,Summer,3.8,No,Standard,Yes,2,Bank Transfer,Quarterly,Quarterly,46-60 (Middle-Aged),90,Low Value,Low Engagement,Low Value - Low Engagement
1563,37,Male,Scarf,Accessories,75,Alabama,M,Purple,Winter,3.2,No,Next Day Air,Yes,23,Venmo,Bi-Weekly,Bi-Weekly,31-45 (Adult),14,Medium Value,Medium Engagement,Medium Value - Medium Engagement
1564,68,Male,Pants,Clothing,44,Kansas,M,Teal,Fall,4.3,No,Next Day Air,Yes,8,Cash,Weekly,Weekly,61-70 (Senior),7,Medium Value,Low Engagement,Medium Value - Low Engagement
1565,22,Male,Backpack,Accessories,33,California,XL,Turquoise,Summer,4.5,No,Next Day Air,Yes,30,Debit Card,Quarterly,Every 3 Months,18-30 (Young Adult),90,Low Value,Medium Engagement,Low Value - Medium Engagement
1566,58,Male,Sunglasses,Accessories,93,Idaho,L,Peach,Fall,4.2,No,Free Shipping,Yes,48,PayPal,Annually,Annually,46-60 (Middle-Aged),365,High Value,High Engagement,High Value - High Engagement
1567,48,Male,Sneakers,Footwear,99,Wyoming,S,Green,Winter,3.0,No,Free Shipping,Yes,21,Cash,Bi-Weekly,Bi-Weekly,46-60 (Middle-Aged),14,High Value,Medium Engagement,High Value - Medium Engagement
1568,30,Male,Backpack,Accessories,33,Minnesota,M,Turquoise,Spring,4.1,No,Standard,Yes,9,Cash,Monthly,Monthly,18-30 (Young Adult),30,Low Value,Low Engagement,Low Value - Low Engagement
1569,51,Male,Sneakers,Footwear,76,Washington,L,Yellow,Spring,4.6,No,Store Pickup,Yes,8,Debit Card,Monthly,Monthly,46-60 (Middle-Aged),30,High Value,Low Engagement,High Value - Low Engagement
1570,20,Male,Skirt,Clothing,63,Hawaii,M,Orange,Summer,2.9,No,Standard,Yes,29,Debit Card,Weekly,Weekly,18-30 (Young Adult),7,Medium Value,Medium Engagement,Medium Value - Medium Engagement
1571,30,Male,Pants,Clothing,41,Missouri,L,Brown,Winter,4.8,No,Next Day Air,Yes,3,Bank Transfer,Quarterly,Every 3 Months,18-30 (Young Adult),90,Medium Value,Low Engagement,Medium Value - Low Engagement
1572,28,Male,Jewelry,Accessories,88,Colorado,L,Silver,Winter,4.5,No,Next Day Air,Yes,11,Bank Transfer,Bi-Weekly,Fortnightly,18-30 (Young Adult),14,High Value,Low Engagement,High Value - Low Engagement
1573,37,Male,Skirt,Clothing,92,Washington,L,White,Summer,3.4,No,2-Day Shipping,Yes,16,Debit Card,Monthly,Monthly,31-45 (Adult),30,High Value,Medium Engagement,High Value - Medium Engagement
1574,36,Male,T-shirt,Clothing,31,North Dakota,L,Indigo,Summer,4.3,No,2-Day Shipping,Yes,25,Debit Card,Weekly,Weekly,31-45 (Adult),7,Low Value,Medium Engagement,Low Value - Medium Engagement
1575,18,Male,Skirt,Clothing,25,Minnesota,S,Magenta,Spring,4.2,No,Free Shipping,Yes,32,PayPal,Bi-Weekly,Bi-Weekly,18-30 (Young Adult),14,Low Value,Medium Engagement,Low Value - Medium Engagement
1576,52,Male,Shirt,Clothing,28,California,M,Turquoise,Spring,3.6,No,Next Day Air,Yes,28,Cash,Bi-Weekly,Fortnightly,46-60 (Middle-Aged),14,Low Value,Medium Engagement,Low Value - Medium Engagement
1577,56,Male,Dress,Clothing,75,Michigan,M,White,Spring,3.7,No,2-Day Shipping,Yes,36,PayPal,Monthly,Monthly,46-60 (Middle-Aged),30,Medium Value,High Engagement,Medium Value - High Engagement
1578,68,Male,Boots,Footwear,34,Delaware,S,Olive,Spring,4.0,No,Standard,Yes,7,Venmo,Bi-Weekly,Fortnightly,61-70 (Senior),14,Low Value,Low Engagement,Low Value - Low Engagement
1579,62,Male,Pants,Clothing,97,California,S,Maroon,Winter,4.9,No,2-Day Shipping,Yes,2,PayPal,Quarterly,Quarterly,61-70 (Senior),90,High Value,Low Engagement,High Value - Low Engagement
1580,35,Male,Jacket,Outerwear,80,Oklahoma,M,Violet,Summer,3.1,No,Free Shipping,Yes,6,Bank Transfer,Monthly,Monthly,31-45 (Adult),30,High Value,Low Engagement,High Value - Low Engagement
1581,65,Male,Sneakers,Footwear,71,North Dakota,L,Cyan,Summer,3.7,No,Standard,Yes,30,Cash,Annually,Annually,61-70 (Senior),365,Medium Value,Medium Engagement,Medium Value - Medium Engagement
1582,69,Male,Jewelry,Accessories,77,Ohio,L,Teal,Fall,4.2,No,Free Shipping,Yes,46,Cash,Quarterly,Quarterly,61-70 (Senior),90,High Value,High Engagement,High Value - High Engagement
1583,28,Male,Belt,Accessories,41,Hawaii,L,Red,Spring,2.5,No,Next Day Air,Yes,39,Cash,Monthly,Monthly,18-30 (Young Adult),30,Medium Value,High Engagement,Medium Value - High Engagement
1584,37,Male,Scarf,Accessories,92,Maryland,XL,Yellow,Summer,4.3,No,Next Day Air,Yes,8,Venmo,Annually,Annually,31-45 (Adult),365,High Value,Low Engagement,High Value - Low Engagement
1585,41,Male,Blouse,Clothing,95,Hawaii,S,Silver,Spring,3.1,No,Store Pickup,Yes,46,Credit Card,Quarterly,Quarterly,31-45 (Adult),90,High Value,High Engagement,High Value - High Engagement
1586,37,Male,Sweater,Clothing,25,Alabama,M,Charcoal,Fall,3.0,No,Next Day Air,Yes,40,Debit Card,Bi-Weekly,Fortnightly,31-45 (Adult),14,Low Value,High Engagement,Low Value - High Engagement
1587,25,Male,Boots,Footwear,77,Oklahoma,M,Purple,Fall,4.0,No,Express,Yes,21,Bank Transfer,Weekly,Weekly,18-30 (Young Adult),7,High Value,Medium Engagement,High Value - Medium Engagement
1588,41,Male,Socks,Clothing,99,Alabama,M,Beige,Summer,3.5,No,Free Shipping,Yes,33,Credit Card,Bi-Weekly,Fortnightly,31-45 (Adult),14,High Value,Medium Engagement,High Value - Medium Engagement
1589,48,Male,Belt,Accessories,24,Vermont,L,Cyan,Winter,3.2,No,Next Day Air,Yes,3,Venmo,Monthly,Monthly,46-60 (Middle-Aged),30,Low Value,Low Engagement,Low Value - Low Engagement
1590,42,Male,Sneakers,Footwear,72,Ohio,M,Silver,Summer,2.7,No,Store Pickup,Yes,48,Cash,Weekly,Weekly,31-45 (Adult),7,Medium Value,High Engagement,Medium Value - High Engagement
1591,54,Male,Jeans,Clothing,80,Wisconsin,S,Pink,Winter,3.0,No,Free Shipping,Yes,8,PayPal,Annually,Annually,46-60 (Middle-Aged),365,High Value,Low Engagement,High Value - Low Engagement
1592,18,Male,Skirt,Clothing,100,South Dakota,L,Gold,Winter,2.9,No,Next Day Air,Yes,24,PayPal,Annually,Annually,18-30 (Young Adult),365,High Value,Medium Engagement,High Value - Medium Engagement
1593,56,Male,Shoes,Footwear,83,Iowa,M,Cyan,Summer,3.3,No,Free Shipping,Yes,10,Bank Transfer,Quarterly,Every 3 Months,46-60 (Middle-Aged),90,High Value,Low Engagement,High Value - Low Engagement
1594,61,Male,Dress,Clothing,95,Maryland,M,Black,Spring,4.9,No,2-Day Shipping,Yes,25,Bank Transfer,Monthly,Monthly,61-70 (Senior),30,High Value,Medium Engagement,High Value - Medium Engagement
1595,40,Male,Handbag,Accessories,41,Colorado,XL,Charcoal,Summer,3.7,No,Store Pickup,Yes,3,Cash,Bi-Weekly,Fortnightly,31-45 (Adult),14,Medium Value,Low Engagement,Medium Value - Low Engagement
1596,34,Male,Backpack,Accessories,35,Wisconsin,S,Magenta,Spring,3.5,No,Standard,Yes,45,Debit Card,Bi-Weekly,Fortnightly,31-45 (Adult),14,Low Value,High Engagement,Low Value - High Engagement
1597,42,Male,Jewelry,Accessories,30,Mississippi,S,Pink,Fall,4.7,No,Store Pickup,Yes,15,Debit Card,Monthly,Monthly,31-45 (Adult),30,Low Value,Low Engagement,Low Value - Low Engagement
1598,43,Male,Hat,Accessories,21,Mississippi,XL,Maroon,Winter,2.6,No,Store Pickup,Yes,34,Bank Transfer,Quarterly,Quarterly,31-45 (Adult),90,Low Value,Medium Engagement,Low Value - Medium Engagement
1599,47,Male,Jewelry,Accessories,85,California,M,Teal,Fall,4.1,No,Express,Yes,21,Venmo,Bi-Weekly,Bi-Weekly,46-60 (Middle-Aged),14,High Value,Medium Engagement,High Value - Medium Engagement
1600,48,Male,Shirt,Clothing,54,Delaware,M,Orange,Winter,2.8,No,2-Day Shipping,Yes,22,Debit Card,Bi-Weekly,Bi-Weekly,46-60 (Middle-Aged),14,Medium Value,Medium Engagement,Medium Value - Medium Engagement
1601,20,Male,Boots,Footwear,26,Montana,S,Yellow,Spring,4.7,No,Next Day Air,Yes,24,PayPal,Weekly,Weekly,18-30 (Young Adult),7,Low Value,Medium Engagement,Low Value - Medium Engagement
1602,65,Male,Shirt,Clothing,59,Indiana,XL,Red,Spring,2.9,No,Store Pickup,Yes,33,Credit Card,Monthly,Monthly,61-70 (Senior),30,Medium Value,Medium Engagement,Medium Value - Medium Engagement
1603,54,Male,Sunglasses,Accessories,48,West Virginia,S,Charcoal,Winter,2.8,No,Free Shipping,Yes,13,Venmo,Bi-Weekly,Fortnightly,46-60 (Middle-Aged),14,Medium Value,Low Engagement,Medium Value - Low Engagement
1604,23,Male,Shorts,Clothing,98,Iowa,L,Black,Summer,4.3,No,Next Day Air,Yes,17,Debit Card,Bi-Weekly,Bi-Weekly,18-30 (Young Adult),14,High Value,Medium Engagement,High Value - Medium Engagement
1605,18,Male,Sweater,Clothing,92,Maine,M,White,Summer,4.8,No,2-Day Shipping,Yes,25,Credit Card,Quarterly,Every 3 Months,18-30 (Young Adult),90,High Value,Medium Engagement,High Value - Medium Engagement
1606,70,Male,Belt,Accessories,46,Connecticut,M,Lavender,Winter,3.4,No,Next Day Air,Yes,15,Credit Card,Bi-Weekly,Bi-Weekly,61-70 (Senior),14,Medium Value,Low Engagement,Medium Value - Low Engagement
1607,55,Male,T-shirt,Clothing,21,Kansas,S,White,Spring,4.3,No,Standard,Yes,4,PayPal,Bi-Weekly,Fortnightly,46-60 (Middle-Aged),14,Low Value,Low Engagement,Low Value - Low Engagement
1608,49,Male,Shorts,Clothing,72,Vermont,S,Gray,Fall,2.7,No,Free Shipping,Yes,43,Debit Card,Quarterly,Quarterly,46-60 (Middle-Aged),90,Medium Value,High Engagement,Medium Value - High Engagement
1609,26,Male,Sandals,Footwear,58,Nebraska,XL,Cyan,Fall,4.6,No,Next Day Air,Yes,12,Bank Transfer,Bi-Weekly,Bi-Weekly,18-30 (Young Adult),14,Medium Value,Low Engagement,Medium Value - Low Engagement
1610,33,Male,Shirt,Clothing,93,Nevada,S,Brown,Fall,4.1,No,Standard,Yes,3,Venmo,Monthly,Monthly,31-45 (Adult),30,High Value,Low Engagement,High Value - Low Engagement
1611,20,Male,Socks,Clothing,31,Tennessee,L,Purple,Spring,3.4,No,2-Day Shipping,Yes,1,PayPal,Annually,Annually,18-30 (Young Adult),365,Low Value,Low Engagement,Low Value - Low Engagement
1612,41,Male,Pants,Clothing,26,Arkansas,L,Yellow,Winter,4.5,No,Next Day Air,Yes,6,Debit Card,Monthly,Monthly,31-45 (Adult),30,Low Value,Low Engagement,Low Value - Low Engagement
1613,18,Male,Skirt,Clothing,68,Wisconsin,M,Indigo,Summer,4.4,No,Standard,Yes,26,Venmo,Monthly,Monthly,18-30 (Young Adult),30,Medium Value,Medium Engagement,Medium Value - Medium Engagement
1614,26,Male,Jewelry,Accessories,31,Illinois,S,Black,Summer,4.0,No,Next Day Air,Yes,6,Credit Card,Bi-Weekly,Fortnightly,18-30 (Young Adult),14,Low Value,Low Engagement,Low Value - Low Engagement
1615,30,Male,T-shirt,Clothing,41,Kansas,S,Gray,Summer,3.4,No,Free Shipping,Yes,22,Cash,Bi-Weekly,Bi-Weekly,18-30 (Young Adult),14,Medium Value,Medium Engagement,Medium Value - Medium Engagement
1616,64,Male,Jewelry,Accessories,62,New York,M,Indigo,Fall,3.2,No,Standard,Yes,45,Cash,Bi-Weekly,Bi-Weekly,61-70 (Senior),14,Medium Value,High Engagement,Medium Value - High Engagement
1617,26,Male,Hat,Accessories,41,Colorado,M,Green,Spring,3.4,No,Standard,Yes,50,Cash,Quarterly,Quarterly,18-30 (Young Adult),90,Medium Value,High Engagement,Medium Value - High Engagement
1618,43,Male,Blouse,Clothing,64,Wisconsin,M,Peach,Winter,4.3,No,Standard,Yes,50,Credit Card,Bi-Weekly,Fortnightly,31-45 (Adult),14,Medium Value,High Engagement,Medium Value - High Engagement
1619,63,Male,Sandals,Footwear,72,Michigan,L,Purple,Summer,5.0,No,Standard,Yes,39,Debit Card,Quarterly,Quarterly,61-70 (Senior),90,Medium Value,High Engagement,Medium Value - High Engagement
1620,57,Male,Handbag,Accessories,78,Hawaii,L,Beige,Winter,3.5,No,Store Pickup,Yes,50,Venmo,Bi-Weekly,Bi-Weekly,46-60 (Middle-Aged),14,High Value,High Engagement,High Value - High Engagement
1621,25,Male,Hat,Accessories,47,Virginia,M,Charcoal,Winter,3.1,No,2-Day Shipping,Yes,27,PayPal,Quarterly,Every 3 Months,18-30 (Young Adult),90,Medium Value,Medium Engagement,Medium Value - Medium Engagement
1622,68,Male,Scarf,Accessories,46,Ohio,L,Gray,Summer,3.9,No,2-Day Shipping,Yes,38,Debit Card,Bi-Weekly,Fortnightly,61-70 (Senior),14,Medium Value,High Engagement,Medium Value - High Engagement
1623,31,Male,Shorts,Clothing,43,Missouri,S,Brown,Winter,4.0,No,Store Pickup,Yes,37,Bank Transfer,Quarterly,Every 3 Months,31-45 (Adult),90,Medium Value,High Engagement,Medium Value - High Engagement
1624,64,Male,Backpack,Accessories,58,Indiana,M,Cyan,Summer,3.5,No,Next Day Air,Yes,50,Debit Card,Annually,Annually,61-70 (Senior),365,Medium Value,High Engagement,Medium Value - High Engagement
1625,38,Male,Sweater,Clothing,32,Florida,M,White,Winter,3.6,No,Free Shipping,Yes,40,PayPal,Quarterly,Every 3 Months,31-45 (Adult),90,Low Value,High Engagement,Low Value - High Engagement
1626,34,Male,Skirt,Clothing,45,Minnesota,L,Beige,Winter,3.0,No,Next Day Air,Yes,3,PayPal,Bi-Weekly,Bi-Weekly,31-45 (Adult),14,Medium Value,Low Engagement,Medium Value - Low Engagement
1627,32,Male,Sneakers,Footwear,35,Nevada,L,Orange,Summer,2.6,No,Next Day Air,Yes,45,Credit Card,Bi-Weekly,Bi-Weekly,31-45 (Adult),14,Low Value,High Engagement,Low Value - High Engagement
1628,69,Male,Sunglasses,Accessories,21,Maine,M,Olive,Winter,2.9,No,Next Day Air,Yes,8,Credit Card,Annually,Annually,61-70 (Senior),365,Low Value,Low Engagement,Low Value - Low Engagement
1629,45,Male,Dress,Clothing,64,Massachusetts,S,Teal,Winter,3.1,No,Next Day Air,Yes,7,Cash,Monthly,Monthly,31-45 (Adult),30,Medium Value,Low Engagement,Medium Value - Low Engagement
1630,35,Male,Blouse,Clothing,88,North Dakota,S,Silver,Spring,3.3,No,Next Day Air,Yes,13,Venmo,Quarterly,Quarterly,31-45 (Adult),90,High Value,Low Engagement,High Value - Low Engagement
1631,63,Male,Shoes,Footwear,48,New Jersey,M,Gold,Summer,2.9,No,Store Pickup,Yes,29,Venmo,Quarterly,Every 3 Months,61-70 (Senior),90,Medium Value,Medium Engagement,Medium Value - Medium Engagement
1632,65,Male,Sweater,Clothing,36,Indiana,L,Violet,Summer,3.9,No,2-Day Shipping,Yes,7,Bank Transfer,Bi-Weekly,Fortnightly,61-70 (Senior),14,Low Value,Low Engagement,Low Value - Low Engagement
1633,35,Male,Gloves,Accessories,28,Oregon,S,White,Summer,4.7,No,2-Day Shipping,Yes,50,Debit Card,Quarterly,Every 3 Months,31-45 (Adult),90,Low Value,High Engagement,Low Value - High Engagement
1634,54,Male,Socks,Clothing,80,North Dakota,M,Peach,Spring,4.4,No,2-Day Shipping,Yes,33,Debit Card,Bi-Weekly,Bi-Weekly,46-60 (Middle-Aged),14,High Value,Medium Engagement,High Value - Medium Engagement
1635,28,Male,Coat,Outerwear,23,South Carolina,S,Orange,Summer,3.6,No,Store Pickup,Yes,30,Cash,Quarterly,Every 3 Months,18-30 (Young Adult),90,Low Value,Medium Engagement,Low Value - Medium Engagement
1636,68,Male,Sunglasses,Accessories,24,North Carolina,L,Violet,Summer,3.2,No,Standard,Yes,40,Cash,Annually,Annually,61-70 (Senior),365,Low Value,High Engagement,Low Value - High Engagement
1637,58,Male,Boots,Footwear,22,North Dakota,L,Green,Fall,4.0,No,Free Shipping,Yes,49,Cash,Bi-Weekly,Fortnightly,46-60 (Middle-Aged),14,Low Value,High Engagement,Low Value - High Engagement
1638,35,Male,Dress,Clothing,21,Massachusetts,M,Peach,Spring,3.5,No,Next Day Air,Yes,32,Venmo,Bi-Weekly,Fortnightly,31-45 (Adult),14,Low Value,Medium Engagement,Low Value - Medium Engagement
1639,68,Male,Jacket,Outerwear,51,Tennessee,M,Black,Spring,4.6,No,Free Shipping,Yes,18,Venmo,Weekly,Weekly,61-70 (Senior),7,Medium Value,Medium Engagement,Medium Value - Medium Engagement
1640,41,Male,Gloves,Accessories,65,Missouri,L,Blue,Summer,3.3,No,Free Shipping,Yes,50,PayPal,Annually,Annually,31-45 (Adult),365,Medium Value,High Engagement,Medium Value - High Engagement
1641,65,Male,Scarf,Accessories,51,Tennessee,S,Magenta,Spring,4.0,No,2-Day Shipping,Yes,13,PayPal,Weekly,Weekly,61-70 (Senior),7,Medium Value,Low Engagement,Medium Value - Low Engagement
1642,50,Male,Hoodie,Clothing,32,Colorado,L,Violet,Summer,3.4,No,Free Shipping,Yes,1,Bank Transfer,Quarterly,Every 3 Months,46-60 (Middle-Aged),90,Low Value,Low Engagement,Low Value - Low Engagement
1643,18,Male,Coat,Outerwear,70,Mississippi,M,Beige,Spring,4.2,No,Store Pickup,Yes,16,PayPal,Bi-Weekly,Fortnightly,18-30 (Young Adult),14,Medium Value,Medium Engagement,Medium Value - Medium Engagement
1644,38,Male,Scarf,Accessories,77,Ohio,L,Pink,Summer,3.9,No,2-Day Shipping,Yes,6,PayPal,Monthly,Monthly,31-45 (Adult),30,High Value,Low Engagement,High Value - Low Engagement
1645,68,Male,Coat,Outerwear,90,North Carolina,S,Beige,Summer,3.9,No,Next Day Air,Yes,21,Debit Card,Monthly,Monthly,61-70 (Senior),30,High Value,Medium Engagement,High Value - Medium Engagement
1646,53,Male,Scarf,Accessories,36,Ohio,L,Green,Summer,2.8,No,Standard,Yes,36,Venmo,Quarterly,Every 3 Months,46-60 (Middle-Aged),90,Low Value,High Engagement,Low Value - High Engagement
1647,58,Male,Handbag,Accessories,77,Nebraska,S,Silver,Summer,3.7,No,Standard,Yes,20,Bank Transfer,Quarterly,Every 3 Months,46-60 (Middle-Aged),90,High Value,Medium Engagement,High Value - Medium Engagement
1648,34,Male,Boots,Footwear,78,Hawaii,M,Purple,Summer,4.9,No,Store Pickup,Yes,8,Debit Card,Quarterly,Quarterly,31-45 (Adult),90,High Value,Low Engagement,High Value - Low Engagement
1649,36,Male,Pants,Clothing,69,Oklahoma,M,Gray,Summer,2.6,No,Express,Yes,22,Credit Card,Monthly,Monthly,31-45 (Adult),30,Medium Value,Medium Engagement,Medium Value - Medium Engagement
1650,58,Male,T-shirt,Clothing,63,Wisconsin,M,White,Summer,4.9,No,Free Shipping,Yes,3,Credit Card,Quarterly,Quarterly,46-60 (Middle-Aged),90,Medium Value,Low Engagement,Medium Value - Low Engagement
1651,60,Male,Scarf,Accessories,36,Arkansas,M,Silver,Winter,3.4,No,Next Day Air,Yes,46,Credit Card,Bi-Weekly,Fortnightly,46-60 (Middle-Aged),14,Low Value,High Engagement,Low Value - High Engagement
1652,59,Male,Coat,Outerwear,80,Texas,M,Blue,Winter,3.9,No,Standard,Yes,42,Debit Card,Monthly,Monthly,46-60 (Middle-Aged),30,High Value,High Engagement,High Value - High Engagement
1653,65,Male,Sweater,Clothing,35,New Mexico,M,Orange,Summer,4.0,No,Next Day Air,Yes,1,Bank Transfer,Bi-Weekly,Fortnightly,61-70 (Senior),14,Low Value,Low Engagement,Low Value - Low Engagement
1654,31,Male,Belt,Accessories,93,Colorado,L,Silver,Winter,3.0,No,2-Day Shipping,Yes,29,Debit Card,Bi-Weekly,Bi-Weekly,31-45 (Adult),14,High Value,Medium Engagement,High Value - Medium Engagement
1655,43,Male,Belt,Accessories,25,Indiana,L,Gray,Spring,2.6,No,Store Pickup,Yes,14,Credit Card,Quarterly,Quarterly,31-45 (Adult),90,Low Value,Low Engagement,Low Value - Low Engagement
1656,37,Male,Sweater,Clothing,81,Arizona,L,Gold,Spring,3.2,No,Next Day Air,Yes,4,PayPal,Monthly,Monthly,31-45 (Adult),30,High Value,Low Engagement,High Value - Low Engagement
1657,21,Male,Blouse,Clothing,42,Indiana,L,Brown,Spring,2.6,No,2-Day Shipping,Yes,41,PayPal,Quarterly,Every 3 Months,18-30 (Young Adult),90,Medium Value,High Engagement,Medium Value - High Engagement
1658,69,Male,Skirt,Clothing,36,Indiana,L,Turquoise,Spring,3.2,No,Store Pickup,Yes,4,Debit Card,Bi-Weekly,Bi-Weekly,61-70 (Senior),14,Low Value,Low Engagement,Low Value - Low Engagement
1659,32,Male,Jewelry,Accessories,66,Alaska,S,Pink,Spring,4.1,No,Store Pickup,Yes,47,Cash,Weekly,Weekly,31-45 (Adult),7,Medium Value,High Engagement,Medium Value - High Engagement
1660,53,Male,Gloves,Accessories,37,Utah,M,Black,Fall,3.9,No,Next Day Air,Yes,44,Venmo,Annually,Annually,46-60 (Middle-Aged),365,Low Value,High Engagement,Low Value - High Engagement
1661,59,Male,T-shirt,Clothing,45,Louisiana,L,Yellow,Winter,4.1,No,Standard,Yes,37,Venmo,Monthly,Monthly,46-60 (Middle-Aged),30,Medium Value,High Engagement,Medium Value - High Engagement
1662,64,Male,Gloves,Accessories,86,Iowa,S,Beige,Summer,2.7,No,2-Day Shipping,Yes,21,Debit Card,Quarterly,Quarterly,61-70 (Senior),90,High Value,Medium Engagement,High Value - Medium Engagement
1663,63,Male,Sunglasses,Accessories,24,New Mexico,M,Olive,Winter,4.6,No,Free Shipping,Yes,46,Debit Card,Bi-Weekly,Fortnightly,61-70 (Senior),14,Low Value,High Engagement,Low Value - High Engagement
1664,43,Male,Shirt,Clothing,22,Maine,XL,Gold,Summer,3.5,No,Standard,Yes,1,Cash,Bi-Weekly,Bi-Weekly,31-45 (Adult),14,Low Value,Low Engagement,Low Value - Low Engagement
1665,19,Male,Handbag,Accessories,53,Minnesota,M,Purple,Spring,5.0,No,Next Day Air,Yes,35,PayPal,Weekly,Weekly,18-30 (Young Adult),7,Medium Value,Medium Engagement,Medium Value - Medium Engagement
1666,40,Male,Jacket,Outerwear,41,New Mexico,L,Pink,Fall,3.4,No,Next Day Air,Yes,49,Venmo,Monthly,Monthly,31-45 (Adult),30,Medium Value,High Engagement,Medium Value - High Engagement
1667,51,Male,Skirt,Clothing,64,Arkansas,M,Blue,Summer,3.1,No,Store Pickup,Yes,47,PayPal,Annually,Annually,46-60 (Middle-Aged),365,Medium Value,High Engagement,Medium Value - High Engagement
1668,51,Male,Handbag,Accessories,40,Oklahoma,L,Brown,Winter,3.4,No,2-Day Shipping,Yes,24,Bank Transfer,Quarterly,Every 3 Months,46-60 (Middle-Aged),90,Medium Value,Medium Engagement,Medium Value - Medium Engagement
1669,66,Male,Blouse,Clothing,33,Utah,L,Charcoal,Summer,4.0,No,Standard,Yes,28,Debit Card,Bi-Weekly,Fortnightly,61-70 (Senior),14,Low Value,Medium Engagement,Low Value - Medium Engagement
1670,42,Male,T-shirt,Clothing,59,Wisconsin,L,Maroon,Winter,2.7,No,Store Pickup,Yes,22,Bank Transfer,Quarterly,Quarterly,31-45 (Adult),90,Medium Value,Medium Engagement,Medium Value - Medium Engagement
1671,22,Male,Pants,Clothing,73,Utah,L,Cyan,Fall,3.6,No,Free Shipping,Yes,20,Cash,Weekly,Weekly,18-30 (Young Adult),7,Medium Value,Medium Engagement,Medium Value - Medium Engagement
1672,31,Male,Hoodie,Clothing,22,Utah,M,Olive,Winter,4.0,No,Free Shipping,Yes,25,Bank Transfer,Weekly,Weekly,31-45 (Adult),7,Low Value,Medium Engagement,Low Value - Medium Engagement
1673,18,Male,Boots,Footwear,73,South Carolina,L,Gold,Fall,3.8,No,Free Shipping,Yes,15,Venmo,Quarterly,Quarterly,18-30 (Young Adult),90,Medium Value,Low Engagement,Medium Value - Low Engagement
1674,21,Male,Blouse,Clothing,62,Hawaii,M,Violet,Fall,3.4,No,Next Day Air,Yes,49,Venmo,Bi-Weekly,Bi-Weekly,18-30 (Young Adult),14,Medium Value,High Engagement,Medium Value - High Engagement
1675,35,Male,Coat,Outerwear,56,Alaska,M,Peach,Winter,3.2,No,Free Shipping,Yes,10,Debit Card,Bi-Weekly,Fortnightly,31-45 (Adult),14,Medium Value,Low Engagement,Medium Value - Low Engagement
1676,35,Male,Pants,Clothing,90,Colorado,M,Beige,Spring,4.7,No,Next Day Air,Yes,21,Credit Card,Annually,Annually,31-45 (Adult),365,High Value,Medium Engagement,High Value - Medium Engagement
1677,27,Male,Sunglasses,Accessories,44,West Virginia,M,Cyan,Winter,3.1,No,Next Day Air,Yes,34,Bank Transfer,Weekly,Weekly,18-30 (Young Adult),7,Medium Value,Medium Engagement,Medium Value - Medium Engagement
1678,65,Male,Jeans,Clothing,35,Oregon,L,Silver,Summer,3.3,No,Next Day Air,No,41,Debit Card,Weekly,Weekly,61-70 (Senior),7,Low Value,High Engagement,Low Value - High Engagement
1679,41,Male,Pants,Clothing,71,Ohio,S,Magenta,Summer,4.8,No,2-Day Shipping,No,30,Venmo,Bi-Weekly,Fortnightly,31-45 (Adult),14,Medium Value,Medium Engagement,Medium Value - Medium Engagement
1680,60,Male,Dress,Clothing,52,Massachusetts,S,Black,Fall,4.5,No,Next Day Air,No,24,Debit Card,Bi-Weekly,Bi-Weekly,46-60 (Middle-Aged),14,Medium Value,Medium Engagement,Medium Value - Medium Engagement
1681,61,Male,Shoes,Footwear,37,Louisiana,M,Olive,Summer,3.4,No,Store Pickup,No,6,Credit Card,Annually,Annually,61-70 (Senior),365,Low Value,Low Engagement,Low Value - Low Engagement
1682,24,Male,Sneakers,Footwear,95,Virginia,L,Green,Winter,3.7,No,2-Day Shipping,No,14,Credit Card,Bi-Weekly,Bi-Weekly,18-30 (Young Adult),14,High Value,Low Engagement,High Value - Low Engagement
1683,65,Male,Socks,Clothing,97,New York,M,Yellow,Fall,4.9,No,2-Day Shipping,No,37,Credit Card,Bi-Weekly,Bi-Weekly,61-70 (Senior),14,High Value,High Engagement,High Value - High Engagement
1684,23,Male,Coat,Outerwear,57,Arkansas,S,Lavender,Spring,3.5,No,Next Day Air,No,37,Venmo,Quarterly,Quarterly,18-30 (Young Adult),90,Medium Value,High Engagement,Medium Value - High Engagement
1685,30,Male,Shirt,Clothing,93,New Mexico,M,Indigo,Spring,4.6,No,Standard,No,28,PayPal,Weekly,Weekly,18-30 (Young Adult),7,High Value,Medium Engagement,High Value - Medium Engagement
1686,33,Male,Blouse,Clothing,48,Minnesota,M,Pink,Winter,4.6,No,Standard,No,43,PayPal,Bi-Weekly,Bi-Weekly,31-45 (Adult),14,Medium Value,High Engagement,Medium Value - High Engagement
1687,22,Male,Gloves,Accessories,75,Illinois,L,Red,Fall,4.2,No,Store Pickup,No,25,Cash,Annually,Annually,18-30 (Young Adult),365,Medium Value,Medium Engagement,Medium Value - Medium Engagement
1688,67,Male,Skirt,Clothing,70,Georgia,S,Magenta,Winter,3.7,No,Free Shipping,No,4,PayPal,Annually,Annually,61-70 (Senior),365,Medium Value,Low Engagement,Medium Value - Low Engagement
1689,28,Male,Handbag,Accessories,26,Mississippi,S,Peach,Winter,3.0,No,Next Day Air,No,13,Venmo,Bi-Weekly,Fortnightly,18-30 (Young Adult),14,Low Value,Low Engagement,Low Value - Low Engagement
1690,32,Male,Shirt,Clothing,73,North Carolina,L,Turquoise,Winter,4.6,No,Store Pickup,No,32,Bank Transfer,Monthly,Monthly,31-45 (Adult),30,Medium Value,Medium Engagement,Medium Value - Medium Engagement
1691,40,Male,Coat,Outerwear,30,Nevada,M,Black,Summer,3.2,No,Free Shipping,No,1,Cash,Annually,Annually,31-45 (Adult),365,Low Value,Low Engagement,Low Value - Low Engagement
1692,64,Male,Shoes,Footwear,61,Connecticut,L,Blue,Summer,3.5,No,Next Day Air,No,4,Cash,Annually,Annually,61-70 (Senior),365,Medium Value,Low Engagement,Medium Value - Low Engagement
1693,56,Male,Handbag,Accessories,75,Utah,M,Beige,Winter,2.6,No,Standard,No,33,Cash,Bi-Weekly,Bi-Weekly,46-60 (Middle-Aged),14,Medium Value,Medium Engagement,Medium Value - Medium Engagement
1694,63,Male,Jacket,Outerwear,88,Tennessee,XL,Olive,Fall,4.9,No,Standard,No,45,Bank Transfer,Bi-Weekly,Fortnightly,61-70 (Senior),14,High Value,High Engagement,High Value - High Engagement
1695,20,Male,Shirt,Clothing,67,Mississippi,M,Turquoise,Summer,2.7,No,Express,No,20,Debit Card,Bi-Weekly,Fortnightly,18-30 (Young Adult),14,Medium Value,Medium Engagement,Medium Value - Medium Engagement
1696,54,Male,Hat,Accessories,95,Nebraska,S,Yellow,Fall,4.7,No,2-Day Shipping,No,1,PayPal,Bi-Weekly,Fortnightly,46-60 (Middle-Aged),14,High Value,Low Engagement,High Value - Low Engagement
1697,31,Male,Sunglasses,Accessories,69,West Virginia,S,Turquoise,Spring,4.0,No,Free Shipping,No,7,Credit Card,Bi-Weekly,Bi-Weekly,31-45 (Adult),14,Medium Value,Low Engagement,Medium Value - Low Engagement
1698,36,Male,Shirt,Clothing,87,South Carolina,L,Lavender,Fall,3.5,No,Next Day Air,No,48,Credit Card,Quarterly,Every 3 Months,31-45 (Adult),90,High Value,High Engagement,High Value - High Engagement
1699,25,Male,Belt,Accessories,41,Iowa,XL,Turquoise,Winter,4.8,No,Standard,No,46,Bank Transfer,Quarterly,Quarterly,18-30 (Young Adult),90,Medium Value,High Engagement,Medium Value - High Engagement
1700,20,Male,Sweater,Clothing,67,North Dakota,L,Teal,Spring,4.0,No,Free Shipping,No,34,Debit Card,Annually,Annually,18-30 (Young Adult),365,Medium Value,Medium Engagement,Medium Value - Medium Engagement
1701,62,Male,Hoodie,Clothing,70,West Virginia,L,Black,Fall,4.1,No,Express,No,36,Bank Transfer,Monthly,Monthly,61-70 (Senior),30,Medium Value,High Engagement,Medium Value - High Engagement
1702,69,Male,Handbag,Accessories,41,Mississippi,XL,Blue,Winter,3.8,No,Next Day Air,No,44,Debit Card,Quarterly,Every 3 Months,61-70 (Senior),90,Medium Value,High Engagement,Medium Value - High Engagement
1703,54,Male,Jeans,Clothing,83,Alabama,XL,Yellow,Summer,5.0,No,Express,No,48,Bank Transfer,Weekly,Weekly,46-60 (Middle-Aged),7,High Value,High Engagement,High Value - High Engagement
1704,39,Male,Backpack,Accessories,22,California,M,Black,Spring,4.0,No,Next Day Air,No,12,Bank Transfer,Annually,Annually,31-45 (Adult),365,Low Value,Low Engagement,Low Value - Low Engagement
1705,56,Male,Sneakers,Footwear,20,Idaho,M,Lavender,Summer,3.9,No,Store Pickup,No,19,Cash,Quarterly,Every 3 Months,46-60 (Middle-Aged),90,Low Value,Medium Engagement,Low Value - Medium Engagement
1706,39,Male,Jewelry,Accessories,29,South Dakota,L,Cyan,Summer,3.4,No,2-Day Shipping,No,49,Venmo,Bi-Weekly,Bi-Weekly,31-45 (Adult),14,Low Value,High Engagement,Low Value - High Engagement
1707,37,Male,Sunglasses,Accessories,87,North Dakota,M,Brown,Spring,3.0,No,Standard,No,25,Venmo,Bi-Weekly,Fortnightly,31-45 (Adult),14,High Value,Medium Engagement,High Value - Medium Engagement
1708,25,Male,Shorts,Clothing,81,Nevada,L,Maroon,Fall,4.9,No,2-Day Shipping,No,25,Cash,Bi-Weekly,Bi-Weekly,18-30 (Young Adult),14,High Value,Medium Engagement,High Value - Medium Engagement
1709,35,Male,Boots,Footwear,58,Florida,L,Cyan,Spring,3.2,No,Express,No,1,Credit Card,Quarterly,Quarterly,31-45 (Adult),90,Medium Value,Low Engagement,Medium Value - Low Engagement
1710,45,Male,Skirt,Clothing,83,Indiana,M,Pink,Winter,3.8,No,Standard,No,19,Bank Transfer,Annually,Annually,31-45 (Adult),365,High Value,Medium Engagement,High Value - Medium Engagement
1711,19,Male,Pants,Clothing,59,Arkansas,XL,Orange,Fall,3.8,No,Store Pickup,No,7,Credit Card,Quarterly,Quarterly,18-30 (Young Adult),90,Medium Value,Low Engagement,Medium Value - Low Engagement
1712,21,Male,T-shirt,Clothing,93,North Carolina,M,Lavender,Spring,4.7,No,Express,No,19,Credit Card,Monthly,Monthly,18-30 (Young Adult),30,High Value,Medium Engagement,High Value - Medium Engagement
1713,65,Male,T-shirt,Clothing,87,Illinois,S,Beige,Fall,3.8,No,2-Day Shipping,No,9,Cash,Bi-Weekly,Fortnightly,61-70 (Senior),14,High Value,Low Engagement,High Value - Low Engagement
1714,49,Male,Jacket,Outerwear,22,Missouri,M,Pink,Winter,4.6,No,Free Shipping,No,37,PayPal,Quarterly,Quarterly,46-60 (Middle-Aged),90,Low Value,High Engagement,Low Value - High Engagement
1715,30,Male,Jeans,Clothing,71,South Dakota,S,Charcoal,Summer,4.4,No,Standard,No,15,Cash,Monthly,Monthly,18-30 (Young Adult),30,Medium Value,Low Engagement,Medium Value - Low Engagement
1716,23,Male,Dress,Clothing,69,Idaho,XL,Gray,Spring,3.4,No,2-Day Shipping,No,30,PayPal,Bi-Weekly,Bi-Weekly,18-30 (Young Adult),14,Medium Value,Medium Engagement,Medium Value - Medium Engagement
1717,69,Male,Blouse,Clothing,47,Connecticut,M,Cyan,Winter,4.7,No,Standard,No,30,Cash,Quarterly,Every 3 Months,61-70 (Senior),90,Medium Value,Medium Engagement,Medium Value - Medium Engagement
1718,29,Male,Hoodie,Clothing,50,Hawaii,L,Orange,Summer,2.9,No,Express,No,16,Debit Card,Bi-Weekly,Bi-Weekly,18-30 (Young Adult),14,Medium Value,Medium Engagement,Medium Value - Medium Engagement
1719,54,Male,T-shirt,Clothing,96,Maryland,L,Pink,Winter,3.4,No,2-Day Shipping,No,14,PayPal,Quarterly,Every 3 Months,46-60 (Middle-Aged),90,High Value,Low Engagement,High Value - Low Engagement
1720,45,Male,Sweater,Clothing,39,Maryland,M,White,Winter,3.2,No,Free Shipping,No,8,Venmo,Quarterly,Quarterly,31-45 (Adult),90,Low Value,Low Engagement,Low Value - Low Engagement
1721,25,Male,Shorts,Clothing,84,Massachusetts,S,Beige,Winter,2.8,No,Express,No,40,Debit Card,Bi-Weekly,Bi-Weekly,18-30 (Young Adult),14,High Value,High Engagement,High Value - High Engagement
1722,34,Male,Jewelry,Accessories,28,Delaware,S,Magenta,Spring,4.3,No,Free Shipping,No,24,Credit Card,Monthly,Monthly,31-45 (Adult),30,Low Value,Medium Engagement,Low Value - Medium Engagement
1723,46,Male,T-shirt,Clothing,51,Massachusetts,L,Violet,Summer,3.3,No,Standard,No,14,Cash,Bi-Weekly,Fortnightly,46-60 (Middle-Aged),14,Medium Value,Low Engagement,Medium Value - Low Engagement
1724,70,Male,Scarf,Accessories,20,New York,XL,Gold,Spring,3.3,No,Standard,No,39,PayPal,Annually,Annually,61-70 (Senior),365,Low Value,High Engagement,Low Value - High Engagement
1725,42,Male,Shoes,Footwear,72,Delaware,S,Teal,Winter,3.3,No,Free Shipping,No,21,PayPal,Weekly,Weekly,31-45 (Adult),7,Medium Value,Medium Engagement,Medium Value - Medium Engagement
1726,45,Male,Sunglasses,Accessories,33,Massachusetts,M,Indigo,Spring,3.0,No,Next Day Air,No,32,Venmo,Quarterly,Quarterly,31-45 (Adult),90,Low Value,Medium Engagement,Low Value - Medium Engagement
1727,57,Male,Coat,Outerwear,28,Indiana,S,Olive,Summer,2.8,No,Express,No,45,Debit Card,Weekly,Weekly,46-60 (Middle-Aged),7,Low Value,High Engagement,Low Value - High Engagement
1728,49,Male,Blouse,Clothing,53,Virginia,S,Violet,Spring,4.0,No,Express,No,19,PayPal,Monthly,Monthly,46-60 (Middle-Aged),30,Medium Value,Medium Engagement,Medium Value - Medium Engagement
1729,23,Male,Jeans,Clothing,48,Wyoming,L,Black,Fall,4.3,No,Express,No,1,Debit Card,Quarterly,Every 3 Months,18-30 (Young Adult),90,Medium Value,Low Engagement,Medium Value - Low Engagement
1730,47,Male,Shorts,Clothing,21,Illinois,M,Brown,Winter,3.8,No,Store Pickup,No,12,Venmo,Bi-Weekly,Fortnightly,46-60 (Middle-Aged),14,Low Value,Low Engagement,Low Value - Low Engagement
1731,23,Male,Shirt,Clothing,22,Alabama,S,Silver,Fall,4.2,No,Free Shipping,No,26,Credit Card,Weekly,Weekly,18-30 (Young Adult),7,Low Value,Medium Engagement,Low Value - Medium Engagement
1732,21,Male,Backpack,Accessories,87,Idaho,M,Gray,Fall,3.1,No,Next Day Air,No,12,Cash,Monthly,Monthly,18-30 (Young Adult),30,High Value,Low Engagement,High Value - Low Engagement
1733,45,Male,Belt,Accessories,50,Rhode Island,S,Charcoal,Winter,2.6,No,Free Shipping,No,36,Cash,Quarterly,Every 3 Months,31-45 (Adult),90,Medium Value,High Engagement,Medium Value - High Engagement
1734,67,Male,Blouse,Clothing,85,New York,L,Black,Summer,3.4,No,Express,No,22,Credit Card,Annually,Annually,61-70 (Senior),365,High Value,Medium Engagement,High Value - Medium Engagement
1735,31,Male,Jeans,Clothing,98,Missouri,L,Brown,Spring,3.1,No,Next Day Air,No,16,PayPal,Quarterly,Quarterly,31-45 (Adult),90,High Value,Medium Engagement,High Value - Medium Engagement
1736,58,Male,Dress,Clothing,34,Texas,M,Purple,Winter,3.6,No,Express,No,31,Venmo,Annually,Annually,46-60 (Middle-Aged),365,Low Value,Medium Engagement,Low Value - Medium Engagement
1737,57,Male,Shorts,Clothing,61,Tennessee,M,Purple,Summer,2.6,No,2-Day Shipping,No,43,Cash,Quarterly,Quarterly,46-60 (Middle-Aged),90,Medium Value,High Engagement,Medium Value - High Engagement
1738,42,Male,Jewelry,Accessories,98,Ohio,L,Gray,Summer,4.2,No,Store Pickup,No,50,Venmo,Bi-Weekly,Bi-Weekly,31-45 (Adult),14,High Value,High Engagement,High Value - High Engagement
1739,60,Male,Handbag,Accessories,61,Tennessee,M,Green,Spring,2.9,No,2-Day Shipping,No,37,Credit Card,Weekly,Weekly,46-60 (Middle-Aged),7,Medium Value,High Engagement,Medium Value - High Engagement
1740,21,Male,Jewelry,Accessories,98,Minnesota,L,Silver,Winter,4.2,No,Express,No,23,Cash,Weekly,Weekly,18-30 (Young Adult),7,High Value,Medium Engagement,High Value - Medium Engagement
1741,69,Male,Pants,Clothing,21,Wisconsin,L,Charcoal,Fall,3.3,No,Next Day Air,No,10,Bank Transfer,Quarterly,Every 3 Months,61-70 (Senior),90,Low Value,Low Engagement,Low Value - Low Engagement
1742,41,Male,Pants,Clothing,51,Delaware,XL,Teal,Winter,3.6,No,Next Day Air,No,20,Bank Transfer,Monthly,Monthly,31-45 (Adult),30,Medium Value,Medium Engagement,Medium Value - Medium Engagement
1743,51,Male,Sandals,Footwear,80,Kansas,XL,White,Spring,4.3,No,Express,No,18,Venmo,Quarterly,Every 3 Months,46-60 (Middle-Aged),90,High Value,Medium Engagement,High Value - Medium Engagement
1744,23,Male,Skirt,Clothing,72,Missouri,XL,Brown,Winter,3.3,No,Standard,No,3,Bank Transfer,Weekly,Weekly,18-30 (Young Adult),7,Medium Value,Low Engagement,Medium Value - Low Engagement
1745,57,Male,Sunglasses,Accessories,63,Michigan,L,Teal,Winter,3.0,No,Standard,No,23,PayPal,Weekly,Weekly,46-60 (Middle-Aged),7,Medium Value,Medium Engagement,Medium Value - Medium Engagement
1746,40,Male,Skirt,Clothing,27,West Virginia,L,Red,Winter,3.6,No,Store Pickup,No,27,Cash,Weekly,Weekly,31-45 (Adult),7,Low Value,Medium Engagement,Low Value - Medium Engagement
1747,65,Male,Handbag,Accessories,44,Alabama,L,Brown,Summer,3.1,No,Store Pickup,No,44,Bank Transfer,Bi-Weekly,Fortnightly,61-70 (Senior),14,Medium Value,High Engagement,Medium Value - High Engagement
1748,61,Male,Coat,Outerwear,23,New Hampshire,M,Yellow,Winter,2.9,No,Express,No,41,Venmo,Quarterly,Quarterly,61-70 (Senior),90,Low Value,High Engagement,Low Value - High Engagement
1749,34,Male,Skirt,Clothing,93,Montana,L,Teal,Winter,3.9,No,2-Day Shipping,No,41,Bank Transfer,Annually,Annually,31-45 (Adult),365,High Value,High Engagement,High Value - High Engagement
1750,43,Male,Hoodie,Clothing,70,Wyoming,L,Pink,Fall,3.2,No,2-Day Shipping,No,36,Debit Card,Quarterly,Every 3 Months,31-45 (Adult),90,Medium Value,High Engagement,Medium Value - High Engagement
1751,31,Male,Sunglasses,Accessories,85,Missouri,M,White,Fall,3.1,No,Express,No,38,Venmo,Quarterly,Every 3 Months,31-45 (Adult),90,High Value,High Engagement,High Value - High Engagement
1752,57,Male,Sweater,Clothing,40,Ohio,M,Silver,Winter,3.2,No,2-Day Shipping,No,34,Cash,Annually,Annually,46-60 (Middle-Aged),365,Medium Value,Medium Engagement,Medium Value - Medium Engagement
1753,34,Male,Boots,Footwear,29,South Dakota,L,Blue,Winter,3.3,No,Store Pickup,No,14,Venmo,Quarterly,Quarterly,31-45 (Adult),90,Low Value,Low Engagement,Low Value - Low Engagement
1754,25,Male,Skirt,Clothing,27,Colorado,L,Black,Fall,4.8,No,Next Day Air,No,23,Credit Card,Bi-Weekly,Fortnightly,18-30 (Young Adult),14,Low Value,Medium Engagement,Low Value - Medium Engagement
1755,66,Male,Dress,Clothing,93,Massachusetts,S,Beige,Fall,3.8,No,2-Day Shipping,No,18,Credit Card,Bi-Weekly,Fortnightly,61-70 (Senior),14,High Value,Medium Engagement,High Value - Medium Engagement
1756,56,Male,Belt,Accessories,20,Delaware,XL,Charcoal,Spring,4.6,No,Next Day Air,No,45,Cash,Monthly,Monthly,46-60 (Middle-Aged),30,Low Value,High Engagement,Low Value - High Engagement
1757,49,Male,Jewelry,Accessories,55,New Hampshire,S,Cyan,Fall,2.8,No,Free Shipping,No,14,Bank Transfer,Weekly,Weekly,46-60 (Middle-Aged),7,Medium Value,Low Engagement,Medium Value - Low Engagement
1758,19,Male,Dress,Clothing,94,Michigan,L,Yellow,Fall,3.6,No,Standard,No,48,Debit Card,Annually,Annually,18-30 (Young Adult),365,High Value,High Engagement,High Value - High Engagement
1759,27,Male,Hat,Accessories,56,Pennsylvania,M,Silver,Winter,4.3,No,Free Shipping,No,17,Venmo,Bi-Weekly,Bi-Weekly,18-30 (Young Adult),14,Medium Value,Medium Engagement,Medium Value - Medium Engagement
1760,68,Male,Sweater,Clothing,58,Louisiana,L,Green,Spring,4.0,No,Next Day Air,No,1,PayPal,Weekly,Weekly,61-70 (Senior),7,Medium Value,Low Engagement,Medium Value - Low Engagement
1761,20,Male,Skirt,Clothing,44,Minnesota,XL,Peach,Spring,3.5,No,Standard,No,39,PayPal,Weekly,Weekly,18-30 (Young Adult),7,Medium Value,High Engagement,Medium Value - High Engagement
1762,21,Male,Hoodie,Clothing,95,Hawaii,S,Green,Fall,4.9,No,2-Day Shipping,No,24,Cash,Weekly,Weekly,18-30 (Young Adult),7,High Value,Medium Engagement,High Value - Medium Engagement
1763,36,Male,Sandals,Footwear,42,Idaho,M,Brown,Summer,3.1,No,Express,No,41,Bank Transfer,Bi-Weekly,Fortnightly,31-45 (Adult),14,Medium Value,High Engagement,Medium Value - High Engagement
1764,37,Male,Jewelry,Accessories,93,Vermont,M,Lavender,Winter,3.9,No,Store Pickup,No,28,PayPal,Annually,Annually,31-45 (Adult),365,High Value,Medium Engagement,High Value - Medium Engagement
1765,61,Male,Dress,Clothing,56,Delaware,M,Charcoal,Summer,3.0,No,Store Pickup,No,34,Venmo,Quarterly,Quarterly,61-70 (Senior),90,Medium Value,Medium Engagement,Medium Value - Medium Engagement
1766,68,Male,Hoodie,Clothing,88,New Mexico,M,Orange,Spring,4.1,No,2-Day Shipping,No,41,Venmo,Quarterly,Quarterly,61-70 (Senior),90,High Value,High Engagement,High Value - High Engagement
1767,60,Male,Sweater,Clothing,54,Alaska,S,Cyan,Winter,4.3,No,2-Day Shipping,No,27,Cash,Bi-Weekly,Bi-Weekly,46-60 (Middle-Aged),14,Medium Value,Medium Engagement,Medium Value - Medium Engagement
1768,69,Male,Jewelry,Accessories,89,Minnesota,L,Lavender,Fall,3.8,No,2-Day Shipping,No,46,Debit Card,Bi-Weekly,Fortnightly,61-70 (Senior),14,High Value,High Engagement,High Value - High Engagement
1769,25,Male,Sandals,Footwear,45,Nebraska,M,Indigo,Summer,3.9,No,2-Day Shipping,No,2,PayPal,Quarterly,Every 3 Months,18-30 (Young Adult),90,Medium Value,Low Engagement,Medium Value - Low Engagement
1770,32,Male,Socks,Clothing,75,Alaska,L,Brown,Winter,4.3,No,Free Shipping,No,45,Cash,Monthly,Monthly,31-45 (Adult),30,Medium Value,High Engagement,Medium Value - High Engagement
1771,53,Male,Backpack,Accessories,22,Michigan,M,Pink,Fall,4.3,No,Express,No,34,Bank Transfer,Weekly,Weekly,46-60 (Middle-Aged),7,Low Value,Medium Engagement,Low Value - Medium Engagement
1772,46,Male,Shirt,Clothing,82,Indiana,XL,Turquoise,Fall,4.7,No,Store Pickup,No,9,Credit Card,Annually,Annually,46-60 (Middle-Aged),365,High Value,Low Engagement,High Value - Low Engagement
1773,58,Male,Shoes,Footwear,34,Hawaii,M,Gold,Summer,3.1,No,2-Day Shipping,No,1,Bank Transfer,Annually,Annually,46-60 (Middle-Aged),365,Low Value,Low Engagement,Low Value - Low Engagement
1774,21,Male,Coat,Outerwear,92,West Virginia,M,Blue,Summer,2.7,No,Free Shipping,No,17,PayPal,Annually,Annually,18-30 (Young Adult),365,High Value,Medium Engagement,High Value - Medium Engagement
1775,46,Male,Sweater,Clothing,78,New York,M,Lavender,Spring,3.7,No,Express,No,6,PayPal,Weekly,Weekly,46-60 (Middle-Aged),7,High Value,Low Engagement,High Value - Low Engagement
1776,18,Male,Jacket,Outerwear,47,Iowa,M,Violet,Spring,3.3,No,2-Day Shipping,No,12,Cash,Bi-Weekly,Bi-Weekly,18-30 (Young Adult),14,Medium Value,Low Engagement,Medium Value - Low Engagement
1777,56,Male,Jacket,Outerwear,64,Arizona,L,Cyan,Summer,3.4,No,Free Shipping,No,10,Venmo,Quarterly,Every 3 Months,46-60 (Middle-Aged),90,Medium Value,Low Engagement,Medium Value - Low Engagement
1778,18,Male,Sneakers,Footwear,44,Minnesota,L,Purple,Winter,4.7,No,Free Shipping,No,4,Cash,Bi-Weekly,Fortnightly,18-30 (Young Adult),14,Medium Value,Low Engagement,Medium Value - Low Engagement
1779,49,Male,Belt,Accessories,94,Texas,M,Red,Winter,4.9,No,Store Pickup,No,8,Debit Card,Bi-Weekly,Bi-Weekly,46-60 (Middle-Aged),14,High Value,Low Engagement,High Value - Low Engagement
1780,29,Male,Scarf,Accessories,62,Virginia,M,Charcoal,Winter,4.3,No,Free Shipping,No,41,Venmo,Weekly,Weekly,18-30 (Young Adult),7,Medium Value,High Engagement,Medium Value - High Engagement
1781,67,Male,Jewelry,Accessories,81,North Dakota,S,Gray,Summer,4.2,No,Next Day Air,No,49,Credit Card,Weekly,Weekly,61-70 (Senior),7,High Value,High Engagement,High Value - High Engagement
1782,31,Male,T-shirt,Clothing,33,Iowa,M,Pink,Fall,3.7,No,Express,No,49,Bank Transfer,Quarterly,Quarterly,31-45 (Adult),90,Low Value,High Engagement,Low Value - High Engagement
1783,52,Male,Pants,Clothing,88,Utah,M,Lavender,Fall,2.7,No,Next Day Air,No,40,Bank Transfer,Bi-Weekly,Fortnightly,46-60 (Middle-Aged),14,High Value,High Engagement,High Value - High Engagement
1784,42,Male,Handbag,Accessories,49,Ohio,L,Lavender,Winter,3.3,No,Free Shipping,No,30,Credit Card,Monthly,Monthly,31-45 (Adult),30,Medium Value,Medium Engagement,Medium Value - Medium Engagement
1785,32,Male,Backpack,Accessories,31,Louisiana,L,Yellow,Summer,4.8,No,Standard,No,4,Debit Card,Quarterly,Quarterly,31-45 (Adult),90,Low Value,Low Engagement,Low Value - Low Engagement
1786,47,Male,Gloves,Accessories,29,Iowa,S,Peach,Fall,4.1,No,Next Day Air,No,22,Venmo,Monthly,Monthly,46-60 (Middle-Aged),30,Low Value,Medium Engagement,Low Value - Medium Engagement
1787,45,Male,Jacket,Outerwear,34,Maryland,M,Brown,Spring,4.6,No,2-Day Shipping,No,22,Venmo,Monthly,Monthly,31-45 (Adult),30,Low Value,Medium Engagement,Low Value - Medium Engagement
1788,20,Male,Sweater,Clothing,38,Montana,L,Gold,Fall,4.9,No,2-Day Shipping,No,10,Bank Transfer,Quarterly,Quarterly,18-30 (Young Adult),90,Low Value,Low Engagement,Low Value - Low Engagement
1789,66,Male,Blouse,Clothing,41,Illinois,L,Pink,Summer,3.1,No,Store Pickup,No,23,Cash,Bi-Weekly,Bi-Weekly,61-70 (Senior),14,Medium Value,Medium Engagement,Medium Value - Medium Engagement
1790,52,Male,Blouse,Clothing,34,Arizona,L,Peach,Spring,3.0,No,2-Day Shipping,No,43,Debit Card,Quarterly,Quarterly,46-60 (Middle-Aged),90,Low Value,High Engagement,Low Value - High Engagement
1791,50,Male,Gloves,Accessories,26,North Carolina,S,Violet,Summer,3.7,No,Store Pickup,No,31,PayPal,Bi-Weekly,Bi-Weekly,46-60 (Middle-Aged),14,Low Value,Medium Engagement,Low Value - Medium Engagement
1792,62,Male,Jeans,Clothing,98,Montana,S,Purple,Winter,4.0,No,Store Pickup,No,38,Cash,Annually,Annually,61-70 (Senior),365,High Value,High Engagement,High Value - High Engagement
1793,38,Male,Sneakers,Footwear,59,Iowa,M,Peach,Fall,3.0,No,Express,No,22,Debit Card,Quarterly,Every 3 Months,31-45 (Adult),90,Medium Value,Medium Engagement,Medium Value - Medium Engagement
1794,65,Male,Hat,Accessories,92,Iowa,S,White,Fall,3.8,No,Store Pickup,No,45,Cash,Quarterly,Every 3 Months,61-70 (Senior),90,High Value,High Engagement,High Value - High Engagement
1795,60,Male,Backpack,Accessories,40,Ohio,L,Indigo,Spring,3.7,No,Express,No,21,Debit Card,Bi-Weekly,Fortnightly,46-60 (Middle-Aged),14,Medium Value,Medium Engagement,Medium Value - Medium Engagement
1796,68,Male,Jeans,Clothing,20,Wisconsin,S,Violet,Fall,4.0,No,2-Day Shipping,No,9,Debit Card,Bi-Weekly,Fortnightly,61-70 (Senior),14,Low Value,Low Engagement,Low Value - Low Engagement
1797,62,Male,Skirt,Clothing,35,South Carolina,S,Brown,Spring,3.1,No,Store Pickup,No,34,Venmo,Weekly,Weekly,61-70 (Senior),7,Low Value,Medium Engagement,Low Value - Medium Engagement
1798,62,Male,Belt,Accessories,35,Oregon,L,Maroon,Spring,3.9,No,2-Day Shipping,No,26,Venmo,Weekly,Weekly,61-70 (Senior),7,Low Value,Medium Engagement,Low Value - Medium Engagement
1799,40,Male,Dress,Clothing,82,North Dakota,L,Magenta,Winter,3.7,No,Express,No,1,Cash,Weekly,Weekly,31-45 (Adult),7,High Value,Low Engagement,High Value - Low Engagement
1800,32,Male,Hoodie,Clothing,48,California,M,Charcoal,Fall,3.9,No,Express,No,47,Venmo,Weekly,Weekly,31-45 (Adult),7,Medium Value,High Engagement,Medium Value - High Engagement
1801,22,Male,Coat,Outerwear,58,Mississippi,XL,Indigo,Winter,2.7,No,Express,No,30,Credit Card,Weekly,Weekly,18-30 (Young Adult),7,Medium Value,Medium Engagement,Medium Value - Medium Engagement
1802,33,Male,Sweater,Clothing,57,New Jersey,M,Turquoise,Spring,3.9,No,Express,No,48,Debit Card,Bi-Weekly,Fortnightly,31-45 (Adult),14,Medium Value,High Engagement,Medium Value - High Engagement
1803,57,Male,Shorts,Clothing,96,Rhode Island,L,Turquoise,Winter,2.6,No,Store Pickup,No,31,Venmo,Bi-Weekly,Bi-Weekly,46-60 (Middle-Aged),14,High Value,Medium Engagement,High Value - Medium Engagement
1804,60,Male,Sneakers,Footwear,97,New Hampshire,S,Gray,Summer,3.5,No,Free Shipping,No,33,Venmo,Bi-Weekly,Fortnightly,46-60 (Middle-Aged),14,High Value,Medium Engagement,High Value - Medium Engagement
1805,30,Male,Sweater,Clothing,42,Louisiana,L,Peach,Winter,4.4,No,Next Day Air,No,39,Credit Card,Weekly,Weekly,18-30 (Young Adult),7,Medium Value,High Engagement,Medium Value - High Engagement
1806,41,Male,T-shirt,Clothing,62,Arizona,L,Gold,Spring,4.9,No,Store Pickup,No,46,Debit Card,Weekly,Weekly,31-45 (Adult),7,Medium Value,High Engagement,Medium Value - High Engagement
1807,58,Male,Handbag,Accessories,67,Rhode Island,M,Green,Fall,3.9,No,Standard,No,24,Venmo,Annually,Annually,46-60 (Middle-Aged),365,Medium Value,Medium Engagement,Medium Value - Medium Engagement
1808,34,Male,Sneakers,Footwear,46,Vermont,L,Gold,Summer,3.5,No,Standard,No,37,Venmo,Bi-Weekly,Fortnightly,31-45 (Adult),14,Medium Value,High Engagement,Medium Value - High Engagement
1809,67,Male,Jacket,Outerwear,71,Tennessee,M,Lavender,Spring,4.3,No,Next Day Air,No,7,Debit Card,Monthly,Monthly,61-70 (Senior),30,Medium Value,Low Engagement,Medium Value - Low Engagement
1810,58,Male,Backpack,Accessories,99,Alaska,S,Blue,Fall,3.4,No,Free Shipping,No,6,Debit Card,Bi-Weekly,Fortnightly,46-60 (Middle-Aged),14,High Value,Low Engagement,High Value - Low Engagement
1811,41,Male,Jeans,Clothing,28,Maryland,M,Magenta,Fall,2.7,No,Standard,No,16,Cash,Bi-Weekly,Bi-Weekly,31-45 (Adult),14,Low Value,Medium Engagement,Low Value - Medium Engagement
1812,42,Male,Belt,Accessories,77,Wisconsin,L,Blue,Summer,3.6,No,Standard,No,33,Bank Transfer,Annually,Annually,31-45 (Adult),365,High Value,Medium Engagement,High Value - Medium Engagement
1813,50,Male,Boots,Footwear,63,Nevada,S,Blue,Summer,4.9,No,Express,No,18,PayPal,Bi-Weekly,Bi-Weekly,46-60 (Middle-Aged),14,Medium Value,Medium Engagement,Medium Value - Medium Engagement
1814,40,Male,Shorts,Clothing,62,Illinois,M,Olive,Spring,3.5,No,Free Shipping,No,24,PayPal,Weekly,Weekly,31-45 (Adult),7,Medium Value,Medium Engagement,Medium Value - Medium Engagement
1815,32,Male,Jeans,Clothing,92,Montana,M,White,Summer,3.8,No,Free Shipping,No,24,Cash,Quarterly,Quarterly,31-45 (Adult),90,High Value,Medium Engagement,High Value - Medium Engagement
1816,51,Male,Shoes,Footwear,72,New Mexico,L,White,Winter,4.5,No,2-Day Shipping,No,48,Credit Card,Quarterly,Every 3 Months,46-60 (Middle-Aged),90,Medium Value,High Engagement,Medium Value - High Engagement
1817,26,Male,Hat,Accessories,79,Virginia,M,Purple,Summer,4.0,No,Express,No,4,Cash,Weekly,Weekly,18-30 (Young Adult),7,High Value,Low Engagement,High Value - Low Engagement
1818,32,Male,T-shirt,Clothing,27,Delaware,M,White,Summer,4.7,No,Free Shipping,No,20,Cash,Weekly,Weekly,31-45 (Adult),7,Low Value,Medium Engagement,Low Value - Medium Engagement
1819,58,Male,Sunglasses,Accessories,39,North Carolina,M,White,Fall,3.8,No,Express,No,47,Debit Card,Quarterly,Every 3 Months,46-60 (Middle-Aged),90,Low Value,High Engagement,Low Value - High Engagement
1820,51,Male,Socks,Clothing,86,Nevada,S,Peach,Spring,4.5,No,Next Day Air,No,50,Cash,Quarterly,Quarterly,46-60 (Middle-Aged),90,High Value,High Engagement,High Value - High Engagement
1821,19,Male,Shirt,Clothing,94,Washington,XL,Gold,Fall,5.0,No,Express,No,31,PayPal,Monthly,Monthly,18-30 (Young Adult),30,High Value,Medium Engagement,High Value - Medium Engagement
1822,57,Male,Shorts,Clothing,53,Maine,M,Teal,Spring,2.8,No,Express,No,29,PayPal,Quarterly,Quarterly,46-60 (Middle-Aged),90,Medium Value,Medium Engagement,Medium Value - Medium Engagement
1823,66,Male,Shirt,Clothing,85,Connecticut,S,Cyan,Summer,4.4,No,Standard,No,4,Cash,Annually,Annually,61-70 (Senior),365,High Value,Low Engagement,High Value - Low Engagement
1824,62,Male,Socks,Clothing,50,Louisiana,L,Pink,Fall,4.7,No,Free Shipping,No,40,Bank Transfer,Bi-Weekly,Bi-Weekly,61-70 (Senior),14,Medium Value,High Engagement,Medium Value - High Engagement
1825,58,Male,Pants,Clothing,47,Illinois,XL,Magenta,Winter,3.8,No,Express,No,31,Cash,Monthly,Monthly,46-60 (Middle-Aged),30,Medium Value,Medium Engagement,Medium Value - Medium Engagement
1826,23,Male,Boots,Footwear,75,South Dakota,M,Pink,Winter,4.9,No,Next Day Air,No,41,Credit Card,Weekly,Weekly,18-30 (Young Adult),7,Medium Value,High Engagement,Medium Value - High Engagement
1827,45,Male,T-shirt,Clothing,60,Indiana,M,Turquoise,Winter,4.2,No,Express,No,44,Debit Card,Annually,Annually,31-45 (Adult),365,Medium Value,High Engagement,Medium Value - High Engagement
1828,20,Male,T-shirt,Clothing,36,Vermont,S,Pink,Spring,4.9,No,2-Day Shipping,No,31,Bank Transfer,Weekly,Weekly,18-30 (Young Adult),7,Low Value,Medium Engagement,Low Value - Medium Engagement
1829,33,Male,Coat,Outerwear,80,New Hampshire,L,Gray,Spring,3.9,No,Express,No,45,Cash,Quarterly,Every 3 Months,31-45 (Adult),90,High Value,High Engagement,High Value - High Engagement
1830,30,Male,Hat,Accessories,96,Oregon,M,White,Spring,4.9,No,2-Day Shipping,No,50,Credit Card,Quarterly,Quarterly,18-30 (Young Adult),90,High Value,High Engagement,High Value - High Engagement
1831,50,Male,Sunglasses,Accessories,80,Kansas,M,Blue,Winter,4.8,No,Express,No,7,Venmo,Annually,Annually,46-60 (Middle-Aged),365,High Value,Low Engagement,High Value - Low Engagement
1832,62,Male,Blouse,Clothing,71,Maine,M,Cyan,Summer,3.3,No,Free Shipping,No,5,Bank Transfer,Quarterly,Every 3 Months,61-70 (Senior),90,Medium Value,Low Engagement,Medium Value - Low Engagement
1833,69,Male,Jewelry,Accessories,29,Louisiana,M,Blue,Fall,4.6,No,Free Shipping,No,48,Cash,Monthly,Monthly,61-70 (Senior),30,Low Value,High Engagement,Low Value - High Engagement
1834,34,Male,Jewelry,Accessories,53,Louisiana,M,Yellow,Spring,4.5,No,2-Day Shipping,No,19,PayPal,Bi-Weekly,Fortnightly,31-45 (Adult),14,Medium Value,Medium Engagement,Medium Value - Medium Engagement
1835,49,Male,Skirt,Clothing,35,Indiana,M,Charcoal,Summer,4.1,No,2-Day Shipping,No,39,Venmo,Bi-Weekly,Fortnightly,46-60 (Middle-Aged),14,Low Value,High Engagement,Low Value - High Engagement
1836,65,Male,Scarf,Accessories,75,Kentucky,M,Lavender,Fall,3.2,No,2-Day Shipping,No,45,Credit Card,Quarterly,Quarterly,61-70 (Senior),90,Medium Value,High Engagement,Medium Value - High Engagement
1837,66,Male,Pants,Clothing,52,South Carolina,M,Teal,Fall,4.2,No,2-Day Shipping,No,35,Credit Card,Monthly,Monthly,61-70 (Senior),30,Medium Value,Medium Engagement,Medium Value - Medium Engagement
1838,41,Male,Hat,Accessories,77,Montana,M,Beige,Winter,4.8,No,Free Shipping,No,8,Venmo,Monthly,Monthly,31-45 (Adult),30,High Value,Low Engagement,High Value - Low Engagement
1839,37,Male,Gloves,Accessories,24,Vermont,L,Blue,Fall,4.1,No,Next Day Air,No,11,Credit Card,Quarterly,Quarterly,31-45 (Adult),90,Low Value,Low Engagement,Low Value - Low Engagement
1840,32,Male,Shirt,Clothing,78,Mississippi,XL,Purple,Winter,3.7,No,Store Pickup,No,32,Cash,Annually,Annually,31-45 (Adult),365,High Value,Medium Engagement,High Value - Medium Engagement
1841,42,Male,Sandals,Footwear,98,Wyoming,M,Gold,Winter,2.6,No,Store Pickup,No,46,Bank Transfer,Quarterly,Every 3 Months,31-45 (Adult),90,High Value,High Engagement,High Value - High Engagement
1842,31,Male,Socks,Clothing,57,Vermont,L,Blue,Winter,3.0,No,Standard,No,7,PayPal,Quarterly,Every 3 Months,31-45 (Adult),90,Medium Value,Low Engagement,Medium Value - Low Engagement
1843,61,Male,Handbag,Accessories,78,Alabama,M,Black,Summer,4.4,No,Express,No,1,Debit Card,Annually,Annually,61-70 (Senior),365,High Value,Low Engagement,High Value - Low Engagement
1844,36,Male,Jacket,Outerwear,76,Kentucky,M,Charcoal,Fall,4.7,No,Next Day Air,No,32,Credit Card,Monthly,Monthly,31-45 (Adult),30,High Value,Medium Engagement,High Value - Medium Engagement
1845,60,Male,Shorts,Clothing,26,South Dakota,M,Purple,Spring,2.7,No,2-Day Shipping,No,31,Credit Card,Annually,Annually,46-60 (Middle-Aged),365,Low Value,Medium Engagement,Low Value - Medium Engagement
1846,51,Male,Sandals,Footwear,78,Delaware,M,Orange,Winter,2.8,No,2-Day Shipping,No,39,Bank Transfer,Quarterly,Quarterly,46-60 (Middle-Aged),90,High Value,High Engagement,High Value - High Engagement
1847,68,Male,Scarf,Accessories,53,Wisconsin,M,Yellow,Summer,2.9,No,Standard,No,9,Venmo,Quarterly,Quarterly,61-70 (Senior),90,Medium Value,Low Engagement,Medium Value - Low Engagement
1848,46,Male,Sandals,Footwear,100,Arizona,XL,Cyan,Summer,4.4,No,Free Shipping,No,49,Credit Card,Weekly,Weekly,46-60 (Middle-Aged),7,High Value,High Engagement,High Value - High Engagement
1849,19,Male,Jeans,Clothing,73,Maine,XL,Yellow,Winter,2.7,No,Express,No,34,Cash,Quarterly,Every 3 Months,18-30 (Young Adult),90,Medium Value,Medium Engagement,Medium Value - Medium Engagement
1850,30,Male,Skirt,Clothing,40,New Mexico,M,Maroon,Winter,4.5,No,Store Pickup,No,35,Bank Transfer,Monthly,Monthly,18-30 (Young Adult),30,Medium Value,Medium Engagement,Medium Value - Medium Engagement
1851,51,Male,Gloves,Accessories,76,Wyoming,S,Black,Winter,2.8,No,Store Pickup,No,50,Debit Card,Weekly,Weekly,46-60 (Middle-Aged),7,High Value,High Engagement,High Value - High Engagement
1852,28,Male,Skirt,Clothing,80,Delaware,S,Lavender,Fall,3.1,No,Free Shipping,No,4,Bank Transfer,Bi-Weekly,Fortnightly,18-30 (Young Adult),14,High Value,Low Engagement,High Value - Low Engagement
1853,41,Male,Sweater,Clothing,80,Pennsylvania,XL,Violet,Winter,3.8,No,Store Pickup,No,32,Cash,Weekly,Weekly,31-45 (Adult),7,High Value,Medium Engagement,High Value - Medium Engagement
1854,29,Male,Blouse,Clothing,67,North Dakota,XL,Olive,Spring,2.9,No,Express,No,11,PayPal,Bi-Weekly,Fortnightly,18-30 (Young Adult),14,Medium Value,Low Engagement,Medium Value - Low Engagement
1855,25,Male,Sweater,Clothing,61,Kentucky,M,Teal,Spring,3.8,No,Express,No,49,Credit Card,Annually,Annually,18-30 (Young Adult),365,Medium Value,High Engagement,Medium Value - High Engagement
1856,60,Male,Shirt,Clothing,76,Rhode Island,XL,Teal,Spring,4.7,No,Standard,No,9,Cash,Annually,Annually,46-60 (Middle-Aged),365,High Value,Low Engagement,High Value - Low Engagement
1857,63,Male,Jewelry,Accessories,55,Arizona,XL,Beige,Summer,3.2,No,Free Shipping,No,30,PayPal,Bi-Weekly,Bi-Weekly,61-70 (Senior),14,Medium Value,Medium Engagement,Medium Value - Medium Engagement
1858,51,Male,T-shirt,Clothing,85,Colorado,L,Maroon,Summer,4.0,No,Next Day Air,No,33,Cash,Monthly,Monthly,46-60 (Middle-Aged),30,High Value,Medium Engagement,High Value - Medium Engagement
1859,22,Male,Scarf,Accessories,69,Maine,S,Peach,Spring,4.9,No,2-Day Shipping,No,8,Debit Card,Annually,Annually,18-30 (Young Adult),365,Medium Value,Low Engagement,Medium Value - Low Engagement
1860,54,Male,Belt,Accessories,26,New Jersey,L,Beige,Summer,3.7,No,Store Pickup,No,29,Debit Card,Bi-Weekly,Fortnightly,46-60 (Middle-Aged),14,Low Value,Medium Engagement,Low Value - Medium Engagement
1861,18,Male,T-shirt,Clothing,64,Kansas,M,Silver,Summer,4.8,No,Next Day Air,No,4,Credit Card,Monthly,Monthly,18-30 (Young Adult),30,Medium Value,Low Engagement,Medium Value - Low Engagement
1862,29,Male,Sneakers,Footwear,60,South Dakota,S,Peach,Fall,3.6,No,Standard,No,19,Debit Card,Monthly,Monthly,18-30 (Young Adult),30,Medium Value,Medium Engagement,Medium Value - Medium Engagement
1863,59,Male,Gloves,Accessories,36,New Hampshire,M,Turquoise,Winter,4.6,No,Express,No,10,PayPal,Bi-Weekly,Fortnightly,46-60 (Middle-Aged),14,Low Value,Low Engagement,Low Value - Low Engagement
1864,25,Male,Sandals,Footwear,21,Connecticut,L,Orange,Spring,4.3,No,2-Day Shipping,No,39,Debit Card,Monthly,Monthly,18-30 (Young Adult),30,Low Value,High Engagement,Low Value - High Engagement
1865,19,Male,Backpack,Accessories,72,Wyoming,S,Cyan,Fall,3.2,No,2-Day Shipping,No,21,Venmo,Quarterly,Quarterly,18-30 (Young Adult),90,Medium Value,Medium Engagement,Medium Value - Medium Engagement
1866,56,Male,Pants,Clothing,62,Missouri,S,Silver,Summer,3.8,No,Store Pickup,No,12,Bank Transfer,Monthly,Monthly,46-60 (Middle-Aged),30,Medium Value,Low Engagement,Medium Value - Low Engagement
1867,31,Male,T-shirt,Clothing,44,Alaska,XL,Gold,Winter,4.2,No,Standard,No,9,Credit Card,Bi-Weekly,Fortnightly,31-45 (Adult),14,Medium Value,Low Engagement,Medium Value - Low Engagement
1868,45,Male,Skirt,Clothing,52,Delaware,M,Brown,Fall,3.4,No,2-Day Shipping,No,20,Venmo,Quarterly,Quarterly,31-45 (Adult),90,Medium Value,Medium Engagement,Medium Value - Medium Engagement
1869,23,Male,Gloves,Accessories,58,Indiana,M,Silver,Spring,4.7,No,Next Day Air,No,44,Cash,Bi-Weekly,Fortnightly,18-30 (Young Adult),14,Medium Value,High Engagement,Medium Value - High Engagement
1870,18,Male,Blouse,Clothing,77,West Virginia,S,Beige,Spring,3.9,No,2-Day Shipping,No,16,Debit Card,Quarterly,Every 3 Months,18-30 (Young Adult),90,High Value,Medium Engagement,High Value - Medium Engagement
1871,43,Male,Blouse,Clothing,99,Wyoming,L,Violet,Spring,4.3,No,Store Pickup,No,27,Debit Card,Bi-Weekly,Fortnightly,31-45 (Adult),14,High Value,Medium Engagement,High Value - Medium Engagement
1872,56,Male,Jeans,Clothing,96,Illinois,XL,Violet,Fall,2.7,No,Standard,No,14,Cash,Quarterly,Every 3 Months,46-60 (Middle-Aged),90,High Value,Low Engagement,High Value - Low Engagement
1873,43,Male,T-shirt,Clothing,64,Alaska,M,Lavender,Summer,4.6,No,Standard,No,24,Credit Card,Monthly,Monthly,31-45 (Adult),30,Medium Value,Medium Engagement,Medium Value - Medium Engagement
1874,64,Male,Sweater,Clothing,44,Wisconsin,XL,Red,Fall,2.9,No,Express,No,49,Bank Transfer,Weekly,Weekly,61-70 (Senior),7,Medium Value,High Engagement,Medium Value - High Engagement
1875,67,Male,Pants,Clothing,33,Indiana,L,Purple,Fall,3.6,No,Free Shipping,No,14,Cash,Weekly,Weekly,61-70 (Senior),7,Low Value,Low Engagement,Low Value - Low Engagement
1876,63,Male,Boots,Footwear,71,Tennessee,M,Brown,Winter,3.9,No,Next Day Air,No,6,Credit Card,Quarterly,Quarterly,61-70 (Senior),90,Medium Value,Low Engagement,Medium Value - Low Engagement
1877,54,Male,Skirt,Clothing,36,Illinois,M,Gray,Fall,2.6,No,Standard,No,20,Venmo,Quarterly,Quarterly,46-60 (Middle-Aged),90,Low Value,Medium Engagement,Low Value - Medium Engagement
1878,69,Male,Gloves,Accessories,62,Pennsylvania,L,Pink,Fall,3.6,No,Express,No,3,Credit Card,Annually,Annually,61-70 (Senior),365,Medium Value,Low Engagement,Medium Value - Low Engagement
1879,34,Male,Socks,Clothing,29,Oklahoma,L,Magenta,Summer,3.4,No,Store Pickup,No,5,Credit Card,Monthly,Monthly,31-45 (Adult),30,Low Value,Low Engagement,Low Value - Low Engagement
1880,56,Male,T-shirt,Clothing,33,Tennessee,L,Charcoal,Spring,3.5,No,Express,No,46,Cash,Bi-Weekly,Bi-Weekly,46-60 (Middle-Aged),14,Low Value,High Engagement,Low Value - High Engagement
1881,34,Male,Blouse,Clothing,33,New Jersey,L,Yellow,Fall,3.1,No,2-Day Shipping,No,8,Debit Card,Monthly,Monthly,31-45 (Adult),30,Low Value,Low Engagement,Low Value - Low Engagement
1882,58,Male,Blouse,Clothing,41,New Jersey,M,Red,Winter,4.3,No,Standard,No,13,Cash,Bi-Weekly,Bi-Weekly,46-60 (Middle-Aged),14,Medium Value,Low Engagement,Medium Value - Low Engagement
1883,44,Male,Scarf,Accessories,54,Tennessee,L,Blue,Winter,5.0,No,Store Pickup,No,25,Bank Transfer,Quarterly,Quarterly,31-45 (Adult),90,Medium Value,Medium Engagement,Medium Value - Medium Engagement
1884,25,Male,Backpack,Accessories,58,Georgia,M,Cyan,Spring,4.9,No,Store Pickup,No,39,Debit Card,Bi-Weekly,Fortnightly,18-30 (Young Adult),14,Medium Value,High Engagement,Medium Value - High Engagement
1885,27,Male,Shorts,Clothing,30,Arizona,S,Pink,Summer,4.3,No,Next Day Air,No,15,Bank Transfer,Bi-Weekly,Bi-Weekly,18-30 (Young Adult),14,Low Value,Low Engagement,Low Value - Low Engagement
1886,26,Male,Jewelry,Accessories,53,Nevada,S,Maroon,Winter,4.4,No,Standard,No,35,Cash,Monthly,Monthly,18-30 (Young Adult),30,Medium Value,Medium Engagement,Medium Value - Medium Engagement
1887,18,Male,Gloves,Accessories,91,Arkansas,L,Beige,Spring,4.4,No,Next Day Air,No,46,Cash,Bi-Weekly,Bi-Weekly,18-30 (Young Adult),14,High Value,High Engagement,High Value - High Engagement
1888,64,Male,Hoodie,Clothing,44,North Dakota,XL,Gold,Fall,3.5,No,Express,No,3,PayPal,Monthly,Monthly,61-70 (Senior),30,Medium Value,Low Engagement,Medium Value - Low Engagement
1889,62,Male,Hoodie,Clothing,89,South Dakota,XL,Turquoise,Winter,3.4,No,Free Shipping,No,48,Credit Card,Weekly,Weekly,61-70 (Senior),7,High Value,High Engagement,High Value - High Engagement
1890,59,Male,Skirt,Clothing,57,North Carolina,L,Peach,Spring,2.5,No,Next Day Air,No,27,Bank Transfer,Weekly,Weekly,46-60 (Middle-Aged),7,Medium Value,Medium Engagement,Medium Value - Medium Engagement
1891,36,Male,Sunglasses,Accessories,57,Hawaii,M,Lavender,Spring,3.4,No,Store Pickup,No,5,Credit Card,Weekly,Weekly,31-45 (Adult),7,Medium Value,Low Engagement,Medium Value - Low Engagement
1892,69,Male,Jewelry,Accessories,74,New Hampshire,M,Gray,Summer,2.6,No,Next Day Air,No,48,Debit Card,Quarterly,Quarterly,61-70 (Senior),90,Medium Value,High Engagement,Medium Value - High Engagement
1893,39,Male,Jacket,Outerwear,30,California,M,Blue,Fall,4.6,No,2-Day Shipping,No,12,Venmo,Weekly,Weekly,31-45 (Adult),7,Low Value,Low Engagement,Low Value - Low Engagement
1894,28,Male,Dress,Clothing,20,Delaware,L,Red,Summer,3.7,No,Express,No,10,PayPal,Bi-Weekly,Fortnightly,18-30 (Young Adult),14,Low Value,Low Engagement,Low Value - Low Engagement
1895,42,Male,Hoodie,Clothing,90,Arizona,M,Purple,Fall,2.5,No,Free Shipping,No,48,Debit Card,Bi-Weekly,Bi-Weekly,31-45 (Adult),14,High Value,High Engagement,High Value - High Engagement
1896,31,Male,Jeans,Clothing,61,Washington,L,Indigo,Fall,4.5,No,Express,No,3,Debit Card,Monthly,Monthly,31-45 (Adult),30,Medium Value,Low Engagement,Medium Value - Low Engagement
1897,57,Male,Sandals,Footwear,51,Nevada,M,Gold,Fall,2.9,No,Standard,No,19,Venmo,Monthly,Monthly,46-60 (Middle-Aged),30,Medium Value,Medium Engagement,Medium Value - Medium Engagement
1898,53,Male,Sunglasses,Accessories,97,Alaska,L,Teal,Winter,2.9,No,Free Shipping,No,11,Debit Card,Bi-Weekly,Fortnightly,46-60 (Middle-Aged),14,High Value,Low Engagement,High Value - Low Engagement
1899,59,Male,Pants,Clothing,97,Texas,L,Magenta,Fall,3.5,No,Next Day Air,No,25,Venmo,Monthly,Monthly,46-60 (Middle-Aged),30,High Value,Medium Engagement,High Value - Medium Engagement
1900,32,Male,Shorts,Clothing,40,New York,L,Maroon,Winter,4.2,No,Store Pickup,No,42,PayPal,Weekly,Weekly,31-45 (Adult),7,Medium Value,High Engagement,Medium Value - High Engagement
1901,65,Male,Jewelry,Accessories,85,Iowa,S,Blue,Summer,3.3,No,Free Shipping,No,34,Cash,Quarterly,Quarterly,61-70 (Senior),90,High Value,Medium Engagement,High Value - Medium Engagement
1902,56,Male,Socks,Clothing,76,Arizona,S,Beige,Winter,3.9,No,Store Pickup,No,50,Cash,Quarterly,Quarterly,46-60 (Middle-Aged),90,High Value,High Engagement,High Value - High Engagement
1903,31,Male,Sandals,Footwear,22,New Mexico,S,Olive,Spring,5.0,No,Store Pickup,No,21,Venmo,Monthly,Monthly,31-45 (Adult),30,Low Value,Medium Engagement,Low Value - Medium Engagement
1904,59,Male,Pants,Clothing,63,North Carolina,M,Gold,Summer,3.3,No,Standard,No,37,Bank Transfer,Weekly,Weekly,46-60 (Middle-Aged),7,Medium Value,High Engagement,Medium Value - High Engagement
1905,22,Male,T-shirt,Clothing,71,Nevada,S,Silver,Spring,4.2,No,Free Shipping,No,46,Cash,Monthly,Monthly,18-30 (Young Adult),30,Medium Value,High Engagement,Medium Value - High Engagement
1906,47,Male,Boots,Footwear,35,Idaho,M,Teal,Summer,4.9,No,2-Day Shipping,No,14,Bank Transfer,Bi-Weekly,Fortnightly,46-60 (Middle-Aged),14,Low Value,Low Engagement,Low Value - Low Engagement
1907,23,Male,Backpack,Accessories,30,Vermont,M,Green,Spring,4.6,No,2-Day Shipping,No,24,PayPal,Bi-Weekly,Fortnightly,18-30 (Young Adult),14,Low Value,Medium Engagement,Low Value - Medium Engagement
1908,69,Male,Skirt,Clothing,74,New Mexico,L,Orange,Fall,4.8,No,Store Pickup,No,36,Credit Card,Quarterly,Every 3 Months,61-70 (Senior),90,Medium Value,High Engagement,Medium Value - High Engagement
1909,18,Male,Scarf,Accessories,71,Georgia,XL,Charcoal,Winter,2.7,No,Next Day Air,No,19,Debit Card,Bi-Weekly,Bi-Weekly,18-30 (Young Adult),14,Medium Value,Medium Engagement,Medium Value - Medium Engagement
1910,50,Male,Sweater,Clothing,84,Kentucky,S,Black,Spring,4.3,No,Store Pickup,No,12,Credit Card,Monthly,Monthly,46-60 (Middle-Aged),30,High Value,Low Engagement,High Value - Low Engagement
1911,29,Male,Sandals,Footwear,38,New York,S,Yellow,Fall,3.8,No,Express,No,13,Debit Card,Quarterly,Quarterly,18-30 (Young Adult),90,Low Value,Low Engagement,Low Value - Low Engagement
1912,65,Male,Jewelry,Accessories,81,Arizona,M,Gray,Spring,4.9,No,Express,No,32,Debit Card,Bi-Weekly,Bi-Weekly,61-70 (Senior),14,High Value,Medium Engagement,High Value - Medium Engagement
1913,29,Male,Sweater,Clothing,56,Colorado,S,Charcoal,Winter,3.4,No,2-Day Shipping,No,5,Credit Card,Bi-Weekly,Bi-Weekly,18-30 (Young Adult),14,Medium Value,Low Engagement,Medium Value - Low Engagement
1914,49,Male,Skirt,Clothing,48,Kentucky,M,Peach,Winter,3.6,No,Express,No,29,Cash,Annually,Annually,46-60 (Middle-Aged),365,Medium Value,Medium Engagement,Medium Value - Medium Engagement
1915,28,Male,Shorts,Clothing,97,Alaska,L,Green,Fall,3.4,No,Standard,No,40,Credit Card,Bi-Weekly,Fortnightly,18-30 (Young Adult),14,High Value,High Engagement,High Value - High Engagement
1916,51,Male,Backpack,Accessories,74,Alabama,M,Magenta,Fall,4.7,No,2-Day Shipping,No,44,Cash,Weekly,Weekly,46-60 (Middle-Aged),7,Medium Value,High Engagement,Medium Value - High Engagement
1917,26,Male,Hoodie,Clothing,50,Connecticut,S,Beige,Winter,3.0,No,Next Day Air,No,3,Debit Card,Bi-Weekly,Bi-Weekly,18-30 (Young Adult),14,Medium Value,Low Engagement,Medium Value - Low Engagement
1918,38,Male,Skirt,Clothing,71,Hawaii,L,Black,Winter,3.4,No,Free Shipping,No,35,PayPal,Bi-Weekly,Bi-Weekly,31-45 (Adult),14,Medium Value,Medium Engagement,Medium Value - Medium Engagement
1919,35,Male,Skirt,Clothing,33,Idaho,S,Purple,Summer,4.6,No,Standard,No,33,Debit Card,Monthly,Monthly,31-45 (Adult),30,Low Value,Medium Engagement,Low Value - Medium Engagement
1920,34,Male,Backpack,Accessories,56,Virginia,M,Olive,Summer,3.1,No,Express,No,20,PayPal,Bi-Weekly,Bi-Weekly,31-45 (Adult),14,Medium Value,Medium Engagement,Medium Value - Medium Engagement
1921,51,Male,Blouse,Clothing,84,Connecticut,M,Purple,Spring,2.8,No,Standard,No,40,Cash,Quarterly,Every 3 Months,46-60 (Middle-Aged),90,High Value,High Engagement,High Value - High Engagement
1922,47,Male,Shirt,Clothing,36,Michigan,M,Green,Fall,3.5,No,Store Pickup,No,13,Venmo,Annually,Annually,46-60 (Middle-Aged),365,Low Value,Low Engagement,Low Value - Low Engagement
1923,18,Male,Gloves,Accessories,63,Kentucky,S,Peach,Summer,4.6,No,Standard,No,9,PayPal,Monthly,Monthly,18-30 (Young Adult),30,Medium Value,Low Engagement,Medium Value - Low Engagement
1924,64,Male,Sandals,Footwear,36,Nebraska,XL,Blue,Summer,4.3,No,Standard,No,7,Cash,Annually,Annually,61-70 (Senior),365,Low Value,Low Engagement,Low Value - Low Engagement
1925,30,Male,Jacket,Outerwear,63,Michigan,M,Gray,Fall,4.8,No,Free Shipping,No,42,PayPal,Quarterly,Quarterly,18-30 (Young Adult),90,Medium Value,High Engagement,Medium Value - High Engagement
1926,59,Male,Sneakers,Footwear,32,Utah,L,Black,Winter,2.9,No,Express,No,44,Credit Card,Bi-Weekly,Fortnightly,46-60 (Middle-Aged),14,Low Value,High Engagement,Low Value - High Engagement
1927,66,Male,Backpack,Accessories,93,New Mexico,M,Silver,Spring,3.0,No,Express,No,6,PayPal,Annually,Annually,61-70 (Senior),365,High Value,Low Engagement,High Value - Low Engagement
1928,40,Male,Pants,Clothing,29,Florida,M,Pink,Summer,2.9,No,Standard,No,8,Cash,Quarterly,Every 3 Months,31-45 (Adult),90,Low Value,Low Engagement,Low Value - Low Engagement
1929,25,Male,Sunglasses,Accessories,92,Mississippi,S,Lavender,Summer,3.7,No,Standard,No,10,PayPal,Weekly,Weekly,18-30 (Young Adult),7,High Value,Low Engagement,High Value - Low Engagement
1930,59,Male,Jeans,Clothing,33,Hawaii,L,Brown,Fall,4.7,No,Standard,No,46,Venmo,Quarterly,Quarterly,46-60 (Middle-Aged),90,Low Value,High Engagement,Low Value - High Engagement
1931,66,Male,Pants,Clothing,52,North Carolina,L,Turquoise,Spring,3.5,No,Store Pickup,No,26,Cash,Weekly,Weekly,61-70 (Senior),7,Medium Value,Medium Engagement,Medium Value - Medium Engagement
1932,54,Male,Jewelry,Accessories,42,Illinois,S,Olive,Spring,2.7,No,Store Pickup,No,6,Debit Card,Quarterly,Every 3 Months,46-60 (Middle-Aged),90,Medium Value,Low Engagement,Medium Value - Low Engagement
1933,42,Male,Hoodie,Clothing,36,Maryland,M,White,Spring,5.0,No,Free Shipping,No,47,Credit Card,Quarterly,Every 3 Months,31-45 (Adult),90,Low Value,High Engagement,Low Value - High Engagement
1934,48,Male,Sandals,Footwear,67,Montana,L,Violet,Summer,4.1,No,Next Day Air,No,28,Venmo,Annually,Annually,46-60 (Middle-Aged),365,Medium Value,Medium Engagement,Medium Value - Medium Engagement
1935,34,Male,Jacket,Outerwear,43,Michigan,L,Gold,Winter,2.7,No,Free Shipping,No,23,Bank Transfer,Annually,Annually,31-45 (Adult),365,Medium Value,Medium Engagement,Medium Value - Medium Engagement
1936,19,Male,Blouse,Clothing,68,North Carolina,XL,Violet,Spring,4.8,No,Free Shipping,No,45,Cash,Bi-Weekly,Fortnightly,18-30 (Young Adult),14,Medium Value,High Engagement,Medium Value - High Engagement
1937,70,Male,Jewelry,Accessories,60,Minnesota,S,Teal,Summer,4.3,No,2-Day Shipping,No,44,PayPal,Quarterly,Every 3 Months,61-70 (Senior),90,Medium Value,High Engagement,Medium Value - High Engagement
1938,43,Male,Socks,Clothing,53,Delaware,M,Olive,Summer,4.5,No,2-Day Shipping,No,11,Bank Transfer,Monthly,Monthly,31-45 (Adult),30,Medium Value,Low Engagement,Medium Value - Low Engagement
1939,46,Male,Jeans,Clothing,23,Kentucky,L,Blue,Spring,3.8,No,Standard,No,39,Debit Card,Bi-Weekly,Bi-Weekly,46-60 (Middle-Aged),14,Low Value,High Engagement,Low Value - High Engagement
1940,66,Male,Gloves,Accessories,57,Ohio,L,Magenta,Winter,3.7,No,Store Pickup,No,20,PayPal,Quarterly,Every 3 Months,61-70 (Senior),90,Medium Value,Medium Engagement,Medium Value - Medium Engagement
1941,50,Male,Hat,Accessories,89,Alaska,L,Gray,Fall,3.9,No,2-Day Shipping,No,48,PayPal,Bi-Weekly,Fortnightly,46-60 (Middle-Aged),14,High Value,High Engagement,High Value - High Engagement
1942,55,Male,Shoes,Footwear,99,Vermont,XL,Peach,Winter,3.3,No,Standard,No,46,Credit Card,Quarterly,Quarterly,46-60 (Middle-Aged),90,High Value,High Engagement,High Value - High Engagement
1943,63,Male,Pants,Clothing,28,Alabama,M,Cyan,Fall,3.4,No,Express,No,22,PayPal,Monthly,Monthly,61-70 (Senior),30,Low Value,Medium Engagement,Low Value - Medium Engagement
1944,32,Male,Socks,Clothing,53,Wisconsin,L,Violet,Summer,3.8,No,Next Day Air,No,45,Cash,Annually,Annually,31-45 (Adult),365,Medium Value,High Engagement,Medium Value - High Engagement
1945,30,Male,Hoodie,Clothing,45,Arkansas,M,Gold,Winter,2.7,No,Free Shipping,No,49,Cash,Quarterly,Every 3 Months,18-30 (Young Adult),90,Medium Value,High Engagement,Medium Value - High Engagement
1946,35,Male,Hoodie,Clothing,38,Georgia,M,Gold,Winter,2.9,No,2-Day Shipping,No,9,Credit Card,Quarterly,Every 3 Months,31-45 (Adult),90,Low Value,Low Engagement,Low Value - Low Engagement
1947,59,Male,Pants,Clothing,49,Louisiana,M,White,Summer,4.5,No,Standard,No,41,Credit Card,Quarterly,Quarterly,46-60 (Middle-Aged),90,Medium Value,High Engagement,Medium Value - High Engagement
1948,59,Male,Shirt,Clothing,32,New York,M,Gray,Summer,2.6,No,Store Pickup,No,2,PayPal,Monthly,Monthly,46-60 (Middle-Aged),30,Low Value,Low Engagement,Low Value - Low Engagement
1949,54,Male,T-shirt,Clothing,37,Connecticut,L,Brown,Winter,3.1,No,Next Day Air,No,39,PayPal,Bi-Weekly,Bi-Weekly,46-60 (Middle-Aged),14,Low Value,High Engagement,Low Value - High Engagement
1950,63,Male,Dress,Clothing,80,Nebraska,L,Gray,Winter,4.7,No,Store Pickup,No,12,PayPal,Quarterly,Quarterly,61-70 (Senior),90,High Value,Low Engagement,High Value - Low Engagement
1951,43,Male,Backpack,Accessories,78,Arkansas,L,Blue,Summer,4.6,No,Free Shipping,No,26,PayPal,Quarterly,Every 3 Months,31-45 (Adult),90,High Value,Medium Engagement,High Value - Medium Engagement
1952,33,Male,Gloves,Accessories,53,Connecticut,L,Gold,Summer,2.7,No,Next Day Air,No,32,Bank Transfer,Bi-Weekly,Bi-Weekly,31-45 (Adult),14,Medium Value,Medium Engagement,Medium Value - Medium Engagement
1953,57,Male,Shoes,Footwear,82,Maryland,L,Yellow,Summer,4.6,No,2-Day Shipping,No,50,Cash,Bi-Weekly,Bi-Weekly,46-60 (Middle-Aged),14,High Value,High Engagement,High Value - High Engagement
1954,25,Male,Skirt,Clothing,33,Colorado,XL,Green,Spring,4.8,No,Standard,No,3,PayPal,Bi-Weekly,Fortnightly,18-30 (Young Adult),14,Low Value,Low Engagement,Low Value - Low Engagement
1955,26,Male,Gloves,Accessories,77,Colorado,M,Pink,Winter,4.2,No,Free Shipping,No,3,Venmo,Quarterly,Quarterly,18-30 (Young Adult),90,High Value,Low Engagement,High Value - Low Engagement
1956,50,Male,Hoodie,Clothing,56,Maine,M,Pink,Winter,4.9,No,Express,No,37,Cash,Monthly,Monthly,46-60 (Middle-Aged),30,Medium Value,High Engagement,Medium Value - High Engagement
1957,70,Male,Socks,Clothing,37,Oklahoma,M,Pink,Winter,4.9,No,Express,No,20,Credit Card,Bi-Weekly,Fortnightly,61-70 (Senior),14,Low Value,Medium Engagement,Low Value - Medium Engagement
1958,68,Male,Gloves,Accessories,54,South Carolina,M,Cyan,Spring,4.5,No,Store Pickup,No,26,Cash,Bi-Weekly,Bi-Weekly,61-70 (Senior),14,Medium Value,Medium Engagement,Medium Value - Medium Engagement
1959,39,Male,Shorts,Clothing,67,Nevada,M,Gray,Winter,2.7,No,Store Pickup,No,47,Cash,Quarterly,Quarterly,31-45 (Adult),90,Medium Value,High Engagement,Medium Value - High Engagement
1960,46,Male,Shoes,Footwear,90,Colorado,M,White,Fall,3.1,No,Store Pickup,No,7,Credit Card,Quarterly,Every 3 Months,46-60 (Middle-Aged),90,High Value,Low Engagement,High Value - Low Engagement
1961,57,Male,Jeans,Clothing,72,Massachusetts,L,Red,Summer,3.3,No,2-Day Shipping,No,40,Credit Card,Annually,Annually,46-60 (Middle-Aged),365,Medium Value,High Engagement,Medium Value - High Engagement
1962,47,Male,Boots,Footwear,59,Nevada,L,Black,Summer,2.6,No,Free Shipping,No,45,Debit Card,Quarterly,Quarterly,46-60 (Middle-Aged),90,Medium Value,High Engagement,Medium Value - High Engagement
1963,40,Male,Hat,Accessories,45,Iowa,M,Silver,Fall,4.4,No,Standard,No,20,PayPal,Bi-Weekly,Fortnightly,31-45 (Adult),14,Medium Value,Medium Engagement,Medium Value - Medium Engagement
1964,52,Male,Shorts,Clothing,30,Michigan,L,Pink,Spring,3.9,No,Standard,No,11,Credit Card,Weekly,Weekly,46-60 (Middle-Aged),7,Low Value,Low Engagement,Low Value - Low Engagement
1965,40,Male,Pants,Clothing,51,West Virginia,S,Cyan,Summer,4.6,No,Express,No,50,Debit Card,Monthly,Monthly,31-45 (Adult),30,Medium Value,High Engagement,Medium Value - High Engagement
1966,67,Male,Sweater,Clothing,90,Indiana,M,White,Fall,4.9,No,Express,No,25,Debit Card,Quarterly,Quarterly,61-70 (Senior),90,High Value,Medium Engagement,High Value - Medium Engagement
1967,67,Male,Jacket,Outerwear,95,Indiana,XL,Purple,Winter,3.7,No,Express,No,5,Credit Card,Bi-Weekly,Fortnightly,61-70 (Senior),14,High Value,Low Engagement,High Value - Low Engagement
1968,37,Male,Dress,Clothing,81,Georgia,L,Yellow,Fall,3.7,No,Standard,No,4,Venmo,Annually,Annually,31-45 (Adult),365,High Value,Low Engagement,High Value - Low Engagement
1969,67,Male,Shirt,Clothing,70,Minnesota,S,Blue,Spring,4.2,No,Standard,No,25,Credit Card,Weekly,Weekly,61-70 (Senior),7,Medium Value,Medium Engagement,Medium Value - Medium Engagement
1970,64,Male,Dress,Clothing,32,Louisiana,S,Cyan,Winter,3.5,No,Next Day Air,No,11,Bank Transfer,Bi-Weekly,Fortnightly,61-70 (Senior),14,Low Value,Low Engagement,Low Value - Low Engagement
1971,28,Male,Belt,Accessories,94,Maryland,M,Indigo,Spring,2.9,No,Next Day Air,No,4,Credit Card,Bi-Weekly,Bi-Weekly,18-30 (Young Adult),14,High Value,Low Engagement,High Value - Low Engagement
1972,54,Male,Hat,Accessories,29,Pennsylvania,XL,Indigo,Spring,3.4,No,Next Day Air,No,1,Venmo,Monthly,Monthly,46-60 (Middle-Aged),30,Low Value,Low Engagement,Low Value - Low Engagement
1973,54,Male,Backpack,Accessories,31,Louisiana,M,Silver,Summer,3.3,No,Express,No,48,PayPal,Quarterly,Every 3 Months,46-60 (Middle-Aged),90,Low Value,High Engagement,Low Value - High Engagement
1974,24,Male,Skirt,Clothing,20,Maryland,XL,Red,Fall,4.5,No,Standard,No,9,Venmo,Quarterly,Every 3 Months,18-30 (Young Adult),90,Low Value,Low Engagement,Low Value - Low Engagement
1975,27,Male,Gloves,Accessories,44,Tennessee,M,Peach,Winter,4.6,No,2-Day Shipping,No,2,PayPal,Bi-Weekly,Fortnightly,18-30 (Young Adult),14,Medium Value,Low Engagement,Medium Value - Low Engagement
1976,53,Male,Jacket,Outerwear,77,Illinois,L,Turquoise,Fall,2.9,No,Express,No,4,Cash,Quarterly,Quarterly,46-60 (Middle-Aged),90,High Value,Low Engagement,High Value - Low Engagement
1977,32,Male,Handbag,Accessories,51,Wyoming,M,Pink,Spring,3.2,No,Next Day Air,No,43,PayPal,Bi-Weekly,Fortnightly,31-45 (Adult),14,Medium Value,High Engagement,Medium Value - High Engagement
1978,24,Male,Sandals,Footwear,49,Florida,M,Teal,Summer,2.6,No,Free Shipping,No,32,Bank Transfer,Annually,Annually,18-30 (Young Adult),365,Medium Value,Medium Engagement,Medium Value - Medium Engagement
1979,45,Male,Sunglasses,Accessories,78,Massachusetts,L,Magenta,Spring,3.8,No,Store Pickup,No,1,Cash,Quarterly,Quarterly,31-45 (Adult),90,High Value,Low Engagement,High Value - Low Engagement
1980,49,Male,Jeans,Clothing,98,Tennessee,L,Blue,Spring,2.8,No,Store Pickup,No,38,Debit Card,Bi-Weekly,Fortnightly,46-60 (Middle-Aged),14,High Value,High Engagement,High Value - High Engagement
1981,51,Male,Sandals,Footwear,94,Iowa,M,Green,Winter,4.4,No,Store Pickup,No,25,PayPal,Bi-Weekly,Fortnightly,46-60 (Middle-Aged),14,High Value,Medium Engagement,High Value - Medium Engagement
1982,69,Male,Shoes,Footwear,91,Michigan,L,Violet,Summer,4.7,No,Express,No,42,PayPal,Quarterly,Quarterly,61-70 (Senior),90,High Value,High Engagement,High Value - High Engagement
1983,41,Male,Sunglasses,Accessories,77,Kansas,M,Turquoise,Summer,2.7,No,2-Day Shipping,No,32,PayPal,Monthly,Monthly,31-45 (Adult),30,High Value,Medium Engagement,High Value - Medium Engagement
1984,59,Male,Scarf,Accessories,97,Georgia,M,Pink,Summer,2.6,No,Next Day Air,No,21,Debit Card,Quarterly,Quarterly,46-60 (Middle-Aged),90,High Value,Medium Engagement,High Value - Medium Engagement
1985,26,Male,Skirt,Clothing,58,West Virginia,M,Black,Summer,3.4,No,2-Day Shipping,No,26,PayPal,Bi-Weekly,Fortnightly,18-30 (Young Adult),14,Medium Value,Medium Engagement,Medium Value - Medium Engagement
1986,23,Male,Gloves,Accessories,97,Tennessee,M,Gold,Spring,3.9,No,2-Day Shipping,No,6,Credit Card,Bi-Weekly,Fortnightly,18-30 (Young Adult),14,High Value,Low Engagement,High Value - Low Engagement
1987,62,Male,Coat,Outerwear,48,Arkansas,L,Green,Summer,3.4,No,2-Day Shipping,No,14,Venmo,Quarterly,Quarterly,61-70 (Senior),90,Medium Value,Low Engagement,Medium Value - Low Engagement
1988,69,Male,Belt,Accessories,23,Vermont,XL,White,Summer,3.4,No,Express,No,4,Cash,Quarterly,Quarterly,61-70 (Senior),90,Low Value,Low Engagement,Low Value - Low Engagement
1989,46,Male,Pants,Clothing,79,Virginia,M,Gold,Winter,3.9,No,Free Shipping,No,26,Bank Transfer,Weekly,Weekly,46-60 (Middle-Aged),7,High Value,Medium Engagement,High Value - Medium Engagement
1990,35,Male,Jewelry,Accessories,42,Maryland,S,Charcoal,Spring,4.0,No,Express,No,39,PayPal,Bi-Weekly,Bi-Weekly,31-45 (Adult),14,Medium Value,High Engagement,Medium Value - High Engagement
1991,32,Male,Backpack,Accessories,95,Connecticut,L,White,Spring,3.4,No,2-Day Shipping,No,15,PayPal,Annually,Annually,31-45 (Adult),365,High Value,Low Engagement,High Value - Low Engagement
1992,46,Male,Sneakers,Footwear,29,Missouri,M,Brown,Summer,3.7,No,Next Day Air,No,1,Venmo,Quarterly,Every 3 Months,46-60 (Middle-Aged),90,Low Value,Low Engagement,Low Value - Low Engagement
1993,33,Male,Hoodie,Clothing,98,New Jersey,L,Gold,Winter,4.9,No,2-Day Shipping,No,28,Venmo,Monthly,Monthly,31-45 (Adult),30,High Value,Medium Engagement,High Value - Medium Engagement
1994,32,Male,Blouse,Clothing,96,Arkansas,S,Purple,Spring,5.0,No,Express,No,17,Cash,Weekly,Weekly,31-45 (Adult),7,High Value,Medium Engagement,High Value - Medium Engagement
1995,33,Male,Sunglasses,Accessories,66,Nevada,M,Brown,Fall,2.9,No,Next Day Air,No,24,Credit Card,Weekly,Weekly,31-45 (Adult),7,Medium Value,Medium Engagement,Medium Value - Medium Engagement
1996,67,Male,Boots,Footwear,80,Missouri,S,Teal,Spring,3.0,No,Standard,No,29,Debit Card,Quarterly,Quarterly,61-70 (Senior),90,High Value,Medium Engagement,High Value - Medium Engagement
1997,67,Male,Sneakers,Footwear,27,South Dakota,L,Indigo,Summer,3.3,No,Next Day Air,No,18,Cash,Quarterly,Every 3 Months,61-70 (Senior),90,Low Value,Medium Engagement,Low Value - Medium Engagement
1998,42,Male,Backpack,Accessories,25,Connecticut,M,Purple,Fall,4.7,No,Express,No,10,Debit Card,Bi-Weekly,Bi-Weekly,31-45 (Adult),14,Low Value,Low Engagement,Low Value - Low Engagement
1999,20,Male,Pants,Clothing,45,Vermont,M,Orange,Fall,3.4,No,2-Day Shipping,No,19,Cash,Quarterly,Quarterly,18-30 (Young Adult),90,Medium Value,Medium Engagement,Medium Value - Medium Engagement
2000,39,Male,Socks,Clothing,89,Tennessee,L,Indigo,Winter,4.6,No,2-Day Shipping,No,26,Debit Card,Monthly,Monthly,31-45 (Adult),30,High Value,Medium Engagement,High Value - Medium Engagement
2001,26,Male,Belt,Accessories,27,California,M,Lavender,Winter,3.6,No,2-Day Shipping,No,25,Cash,Bi-Weekly,Bi-Weekly,18-30 (Young Adult),14,Low Value,Medium Engagement,Low Value - Medium Engagement
2002,51,Male,Sunglasses,Accessories,90,Wyoming,S,Purple,Winter,2.6,No,Free Shipping,No,2,Debit Card,Bi-Weekly,Fortnightly,46-60 (Middle-Aged),14,High Value,Low Engagement,High Value - Low Engagement
2003,31,Male,Shirt,Clothing,65,New York,M,Red,Summer,2.7,No,Express,No,19,PayPal,Quarterly,Every 3 Months,31-45 (Adult),90,Medium Value,Medium Engagement,Medium Value - Medium Engagement
2004,68,Male,Sneakers,Footwear,72,Maine,S,Blue,Spring,3.1,No,Express,No,32,Cash,Quarterly,Quarterly,61-70 (Senior),90,Medium Value,Medium Engagement,Medium Value - Medium Engagement
2005,44,Male,Shoes,Footwear,70,Georgia,L,Blue,Fall,3.2,No,2-Day Shipping,No,13,Cash,Bi-Weekly,Bi-Weekly,31-45 (Adult),14,Medium Value,Low Engagement,Medium Value - Low Engagement
2006,18,Male,Sandals,Footwear,82,Tennessee,M,Cyan,Winter,3.4,No,Store Pickup,No,30,PayPal,Bi-Weekly,Fortnightly,18-30 (Young Adult),14,High Value,Medium Engagement,High Value - Medium Engagement
2007,58,Male,Scarf,Accessories,97,New Mexico,S,Pink,Fall,4.4,No,Express,No,2,Credit Card,Annually,Annually,46-60 (Middle-Aged),365,High Value,Low Engagement,High Value - Low Engagement
2008,26,Male,Shirt,Clothing,25,Virginia,M,Silver,Summer,3.2,No,2-Day Shipping,No,8,PayPal,Quarterly,Quarterly,18-30 (Young Adult),90,Low Value,Low Engagement,Low Value - Low Engagement
2009,57,Male,Skirt,Clothing,48,Florida,M,Gray,Spring,2.5,No,Free Shipping,No,27,PayPal,Quarterly,Every 3 Months,46-60 (Middle-Aged),90,Medium Value,Medium Engagement,Medium Value - Medium Engagement
2010,37,Male,Boots,Footwear,99,Alabama,M,Indigo,Summer,3.8,No,Next Day Air,No,26,Venmo,Bi-Weekly,Bi-Weekly,31-45 (Adult),14,High Value,Medium Engagement,High Value - Medium Engagement
2011,24,Male,Sweater,Clothing,21,Texas,M,Maroon,Summer,4.4,No,2-Day Shipping,No,3,Debit Card,Bi-Weekly,Bi-Weekly,18-30 (Young Adult),14,Low Value,Low Engagement,Low Value - Low Engagement
2012,57,Male,Sandals,Footwear,94,West Virginia,M,Beige,Spring,3.7,No,Express,No,4,Bank Transfer,Monthly,Monthly,46-60 (Middle-Aged),30,High Value,Low Engagement,High Value - Low Engagement
2013,48,Male,Jeans,Clothing,53,Nevada,L,Green,Fall,3.2,No,Store Pickup,No,5,Cash,Bi-Weekly,Fortnightly,46-60 (Middle-Aged),14,Medium Value,Low Engagement,Medium Value - Low Engagement
2014,39,Male,Backpack,Accessories,70,Virginia,M,Peach,Winter,4.9,No,Standard,No,25,Debit Card,Quarterly,Quarterly,31-45 (Adult),90,Medium Value,Medium Engagement,Medium Value - Medium Engagement
2015,51,Male,Skirt,Clothing,26,Wisconsin,L,Black,Summer,3.9,No,Standard,No,47,PayPal,Bi-Weekly,Bi-Weekly,46-60 (Middle-Aged),14,Low Value,High Engagement,Low Value - High Engagement
2016,57,Male,Belt,Accessories,82,Virginia,S,Pink,Summer,4.5,No,Next Day Air,No,8,Credit Card,Bi-Weekly,Fortnightly,46-60 (Middle-Aged),14,High Value,Low Engagement,High Value - Low Engagement
2017,53,Male,Shoes,Footwear,47,Maine,S,Violet,Winter,3.4,No,Standard,No,20,Debit Card,Bi-Weekly,Fortnightly,46-60 (Middle-Aged),14,Medium Value,Medium Engagement,Medium Value - Medium Engagement
2018,70,Male,Socks,Clothing,32,Massachusetts,S,Green,Winter,4.1,No,Next Day Air,No,42,Bank Transfer,Quarterly,Every 3 Months,61-70 (Senior),90,Low Value,High Engagement,Low Value - High Engagement
2019,60,Male,Backpack,Accessories,97,Arkansas,S,Gold,Fall,4.5,No,Store Pickup,No,20,Bank Transfer,Weekly,Weekly,46-60 (Middle-Aged),7,High Value,Medium Engagement,High Value - Medium Engagement
2020,31,Male,Shirt,Clothing,68,Idaho,S,Red,Winter,4.7,No,Store Pickup,No,23,Cash,Bi-Weekly,Fortnightly,31-45 (Adult),14,Medium Value,Medium Engagement,Medium Value - Medium Engagement
2021,41,Male,Sweater,Clothing,23,Pennsylvania,M,Beige,Winter,4.8,No,Next Day Air,No,26,Cash,Quarterly,Quarterly,31-45 (Adult),90,Low Value,Medium Engagement,Low Value - Medium Engagement
2022,62,Male,Handbag,Accessories,33,Maine,M,Green,Winter,4.4,No,Standard,No,48,Venmo,Quarterly,Quarterly,61-70 (Senior),90,Low Value,High Engagement,Low Value - High Engagement
2023,59,Male,Jewelry,Accessories,38,Alabama,S,Black,Winter,4.0,No,Store Pickup,No,16,Cash,Bi-Weekly,Bi-Weekly,46-60 (Middle-Aged),14,Low Value,Medium Engagement,Low Value - Medium Engagement
2024,46,Male,Socks,Clothing,68,Idaho,S,Teal,Winter,4.1,No,Store Pickup,No,28,Cash,Bi-Weekly,Bi-Weekly,46-60 (Middle-Aged),14,Medium Value,Medium Engagement,Medium Value - Medium Engagement
2025,62,Male,Socks,Clothing,23,Arkansas,L,Silver,Fall,3.7,No,Express,No,39,PayPal,Weekly,Weekly,61-70 (Senior),7,Low Value,High Engagement,Low Value - High Engagement
2026,42,Male,Shirt,Clothing,29,Delaware,M,Turquoise,Summer,3.0,No,Express,No,43,Debit Card,Bi-Weekly,Fortnightly,31-45 (Adult),14,Low Value,High Engagement,Low Value - High Engagement
2027,37,Male,Scarf,Accessories,35,Maine,M,Orange,Winter,3.6,No,Express,No,45,Bank Transfer,Quarterly,Every 3 Months,31-45 (Adult),90,Low Value,High Engagement,Low Value - High Engagement
2028,50,Male,Shoes,Footwear,73,Nebraska,S,Gold,Fall,4.8,No,Standard,No,50,Credit Card,Quarterly,Every 3 Months,46-60 (Middle-Aged),90,Medium Value,High Engagement,Medium Value - High Engagement
2029,29,Male,Shoes,Footwear,84,Ohio,XL,Purple,Fall,3.7,No,2-Day Shipping,No,10,Venmo,Bi-Weekly,Bi-Weekly,18-30 (Young Adult),14,High Value,Low Engagement,High Value - Low Engagement
2030,25,Male,Scarf,Accessories,23,Montana,M,Pink,Spring,4.6,No,Next Day Air,No,40,PayPal,Quarterly,Quarterly,18-30 (Young Adult),90,Low Value,High Engagement,Low Value - High Engagement
2031,66,Male,Sunglasses,Accessories,67,New Mexico,S,Green,Summer,2.8,No,Standard,No,38,Credit Card,Monthly,Monthly,61-70 (Senior),30,Medium Value,High Engagement,Medium Value - High Engagement
2032,21,Male,Socks,Clothing,51,North Carolina,L,Charcoal,Spring,4.0,No,Standard,No,2,Credit Card,Monthly,Monthly,18-30 (Young Adult),30,Medium Value,Low Engagement,Medium Value - Low Engagement
2033,46,Male,Blouse,Clothing,36,South Carolina,M,Maroon,Winter,4.2,No,Next Day Air,No,13,Cash,Annually,Annually,46-60 (Middle-Aged),365,Low Value,Low Engagement,Low Value - Low Engagement
2034,57,Male,Jeans,Clothing,55,Illinois,L,Olive,Summer,3.6,No,Express,No,33,Venmo,Annually,Annually,46-60 (Middle-Aged),365,Medium Value,Medium Engagement,Medium Value - Medium Engagement
2035,61,Male,Shorts,Clothing,30,Alabama,M,Peach,Spring,2.9,No,Store Pickup,No,27,PayPal,Monthly,Monthly,61-70 (Senior),30,Low Value,Medium Engagement,Low Value - Medium Engagement
2036,53,Male,T-shirt,Clothing,70,Oklahoma,S,Yellow,Summer,4.1,No,Express,No,43,Bank Transfer,Weekly,Weekly,46-60 (Middle-Aged),7,Medium Value,High Engagement,Medium Value - High Engagement
2037,37,Male,Blouse,Clothing,63,Minnesota,S,Lavender,Winter,3.1,No,Next Day Air,No,46,Cash,Weekly,Weekly,31-45 (Adult),7,Medium Value,High Engagement,Medium Value - High Engagement
2038,39,Male,Belt,Accessories,87,Illinois,S,Green,Summer,4.3,No,Express,No,7,Venmo,Bi-Weekly,Bi-Weekly,31-45 (Adult),14,High Value,Low Engagement,High Value - Low Engagement
2039,53,Male,Blouse,Clothing,70,Arkansas,L,Orange,Spring,4.4,No,Next Day Air,No,35,Credit Card,Bi-Weekly,Fortnightly,46-60 (Middle-Aged),14,Medium Value,Medium Engagement,Medium Value - Medium Engagement
2040,35,Male,T-shirt,Clothing,51,Minnesota,M,Olive,Spring,3.1,No,Next Day Air,No,31,Debit Card,Bi-Weekly,Bi-Weekly,31-45 (Adult),14,Medium Value,Medium Engagement,Medium Value - Medium Engagement
2041,69,Male,Jewelry,Accessories,25,South Carolina,XL,Gray,Spring,2.9,No,Free Shipping,No,42,Venmo,Quarterly,Quarterly,61-70 (Senior),90,Low Value,High Engagement,Low Value - High Engagement
2042,66,Male,Jacket,Outerwear,32,New York,S,Lavender,Winter,3.2,No,Next Day Air,No,14,PayPal,Bi-Weekly,Bi-Weekly,61-70 (Senior),14,Low Value,Low Engagement,Low Value - Low Engagement
2043,19,Male,Shoes,Footwear,52,Alabama,M,Red,Spring,4.0,No,2-Day Shipping,No,35,Venmo,Monthly,Monthly,18-30 (Young Adult),30,Medium Value,Medium Engagement,Medium Value - Medium Engagement
2044,47,Male,Gloves,Accessories,33,New York,M,Charcoal,Summer,2.7,No,Standard,No,49,PayPal,Weekly,Weekly,46-60 (Middle-Aged),7,Low Value,High Engagement,Low Value - High Engagement
2045,49,Male,Jeans,Clothing,68,Missouri,L,Orange,Spring,3.0,No,Free Shipping,No,17,PayPal,Bi-Weekly,Fortnightly,46-60 (Middle-Aged),14,Medium Value,Medium Engagement,Medium Value - Medium Engagement
2046,31,Male,Jewelry,Accessories,20,Georgia,M,Red,Fall,4.4,No,Express,No,26,PayPal,Quarterly,Quarterly,31-45 (Adult),90,Low Value,Medium Engagement,Low Value - Medium Engagement
2047,39,Male,Pants,Clothing,32,Oklahoma,M,Maroon,Winter,2.8,No,Free Shipping,No,30,Cash,Quarterly,Every 3 Months,31-45 (Adult),90,Low Value,Medium Engagement,Low Value - Medium Engagement
2048,58,Male,Jewelry,Accessories,82,Connecticut,M,Silver,Summer,3.1,No,Store Pickup,No,32,Cash,Annually,Annually,46-60 (Middle-Aged),365,High Value,Medium Engagement,High Value - Medium Engagement
2049,45,Male,Sneakers,Footwear,64,Michigan,XL,Pink,Winter,3.9,No,Express,No,35,Bank Transfer,Quarterly,Quarterly,31-45 (Adult),90,Medium Value,Medium Engagement,Medium Value - Medium Engagement
2050,68,Male,Boots,Footwear,24,Rhode Island,L,Blue,Fall,2.7,No,Standard,No,15,Venmo,Annually,Annually,61-70 (Senior),365,Low Value,Low Engagement,Low Value - Low Engagement
2051,35,Male,Hat,Accessories,96,Mississippi,M,Teal,Summer,3.4,No,Store Pickup,No,10,Debit Card,Annually,Annually,31-45 (Adult),365,High Value,Low Engagement,High Value - Low Engagement
2052,65,Male,T-shirt,Clothing,94,Massachusetts,L,Black,Spring,3.8,No,Free Shipping,No,14,Credit Card,Monthly,Monthly,61-70 (Senior),30,High Value,Low Engagement,High Value - Low Engagement
2053,45,Male,Backpack,Accessories,48,New Hampshire,M,Gray,Winter,3.7,No,2-Day Shipping,No,30,Bank Transfer,Annually,Annually,31-45 (Adult),365,Medium Value,Medium Engagement,Medium Value - Medium Engagement
2054,19,Male,Sunglasses,Accessories,60,Wyoming,S,Purple,Spring,4.5,No,2-Day Shipping,No,16,Credit Card,Bi-Weekly,Fortnightly,18-30 (Young Adult),14,Medium Value,Medium Engagement,Medium Value - Medium Engagement
2055,65,Male,Sweater,Clothing,56,New Jersey,XL,Gold,Spring,2.9,No,Express,No,14,PayPal,Annually,Annually,61-70 (Senior),365,Medium Value,Low Engagement,Medium Value - Low Engagement
2056,28,Male,Handbag,Accessories,33,Texas,M,Silver,Fall,3.4,No,2-Day Shipping,No,28,Bank Transfer,Weekly,Weekly,18-30 (Young Adult),7,Low Value,Medium Engagement,Low Value - Medium Engagement
2057,55,Male,Backpack,Accessories,46,Minnesota,L,Blue,Spring,4.4,No,2-Day Shipping,No,29,PayPal,Monthly,Monthly,46-60 (Middle-Aged),30,Medium Value,Medium Engagement,Medium Value - Medium Engagement
2058,66,Male,Socks,Clothing,37,South Dakota,L,Yellow,Spring,4.2,No,Standard,No,5,PayPal,Quarterly,Every 3 Months,61-70 (Senior),90,Low Value,Low Engagement,Low Value - Low Engagement
2059,29,Male,Shirt,Clothing,98,Washington,M,Brown,Winter,3.3,No,Store Pickup,No,17,Bank Transfer,Quarterly,Quarterly,18-30 (Young Adult),90,High Value,Medium Engagement,High Value - Medium Engagement
2060,56,Male,Shorts,Clothing,50,California,XL,Beige,Spring,3.7,No,Express,No,50,PayPal,Weekly,Weekly,46-60 (Middle-Aged),7,Medium Value,High Engagement,Medium Value - High Engagement
2061,21,Male,Belt,Accessories,63,Wisconsin,M,Blue,Fall,3.2,No,Next Day Air,No,23,Bank Transfer,Quarterly,Quarterly,18-30 (Young Adult),90,Medium Value,Medium Engagement,Medium Value - Medium Engagement
2062,32,Male,Sweater,Clothing,70,Michigan,S,Magenta,Summer,2.6,No,Store Pickup,No,22,Debit Card,Annually,Annually,31-45 (Adult),365,Medium Value,Medium Engagement,Medium Value - Medium Engagement
2063,54,Male,Coat,Outerwear,63,South Carolina,L,Silver,Fall,2.8,No,Standard,No,15,Cash,Quarterly,Quarterly,46-60 (Middle-Aged),90,Medium Value,Low Engagement,Medium Value - Low Engagement
2064,61,Male,Shorts,Clothing,86,Indiana,M,Cyan,Fall,2.9,No,Standard,No,32,Cash,Monthly,Monthly,61-70 (Senior),30,High Value,Medium Engagement,High Value - Medium Engagement
2065,31,Male,Shoes,Footwear,99,Arkansas,M,Green,Summer,4.0,No,2-Day Shipping,No,5,Bank Transfer,Monthly,Monthly,31-45 (Adult),30,High Value,Low Engagement,High Value - Low Engagement
2066,27,Male,Sneakers,Footwear,40,Oregon,M,Blue,Spring,2.9,No,Free Shipping,No,6,Bank Transfer,Bi-Weekly,Bi-Weekly,18-30 (Young Adult),14,Medium Value,Low Engagement,Medium Value - Low Engagement
2067,64,Male,Sneakers,Footwear,92,Illinois,M,Olive,Fall,4.7,No,Store Pickup,No,44,Debit Card,Bi-Weekly,Fortnightly,61-70 (Senior),14,High Value,High Engagement,High Value - High Engagement
2068,60,Male,Pants,Clothing,21,Maryland,XL,Beige,Fall,3.1,No,2-Day Shipping,No,23,Cash,Bi-Weekly,Fortnightly,46-60 (Middle-Aged),14,Low Value,Medium Engagement,Low Value - Medium Engagement
2069,70,Male,Jewelry,Accessories,81,Vermont,XL,Black,Summer,3.9,No,Store Pickup,No,44,Venmo,Monthly,Monthly,61-70 (Senior),30,High Value,High Engagement,High Value - High Engagement
2070,36,Male,T-shirt,Clothing,82,Texas,M,Indigo,Fall,3.4,No,Free Shipping,No,3,Debit Card,Quarterly,Quarterly,31-45 (Adult),90,High Value,Low Engagement,High Value - Low Engagement
2071,56,Male,Jewelry,Accessories,88,Nebraska,XL,Red,Spring,3.1,No,Express,No,14,Cash,Monthly,Monthly,46-60 (Middle-Aged),30,High Value,Low Engagement,High Value - Low Engagement
2072,69,Male,Jacket,Outerwear,100,South Carolina,S,Yellow,Fall,4.8,No,Store Pickup,No,37,PayPal,Quarterly,Quarterly,61-70 (Senior),90,High Value,High Engagement,High Value - High Engagement
2073,39,Male,Backpack,Accessories,66,Massachusetts,M,Beige,Winter,3.9,No,Next Day Air,No,22,Bank Transfer,Weekly,Weekly,31-45 (Adult),7,Medium Value,Medium Engagement,Medium Value - Medium Engagement
2074,38,Male,Belt,Accessories,25,Texas,S,Green,Winter,3.5,No,Next Day Air,No,2,PayPal,Quarterly,Every 3 Months,31-45 (Adult),90,Low Value,Low Engagement,Low Value - Low Engagement
2075,36,Male,Scarf,Accessories,53,Florida,M,White,Summer,3.1,No,Free Shipping,No,44,Debit Card,Bi-Weekly,Fortnightly,31-45 (Adult),14,Medium Value,High Engagement,Medium Value - High Engagement
2076,46,Male,Sweater,Clothing,28,South Carolina,S,Turquoise,Fall,4.7,No,Express,No,49,Debit Card,Monthly,Monthly,46-60 (Middle-Aged),30,Low Value,High Engagement,Low Value - High Engagement
2077,59,Male,Gloves,Accessories,23,Florida,S,Indigo,Fall,4.6,No,Free Shipping,No,22,Debit Card,Bi-Weekly,Bi-Weekly,46-60 (Middle-Aged),14,Low Value,Medium Engagement,Low Value - Medium Engagement
2078,64,Male,Scarf,Accessories,34,Nebraska,L,Orange,Fall,3.3,No,Free Shipping,No,26,Bank Transfer,Annually,Annually,61-70 (Senior),365,Low Value,Medium Engagement,Low Value - Medium Engagement
2079,49,Male,Dress,Clothing,42,Hawaii,M,Blue,Spring,3.2,No,Next Day Air,No,40,Debit Card,Weekly,Weekly,46-60 (Middle-Aged),7,Medium Value,High Engagement,Medium Value - High Engagement
2080,32,Male,Jeans,Clothing,24,Montana,L,Violet,Summer,3.1,No,Next Day Air,No,16,PayPal,Quarterly,Quarterly,31-45 (Adult),90,Low Value,Medium Engagement,Low Value - Medium Engagement
2081,29,Male,Sunglasses,Accessories,47,South Dakota,S,Gray,Fall,3.5,No,Free Shipping,No,17,Debit Card,Bi-Weekly,Bi-Weekly,18-30 (Young Adult),14,Medium Value,Medium Engagement,Medium Value - Medium Engagement
2082,24,Male,Coat,Outerwear,78,Alabama,S,Cyan,Spring,4.3,No,Standard,No,48,Bank Transfer,Bi-Weekly,Bi-Weekly,18-30 (Young Adult),14,High Value,High Engagement,High Value - High Engagement
2083,41,Male,Jeans,Clothing,89,Arkansas,M,Yellow,Summer,2.9,No,Free Shipping,No,28,Venmo,Quarterly,Every 3 Months,31-45 (Adult),90,High Value,Medium Engagement,High Value - Medium Engagement
2084,41,Male,Scarf,Accessories,59,Mississippi,L,Orange,Fall,2.7,No,Store Pickup,No,26,Credit Card,Bi-Weekly,Fortnightly,31-45 (Adult),14,Medium Value,Medium Engagement,Medium Value - Medium Engagement
2085,32,Male,Blouse,Clothing,94,Vermont,S,Brown,Summer,4.0,No,Standard,No,43,Bank Transfer,Quarterly,Quarterly,31-45 (Adult),90,High Value,High Engagement,High Value - High Engagement
2086,69,Male,Jeans,Clothing,49,New York,M,Teal,Fall,4.6,No,Free Shipping,No,38,Debit Card,Weekly,Weekly,61-70 (Senior),7,Medium Value,High Engagement,Medium Value - High Engagement
2087,65,Male,Dress,Clothing,89,North Dakota,L,Beige,Summer,4.7,No,2-Day Shipping,No,36,Cash,Quarterly,Every 3 Months,61-70 (Senior),90,High Value,High Engagement,High Value - High Engagement
2088,54,Male,Hat,Accessories,91,Wisconsin,M,Blue,Summer,4.7,No,Standard,No,1,Credit Card,Weekly,Weekly,46-60 (Middle-Aged),7,High Value,Low Engagement,High Value - Low Engagement
2089,39,Male,Sandals,Footwear,89,California,L,Orange,Spring,4.0,No,Standard,No,49,Debit Card,Annually,Annually,31-45 (Adult),365,High Value,High Engagement,High Value - High Engagement
2090,37,Male,Jacket,Outerwear,57,Maryland,L,Gold,Spring,3.6,No,Free Shipping,No,41,Credit Card,Quarterly,Every 3 Months,31-45 (Adult),90,Medium Value,High Engagement,Medium Value - High Engagement
2091,51,Male,Socks,Clothing,71,Massachusetts,S,Teal,Winter,3.4,No,Free Shipping,No,21,Debit Card,Monthly,Monthly,46-60 (Middle-Aged),30,Medium Value,Medium Engagement,Medium Value - Medium Engagement
2092,26,Male,Jeans,Clothing,97,Washington,XL,Beige,Fall,3.0,No,Next Day Air,No,24,Bank Transfer,Quarterly,Quarterly,18-30 (Young Adult),90,High Value,Medium Engagement,High Value - Medium Engagement
2093,42,Male,Sandals,Footwear,45,Minnesota,M,Silver,Fall,2.6,No,Next Day Air,No,27,Bank Transfer,Weekly,Weekly,31-45 (Adult),7,Medium Value,Medium Engagement,Medium Value - Medium Engagement
2094,21,Male,Dress,Clothing,91,Washington,M,Maroon,Spring,4.2,No,Store Pickup,No,4,Debit Card,Annually,Annually,18-30 (Young Adult),365,High Value,Low Engagement,High Value - Low Engagement
2095,53,Male,Socks,Clothing,25,South Carolina,M,Indigo,Spring,3.4,No,Standard,No,19,Venmo,Annually,Annually,46-60 (Middle-Aged),365,Low Value,Medium Engagement,Low Value - Medium Engagement
2096,36,Male,Hoodie,Clothing,63,New Mexico,M,Gray,Fall,4.0,No,Store Pickup,No,1,Bank Transfer,Bi-Weekly,Fortnightly,31-45 (Adult),14,Medium Value,Low Engagement,Medium Value - Low Engagement
2097,21,Male,Dress,Clothing,52,North Carolina,L,Blue,Summer,4.7,No,Free Shipping,No,27,Debit Card,Annually,Annually,18-30 (Young Adult),365,Medium Value,Medium Engagement,Medium Value - Medium Engagement
2098,33,Male,Sneakers,Footwear,43,Iowa,S,Cyan,Winter,3.9,No,Next Day Air,No,5,Credit Card,Weekly,Weekly,31-45 (Adult),7,Medium Value,Low Engagement,Medium Value - Low Engagement
2099,49,Male,T-shirt,Clothing,28,Louisiana,M,White,Summer,3.3,No,2-Day Shipping,No,20,Venmo,Quarterly,Quarterly,46-60 (Middle-Aged),90,Low Value,Medium Engagement,Low Value - Medium Engagement
2100,31,Male,T-shirt,Clothing,78,Oklahoma,L,Green,Summer,2.9,No,Express,No,50,PayPal,Annually,Annually,31-45 (Adult),365,High Value,High Engagement,High Value - High Engagement
2101,68,Male,Sweater,Clothing,31,Michigan,M,Silver,Spring,4.4,No,Free Shipping,No,36,Cash,Bi-Weekly,Fortnightly,61-70 (Senior),14,Low Value,High Engagement,Low Value - High Engagement
2102,49,Male,Shirt,Clothing,23,Oregon,M,Blue,Winter,3.6,No,Next Day Air,No,12,Bank Transfer,Bi-Weekly,Bi-Weekly,46-60 (Middle-Aged),14,Low Value,Low Engagement,Low Value - Low Engagement
2103,23,Male,Hat,Accessories,25,Idaho,M,Brown,Spring,4.5,No,Store Pickup,No,23,Cash,Monthly,Monthly,18-30 (Young Adult),30,Low Value,Medium Engagement,Low Value - Medium Engagement
2104,30,Male,Pants,Clothing,86,Indiana,S,Red,Summer,3.7,No,Store Pickup,No,21,Venmo,Weekly,Weekly,18-30 (Young Adult),7,High Value,Medium Engagement,High Value - Medium Engagement
2105,53,Male,Shoes,Footwear,88,New Mexico,M,Gold,Spring,2.8,No,Free Shipping,No,47,Venmo,Weekly,Weekly,46-60 (Middle-Aged),7,High Value,High Engagement,High Value - High Engagement
2106,65,Male,Gloves,Accessories,35,South Carolina,M,Silver,Spring,4.5,No,Free Shipping,No,38,Venmo,Bi-Weekly,Bi-Weekly,61-70 (Senior),14,Low Value,High Engagement,Low Value - High Engagement
2107,60,Male,Jewelry,Accessories,34,Vermont,M,Gray,Fall,4.4,No,Standard,No,40,Credit Card,Quarterly,Every 3 Months,46-60 (Middle-Aged),90,Low Value,High Engagement,Low Value - High Engagement
2108,46,Male,Pants,Clothing,75,Delaware,M,Black,Winter,3.3,No,Standard,No,35,PayPal,Quarterly,Quarterly,46-60 (Middle-Aged),90,Medium Value,Medium Engagement,Medium Value - Medium Engagement
2109,54,Male,Hoodie,Clothing,46,North Dakota,XL,Beige,Winter,4.2,No,Express,No,4,Credit Card,Quarterly,Quarterly,46-60 (Middle-Aged),90,Medium Value,Low Engagement,Medium Value - Low Engagement
2110,59,Male,Jewelry,Accessories,31,California,L,Peach,Fall,2.7,No,Free Shipping,No,28,Venmo,Quarterly,Every 3 Months,46-60 (Middle-Aged),90,Low Value,Medium Engagement,Low Value - Medium Engagement
2111,52,Male,Socks,Clothing,93,Montana,L,Cyan,Spring,3.9,No,Store Pickup,No,36,Debit Card,Quarterly,Every 3 Months,46-60 (Middle-Aged),90,High Value,High Engagement,High Value - High Engagement
2112,41,Male,Sunglasses,Accessories,85,Missouri,XL,Pink,Spring,2.6,No,Free Shipping,No,15,Bank Transfer,Annually,Annually,31-45 (Adult),365,High Value,Low Engagement,High Value - Low Engagement
2113,43,Male,Belt,Accessories,68,Tennessee,M,Lavender,Fall,4.5,No,2-Day Shipping,No,7,Cash,Bi-Weekly,Fortnightly,31-45 (Adult),14,Medium Value,Low Engagement,Medium Value - Low Engagement
2114,63,Male,Dress,Clothing,40,Virginia,M,Brown,Spring,2.7,No,Store Pickup,No,29,PayPal,Quarterly,Every 3 Months,61-70 (Senior),90,Medium Value,Medium Engagement,Medium Value - Medium Engagement
2115,37,Male,Shirt,Clothing,51,Vermont,M,Magenta,Winter,2.9,No,Standard,No,12,Debit Card,Annually,Annually,31-45 (Adult),365,Medium Value,Low Engagement,Medium Value - Low Engagement
2116,44,Male,Scarf,Accessories,85,Rhode Island,M,Violet,Winter,3.4,No,Store Pickup,No,16,Bank Transfer,Bi-Weekly,Bi-Weekly,31-45 (Adult),14,High Value,Medium Engagement,High Value - Medium Engagement
2117,67,Male,Jacket,Outerwear,23,Kansas,M,Teal,Summer,2.9,No,Express,No,50,Debit Card,Bi-Weekly,Bi-Weekly,61-70 (Senior),14,Low Value,High Engagement,Low Value - High Engagement
2118,27,Male,Dress,Clothing,28,Colorado,L,Brown,Summer,3.8,No,Free Shipping,No,11,Debit Card,Annually,Annually,18-30 (Young Adult),365,Low Value,Low Engagement,Low Value - Low Engagement
2119,60,Male,Socks,Clothing,44,Georgia,M,Olive,Fall,4.2,No,2-Day Shipping,No,28,Debit Card,Quarterly,Quarterly,46-60 (Middle-Aged),90,Medium Value,Medium Engagement,Medium Value - Medium Engagement
2120,58,Male,Jewelry,Accessories,57,Nebraska,M,Indigo,Spring,3.5,No,Store Pickup,No,36,Venmo,Bi-Weekly,Bi-Weekly,46-60 (Middle-Aged),14,Medium Value,High Engagement,Medium Value - High Engagement
2121,53,Male,Scarf,Accessories,98,Missouri,S,Red,Fall,3.1,No,Next Day Air,No,38,PayPal,Quarterly,Quarterly,46-60 (Middle-Aged),90,High Value,High Engagement,High Value - High Engagement
2122,43,Male,Backpack,Accessories,68,Alaska,M,Olive,Winter,3.5,No,2-Day Shipping,No,32,Bank Transfer,Monthly,Monthly,31-45 (Adult),30,Medium Value,Medium Engagement,Medium Value - Medium Engagement
2123,32,Male,Jacket,Outerwear,36,Virginia,L,Teal,Fall,4.0,No,Express,No,42,Debit Card,Weekly,Weekly,31-45 (Adult),7,Low Value,High Engagement,Low Value - High Engagement
2124,54,Male,Coat,Outerwear,71,Nebraska,L,Cyan,Spring,3.7,No,Express,No,22,Debit Card,Bi-Weekly,Bi-Weekly,46-60 (Middle-Aged),14,Medium Value,Medium Engagement,Medium Value - Medium Engagement
2125,47,Male,Skirt,Clothing,60,Rhode Island,M,Teal,Fall,4.2,No,Next Day Air,No,22,Venmo,Quarterly,Quarterly,46-60 (Middle-Aged),90,Medium Value,Medium Engagement,Medium Value - Medium Engagement
2126,57,Male,Coat,Outerwear,87,New Hampshire,M,Beige,Fall,4.8,No,Store Pickup,No,31,PayPal,Quarterly,Quarterly,46-60 (Middle-Aged),90,High Value,Medium Engagement,High Value - Medium Engagement
2127,63,Male,Shoes,Footwear,38,Alabama,XL,Magenta,Winter,4.1,No,Express,No,28,Credit Card,Monthly,Monthly,61-70 (Senior),30,Low Value,Medium Engagement,Low Value - Medium Engagement
2128,70,Male,Boots,Footwear,45,North Carolina,M,Indigo,Spring,4.5,No,2-Day Shipping,No,40,Debit Card,Weekly,Weekly,61-70 (Senior),7,Medium Value,High Engagement,Medium Value - High Engagement
2129,62,Male,Coat,Outerwear,47,New Mexico,L,Cyan,Fall,2.7,No,2-Day Shipping,No,21,PayPal,Weekly,Weekly,61-70 (Senior),7,Medium Value,Medium Engagement,Medium Value - Medium Engagement
2130,40,Male,Skirt,Clothing,57,Minnesota,L,Orange,Fall,2.8,No,Store Pickup,No,12,PayPal,Quarterly,Every 3 Months,31-45 (Adult),90,Medium Value,Low Engagement,Medium Value - Low Engagement
2131,25,Male,Backpack,Accessories,68,Arizona,L,Violet,Summer,3.7,No,Free Shipping,No,33,Credit Card,Annually,Annually,18-30 (Young Adult),365,Medium Value,Medium Engagement,Medium Value - Medium Engagement
2132,19,Male,Shorts,Clothing,52,Montana,M,Red,Fall,3.6,No,Express,No,9,Bank Transfer,Bi-Weekly,Fortnightly,18-30 (Young Adult),14,Medium Value,Low Engagement,Medium Value - Low Engagement
2133,25,Male,Skirt,Clothing,87,Vermont,M,Magenta,Fall,4.7,No,2-Day Shipping,No,15,Debit Card,Weekly,Weekly,18-30 (Young Adult),7,High Value,Low Engagement,High Value - Low Engagement
2134,21,Male,Hat,Accessories,34,Maine,M,Olive,Summer,3.8,No,Standard,No,13,Bank Transfer,Annually,Annually,18-30 (Young Adult),365,Low Value,Low Engagement,Low Value - Low Engagement
2135,55,Male,Sandals,Footwear,41,Virginia,XL,Maroon,Winter,2.9,No,Standard,No,35,Credit Card,Bi-Weekly,Fortnightly,46-60 (Middle-Aged),14,Medium Value,Medium Engagement,Medium Value - Medium Engagement
2136,34,Male,Sunglasses,Accessories,94,California,S,Yellow,Winter,4.6,No,Next Day Air,No,1,Debit Card,Quarterly,Every 3 Months,31-45 (Adult),90,High Value,Low Engagement,High Value - Low Engagement
2137,47,Male,Sunglasses,Accessories,93,New York,M,Red,Summer,2.8,No,Standard,No,25,Bank Transfer,Bi-Weekly,Fortnightly,46-60 (Middle-Aged),14,High Value,Medium Engagement,High Value - Medium Engagement
2138,27,Male,Socks,Clothing,51,Indiana,XL,Purple,Winter,4.6,No,2-Day Shipping,No,20,Credit Card,Quarterly,Every 3 Months,18-30 (Young Adult),90,Medium Value,Medium Engagement,Medium Value - Medium Engagement
2139,67,Male,Sweater,Clothing,42,Mississippi,M,Teal,Fall,2.8,No,Next Day Air,No,36,Venmo,Quarterly,Quarterly,61-70 (Senior),90,Medium Value,High Engagement,Medium Value - High Engagement
2140,40,Male,Boots,Footwear,95,New York,M,Red,Winter,3.0,No,Free Shipping,No,33,Cash,Weekly,Weekly,31-45 (Adult),7,High Value,Medium Engagement,High Value - Medium Engagement
2141,53,Male,Handbag,Accessories,90,New Mexico,M,Brown,Fall,3.7,No,Standard,No,36,Cash,Bi-Weekly,Fortnightly,46-60 (Middle-Aged),14,High Value,High Engagement,High Value - High Engagement
2142,24,Male,Dress,Clothing,98,Kentucky,M,Peach,Winter,4.1,No,2-Day Shipping,No,32,PayPal,Annually,Annually,18-30 (Young Adult),365,High Value,Medium Engagement,High Value - Medium Engagement
2143,47,Male,Hat,Accessories,39,North Dakota,M,Maroon,Winter,4.3,No,Next Day Air,No,21,Venmo,Quarterly,Quarterly,46-60 (Middle-Aged),90,Low Value,Medium Engagement,Low Value - Medium Engagement
2144,53,Male,Sandals,Footwear,66,Arkansas,L,Red,Fall,3.8,No,Next Day Air,No,48,Venmo,Bi-Weekly,Bi-Weekly,46-60 (Middle-Aged),14,Medium Value,High Engagement,Medium Value - High Engagement
2145,47,Male,Shoes,Footwear,23,Maryland,L,Orange,Winter,3.7,No,Free Shipping,No,25,PayPal,Quarterly,Quarterly,46-60 (Middle-Aged),90,Low Value,Medium Engagement,Low Value - Medium Engagement
2146,38,Male,Skirt,Clothing,73,Connecticut,S,White,Winter,4.8,No,Standard,No,32,PayPal,Annually,Annually,31-45 (Adult),365,Medium Value,Medium Engagement,Medium Value - Medium Engagement
2147,48,Male,Sunglasses,Accessories,23,Utah,XL,White,Summer,4.6,No,Standard,No,45,PayPal,Quarterly,Every 3 Months,46-60 (Middle-Aged),90,Low Value,High Engagement,Low Value - High Engagement
2148,47,Male,Skirt,Clothing,43,Missouri,S,Charcoal,Fall,4.8,No,Standard,No,4,Cash,Bi-Weekly,Fortnightly,46-60 (Middle-Aged),14,Medium Value,Low Engagement,Medium Value - Low Engagement
2149,19,Male,T-shirt,Clothing,45,Nebraska,XL,Turquoise,Winter,4.6,No,2-Day Shipping,No,19,PayPal,Bi-Weekly,Bi-Weekly,18-30 (Young Adult),14,Medium Value,Medium Engagement,Medium Value - Medium Engagement
2150,38,Male,Sandals,Footwear,21,Hawaii,L,Orange,Winter,4.0,No,Standard,No,1,Bank Transfer,Weekly,Weekly,31-45 (Adult),7,Low Value,Low Engagement,Low Value - Low Engagement
2151,57,Male,Shirt,Clothing,40,Illinois,M,Orange,Spring,2.6,No,2-Day Shipping,No,12,Cash,Weekly,Weekly,46-60 (Middle-Aged),7,Medium Value,Low Engagement,Medium Value - Low Engagement
2152,70,Male,Jeans,Clothing,58,Vermont,L,Brown,Fall,2.6,No,2-Day Shipping,No,18,Venmo,Monthly,Monthly,61-70 (Senior),30,Medium Value,Medium Engagement,Medium Value - Medium Engagement
2153,38,Male,Shorts,Clothing,48,New Jersey,L,Magenta,Summer,4.5,No,Next Day Air,No,43,Bank Transfer,Bi-Weekly,Bi-Weekly,31-45 (Adult),14,Medium Value,High Engagement,Medium Value - High Engagement
2154,35,Male,Shirt,Clothing,94,Kentucky,M,Violet,Fall,4.2,No,Free Shipping,No,31,PayPal,Annually,Annually,31-45 (Adult),365,High Value,Medium Engagement,High Value - Medium Engagement
2155,46,Male,Scarf,Accessories,74,Wyoming,M,Violet,Spring,3.4,No,Store Pickup,No,33,Cash,Quarterly,Every 3 Months,46-60 (Middle-Aged),90,Medium Value,Medium Engagement,Medium Value - Medium Engagement
2156,32,Male,Handbag,Accessories,51,Hawaii,L,Yellow,Fall,3.7,No,Store Pickup,No,46,PayPal,Monthly,Monthly,31-45 (Adult),30,Medium Value,High Engagement,Medium Value - High Engagement
2157,38,Male,Skirt,Clothing,83,Missouri,M,Maroon,Winter,3.6,No,Next Day Air,No,41,Debit Card,Bi-Weekly,Bi-Weekly,31-45 (Adult),14,High Value,High Engagement,High Value - High Engagement
2158,41,Male,Handbag,Accessories,68,Mississippi,L,Turquoise,Winter,4.0,No,Next Day Air,No,41,Venmo,Bi-Weekly,Fortnightly,31-45 (Adult),14,Medium Value,High Engagement,Medium Value - High Engagement
2159,19,Male,Gloves,Accessories,84,Massachusetts,XL,Olive,Spring,4.6,No,Standard,No,9,Bank Transfer,Bi-Weekly,Fortnightly,18-30 (Young Adult),14,High Value,Low Engagement,High Value - Low Engagement
2160,18,Male,Shirt,Clothing,58,Louisiana,M,Peach,Fall,3.0,No,Free Shipping,No,34,Cash,Annually,Annually,18-30 (Young Adult),365,Medium Value,Medium Engagement,Medium Value - Medium Engagement
2161,45,Male,Blouse,Clothing,92,West Virginia,L,Charcoal,Winter,3.3,No,Express,No,21,PayPal,Annually,Annually,31-45 (Adult),365,High Value,Medium Engagement,High Value - Medium Engagement
2162,23,Male,Dress,Clothing,69,Washington,S,Peach,Summer,3.8,No,Express,No,5,Debit Card,Bi-Weekly,Fortnightly,18-30 (Young Adult),14,Medium Value,Low Engagement,Medium Value - Low Engagement
2163,60,Male,Shorts,Clothing,48,Oregon,S,Black,Summer,2.7,No,Free Shipping,No,32,PayPal,Weekly,Weekly,46-60 (Middle-Aged),7,Medium Value,Medium Engagement,Medium Value - Medium Engagement
2164,52,Male,Shoes,Footwear,60,New York,L,Gray,Spring,4.5,No,Express,No,44,Bank Transfer,Monthly,Monthly,46-60 (Middle-Aged),30,Medium Value,High Engagement,Medium Value - High Engagement
2165,42,Male,Sandals,Footwear,20,Iowa,S,Olive,Winter,4.8,No,Next Day Air,No,46,PayPal,Bi-Weekly,Bi-Weekly,31-45 (Adult),14,Low Value,High Engagement,Low Value - High Engagement
2166,29,Male,Pants,Clothing,55,Idaho,M,Turquoise,Summer,4.2,No,Express,No,42,Credit Card,Quarterly,Every 3 Months,18-30 (Young Adult),90,Medium Value,High Engagement,Medium Value - High Engagement
2167,31,Male,Jacket,Outerwear,88,New Jersey,S,Purple,Spring,3.5,No,Express,No,50,Credit Card,Bi-Weekly,Bi-Weekly,31-45 (Adult),14,High Value,High Engagement,High Value - High Engagement
2168,30,Male,Skirt,Clothing,48,Ohio,L,Green,Winter,4.9,No,Standard,No,33,Venmo,Bi-Weekly,Fortnightly,18-30 (Young Adult),14,Medium Value,Medium Engagement,Medium Value - Medium Engagement
2169,23,Male,Handbag,Accessories,74,Connecticut,M,Beige,Spring,4.1,No,Next Day Air,No,32,Cash,Quarterly,Quarterly,18-30 (Young Adult),90,Medium Value,Medium Engagement,Medium Value - Medium Engagement
2170,31,Male,Coat,Outerwear,42,Florida,M,Brown,Fall,2.9,No,Next Day Air,No,32,Bank Transfer,Bi-Weekly,Bi-Weekly,31-45 (Adult),14,Medium Value,Medium Engagement,Medium Value - Medium Engagement
2171,40,Male,Sweater,Clothing,32,South Carolina,M,Turquoise,Fall,4.0,No,Next Day Air,No,37,Venmo,Quarterly,Every 3 Months,31-45 (Adult),90,Low Value,High Engagement,Low Value - High Engagement
2172,39,Male,Shorts,Clothing,98,Missouri,M,Yellow,Summer,4.6,No,Store Pickup,No,9,Cash,Bi-Weekly,Fortnightly,31-45 (Adult),14,High Value,Low Engagement,High Value - Low Engagement
2173,28,Male,Skirt,Clothing,89,Rhode Island,S,Lavender,Fall,2.8,No,Store Pickup,No,6,PayPal,Bi-Weekly,Fortnightly,18-30 (Young Adult),14,High Value,Low Engagement,High Value - Low Engagement
2174,23,Male,Gloves,Accessories,97,Delaware,S,Cyan,Summer,5.0,No,2-Day Shipping,No,36,Venmo,Quarterly,Quarterly,18-30 (Young Adult),90,High Value,High Engagement,High Value - High Engagement
2175,42,Male,Backpack,Accessories,49,Colorado,S,Olive,Spring,2.9,No,Store Pickup,No,1,Cash,Annually,Annually,31-45 (Adult),365,Medium Value,Low Engagement,Medium Value - Low Engagement
2176,68,Male,Dress,Clothing,50,Nebraska,M,Silver,Spring,3.3,No,Free Shipping,No,48,Credit Card,Bi-Weekly,Fortnightly,61-70 (Senior),14,Medium Value,High Engagement,Medium Value - High Engagement
2177,24,Male,Belt,Accessories,91,Vermont,S,Red,Winter,3.4,No,2-Day Shipping,No,44,Debit Card,Quarterly,Quarterly,18-30 (Young Adult),90,High Value,High Engagement,High Value - High Engagement
2178,24,Male,Gloves,Accessories,93,Montana,XL,Green,Winter,3.0,No,Express,No,9,PayPal,Bi-Weekly,Bi-Weekly,18-30 (Young Adult),14,High Value,Low Engagement,High Value - Low Engagement
2179,21,Male,Jewelry,Accessories,98,Florida,M,Gold,Summer,4.7,No,Standard,No,32,Venmo,Annually,Annually,18-30 (Young Adult),365,High Value,Medium Engagement,High Value - Medium Engagement
2180,49,Male,Socks,Clothing,82,Delaware,L,Lavender,Fall,2.9,No,Next Day Air,No,14,PayPal,Monthly,Monthly,46-60 (Middle-Aged),30,High Value,Low Engagement,High Value - Low Engagement
2181,41,Male,Coat,Outerwear,37,Connecticut,M,Yellow,Summer,4.1,No,Store Pickup,No,43,Cash,Quarterly,Quarterly,31-45 (Adult),90,Low Value,High Engagement,Low Value - High Engagement
2182,22,Male,Handbag,Accessories,63,Hawaii,M,Black,Fall,3.2,No,Free Shipping,No,32,Bank Transfer,Bi-Weekly,Bi-Weekly,18-30 (Young Adult),14,Medium Value,Medium Engagement,Medium Value - Medium Engagement
2183,42,Male,Blouse,Clothing,99,New Mexico,M,Maroon,Winter,2.7,No,Store Pickup,No,26,Venmo,Bi-Weekly,Bi-Weekly,31-45 (Adult),14,High Value,Medium Engagement,High Value - Medium Engagement
2184,30,Male,Shorts,Clothing,37,Kansas,M,Maroon,Spring,4.7,No,Store Pickup,No,2,Cash,Monthly,Monthly,18-30 (Young Adult),30,Low Value,Low Engagement,Low Value - Low Engagement
2185,38,Male,Shoes,Footwear,34,Nevada,S,Gold,Spring,3.2,No,Free Shipping,No,16,PayPal,Quarterly,Every 3 Months,31-45 (Adult),90,Low Value,Medium Engagement,Low Value - Medium Engagement
2186,40,Male,Shorts,Clothing,32,North Carolina,M,Violet,Winter,2.5,No,Express,No,50,Debit Card,Quarterly,Every 3 Months,31-45 (Adult),90,Low Value,High Engagement,Low Value - High Engagement
2187,55,Male,Sandals,Footwear,23,New Mexico,XL,Teal,Winter,4.3,No,Next Day Air,No,6,PayPal,Quarterly,Every 3 Months,46-60 (Middle-Aged),90,Low Value,Low Engagement,Low Value - Low Engagement
2188,37,Male,Blouse,Clothing,78,Idaho,M,Violet,Spring,4.4,No,Free Shipping,No,20,PayPal,Annually,Annually,31-45 (Adult),365,High Value,Medium Engagement,High Value - Medium Engagement
2189,41,Male,Coat,Outerwear,54,California,M,Brown,Winter,4.7,No,Next Day Air,No,9,Credit Card,Weekly,Weekly,31-45 (Adult),7,Medium Value,Low Engagement,Medium Value - Low Engagement
2190,38,Male,Blouse,Clothing,94,Wisconsin,XL,Brown,Fall,4.0,No,Express,No,47,Credit Card,Bi-Weekly,Bi-Weekly,31-45 (Adult),14,High Value,High Engagement,High Value - High Engagement
2191,42,Male,Belt,Accessories,75,Alaska,S,Maroon,Spring,4.6,No,Express,No,33,Credit Card,Annually,Annually,31-45 (Adult),365,Medium Value,Medium Engagement,Medium Value - Medium Engagement
2192,26,Male,Blouse,Clothing,69,Pennsylvania,S,Maroon,Summer,3.8,No,Next Day Air,No,46,Cash,Bi-Weekly,Bi-Weekly,18-30 (Young Adult),14,Medium Value,High Engagement,Medium Value - High Engagement
2193,41,Male,Scarf,Accessories,35,Virginia,L,Yellow,Winter,3.2,No,Next Day Air,No,9,Credit Card,Monthly,Monthly,31-45 (Adult),30,Low Value,Low Engagement,Low Value - Low Engagement
2194,27,Male,Shirt,Clothing,78,California,L,Turquoise,Spring,5.0,No,Express,No,8,PayPal,Monthly,Monthly,18-30 (Young Adult),30,High Value,Low Engagement,High Value - Low Engagement
2195,61,Male,Socks,Clothing,29,Kentucky,M,Silver,Summer,3.5,No,Standard,No,48,Bank Transfer,Quarterly,Quarterly,61-70 (Senior),90,Low Value,High Engagement,Low Value - High Engagement
2196,58,Male,Jeans,Clothing,62,New York,M,Brown,Fall,3.7,No,Next Day Air,No,2,Cash,Monthly,Monthly,46-60 (Middle-Aged),30,Medium Value,Low Engagement,Medium Value - Low Engagement
2197,25,Male,Dress,Clothing,58,Vermont,M,Gray,Spring,4.8,No,Next Day Air,No,31,PayPal,Weekly,Weekly,18-30 (Young Adult),7,Medium Value,Medium Engagement,Medium Value - Medium Engagement
2198,33,Male,Boots,Footwear,88,Pennsylvania,M,Indigo,Summer,3.7,No,2-Day Shipping,No,40,Venmo,Monthly,Monthly,31-45 (Adult),30,High Value,High Engagement,High Value - High Engagement
2199,57,Male,Scarf,Accessories,80,New York,L,Turquoise,Summer,3.5,No,Free Shipping,No,35,Venmo,Monthly,Monthly,46-60 (Middle-Aged),30,High Value,Medium Engagement,High Value - Medium Engagement
2200,39,Male,Scarf,Accessories,47,North Carolina,M,Maroon,Summer,4.9,No,Store Pickup,No,40,Debit Card,Monthly,Monthly,31-45 (Adult),30,Medium Value,High Engagement,Medium Value - High Engagement
2201,60,Male,Gloves,Accessories,51,Wyoming,L,Charcoal,Summer,4.7,No,Next Day Air,No,27,Debit Card,Quarterly,Every 3 Months,46-60 (Middle-Aged),90,Medium Value,Medium Engagement,Medium Value - Medium Engagement
2202,39,Male,Pants,Clothing,25,Ohio,L,Peach,Spring,4.9,No,2-Day Shipping,No,10,Venmo,Annually,Annually,31-45 (Adult),365,Low Value,Low Engagement,Low Value - Low Engagement
2203,42,Male,Dress,Clothing,36,Alabama,M,Red,Summer,4.3,No,Next Day Air,No,23,Credit Card,Weekly,Weekly,31-45 (Adult),7,Low Value,Medium Engagement,Low Value - Medium Engagement
2204,53,Male,Dress,Clothing,79,Rhode Island,M,Indigo,Winter,3.1,No,Free Shipping,No,32,Cash,Quarterly,Quarterly,46-60 (Middle-Aged),90,High Value,Medium Engagement,High Value - Medium Engagement
2205,20,Male,Jeans,Clothing,41,Oregon,S,Lavender,Winter,3.4,No,2-Day Shipping,No,6,Debit Card,Monthly,Monthly,18-30 (Young Adult),30,Medium Value,Low Engagement,Medium Value - Low Engagement
2206,46,Male,Sweater,Clothing,68,North Dakota,XL,Red,Fall,2.7,No,Express,No,27,PayPal,Weekly,Weekly,46-60 (Middle-Aged),7,Medium Value,Medium Engagement,Medium Value - Medium Engagement
2207,46,Male,Sandals,Footwear,51,Illinois,L,Green,Spring,2.6,No,Store Pickup,No,25,Bank Transfer,Bi-Weekly,Fortnightly,46-60 (Middle-Aged),14,Medium Value,Medium Engagement,Medium Value - Medium Engagement
2208,69,Male,Handbag,Accessories,38,New Mexico,M,Gray,Fall,2.9,No,Next Day Air,No,11,Credit Card,Annually,Annually,61-70 (Senior),365,Low Value,Low Engagement,Low Value - Low Engagement
2209,28,Male,Scarf,Accessories,46,Colorado,XL,Violet,Summer,2.7,No,2-Day Shipping,No,23,PayPal,Monthly,Monthly,18-30 (Young Adult),30,Medium Value,Medium Engagement,Medium Value - Medium Engagement
2210,42,Male,Sandals,Footwear,20,Utah,XL,Beige,Summer,4.5,No,2-Day Shipping,No,44,Bank Transfer,Quarterly,Quarterly,31-45 (Adult),90,Low Value,High Engagement,Low Value - High Engagement
2211,30,Male,Sunglasses,Accessories,25,Virginia,M,Orange,Summer,3.1,No,Store Pickup,No,35,PayPal,Bi-Weekly,Fortnightly,18-30 (Young Adult),14,Low Value,Medium Engagement,Low Value - Medium Engagement
2212,50,Male,Sweater,Clothing,89,Maine,L,Purple,Winter,3.2,No,Free Shipping,No,45,Debit Card,Quarterly,Every 3 Months,46-60 (Middle-Aged),90,High Value,High Engagement,High Value - High Engagement
2213,59,Male,Pants,Clothing,77,Nebraska,M,Brown,Winter,3.3,No,Next Day Air,No,22,Bank Transfer,Quarterly,Quarterly,46-60 (Middle-Aged),90,High Value,Medium Engagement,High Value - Medium Engagement
2214,54,Male,Hat,Accessories,94,Hawaii,M,Maroon,Fall,2.9,No,Express,No,18,Debit Card,Quarterly,Quarterly,46-60 (Middle-Aged),90,High Value,Medium Engagement,High Value - Medium Engagement
2215,50,Male,Belt,Accessories,100,Idaho,L,Gold,Fall,4.1,No,Standard,No,20,Debit Card,Weekly,Weekly,46-60 (Middle-Aged),7,High Value,Medium Engagement,High Value - Medium Engagement
2216,25,Male,Sandals,Footwear,96,West Virginia,M,Indigo,Winter,2.7,No,Express,No,28,Credit Card,Bi-Weekly,Fortnightly,18-30 (Young Adult),14,High Value,Medium Engagement,High Value - Medium Engagement
2217,41,Male,Pants,Clothing,36,Vermont,XL,Silver,Winter,4.0,No,Store Pickup,No,15,Venmo,Bi-Weekly,Bi-Weekly,31-45 (Adult),14,Low Value,Low Engagement,Low Value - Low Engagement
2218,35,Male,Jewelry,Accessories,27,Indiana,XL,Red,Fall,2.6,No,Store Pickup,No,42,Bank Transfer,Bi-Weekly,Fortnightly,31-45 (Adult),14,Low Value,High Engagement,Low Value - High Engagement
2219,67,Male,Sunglasses,Accessories,67,Idaho,M,Magenta,Winter,3.5,No,Store Pickup,No,20,Debit Card,Quarterly,Quarterly,61-70 (Senior),90,Medium Value,Medium Engagement,Medium Value - Medium Engagement
2220,33,Male,Blouse,Clothing,91,Minnesota,S,Purple,Fall,2.8,No,Store Pickup,No,16,Bank Transfer,Bi-Weekly,Fortnightly,31-45 (Adult),14,High Value,Medium Engagement,High Value - Medium Engagement
2221,19,Male,Belt,Accessories,62,Wyoming,XL,Beige,Fall,4.5,No,Store Pickup,No,47,Cash,Annually,Annually,18-30 (Young Adult),365,Medium Value,High Engagement,Medium Value - High Engagement
2222,25,Male,Shorts,Clothing,88,Kansas,XL,White,Fall,3.0,No,Free Shipping,No,34,Credit Card,Annually,Annually,18-30 (Young Adult),365,High Value,Medium Engagement,High Value - Medium Engagement
2223,32,Male,Pants,Clothing,66,Georgia,M,Teal,Summer,4.4,No,Store Pickup,No,30,Credit Card,Weekly,Weekly,31-45 (Adult),7,Medium Value,Medium Engagement,Medium Value - Medium Engagement
2224,30,Male,Sandals,Footwear,65,Kansas,M,Gray,Fall,4.7,No,Next Day Air,No,5,PayPal,Quarterly,Quarterly,18-30 (Young Adult),90,Medium Value,Low Engagement,Medium Value - Low Engagement
2225,18,Male,Gloves,Accessories,25,Nebraska,L,Charcoal,Winter,4.3,No,Standard,No,38,Cash,Quarterly,Quarterly,18-30 (Young Adult),90,Low Value,High Engagement,Low Value - High Engagement
2226,38,Male,Belt,Accessories,64,Washington,S,Olive,Spring,4.8,No,Free Shipping,No,18,Credit Card,Annually,Annually,31-45 (Adult),365,Medium Value,Medium Engagement,Medium Value - Medium Engagement
2227,22,Male,Shirt,Clothing,72,Missouri,L,Blue,Spring,4.8,No,Store Pickup,No,28,Cash,Annually,Annually,18-30 (Young Adult),365,Medium Value,Medium Engagement,Medium Value - Medium Engagement
2228,40,Male,Scarf,Accessories,74,Washington,S,Gray,Summer,4.4,No,Next Day Air,No,42,Credit Card,Bi-Weekly,Fortnightly,31-45 (Adult),14,Medium Value,High Engagement,Medium Value - High Engagement
2229,54,Male,Gloves,Accessories,50,Kansas,M,Green,Fall,3.7,No,Free Shipping,No,5,Credit Card,Weekly,Weekly,46-60 (Middle-Aged),7,Medium Value,Low Engagement,Medium Value - Low Engagement
2230,70,Male,Pants,Clothing,97,Minnesota,M,Silver,Fall,3.9,No,Express,No,50,Venmo,Monthly,Monthly,61-70 (Senior),30,High Value,High Engagement,High Value - High Engagement
2231,52,Male,Sneakers,Footwear,36,Colorado,S,Teal,Spring,3.8,No,Express,No,33,Venmo,Bi-Weekly,Fortnightly,46-60 (Middle-Aged),14,Low Value,Medium Engagement,Low Value - Medium Engagement
2232,34,Male,Jacket,Outerwear,49,Utah,M,Beige,Fall,4.1,No,Store Pickup,No,1,Credit Card,Weekly,Weekly,31-45 (Adult),7,Medium Value,Low Engagement,Medium Value - Low Engagement
2233,65,Male,Shoes,Footwear,64,North Carolina,L,Lavender,Spring,4.0,No,Store Pickup,No,14,Cash,Bi-Weekly,Fortnightly,61-70 (Senior),14,Medium Value,Low Engagement,Medium Value - Low Engagement
2234,38,Male,Blouse,Clothing,31,Florida,XL,Gray,Summer,4.5,No,Express,No,48,Credit Card,Monthly,Monthly,31-45 (Adult),30,Low Value,High Engagement,Low Value - High Engagement
2235,35,Male,Boots,Footwear,66,New Hampshire,S,Yellow,Winter,4.0,No,Express,No,26,Cash,Weekly,Weekly,31-45 (Adult),7,Medium Value,Medium Engagement,Medium Value - Medium Engagement
2236,40,Male,Socks,Clothing,82,Illinois,M,Gray,Spring,4.5,No,2-Day Shipping,No,44,Credit Card,Annually,Annually,31-45 (Adult),365,High Value,High Engagement,High Value - High Engagement
2237,23,Male,T-shirt,Clothing,88,Louisiana,M,Yellow,Winter,2.7,No,Standard,No,18,Debit Card,Bi-Weekly,Fortnightly,18-30 (Young Adult),14,High Value,Medium Engagement,High Value - Medium Engagement
2238,45,Male,Sandals,Footwear,34,Alabama,S,Black,Summer,3.8,No,Next Day Air,No,31,Venmo,Quarterly,Every 3 Months,31-45 (Adult),90,Low Value,Medium Engagement,Low Value - Medium Engagement
2239,40,Male,Sneakers,Footwear,84,Florida,L,Beige,Winter,3.8,No,Standard,No,18,Debit Card,Weekly,Weekly,31-45 (Adult),7,High Value,Medium Engagement,High Value - Medium Engagement
2240,42,Male,Jewelry,Accessories,96,Alabama,L,Indigo,Summer,3.8,No,2-Day Shipping,No,41,Credit Card,Quarterly,Every 3 Months,31-45 (Adult),90,High Value,High Engagement,High Value - High Engagement
2241,57,Male,Sandals,Footwear,71,California,L,Green,Winter,4.3,No,Next Day Air,No,18,Debit Card,Quarterly,Every 3 Months,46-60 (Middle-Aged),90,Medium Value,Medium Engagement,Medium Value - Medium Engagement
2242,18,Male,Jacket,Outerwear,77,Maryland,M,Purple,Summer,3.5,No,Free Shipping,No,3,Bank Transfer,Bi-Weekly,Bi-Weekly,18-30 (Young Adult),14,High Value,Low Engagement,High Value - Low Engagement
2243,18,Male,Skirt,Clothing,66,Nevada,M,Orange,Spring,3.8,No,Next Day Air,No,5,Credit Card,Bi-Weekly,Bi-Weekly,18-30 (Young Adult),14,Medium Value,Low Engagement,Medium Value - Low Engagement
2244,56,Male,Shirt,Clothing,21,Massachusetts,M,Teal,Winter,3.7,No,2-Day Shipping,No,13,Debit Card,Annually,Annually,46-60 (Middle-Aged),365,Low Value,Low Engagement,Low Value - Low Engagement
2245,35,Male,Shorts,Clothing,37,South Carolina,M,Gold,Summer,4.8,No,2-Day Shipping,No,22,PayPal,Annually,Annually,31-45 (Adult),365,Low Value,Medium Engagement,Low Value - Medium Engagement
2246,49,Male,Socks,Clothing,90,Delaware,L,Gray,Fall,4.9,No,Free Shipping,No,45,PayPal,Bi-Weekly,Fortnightly,46-60 (Middle-Aged),14,High Value,High Engagement,High Value - High Engagement
2247,49,Male,Jacket,Outerwear,96,Hawaii,M,Cyan,Fall,4.3,No,Store Pickup,No,39,PayPal,Quarterly,Every 3 Months,46-60 (Middle-Aged),90,High Value,High Engagement,High Value - High Engagement
2248,34,Male,Jewelry,Accessories,37,Florida,L,Teal,Summer,4.4,No,Next Day Air,No,18,Venmo,Annually,Annually,31-45 (Adult),365,Low Value,Medium Engagement,Low Value - Medium Engagement
2249,63,Male,T-shirt,Clothing,66,Rhode Island,M,Violet,Winter,3.4,No,Free Shipping,No,19,PayPal,Bi-Weekly,Fortnightly,61-70 (Senior),14,Medium Value,Medium Engagement,Medium Value - Medium Engagement
2250,42,Male,Gloves,Accessories,45,Wyoming,XL,Indigo,Spring,4.3,No,Next Day Air,No,29,Debit Card,Weekly,Weekly,31-45 (Adult),7,Medium Value,Medium Engagement,Medium Value - Medium Engagement
2251,41,Male,Shoes,Footwear,89,Colorado,L,Pink,Summer,4.6,No,Store Pickup,No,19,Credit Card,Weekly,Weekly,31-45 (Adult),7,High Value,Medium Engagement,High Value - Medium Engagement
2252,26,Male,Shoes,Footwear,94,Virginia,L,Gold,Fall,3.8,No,Free Shipping,No,22,Debit Card,Monthly,Monthly,18-30 (Young Adult),30,High Value,Medium Engagement,High Value - Medium Engagement
2253,48,Male,Shoes,Footwear,96,Nebraska,S,Maroon,Summer,3.9,No,Express,No,21,Bank Transfer,Annually,Annually,46-60 (Middle-Aged),365,High Value,Medium Engagement,High Value - Medium Engagement
2254,62,Male,Hoodie,Clothing,31,Oklahoma,M,Brown,Spring,2.6,No,Store Pickup,No,22,PayPal,Monthly,Monthly,61-70 (Senior),30,Low Value,Medium Engagement,Low Value - Medium Engagement
2255,24,Male,Belt,Accessories,79,North Dakota,M,Gold,Winter,4.2,No,Store Pickup,No,44,PayPal,Quarterly,Every 3 Months,18-30 (Young Adult),90,High Value,High Engagement,High Value - High Engagement
2256,48,Male,Coat,Outerwear,39,Michigan,L,Teal,Spring,4.6,No,Store Pickup,No,42,Bank Transfer,Quarterly,Quarterly,46-60 (Middle-Aged),90,Low Value,High Engagement,Low Value - High Engagement
2257,31,Male,Blouse,Clothing,22,California,M,Turquoise,Fall,5.0,No,Standard,No,33,Credit Card,Quarterly,Quarterly,31-45 (Adult),90,Low Value,Medium Engagement,Low Value - Medium Engagement
2258,41,Male,Skirt,Clothing,32,Tennessee,L,Olive,Fall,4.2,No,Standard,No,6,Bank Transfer,Annually,Annually,31-45 (Adult),365,Low Value,Low Engagement,Low Value - Low Engagement
2259,24,Male,T-shirt,Clothing,71,Ohio,L,Cyan,Winter,4.3,No,Store Pickup,No,44,Credit Card,Quarterly,Every 3 Months,18-30 (Young Adult),90,Medium Value,High Engagement,Medium Value - High Engagement
2260,60,Male,Jeans,Clothing,96,Florida,XL,Beige,Spring,3.3,No,Free Shipping,No,24,Cash,Annually,Annually,46-60 (Middle-Aged),365,High Value,Medium Engagement,High Value - Medium Engagement
2261,38,Male,Scarf,Accessories,82,Missouri,M,Blue,Fall,4.9,No,Express,No,16,PayPal,Quarterly,Quarterly,31-45 (Adult),90,High Value,Medium Engagement,High Value - Medium Engagement
2262,58,Male,Backpack,Accessories,76,South Carolina,L,Gold,Spring,4.4,No,Standard,No,12,Bank Transfer,Bi-Weekly,Fortnightly,46-60 (Middle-Aged),14,High Value,Low Engagement,High Value - Low Engagement
2263,53,Male,Backpack,Accessories,22,Arizona,M,Green,Winter,3.1,No,2-Day Shipping,No,50,PayPal,Monthly,Monthly,46-60 (Middle-Aged),30,Low Value,High Engagement,Low Value - High Engagement
2264,44,Male,Scarf,Accessories,40,Indiana,XL,Green,Winter,3.5,No,Store Pickup,No,42,Cash,Quarterly,Quarterly,31-45 (Adult),90,Medium Value,High Engagement,Medium Value - High Engagement
2265,51,Male,Hat,Accessories,92,North Dakota,M,Turquoise,Summer,3.9,No,2-Day Shipping,No,50,PayPal,Monthly,Monthly,46-60 (Middle-Aged),30,High Value,High Engagement,High Value - High Engagement
2266,36,Male,Coat,Outerwear,94,Montana,XL,Yellow,Fall,3.9,No,Store Pickup,No,10,PayPal,Quarterly,Quarterly,31-45 (Adult),90,High Value,Low Engagement,High Value - Low Engagement
2267,20,Male,Dress,Clothing,44,Missouri,M,Yellow,Fall,4.3,No,Store Pickup,No,32,Debit Card,Weekly,Weekly,18-30 (Young Adult),7,Medium Value,Medium Engagement,Medium Value - Medium Engagement
2268,32,Male,Gloves,Accessories,49,Kentucky,S,Blue,Spring,3.8,No,Express,No,37,Venmo,Weekly,Weekly,31-45 (Adult),7,Medium Value,High Engagement,Medium Value - High Engagement
2269,66,Male,Sweater,Clothing,26,Georgia,L,Charcoal,Spring,2.7,No,2-Day Shipping,No,15,Bank Transfer,Monthly,Monthly,61-70 (Senior),30,Low Value,Low Engagement,Low Value - Low Engagement
2270,49,Male,Skirt,Clothing,38,Kentucky,M,Yellow,Fall,4.4,No,Store Pickup,No,27,Credit Card,Annually,Annually,46-60 (Middle-Aged),365,Low Value,Medium Engagement,Low Value - Medium Engagement
2271,27,Male,Blouse,Clothing,72,Georgia,L,Purple,Spring,3.5,No,Express,No,7,Venmo,Weekly,Weekly,18-30 (Young Adult),7,Medium Value,Low Engagement,Medium Value - Low Engagement
2272,29,Male,Dress,Clothing,99,Alaska,M,Green,Summer,3.4,No,Free Shipping,No,49,PayPal,Quarterly,Quarterly,18-30 (Young Adult),90,High Value,High Engagement,High Value - High Engagement
2273,29,Male,Jacket,Outerwear,38,Maine,L,Charcoal,Spring,4.0,No,Standard,No,44,PayPal,Monthly,Monthly,18-30 (Young Adult),30,Low Value,High Engagement,Low Value - High Engagement
2274,55,Male,Coat,Outerwear,96,New Mexico,L,Silver,Winter,4.8,No,Express,No,13,PayPal,Bi-Weekly,Bi-Weekly,46-60 (Middle-Aged),14,High Value,Low Engagement,High Value - Low Engagement
2275,57,Male,Dress,Clothing,27,New York,L,Turquoise,Spring,4.5,No,Next Day Air,No,38,PayPal,Bi-Weekly,Fortnightly,46-60 (Middle-Aged),14,Low Value,High Engagement,Low Value - High Engagement
2276,29,Male,Shorts,Clothing,24,Oklahoma,M,Gray,Winter,4.4,No,Standard,No,10,Debit Card,Weekly,Weekly,18-30 (Young Adult),7,Low Value,Low Engagement,Low Value - Low Engagement
2277,31,Male,Jeans,Clothing,82,Wyoming,L,Red,Summer,4.1,No,2-Day Shipping,No,25,Debit Card,Weekly,Weekly,31-45 (Adult),7,High Value,Medium Engagement,High Value - Medium Engagement
2278,25,Male,Hat,Accessories,56,Alabama,M,Beige,Summer,4.6,No,Next Day Air,No,18,Credit Card,Quarterly,Quarterly,18-30 (Young Adult),90,Medium Value,Medium Engagement,Medium Value - Medium Engagement
2279,61,Male,Gloves,Accessories,25,Maryland,M,Maroon,Fall,3.8,No,Store Pickup,No,6,Cash,Quarterly,Every 3 Months,61-70 (Senior),90,Low Value,Low Engagement,Low Value - Low Engagement
2280,53,Male,Sneakers,Footwear,67,West Virginia,L,Indigo,Spring,2.9,No,Free Shipping,No,35,Bank Transfer,Quarterly,Quarterly,46-60 (Middle-Aged),90,Medium Value,Medium Engagement,Medium Value - Medium Engagement
2281,22,Male,Shoes,Footwear,21,Kentucky,M,Red,Summer,2.8,No,Standard,No,31,Credit Card,Bi-Weekly,Fortnightly,18-30 (Young Adult),14,Low Value,Medium Engagement,Low Value - Medium Engagement
2282,28,Male,Hoodie,Clothing,27,Kansas,XL,Maroon,Summer,3.0,No,Store Pickup,No,41,Bank Transfer,Annually,Annually,18-30 (Young Adult),365,Low Value,High Engagement,Low Value - High Engagement
2283,18,Male,Sneakers,Footwear,97,Idaho,S,Red,Fall,4.2,No,2-Day Shipping,No,8,Credit Card,Annually,Annually,18-30 (Young Adult),365,High Value,Low Engagement,High Value - Low Engagement
2284,44,Male,Handbag,Accessories,45,Ohio,S,Black,Winter,4.1,No,Free Shipping,No,34,Credit Card,Bi-Weekly,Fortnightly,31-45 (Adult),14,Medium Value,Medium Engagement,Medium Value - Medium Engagement
2285,32,Male,Blouse,Clothing,63,Iowa,XL,Black,Fall,4.1,No,Express,No,20,Venmo,Annually,Annually,31-45 (Adult),365,Medium Value,Medium Engagement,Medium Value - Medium Engagement
2286,34,Male,Belt,Accessories,100,Michigan,L,Pink,Summer,4.6,No,2-Day Shipping,No,38,PayPal,Quarterly,Every 3 Months,31-45 (Adult),90,High Value,High Engagement,High Value - High Engagement
2287,67,Male,Socks,Clothing,38,South Dakota,L,Blue,Spring,2.5,No,Store Pickup,No,35,Venmo,Quarterly,Quarterly,61-70 (Senior),90,Low Value,Medium Engagement,Low Value - Medium Engagement
2288,66,Male,Blouse,Clothing,45,Nebraska,L,Green,Summer,3.0,No,Store Pickup,No,6,Debit Card,Annually,Annually,61-70 (Senior),365,Medium Value,Low Engagement,Medium Value - Low Engagement
2289,28,Male,Jewelry,Accessories,91,California,M,Orange,Fall,3.8,No,Next Day Air,No,50,PayPal,Weekly,Weekly,18-30 (Young Adult),7,High Value,High Engagement,High Value - High Engagement
2290,70,Male,Shorts,Clothing,82,Nevada,M,Orange,Fall,4.1,No,Free Shipping,No,47,Venmo,Weekly,Weekly,61-70 (Senior),7,High Value,High Engagement,High Value - High Engagement
2291,37,Male,Boots,Footwear,48,Kansas,L,Magenta,Winter,3.3,No,Standard,No,23,PayPal,Quarterly,Quarterly,31-45 (Adult),90,Medium Value,Medium Engagement,Medium Value - Medium Engagement
2292,28,Male,Coat,Outerwear,30,Ohio,M,Indigo,Spring,5.0,No,2-Day Shipping,No,13,Credit Card,Quarterly,Quarterly,18-30 (Young Adult),90,Low Value,Low Engagement,Low Value - Low Engagement
2293,43,Male,T-shirt,Clothing,34,Vermont,S,Beige,Spring,3.8,No,Next Day Air,No,31,Debit Card,Monthly,Monthly,31-45 (Adult),30,Low Value,Medium Engagement,Low Value - Medium Engagement
2294,37,Male,Sweater,Clothing,68,Georgia,L,Green,Fall,3.3,No,Express,No,16,Debit Card,Quarterly,Every 3 Months,31-45 (Adult),90,Medium Value,Medium Engagement,Medium Value - Medium Engagement
2295,54,Male,Sunglasses,Accessories,95,Maryland,M,Red,Winter,5.0,No,Express,No,40,Debit Card,Annually,Annually,46-60 (Middle-Aged),365,High Value,High Engagement,High Value - High Engagement
2296,50,Male,Hat,Accessories,22,Connecticut,L,Beige,Spring,2.9,No,2-Day Shipping,No,45,PayPal,Quarterly,Quarterly,46-60 (Middle-Aged),90,Low Value,High Engagement,Low Value - High Engagement
2297,46,Male,Gloves,Accessories,88,Washington,M,Green,Fall,2.5,No,Next Day Air,No,50,Venmo,Quarterly,Every 3 Months,46-60 (Middle-Aged),90,High Value,High Engagement,High Value - High Engagement
2298,60,Male,Socks,Clothing,83,California,M,Orange,Summer,4.7,No,Standard,No,1,Bank Transfer,Quarterly,Quarterly,46-60 (Middle-Aged),90,High Value,Low Engagement,High Value - Low Engagement
2299,40,Male,Handbag,Accessories,87,Montana,L,Cyan,Spring,2.9,No,2-Day Shipping,No,10,Cash,Quarterly,Every 3 Months,31-45 (Adult),90,High Value,Low Engagement,High Value - Low Engagement
2300,64,Male,Coat,Outerwear,57,Idaho,M,Violet,Summer,3.7,No,Store Pickup,No,48,Credit Card,Quarterly,Every 3 Months,61-70 (Senior),90,Medium Value,High Engagement,Medium Value - High Engagement
2301,18,Male,Coat,Outerwear,88,Pennsylvania,XL,Lavender,Summer,4.4,No,2-Day Shipping,No,38,Credit Card,Monthly,Monthly,18-30 (Young Adult),30,High Value,High Engagement,High Value - High Engagement
2302,37,Male,Pants,Clothing,20,Maine,L,Turquoise,Winter,2.9,No,Next Day Air,No,21,Debit Card,Annually,Annually,31-45 (Adult),365,Low Value,Medium Engagement,Low Value - Medium Engagement
2303,36,Male,Belt,Accessories,39,Montana,L,Pink,Summer,3.6,No,Store Pickup,No,38,Venmo,Monthly,Monthly,31-45 (Adult),30,Low Value,High Engagement,Low Value - High Engagement
2304,51,Male,Sunglasses,Accessories,71,New Jersey,S,Beige,Spring,4.8,No,2-Day Shipping,No,31,Credit Card,Bi-Weekly,Fortnightly,46-60 (Middle-Aged),14,Medium Value,Medium Engagement,Medium Value - Medium Engagement
2305,26,Male,Hoodie,Clothing,73,Louisiana,L,Silver,Winter,4.7,No,Free Shipping,No,9,Debit Card,Bi-Weekly,Fortnightly,18-30 (Young Adult),14,Medium Value,Low Engagement,Medium Value - Low Engagement
2306,68,Male,Handbag,Accessories,63,Maine,M,Gold,Summer,2.6,No,Free Shipping,No,47,Cash,Weekly,Weekly,61-70 (Senior),7,Medium Value,High Engagement,Medium Value - High Engagement
2307,27,Male,Gloves,Accessories,78,Florida,L,Silver,Winter,3.4,No,Standard,No,8,Cash,Bi-Weekly,Bi-Weekly,18-30 (Young Adult),14,High Value,Low Engagement,High Value - Low Engagement
2308,28,Male,Skirt,Clothing,96,Missouri,L,Green,Fall,3.5,No,Next Day Air,No,30,Debit Card,Annually,Annually,18-30 (Young Adult),365,High Value,Medium Engagement,High Value - Medium Engagement
2309,49,Male,Sunglasses,Accessories,81,North Dakota,M,Teal,Winter,3.4,No,2-Day Shipping,No,22,Bank Transfer,Quarterly,Quarterly,46-60 (Middle-Aged),90,High Value,Medium Engagement,High Value - Medium Engagement
2310,70,Male,Dress,Clothing,95,Connecticut,S,Gold,Fall,5.0,No,2-Day Shipping,No,3,Bank Transfer,Quarterly,Quarterly,61-70 (Senior),90,High Value,Low Engagement,High Value - Low Engagement
2311,30,Male,Gloves,Accessories,68,Virginia,M,Cyan,Spring,4.6,No,Standard,No,15,PayPal,Monthly,Monthly,18-30 (Young Adult),30,Medium Value,Low Engagement,Medium Value - Low Engagement
2312,27,Male,Sneakers,Footwear,28,Montana,L,Gold,Spring,4.8,No,2-Day Shipping,No,10,Bank Transfer,Quarterly,Every 3 Months,18-30 (Young Adult),90,Low Value,Low Engagement,Low Value - Low Engagement
2313,19,Male,T-shirt,Clothing,30,Vermont,L,Violet,Summer,3.7,No,Free Shipping,No,19,Cash,Quarterly,Every 3 Months,18-30 (Young Adult),90,Low Value,Medium Engagement,Low Value - Medium Engagement
2314,64,Male,Dress,Clothing,31,Georgia,M,Black,Summer,4.7,No,Next Day Air,No,36,Bank Transfer,Bi-Weekly,Fortnightly,61-70 (Senior),14,Low Value,High Engagement,Low Value - High Engagement
2315,42,Male,Handbag,Accessories,95,Virginia,XL,Brown,Winter,4.4,No,Express,No,12,Bank Transfer,Quarterly,Every 3 Months,31-45 (Adult),90,High Value,Low Engagement,High Value - Low Engagement
2316,69,Male,Socks,Clothing,79,Vermont,M,Indigo,Winter,3.5,No,2-Day Shipping,No,49,Debit Card,Quarterly,Quarterly,61-70 (Senior),90,High Value,High Engagement,High Value - High Engagement
2317,28,Male,Sneakers,Footwear,39,Montana,L,Yellow,Winter,3.8,No,Standard,No,7,Debit Card,Annually,Annually,18-30 (Young Adult),365,Low Value,Low Engagement,Low Value - Low Engagement
2318,47,Male,Jacket,Outerwear,34,New Jersey,M,Purple,Summer,4.7,No,Next Day Air,No,28,Bank Transfer,Monthly,Monthly,46-60 (Middle-Aged),30,Low Value,Medium Engagement,Low Value - Medium Engagement
2319,69,Male,Hoodie,Clothing,28,Wyoming,L,White,Spring,3.1,No,Store Pickup,No,30,Credit Card,Annually,Annually,61-70 (Senior),365,Low Value,Medium Engagement,Low Value - Medium Engagement
2320,56,Male,Sandals,Footwear,38,Maine,XL,Turquoise,Winter,5.0,No,Free Shipping,No,29,PayPal,Monthly,Monthly,46-60 (Middle-Aged),30,Low Value,Medium Engagement,Low Value - Medium Engagement
2321,28,Male,Shoes,Footwear,55,New Mexico,M,Olive,Spring,3.7,No,Free Shipping,No,9,Debit Card,Quarterly,Every 3 Months,18-30 (Young Adult),90,Medium Value,Low Engagement,Medium Value - Low Engagement
2322,50,Male,Sandals,Footwear,31,Colorado,M,Beige,Winter,3.0,No,Next Day Air,No,27,Debit Card,Bi-Weekly,Fortnightly,46-60 (Middle-Aged),14,Low Value,Medium Engagement,Low Value - Medium Engagement
2323,39,Male,Coat,Outerwear,84,Connecticut,S,Lavender,Spring,4.5,No,Store Pickup,No,21,Venmo,Bi-Weekly,Fortnightly,31-45 (Adult),14,High Value,Medium Engagement,High Value - Medium Engagement
2324,35,Male,Gloves,Accessories,93,Maryland,L,White,Winter,4.7,No,Express,No,36,Credit Card,Monthly,Monthly,31-45 (Adult),30,High Value,High Engagement,High Value - High Engagement
2325,59,Male,Coat,Outerwear,28,Oregon,L,Brown,Winter,3.5,No,Free Shipping,No,19,Debit Card,Annually,Annually,46-60 (Middle-Aged),365,Low Value,Medium Engagement,Low Value - Medium Engagement
2326,44,Male,Boots,Footwear,55,New York,M,Charcoal,Summer,4.4,No,2-Day Shipping,No,47,Cash,Weekly,Weekly,31-45 (Adult),7,Medium Value,High Engagement,Medium Value - High Engagement
2327,66,Male,Skirt,Clothing,63,Oklahoma,L,Maroon,Winter,2.6,No,Standard,No,38,Bank Transfer,Annually,Annually,61-70 (Senior),365,Medium Value,High Engagement,Medium Value - High Engagement
2328,20,Male,Skirt,Clothing,94,Alabama,M,Red,Winter,4.2,No,2-Day Shipping,No,22,Venmo,Bi-Weekly,Bi-Weekly,18-30 (Young Adult),14,High Value,Medium Engagement,High Value - Medium Engagement
2329,45,Male,Pants,Clothing,36,North Dakota,M,Maroon,Fall,2.6,No,Express,No,29,Venmo,Bi-Weekly,Bi-Weekly,31-45 (Adult),14,Low Value,Medium Engagement,Low Value - Medium Engagement
2330,49,Male,Hat,Accessories,97,Nebraska,S,Teal,Spring,4.8,No,Free Shipping,No,42,Bank Transfer,Annually,Annually,46-60 (Middle-Aged),365,High Value,High Engagement,High Value - High Engagement
2331,60,Male,Backpack,Accessories,63,Arizona,L,Orange,Summer,2.9,No,Store Pickup,No,47,PayPal,Quarterly,Every 3 Months,46-60 (Middle-Aged),90,Medium Value,High Engagement,Medium Value - High Engagement
2332,61,Male,Scarf,Accessories,77,Illinois,S,Olive,Spring,4.3,No,2-Day Shipping,No,10,Credit Card,Bi-Weekly,Bi-Weekly,61-70 (Senior),14,High Value,Low Engagement,High Value - Low Engagement
2333,36,Male,Scarf,Accessories,53,South Carolina,XL,Olive,Fall,2.6,No,Store Pickup,No,10,Venmo,Monthly,Monthly,31-45 (Adult),30,Medium Value,Low Engagement,Medium Value - Low Engagement
2334,33,Male,Shirt,Clothing,77,Kansas,M,Beige,Spring,3.8,No,Next Day Air,No,1,PayPal,Quarterly,Every 3 Months,31-45 (Adult),90,High Value,Low Engagement,High Value - Low Engagement
2335,49,Male,Boots,Footwear,79,Kansas,L,Green,Summer,4.2,No,Standard,No,7,Credit Card,Monthly,Monthly,46-60 (Middle-Aged),30,High Value,Low Engagement,High Value - Low Engagement
2336,31,Male,Coat,Outerwear,37,Idaho,M,Black,Summer,3.9,No,Store Pickup,No,10,Venmo,Bi-Weekly,Fortnightly,31-45 (Adult),14,Low Value,Low Engagement,Low Value - Low Engagement
2337,19,Male,Belt,Accessories,94,California,M,Green,Winter,3.1,No,Free Shipping,No,11,Credit Card,Weekly,Weekly,18-30 (Young Adult),7,High Value,Low Engagement,High Value - Low Engagement
2338,39,Male,Boots,Footwear,76,North Dakota,S,Violet,Fall,3.6,No,Store Pickup,No,5,Cash,Annually,Annually,31-45 (Adult),365,High Value,Low Engagement,High Value - Low Engagement
2339,66,Male,Sneakers,Footwear,68,Georgia,S,Silver,Fall,4.0,No,Express,No,21,PayPal,Quarterly,Quarterly,61-70 (Senior),90,Medium Value,Medium Engagement,Medium Value - Medium Engagement
2340,25,Male,Shirt,Clothing,65,Illinois,L,Maroon,Spring,3.4,No,Next Day Air,No,24,Bank Transfer,Quarterly,Quarterly,18-30 (Young Adult),90,Medium Value,Medium Engagement,Medium Value - Medium Engagement
2341,63,Male,Blouse,Clothing,24,Delaware,M,Cyan,Summer,2.6,No,Standard,No,37,Credit Card,Bi-Weekly,Fortnightly,61-70 (Senior),14,Low Value,High Engagement,Low Value - High Engagement
2342,56,Male,Jacket,Outerwear,31,Connecticut,L,Teal,Summer,4.5,No,Express,No,22,Venmo,Quarterly,Every 3 Months,46-60 (Middle-Aged),90,Low Value,Medium Engagement,Low Value - Medium Engagement
2343,20,Male,Skirt,Clothing,89,Tennessee,M,Olive,Fall,4.9,No,Standard,No,16,Debit Card,Bi-Weekly,Fortnightly,18-30 (Young Adult),14,High Value,Medium Engagement,High Value - Medium Engagement
2344,58,Male,Socks,Clothing,49,Maryland,M,Red,Summer,4.4,No,2-Day Shipping,No,44,PayPal,Monthly,Monthly,46-60 (Middle-Aged),30,Medium Value,High Engagement,Medium Value - High Engagement
2345,34,Male,Sandals,Footwear,92,Rhode Island,XL,Lavender,Fall,3.5,No,Express,No,14,Venmo,Bi-Weekly,Bi-Weekly,31-45 (Adult),14,High Value,Low Engagement,High Value - Low Engagement
2346,28,Male,T-shirt,Clothing,32,New York,S,Orange,Winter,3.3,No,Express,No,23,Bank Transfer,Quarterly,Every 3 Months,18-30 (Young Adult),90,Low Value,Medium Engagement,Low Value - Medium Engagement
2347,22,Male,Jacket,Outerwear,67,New Mexico,L,Brown,Winter,3.1,No,Standard,No,46,Debit Card,Bi-Weekly,Fortnightly,18-30 (Young Adult),14,Medium Value,High Engagement,Medium Value - High Engagement
2348,37,Male,Belt,Accessories,64,California,S,Gray,Fall,4.2,No,Express,No,46,Cash,Quarterly,Every 3 Months,31-45 (Adult),90,Medium Value,High Engagement,Medium Value - High Engagement
2349,54,Male,Shoes,Footwear,84,Maine,M,Orange,Spring,4.9,No,Next Day Air,No,16,PayPal,Quarterly,Every 3 Months,46-60 (Middle-Aged),90,High Value,Medium Engagement,High Value - Medium Engagement
2350,65,Male,Blouse,Clothing,34,New York,M,Orange,Fall,3.9,No,Standard,No,40,Credit Card,Quarterly,Every 3 Months,61-70 (Senior),90,Low Value,High Engagement,Low Value - High Engagement
2351,57,Male,Shoes,Footwear,26,Hawaii,M,Turquoise,Winter,4.2,No,Free Shipping,No,21,Cash,Annually,Annually,46-60 (Middle-Aged),365,Low Value,Medium Engagement,Low Value - Medium Engagement
2352,38,Male,Sweater,Clothing,50,New Hampshire,S,Cyan,Fall,4.9,No,Store Pickup,No,25,PayPal,Bi-Weekly,Bi-Weekly,31-45 (Adult),14,Medium Value,Medium Engagement,Medium Value - Medium Engagement
2353,70,Male,Boots,Footwear,46,Nebraska,M,Yellow,Fall,2.8,No,Store Pickup,No,25,Bank Transfer,Quarterly,Quarterly,61-70 (Senior),90,Medium Value,Medium Engagement,Medium Value - Medium Engagement
2354,56,Male,Handbag,Accessories,71,Montana,M,White,Fall,4.1,No,Standard,No,25,Debit Card,Quarterly,Every 3 Months,46-60 (Middle-Aged),90,Medium Value,Medium Engagement,Medium Value - Medium Engagement
2355,56,Male,Blouse,Clothing,78,Wisconsin,M,Blue,Summer,4.8,No,Next Day Air,No,27,Venmo,Monthly,Monthly,46-60 (Middle-Aged),30,High Value,Medium Engagement,High Value - Medium Engagement
2356,22,Male,Skirt,Clothing,35,Tennessee,S,Purple,Winter,4.1,No,Next Day Air,No,12,Cash,Monthly,Monthly,18-30 (Young Adult),30,Low Value,Low Engagement,Low Value - Low Engagement
2357,57,Male,Backpack,Accessories,58,Montana,M,Gray,Summer,3.0,No,Free Shipping,No,27,Debit Card,Quarterly,Quarterly,46-60 (Middle-Aged),90,Medium Value,Medium Engagement,Medium Value - Medium Engagement
2358,53,Male,Shirt,Clothing,67,Michigan,L,Cyan,Fall,4.2,No,2-Day Shipping,No,40,Credit Card,Bi-Weekly,Bi-Weekly,46-60 (Middle-Aged),14,Medium Value,High Engagement,Medium Value - High Engagement
2359,53,Male,Sweater,Clothing,93,Texas,L,Pink,Spring,3.8,No,Standard,No,38,Credit Card,Quarterly,Quarterly,46-60 (Middle-Aged),90,High Value,High Engagement,High Value - High Engagement
2360,19,Male,Scarf,Accessories,81,Pennsylvania,S,Gold,Spring,3.3,No,2-Day Shipping,No,44,Bank Transfer,Quarterly,Every 3 Months,18-30 (Young Adult),90,High Value,High Engagement,High Value - High Engagement
2361,49,Male,Handbag,Accessories,80,New York,L,Silver,Fall,4.7,No,2-Day Shipping,No,27,Venmo,Quarterly,Every 3 Months,46-60 (Middle-Aged),90,High Value,Medium Engagement,High Value - Medium Engagement
2362,44,Male,Scarf,Accessories,64,Alabama,M,Gray,Spring,4.3,No,2-Day Shipping,No,30,Credit Card,Quarterly,Every 3 Months,31-45 (Adult),90,Medium Value,Medium Engagement,Medium Value - Medium Engagement
2363,27,Male,Jeans,Clothing,41,Virginia,M,Brown,Fall,2.7,No,Standard,No,24,Credit Card,Monthly,Monthly,18-30 (Young Adult),30,Medium Value,Medium Engagement,Medium Value - Medium Engagement
2364,60,Male,Socks,Clothing,79,Pennsylvania,XL,Pink,Winter,4.2,No,Express,No,38,Cash,Bi-Weekly,Bi-Weekly,46-60 (Middle-Aged),14,High Value,High Engagement,High Value - High Engagement
2365,62,Male,Sunglasses,Accessories,60,Mississippi,L,Maroon,Winter,4.2,No,Free Shipping,No,4,PayPal,Quarterly,Quarterly,61-70 (Senior),90,Medium Value,Low Engagement,Medium Value - Low Engagement
2366,52,Male,Sneakers,Footwear,91,Wyoming,S,Peach,Winter,2.5,No,Next Day Air,No,32,Venmo,Monthly,Monthly,46-60 (Middle-Aged),30,High Value,Medium Engagement,High Value - Medium Engagement
2367,30,Male,Shoes,Footwear,66,New Mexico,L,Brown,Winter,3.6,No,Express,No,32,Credit Card,Bi-Weekly,Fortnightly,18-30 (Young Adult),14,Medium Value,Medium Engagement,Medium Value - Medium Engagement
2368,66,Male,Socks,Clothing,85,North Dakota,L,Green,Winter,3.4,No,Standard,No,28,Bank Transfer,Bi-Weekly,Bi-Weekly,61-70 (Senior),14,High Value,Medium Engagement,High Value - Medium Engagement
2369,29,Male,Sunglasses,Accessories,38,New Jersey,M,Lavender,Summer,3.3,No,Standard,No,6,Debit Card,Quarterly,Every 3 Months,18-30 (Young Adult),90,Low Value,Low Engagement,Low Value - Low Engagement
2370,24,Male,Sweater,Clothing,23,Vermont,M,Cyan,Winter,4.6,No,Standard,No,24,PayPal,Monthly,Monthly,18-30 (Young Adult),30,Low Value,Medium Engagement,Low Value - Medium Engagement
2371,51,Male,Shoes,Footwear,71,Alaska,M,Black,Spring,3.9,No,Store Pickup,No,38,Venmo,Weekly,Weekly,46-60 (Middle-Aged),7,Medium Value,High Engagement,Medium Value - High Engagement
2372,67,Male,Socks,Clothing,25,Indiana,M,Charcoal,Winter,3.7,No,Next Day Air,No,28,Debit Card,Annually,Annually,61-70 (Senior),365,Low Value,Medium Engagement,Low Value - Medium Engagement
2373,50,Male,Boots,Footwear,39,Alabama,XL,Silver,Spring,3.1,No,Express,No,9,PayPal,Bi-Weekly,Fortnightly,46-60 (Middle-Aged),14,Low Value,Low Engagement,Low Value - Low Engagement
2374,37,Male,Hoodie,Clothing,20,Michigan,M,Gray,Spring,4.9,No,Express,No,21,Debit Card,Quarterly,Every 3 Months,31-45 (Adult),90,Low Value,Medium Engagement,Low Value - Medium Engagement
2375,69,Male,Gloves,Accessories,73,Washington,L,Peach,Winter,4.7,No,Standard,No,31,Debit Card,Monthly,Monthly,61-70 (Senior),30,Medium Value,Medium Engagement,Medium Value - Medium Engagement
2376,60,Male,Backpack,Accessories,63,Virginia,L,Peach,Fall,2.9,No,Next Day Air,No,18,Credit Card,Quarterly,Quarterly,46-60 (Middle-Aged),90,Medium Value,Medium Engagement,Medium Value - Medium Engagement
2377,21,Male,Gloves,Accessories,94,Tennessee,XL,Cyan,Spring,4.1,No,Express,No,5,Cash,Weekly,Weekly,18-30 (Young Adult),7,High Value,Low Engagement,High Value - Low Engagement
2378,44,Male,Blouse,Clothing,94,South Dakota,L,Magenta,Fall,4.0,No,Next Day Air,No,22,Cash,Annually,Annually,31-45 (Adult),365,High Value,Medium Engagement,High Value - Medium Engagement
2379,26,Male,Scarf,Accessories,71,New Hampshire,L,Teal,Summer,2.7,No,Store Pickup,No,37,PayPal,Bi-Weekly,Bi-Weekly,18-30 (Young Adult),14,Medium Value,High Engagement,Medium Value - High Engagement
2380,40,Male,Hat,Accessories,77,South Dakota,M,Peach,Spring,4.0,No,2-Day Shipping,No,22,Debit Card,Monthly,Monthly,31-45 (Adult),30,High Value,Medium Engagement,High Value - Medium Engagement
2381,41,Male,Scarf,Accessories,66,Pennsylvania,M,Black,Fall,2.5,No,Next Day Air,No,36,PayPal,Bi-Weekly,Fortnightly,31-45 (Adult),14,Medium Value,High Engagement,Medium Value - High Engagement
2382,62,Male,Sandals,Footwear,23,Wisconsin,M,Teal,Summer,4.5,No,Free Shipping,No,23,PayPal,Annually,Annually,61-70 (Senior),365,Low Value,Medium Engagement,Low Value - Medium Engagement
2383,39,Male,Sweater,Clothing,60,California,M,Turquoise,Spring,3.9,No,Express,No,44,Debit Card,Weekly,Weekly,31-45 (Adult),7,Medium Value,High Engagement,Medium Value - High Engagement
2384,53,Male,Backpack,Accessories,72,Rhode Island,L,Gold,Spring,4.9,No,2-Day Shipping,No,25,Bank Transfer,Annually,Annually,46-60 (Middle-Aged),365,Medium Value,Medium Engagement,Medium Value - Medium Engagement
2385,24,Male,Blouse,Clothing,35,Alabama,L,Green,Winter,3.3,No,2-Day Shipping,No,40,PayPal,Quarterly,Quarterly,18-30 (Young Adult),90,Low Value,High Engagement,Low Value - High Engagement
2386,41,Male,Scarf,Accessories,31,Oklahoma,M,Brown,Fall,3.8,No,Express,No,12,PayPal,Weekly,Weekly,31-45 (Adult),7,Low Value,Low Engagement,Low Value - Low Engagement
2387,19,Male,Socks,Clothing,33,Illinois,L,Blue,Summer,2.9,No,Standard,No,14,Venmo,Monthly,Monthly,18-30 (Young Adult),30,Low Value,Low Engagement,Low Value - Low Engagement
2388,36,Male,Hat,Accessories,95,Tennessee,M,Gold,Summer,4.0,No,2-Day Shipping,No,14,Debit Card,Monthly,Monthly,31-45 (Adult),30,High Value,Low Engagement,High Value - Low Engagement
2389,21,Male,Dress,Clothing,68,Alabama,M,Peach,Fall,4.1,No,Store Pickup,No,10,Debit Card,Annually,Annually,18-30 (Young Adult),365,Medium Value,Low Engagement,Medium Value - Low Engagement
2390,25,Male,Coat,Outerwear,87,Kansas,M,Violet,Spring,3.1,No,Store Pickup,No,17,Bank Transfer,Quarterly,Every 3 Months,18-30 (Young Adult),90,High Value,Medium Engagement,High Value - Medium Engagement
2391,65,Male,Shirt,Clothing,64,Arizona,XL,Yellow,Winter,4.6,No,Express,No,24,Debit Card,Bi-Weekly,Fortnightly,61-70 (Senior),14,Medium Value,Medium Engagement,Medium Value - Medium Engagement
2392,42,Male,Shirt,Clothing,74,Michigan,M,Black,Winter,4.6,No,Next Day Air,No,31,Bank Transfer,Quarterly,Quarterly,31-45 (Adult),90,Medium Value,Medium Engagement,Medium Value - Medium Engagement
2393,40,Male,Jeans,Clothing,62,Missouri,L,Silver,Spring,2.6,No,2-Day Shipping,No,36,Cash,Annually,Annually,31-45 (Adult),365,Medium Value,High Engagement,Medium Value - High Engagement
2394,58,Male,Socks,Clothing,97,Louisiana,M,Brown,Winter,5.0,No,2-Day Shipping,No,38,PayPal,Quarterly,Every 3 Months,46-60 (Middle-Aged),90,High Value,High Engagement,High Value - High Engagement
2395,40,Male,Sandals,Footwear,47,Connecticut,L,Peach,Fall,2.9,No,2-Day Shipping,No,23,Debit Card,Bi-Weekly,Fortnightly,31-45 (Adult),14,Medium Value,Medium Engagement,Medium Value - Medium Engagement
2396,62,Male,Blouse,Clothing,83,Connecticut,M,Cyan,Winter,3.5,No,2-Day Shipping,No,47,PayPal,Bi-Weekly,Bi-Weekly,61-70 (Senior),14,High Value,High Engagement,High Value - High Engagement
2397,38,Male,Shirt,Clothing,82,Oregon,M,Olive,Spring,3.7,No,2-Day Shipping,No,20,Venmo,Weekly,Weekly,31-45 (Adult),7,High Value,Medium Engagement,High Value - Medium Engagement
2398,37,Male,Sunglasses,Accessories,26,West Virginia,L,Black,Fall,2.9,No,Store Pickup,No,41,Venmo,Monthly,Monthly,31-45 (Adult),30,Low Value,High Engagement,Low Value - High Engagement
2399,65,Male,Jacket,Outerwear,81,Florida,M,Orange,Winter,4.3,No,Free Shipping,No,44,Bank Transfer,Bi-Weekly,Fortnightly,61-70 (Senior),14,High Value,High Engagement,High Value - High Engagement
2400,55,Male,Dress,Clothing,44,New Hampshire,L,Beige,Spring,3.2,No,Store Pickup,No,31,Cash,Monthly,Monthly,46-60 (Middle-Aged),30,Medium Value,Medium Engagement,Medium Value - Medium Engagement
2401,43,Male,Sunglasses,Accessories,88,Oregon,M,Peach,Winter,4.2,No,Next Day Air,No,11,Credit Card,Bi-Weekly,Bi-Weekly,31-45 (Adult),14,High Value,Low Engagement,High Value - Low Engagement
2402,43,Male,Boots,Footwear,76,Oregon,M,Pink,Winter,4.2,No,Standard,No,25,PayPal,Bi-Weekly,Bi-Weekly,31-45 (Adult),14,High Value,Medium Engagement,High Value - Medium Engagement
2403,45,Male,Scarf,Accessories,89,Utah,M,Brown,Winter,3.8,No,Free Shipping,No,31,Cash,Weekly,Weekly,31-45 (Adult),7,High Value,Medium Engagement,High Value - Medium Engagement
2404,64,Male,Shorts,Clothing,22,Missouri,M,Magenta,Fall,4.4,No,Standard,No,40,Debit Card,Weekly,Weekly,61-70 (Senior),7,Low Value,High Engagement,Low Value - High Engagement
2405,28,Male,Shorts,Clothing,33,West Virginia,L,Cyan,Winter,3.1,No,2-Day Shipping,No,23,Credit Card,Bi-Weekly,Bi-Weekly,18-30 (Young Adult),14,Low Value,Medium Engagement,Low Value - Medium Engagement
2406,69,Male,Jeans,Clothing,97,California,XL,Silver,Fall,5.0,No,Standard,No,5,Debit Card,Quarterly,Quarterly,61-70 (Senior),90,High Value,Low Engagement,High Value - Low Engagement
2407,54,Male,Scarf,Accessories,57,California,M,Indigo,Winter,4.7,No,Standard,No,26,PayPal,Weekly,Weekly,46-60 (Middle-Aged),7,Medium Value,Medium Engagement,Medium Value - Medium Engagement
2408,52,Male,Shorts,Clothing,38,Illinois,M,Beige,Summer,3.0,No,Express,No,11,Credit Card,Bi-Weekly,Bi-Weekly,46-60 (Middle-Aged),14,Low Value,Low Engagement,Low Value - Low Engagement
2409,23,Male,Sneakers,Footwear,55,Hawaii,XL,Black,Fall,4.2,No,Next Day Air,No,44,Debit Card,Quarterly,Every 3 Months,18-30 (Young Adult),90,Medium Value,High Engagement,Medium Value - High Engagement
2410,26,Male,Jewelry,Accessories,37,Washington,L,Yellow,Spring,3.0,No,Store Pickup,No,47,Cash,Quarterly,Every 3 Months,18-30 (Young Adult),90,Low Value,High Engagement,Low Value - High Engagement
2411,48,Male,Shoes,Footwear,43,Wisconsin,M,Maroon,Summer,3.7,No,Free Shipping,No,46,PayPal,Monthly,Monthly,46-60 (Middle-Aged),30,Medium Value,High Engagement,Medium Value - High Engagement
2412,49,Male,Hoodie,Clothing,96,Virginia,M,Cyan,Summer,2.7,No,Free Shipping,No,35,Cash,Quarterly,Every 3 Months,46-60 (Middle-Aged),90,High Value,Medium Engagement,High Value - Medium Engagement
2413,53,Male,Jacket,Outerwear,51,Oregon,M,Pink,Winter,4.3,No,2-Day Shipping,No,8,Bank Transfer,Bi-Weekly,Bi-Weekly,46-60 (Middle-Aged),14,Medium Value,Low Engagement,Medium Value - Low Engagement
2414,69,Male,Shorts,Clothing,95,Pennsylvania,XL,Violet,Fall,2.7,No,2-Day Shipping,No,30,Bank Transfer,Weekly,Weekly,61-70 (Senior),7,High Value,Medium Engagement,High Value - Medium Engagement
2415,26,Male,Socks,Clothing,26,Virginia,M,Lavender,Summer,3.7,No,Next Day Air,No,14,Credit Card,Bi-Weekly,Bi-Weekly,18-30 (Young Adult),14,Low Value,Low Engagement,Low Value - Low Engagement
2416,21,Male,Coat,Outerwear,34,Hawaii,XL,Lavender,Fall,4.3,No,Standard,No,30,Bank Transfer,Weekly,Weekly,18-30 (Young Adult),7,Low Value,Medium Engagement,Low Value - Medium Engagement
2417,59,Male,Sandals,Footwear,83,Nebraska,S,Black,Summer,4.0,No,Next Day Air,No,26,Credit Card,Quarterly,Every 3 Months,46-60 (Middle-Aged),90,High Value,Medium Engagement,High Value - Medium Engagement
2418,21,Male,Backpack,Accessories,24,Alaska,M,Olive,Fall,3.3,No,Standard,No,32,Venmo,Bi-Weekly,Fortnightly,18-30 (Young Adult),14,Low Value,Medium Engagement,Low Value - Medium Engagement
2419,22,Male,Pants,Clothing,69,Michigan,S,Indigo,Fall,4.0,No,Next Day Air,No,47,Cash,Quarterly,Every 3 Months,18-30 (Young Adult),90,Medium Value,High Engagement,Medium Value - High Engagement
2420,26,Male,Sweater,Clothing,40,North Carolina,M,Blue,Fall,2.7,No,Next Day Air,No,11,Credit Card,Quarterly,Every 3 Months,18-30 (Young Adult),90,Medium Value,Low Engagement,Medium Value - Low Engagement
2421,41,Male,Jacket,Outerwear,87,North Carolina,S,Green,Winter,4.2,No,Free Shipping,No,28,PayPal,Annually,Annually,31-45 (Adult),365,High Value,Medium Engagement,High Value - Medium Engagement
2422,37,Male,Sneakers,Footwear,46,Minnesota,L,Pink,Spring,4.6,No,Standard,No,2,Debit Card,Quarterly,Every 3 Months,31-45 (Adult),90,Medium Value,Low Engagement,Medium Value - Low Engagement
2423,30,Male,Jewelry,Accessories,82,Georgia,M,Peach,Winter,4.8,No,Store Pickup,No,45,Credit Card,Weekly,Weekly,18-30 (Young Adult),7,High Value,High Engagement,High Value - High Engagement
2424,49,Male,Backpack,Accessories,81,West Virginia,M,Purple,Summer,2.8,No,Free Shipping,No,7,Credit Card,Quarterly,Every 3 Months,46-60 (Middle-Aged),90,High Value,Low Engagement,High Value - Low Engagement
2425,49,Male,Jewelry,Accessories,57,Delaware,M,Peach,Winter,4.5,No,Next Day Air,No,28,Bank Transfer,Bi-Weekly,Bi-Weekly,46-60 (Middle-Aged),14,Medium Value,Medium Engagement,Medium Value - Medium Engagement
2426,58,Male,Shoes,Footwear,49,North Dakota,S,Olive,Summer,3.0,No,2-Day Shipping,No,34,Bank Transfer,Quarterly,Quarterly,46-60 (Middle-Aged),90,Medium Value,Medium Engagement,Medium Value - Medium Engagement
2427,70,Male,Jacket,Outerwear,42,Florida,M,Olive,Fall,4.6,No,Free Shipping,No,26,Debit Card,Quarterly,Every 3 Months,61-70 (Senior),90,Medium Value,Medium Engagement,Medium Value - Medium Engagement
2428,27,Male,Jacket,Outerwear,26,Oregon,M,Purple,Spring,3.3,No,Standard,No,45,Cash,Quarterly,Quarterly,18-30 (Young Adult),90,Low Value,High Engagement,Low Value - High Engagement
2429,65,Male,T-shirt,Clothing,38,Idaho,M,Violet,Spring,4.4,No,Next Day Air,No,34,Debit Card,Annually,Annually,61-70 (Senior),365,Low Value,Medium Engagement,Low Value - Medium Engagement
2430,57,Male,Sneakers,Footwear,57,Virginia,XL,Maroon,Summer,4.4,No,Standard,No,47,Credit Card,Bi-Weekly,Fortnightly,46-60 (Middle-Aged),14,Medium Value,High Engagement,Medium Value - High Engagement
2431,20,Male,Jacket,Outerwear,100,North Dakota,XL,White,Summer,4.3,No,Express,No,42,Cash,Quarterly,Quarterly,18-30 (Young Adult),90,High Value,High Engagement,High Value - High Engagement
2432,34,Male,Hoodie,Clothing,73,Alabama,S,Olive,Fall,3.4,No,Express,No,27,Bank Transfer,Quarterly,Every 3 Months,31-45 (Adult),90,Medium Value,Medium Engagement,Medium Value - Medium Engagement
2433,59,Male,Jacket,Outerwear,66,Hawaii,M,Peach,Winter,2.8,No,Store Pickup,No,43,Venmo,Monthly,Monthly,46-60 (Middle-Aged),30,Medium Value,High Engagement,Medium Value - High Engagement
2434,54,Male,T-shirt,Clothing,73,Oregon,M,Blue,Spring,3.4,No,Standard,No,16,Cash,Bi-Weekly,Bi-Weekly,46-60 (Middle-Aged),14,Medium Value,Medium Engagement,Medium Value - Medium Engagement
2435,36,Male,Gloves,Accessories,45,Utah,M,Brown,Spring,5.0,No,Store Pickup,No,40,Credit Card,Monthly,Monthly,31-45 (Adult),30,Medium Value,High Engagement,Medium Value - High Engagement
2436,21,Male,Sneakers,Footwear,27,Hawaii,S,Black,Fall,4.5,No,Free Shipping,No,29,Cash,Bi-Weekly,Bi-Weekly,18-30 (Young Adult),14,Low Value,Medium Engagement,Low Value - Medium Engagement
2437,52,Male,T-shirt,Clothing,24,Connecticut,M,Yellow,Fall,2.7,No,Store Pickup,No,38,Credit Card,Quarterly,Quarterly,46-60 (Middle-Aged),90,Low Value,High Engagement,Low Value - High Engagement
2438,43,Male,Sneakers,Footwear,59,Wyoming,XL,Magenta,Winter,3.4,No,Store Pickup,No,34,Credit Card,Weekly,Weekly,31-45 (Adult),7,Medium Value,Medium Engagement,Medium Value - Medium Engagement
2439,32,Male,Jeans,Clothing,20,Delaware,S,Cyan,Winter,3.4,No,Express,No,30,Venmo,Weekly,Weekly,31-45 (Adult),7,Low Value,Medium Engagement,Low Value - Medium Engagement
2440,55,Male,Handbag,Accessories,44,Arkansas,M,Maroon,Summer,2.8,No,Standard,No,45,Bank Transfer,Annually,Annually,46-60 (Middle-Aged),365,Medium Value,High Engagement,Medium Value - High Engagement
2441,31,Male,Socks,Clothing,90,Indiana,M,Red,Spring,4.7,No,Standard,No,47,Bank Transfer,Annually,Annually,31-45 (Adult),365,High Value,High Engagement,High Value - High Engagement
2442,45,Male,Jewelry,Accessories,36,California,M,Black,Fall,4.7,No,Free Shipping,No,5,Credit Card,Monthly,Monthly,31-45 (Adult),30,Low Value,Low Engagement,Low Value - Low Engagement
2443,53,Male,Blouse,Clothing,95,Wyoming,L,Violet,Winter,4.7,No,Free Shipping,No,50,Debit Card,Bi-Weekly,Bi-Weekly,46-60 (Middle-Aged),14,High Value,High Engagement,High Value - High Engagement
2444,24,Male,Backpack,Accessories,30,South Dakota,M,Green,Spring,3.4,No,2-Day Shipping,No,24,Bank Transfer,Bi-Weekly,Bi-Weekly,18-30 (Young Adult),14,Low Value,Medium Engagement,Low Value - Medium Engagement
2445,47,Male,Scarf,Accessories,65,West Virginia,S,Gold,Fall,3.7,No,Express,No,15,Debit Card,Bi-Weekly,Bi-Weekly,46-60 (Middle-Aged),14,Medium Value,Low Engagement,Medium Value - Low Engagement
2446,63,Male,Scarf,Accessories,96,Tennessee,M,Brown,Summer,4.1,No,Store Pickup,No,50,Cash,Weekly,Weekly,61-70 (Senior),7,High Value,High Engagement,High Value - High Engagement
2447,38,Male,Shirt,Clothing,65,Alaska,L,Peach,Spring,2.9,No,2-Day Shipping,No,7,Credit Card,Monthly,Monthly,31-45 (Adult),30,Medium Value,Low Engagement,Medium Value - Low Engagement
2448,59,Male,Pants,Clothing,47,South Dakota,L,Peach,Fall,3.2,No,Store Pickup,No,10,Venmo,Bi-Weekly,Fortnightly,46-60 (Middle-Aged),14,Medium Value,Low Engagement,Medium Value - Low Engagement
2449,54,Male,Hat,Accessories,25,Tennessee,S,Violet,Fall,3.0,No,Free Shipping,No,38,PayPal,Bi-Weekly,Bi-Weekly,46-60 (Middle-Aged),14,Low Value,High Engagement,Low Value - High Engagement
2450,26,Male,Coat,Outerwear,56,Alabama,S,Violet,Fall,4.1,No,Express,No,31,Venmo,Bi-Weekly,Fortnightly,18-30 (Young Adult),14,Medium Value,Medium Engagement,Medium Value - Medium Engagement
2451,68,Male,T-shirt,Clothing,76,North Carolina,M,Magenta,Fall,4.5,No,Standard,No,7,Venmo,Quarterly,Quarterly,61-70 (Senior),90,High Value,Low Engagement,High Value - Low Engagement
2452,41,Male,Socks,Clothing,60,Oklahoma,M,Purple,Fall,3.4,No,Store Pickup,No,27,Venmo,Monthly,Monthly,31-45 (Adult),30,Medium Value,Medium Engagement,Medium Value - Medium Engagement
2453,68,Male,Shirt,Clothing,67,New York,L,Purple,Winter,4.1,No,Express,No,45,Bank Transfer,Quarterly,Every 3 Months,61-70 (Senior),90,Medium Value,High Engagement,Medium Value - High Engagement
2454,21,Male,Sweater,Clothing,95,Iowa,XL,Cyan,Spring,4.6,No,Store Pickup,No,13,Cash,Annually,Annually,18-30 (Young Adult),365,High Value,Low Engagement,High Value - Low Engagement
2455,32,Male,Gloves,Accessories,72,Alaska,M,Magenta,Winter,4.6,No,Express,No,33,Venmo,Annually,Annually,31-45 (Adult),365,Medium Value,Medium Engagement,Medium Value - Medium Engagement
2456,20,Male,Belt,Accessories,98,Alaska,L,Lavender,Spring,3.4,No,Express,No,25,Cash,Quarterly,Every 3 Months,18-30 (Young Adult),90,High Value,Medium Engagement,High Value - Medium Engagement
2457,59,Male,Jeans,Clothing,83,Nebraska,M,Green,Winter,3.3,No,2-Day Shipping,No,5,PayPal,Monthly,Monthly,46-60 (Middle-Aged),30,High Value,Low Engagement,High Value - Low Engagement
2458,53,Male,Handbag,Accessories,37,Delaware,M,Maroon,Fall,3.6,No,2-Day Shipping,No,23,Cash,Quarterly,Quarterly,46-60 (Middle-Aged),90,Low Value,Medium Engagement,Low Value - Medium Engagement
2459,66,Male,T-shirt,Clothing,85,Texas,L,Turquoise,Fall,4.6,No,Free Shipping,No,17,Bank Transfer,Weekly,Weekly,61-70 (Senior),7,High Value,Medium Engagement,High Value - Medium Engagement
2460,47,Male,Socks,Clothing,36,Missouri,L,Violet,Fall,4.3,No,2-Day Shipping,No,14,Cash,Weekly,Weekly,46-60 (Middle-Aged),7,Low Value,Low Engagement,Low Value - Low Engagement
2461,58,Male,Jeans,Clothing,36,Maine,S,Lavender,Winter,4.0,No,Store Pickup,No,28,Credit Card,Annually,Annually,46-60 (Middle-Aged),365,Low Value,Medium Engagement,Low Value - Medium Engagement
2462,28,Male,Scarf,Accessories,86,Pennsylvania,L,Red,Summer,4.8,No,Next Day Air,No,19,Credit Card,Weekly,Weekly,18-30 (Young Adult),7,High Value,Medium Engagement,High Value - Medium Engagement
2463,68,Male,Pants,Clothing,99,Missouri,XL,Orange,Spring,4.3,No,Standard,No,31,Bank Transfer,Bi-Weekly,Bi-Weekly,61-70 (Senior),14,High Value,Medium Engagement,High Value - Medium Engagement
2464,60,Male,Blouse,Clothing,21,Mississippi,XL,Indigo,Summer,3.3,No,Standard,No,25,Cash,Bi-Weekly,Bi-Weekly,46-60 (Middle-Aged),14,Low Value,Medium Engagement,Low Value - Medium Engagement
2465,47,Male,Jacket,Outerwear,84,Hawaii,L,Teal,Winter,2.8,No,Express,No,4,Cash,Bi-Weekly,Bi-Weekly,46-60 (Middle-Aged),14,High Value,Low Engagement,High Value - Low Engagement
2466,18,Male,Sandals,Footwear,63,Texas,M,Brown,Spring,4.4,No,Free Shipping,No,20,Bank Transfer,Weekly,Weekly,18-30 (Young Adult),7,Medium Value,Medium Engagement,Medium Value - Medium Engagement
2467,32,Male,Shorts,Clothing,84,South Dakota,S,Pink,Summer,3.7,No,Express,No,37,Cash,Annually,Annually,31-45 (Adult),365,High Value,High Engagement,High Value - High Engagement
2468,27,Male,Shorts,Clothing,72,New Jersey,M,Lavender,Spring,3.6,No,Express,No,28,Credit Card,Annually,Annually,18-30 (Young Adult),365,Medium Value,Medium Engagement,Medium Value - Medium Engagement
2469,65,Male,Skirt,Clothing,21,Connecticut,L,Cyan,Winter,3.7,No,2-Day Shipping,No,6,Venmo,Weekly,Weekly,61-70 (Senior),7,Low Value,Low Engagement,Low Value - Low Engagement
2470,68,Male,Sandals,Footwear,92,Maryland,M,Yellow,Fall,5.0,No,Standard,No,27,PayPal,Annually,Annually,61-70 (Senior),365,High Value,Medium Engagement,High Value - Medium Engagement
2471,55,Male,Blouse,Clothing,72,Arizona,XL,Pink,Fall,2.7,No,Next Day Air,No,29,Credit Card,Bi-Weekly,Fortnightly,46-60 (Middle-Aged),14,Medium Value,Medium Engagement,Medium Value - Medium Engagement
2472,30,Male,Sandals,Footwear,83,Oklahoma,M,Gray,Spring,4.3,No,Store Pickup,No,1,Cash,Annually,Annually,18-30 (Young Adult),365,High Value,Low Engagement,High Value - Low Engagement
2473,24,Male,Shirt,Clothing,73,Utah,M,Peach,Summer,4.1,No,Standard,No,31,Credit Card,Annually,Annually,18-30 (Young Adult),365,Medium Value,Medium Engagement,Medium Value - Medium Engagement
2474,57,Male,Socks,Clothing,98,Arkansas,M,Red,Winter,2.6,No,Next Day Air,No,28,Cash,Quarterly,Quarterly,46-60 (Middle-Aged),90,High Value,Medium Engagement,High Value - Medium Engagement
2475,23,Male,T-shirt,Clothing,76,North Carolina,M,Olive,Fall,3.2,No,Store Pickup,No,19,Bank Transfer,Quarterly,Quarterly,18-30 (Young Adult),90,High Value,Medium Engagement,High Value - Medium Engagement
2476,69,Male,Dress,Clothing,43,California,S,Lavender,Summer,3.5,No,Next Day Air,No,36,Venmo,Monthly,Monthly,61-70 (Senior),30,Medium Value,High Engagement,Medium Value - High Engagement
2477,60,Male,Hat,Accessories,60,Colorado,M,Turquoise,Summer,3.7,No,Next Day Air,No,28,Cash,Monthly,Monthly,46-60 (Middle-Aged),30,Medium Value,Medium Engagement,Medium Value - Medium Engagement
2478,25,Male,Gloves,Accessories,40,California,L,Turquoise,Spring,3.8,No,2-Day Shipping,No,29,PayPal,Weekly,Weekly,18-30 (Young Adult),7,Medium Value,Medium Engagement,Medium Value - Medium Engagement
2479,18,Male,Socks,Clothing,93,Vermont,S,Maroon,Winter,4.8,No,2-Day Shipping,No,9,Bank Transfer,Quarterly,Every 3 Months,18-30 (Young Adult),90,High Value,Low Engagement,High Value - Low Engagement
2480,37,Male,Dress,Clothing,98,Kansas,S,Olive,Fall,4.2,No,Standard,No,26,Credit Card,Quarterly,Every 3 Months,31-45 (Adult),90,High Value,Medium Engagement,High Value - Medium Engagement
2481,61,Male,Socks,Clothing,91,Ohio,XL,Maroon,Summer,2.9,No,Next Day Air,No,7,Credit Card,Bi-Weekly,Fortnightly,61-70 (Senior),14,High Value,Low Engagement,High Value - Low Engagement
2482,41,Male,Belt,Accessories,92,New Jersey,XL,Cyan,Fall,2.9,No,Free Shipping,No,35,Debit Card,Weekly,Weekly,31-45 (Adult),7,High Value,Medium Engagement,High Value - Medium Engagement
2483,69,Male,Handbag,Accessories,87,Arizona,S,Peach,Winter,4.8,No,Next Day Air,No,46,Credit Card,Quarterly,Every 3 Months,61-70 (Senior),90,High Value,High Engagement,High Value - High Engagement
2484,32,Male,Skirt,Clothing,96,Arizona,S,Teal,Fall,2.9,No,Standard,No,8,Debit Card,Monthly,Monthly,31-45 (Adult),30,High Value,Low Engagement,High Value - Low Engagement
2485,60,Male,Hoodie,Clothing,97,New Hampshire,M,Green,Summer,4.8,No,2-Day Shipping,No,50,Cash,Quarterly,Every 3 Months,46-60 (Middle-Aged),90,High Value,High Engagement,High Value - High Engagement
2486,43,Male,Blouse,Clothing,55,Louisiana,M,Beige,Spring,4.6,No,2-Day Shipping,No,37,Bank Transfer,Annually,Annually,31-45 (Adult),365,Medium Value,High Engagement,Medium Value - High Engagement
2487,61,Male,Jeans,Clothing,58,Texas,L,Magenta,Spring,4.4,No,Store Pickup,No,6,Credit Card,Bi-Weekly,Fortnightly,61-70 (Senior),14,Medium Value,Low Engagement,Medium Value - Low Engagement
2488,57,Male,Boots,Footwear,21,Montana,L,Violet,Spring,3.0,No,Next Day Air,No,16,PayPal,Bi-Weekly,Bi-Weekly,46-60 (Middle-Aged),14,Low Value,Medium Engagement,Low Value - Medium Engagement
2489,56,Male,Handbag,Accessories,82,New Hampshire,XL,Charcoal,Summer,4.4,No,Express,No,30,PayPal,Monthly,Monthly,46-60 (Middle-Aged),30,High Value,Medium Engagement,High Value - Medium Engagement
2490,66,Male,Coat,Outerwear,34,South Dakota,M,Green,Winter,3.9,No,Express,No,50,Venmo,Quarterly,Quarterly,61-70 (Senior),90,Low Value,High Engagement,Low Value - High Engagement
2491,52,Male,Blouse,Clothing,78,Montana,M,Gray,Spring,4.0,No,Free Shipping,No,5,Cash,Quarterly,Every 3 Months,46-60 (Middle-Aged),90,High Value,Low Engagement,High Value - Low Engagement
2492,63,Male,Handbag,Accessories,47,North Carolina,M,Magenta,Spring,2.5,No,Express,No,15,Bank Transfer,Monthly,Monthly,61-70 (Senior),30,Medium Value,Low Engagement,Medium Value - Low Engagement
2493,50,Male,Sunglasses,Accessories,96,South Dakota,S,Silver,Summer,4.1,No,Next Day Air,No,34,Bank Transfer,Bi-Weekly,Bi-Weekly,46-60 (Middle-Aged),14,High Value,Medium Engagement,High Value - Medium Engagement
2494,21,Male,Socks,Clothing,23,Maine,S,Beige,Fall,4.8,No,2-Day Shipping,No,6,Venmo,Quarterly,Every 3 Months,18-30 (Young Adult),90,Low Value,Low Engagement,Low Value - Low Engagement
2495,42,Male,Shoes,Footwear,27,Oklahoma,S,Peach,Winter,2.6,No,Store Pickup,No,26,Debit Card,Annually,Annually,31-45 (Adult),365,Low Value,Medium Engagement,Low Value - Medium Engagement
2496,40,Male,Backpack,Accessories,37,Nebraska,XL,Orange,Spring,3.1,No,Free Shipping,No,34,Credit Card,Quarterly,Every 3 Months,31-45 (Adult),90,Low Value,Medium Engagement,Low Value - Medium Engagement
2497,67,Male,Scarf,Accessories,79,Illinois,S,Yellow,Summer,3.2,No,Store Pickup,No,37,Credit Card,Weekly,Weekly,61-70 (Senior),7,High Value,High Engagement,High Value - High Engagement
2498,35,Male,Backpack,Accessories,40,Colorado,M,Violet,Summer,4.2,No,Standard,No,28,Bank Transfer,Annually,Annually,31-45 (Adult),365,Medium Value,Medium Engagement,Medium Value - Medium Engagement
2499,18,Male,Coat,Outerwear,39,Massachusetts,S,Green,Fall,2.6,No,Next Day Air,No,38,Cash,Bi-Weekly,Fortnightly,18-30 (Young Adult),14,Low Value,High Engagement,Low Value - High Engagement
2500,52,Male,Hoodie,Clothing,73,Louisiana,L,Pink,Summer,3.1,No,Next Day Air,No,2,Cash,Quarterly,Quarterly,46-60 (Middle-Aged),90,Medium Value,Low Engagement,Medium Value - Low Engagement
2501,59,Male,Gloves,Accessories,84,Massachusetts,M,Violet,Fall,2.9,No,Store Pickup,No,32,Cash,Bi-Weekly,Bi-Weekly,46-60 (Middle-Aged),14,High Value,Medium Engagement,High Value - Medium Engagement
2502,49,Male,Shorts,Clothing,94,West Virginia,M,Violet,Fall,4.6,No,Free Shipping,No,30,Venmo,Bi-Weekly,Bi-Weekly,46-60 (Middle-Aged),14,High Value,Medium Engagement,High Value - Medium Engagement
2503,46,Male,Skirt,Clothing,47,Idaho,L,Pink,Spring,4.1,No,Standard,No,17,PayPal,Quarterly,Every 3 Months,46-60 (Middle-Aged),90,Medium Value,Medium Engagement,Medium Value - Medium Engagement
2504,69,Male,Boots,Footwear,77,Ohio,M,Violet,Summer,2.5,No,Store Pickup,No,5,Debit Card,Bi-Weekly,Bi-Weekly,61-70 (Senior),14,High Value,Low Engagement,High Value - Low Engagement
2505,56,Male,Shorts,Clothing,94,Rhode Island,M,Turquoise,Winter,4.0,No,Store Pickup,No,31,Cash,Bi-Weekly,Bi-Weekly,46-60 (Middle-Aged),14,High Value,Medium Engagement,High Value - Medium Engagement
2506,27,Male,Handbag,Accessories,75,Illinois,M,Cyan,Summer,3.5,No,Express,No,43,PayPal,Quarterly,Quarterly,18-30 (Young Adult),90,Medium Value,High Engagement,Medium Value - High Engagement
2507,57,Male,Dress,Clothing,82,New York,XL,Orange,Spring,4.4,No,Free Shipping,No,19,Venmo,Annually,Annually,46-60 (Middle-Aged),365,High Value,Medium Engagement,High Value - Medium Engagement
2508,58,Male,Shoes,Footwear,36,Louisiana,M,Cyan,Fall,2.9,No,Store Pickup,No,32,Credit Card,Quarterly,Every 3 Months,46-60 (Middle-Aged),90,Low Value,Medium Engagement,Low Value - Medium Engagement
2509,23,Male,Sneakers,Footwear,90,California,XL,Indigo,Spring,3.1,No,2-Day Shipping,No,5,Debit Card,Bi-Weekly,Bi-Weekly,18-30 (Young Adult),14,High Value,Low Engagement,High Value - Low Engagement
2510,19,Male,Socks,Clothing,48,Washington,M,Black,Spring,4.4,No,Free Shipping,No,9,Bank Transfer,Quarterly,Quarterly,18-30 (Young Adult),90,Medium Value,Low Engagement,Medium Value - Low Engagement
2511,40,Male,Jacket,Outerwear,42,South Dakota,L,Purple,Winter,4.4,No,Standard,No,48,Credit Card,Weekly,Weekly,31-45 (Adult),7,Medium Value,High Engagement,Medium Value - High Engagement
2512,54,Male,Backpack,Accessories,33,Idaho,M,Cyan,Summer,2.7,No,Store Pickup,No,1,PayPal,Quarterly,Quarterly,46-60 (Middle-Aged),90,Low Value,Low Engagement,Low Value - Low Engagement
2513,50,Male,Socks,Clothing,63,North Dakota,M,Green,Summer,4.9,No,Free Shipping,No,20,Credit Card,Monthly,Monthly,46-60 (Middle-Aged),30,Medium Value,Medium Engagement,Medium Value - Medium Engagement
2514,69,Male,Handbag,Accessories,53,Washington,L,Teal,Winter,3.5,No,2-Day Shipping,No,42,Cash,Annually,Annually,61-70 (Senior),365,Medium Value,High Engagement,Medium Value - High Engagement
2515,42,Male,Hat,Accessories,37,Alaska,L,Teal,Spring,4.8,No,Free Shipping,No,45,PayPal,Bi-Weekly,Bi-Weekly,31-45 (Adult),14,Low Value,High Engagement,Low Value - High Engagement
2516,37,Male,Blouse,Clothing,92,Kansas,M,Magenta,Summer,4.2,No,2-Day Shipping,No,41,Cash,Monthly,Monthly,31-45 (Adult),30,High Value,High Engagement,High Value - High Engagement
2517,46,Male,Shorts,Clothing,73,Utah,XL,Brown,Spring,4.6,No,Standard,No,36,Debit Card,Quarterly,Quarterly,46-60 (Middle-Aged),90,Medium Value,High Engagement,Medium Value - High Engagement
2518,64,Male,Shirt,Clothing,38,Wyoming,L,Orange,Spring,2.9,No,Standard,No,10,Venmo,Annually,Annually,61-70 (Senior),365,Low Value,Low Engagement,Low Value - Low Engagement
2519,20,Male,Boots,Footwear,51,Maine,XL,Blue,Fall,4.0,No,Store Pickup,No,31,Venmo,Annually,Annually,18-30 (Young Adult),365,Medium Value,Medium Engagement,Medium Value - Medium Engagement
2520,40,Male,Jacket,Outerwear,90,Michigan,L,Magenta,Spring,4.9,No,Standard,No,21,Credit Card,Quarterly,Quarterly,31-45 (Adult),90,High Value,Medium Engagement,High Value - Medium Engagement
2521,64,Male,Jacket,Outerwear,56,Illinois,L,Magenta,Summer,3.1,No,Next Day Air,No,16,Cash,Quarterly,Every 3 Months,61-70 (Senior),90,Medium Value,Medium Engagement,Medium Value - Medium Engagement
2522,29,Male,Handbag,Accessories,33,Minnesota,M,Magenta,Fall,4.4,No,Standard,No,18,PayPal,Quarterly,Every 3 Months,18-30 (Young Adult),90,Low Value,Medium Engagement,Low Value - Medium Engagement
2523,20,Male,Belt,Accessories,53,Massachusetts,S,Olive,Winter,2.5,No,2-Day Shipping,No,20,Debit Card,Weekly,Weekly,18-30 (Young Adult),7,Medium Value,Medium Engagement,Medium Value - Medium Engagement
2524,43,Male,Handbag,Accessories,24,New Jersey,S,Cyan,Spring,3.4,No,Express,No,21,Bank Transfer,Annually,Annually,31-45 (Adult),365,Low Value,Medium Engagement,Low Value - Medium Engagement
2525,60,Male,Coat,Outerwear,59,Kansas,M,Purple,Spring,3.7,No,Express,No,23,Credit Card,Quarterly,Quarterly,46-60 (Middle-Aged),90,Medium Value,Medium Engagement,Medium Value - Medium Engagement
2526,39,Male,Sweater,Clothing,72,Kentucky,M,Purple,Winter,4.2,No,Standard,No,20,PayPal,Weekly,Weekly,31-45 (Adult),7,Medium Value,Medium Engagement,Medium Value - Medium Engagement
2527,47,Male,Shorts,Clothing,28,Rhode Island,S,Peach,Spring,3.4,No,Express,No,30,PayPal,Bi-Weekly,Bi-Weekly,46-60 (Middle-Aged),14,Low Value,Medium Engagement,Low Value - Medium Engagement
2528,19,Male,Pants,Clothing,36,Illinois,M,Gold,Fall,3.6,No,Express,No,33,Bank Transfer,Quarterly,Every 3 Months,18-30 (Young Adult),90,Low Value,Medium Engagement,Low Value - Medium Engagement
2529,52,Male,Jewelry,Accessories,47,Alabama,S,Peach,Fall,4.7,No,2-Day Shipping,No,31,Debit Card,Monthly,Monthly,46-60 (Middle-Aged),30,Medium Value,Medium Engagement,Medium Value - Medium Engagement
2530,34,Male,Gloves,Accessories,62,Tennessee,M,Magenta,Spring,4.7,No,Next Day Air,No,48,Bank Transfer,Monthly,Monthly,31-45 (Adult),30,Medium Value,High Engagement,Medium Value - High Engagement
2531,25,Male,Skirt,Clothing,98,Massachusetts,S,Cyan,Spring,3.6,No,Free Shipping,No,28,Debit Card,Weekly,Weekly,18-30 (Young Adult),7,High Value,Medium Engagement,High Value - Medium Engagement
2532,43,Male,Sandals,Footwear,28,Texas,M,Violet,Summer,4.6,No,Free Shipping,No,7,Cash,Quarterly,Every 3 Months,31-45 (Adult),90,Low Value,Low Engagement,Low Value - Low Engagement
2533,55,Male,Socks,Clothing,86,Nebraska,S,Charcoal,Summer,2.6,No,Next Day Air,No,4,Debit Card,Weekly,Weekly,46-60 (Middle-Aged),7,High Value,Low Engagement,High Value - Low Engagement
2534,66,Male,Jewelry,Accessories,46,Pennsylvania,S,Blue,Summer,3.1,No,Standard,No,49,Cash,Bi-Weekly,Bi-Weekly,61-70 (Senior),14,Medium Value,High Engagement,Medium Value - High Engagement
2535,41,Male,Sunglasses,Accessories,42,Virginia,XL,Red,Fall,3.2,No,Free Shipping,No,22,Cash,Weekly,Weekly,31-45 (Adult),7,Medium Value,Medium Engagement,Medium Value - Medium Engagement
2536,47,Male,Coat,Outerwear,80,Vermont,S,Purple,Winter,3.9,No,Express,No,39,Bank Transfer,Bi-Weekly,Fortnightly,46-60 (Middle-Aged),14,High Value,High Engagement,High Value - High Engagement
2537,51,Male,Belt,Accessories,39,Oklahoma,L,Gray,Spring,4.9,No,Express,No,45,PayPal,Quarterly,Every 3 Months,46-60 (Middle-Aged),90,Low Value,High Engagement,Low Value - High Engagement
2538,44,Male,Coat,Outerwear,49,Maine,M,Purple,Summer,4.1,No,2-Day Shipping,No,30,PayPal,Bi-Weekly,Fortnightly,31-45 (Adult),14,Medium Value,Medium Engagement,Medium Value - Medium Engagement
2539,18,Male,Scarf,Accessories,32,New Jersey,M,Silver,Summer,4.2,No,Next Day Air,No,33,Credit Card,Bi-Weekly,Bi-Weekly,18-30 (Young Adult),14,Low Value,Medium Engagement,Low Value - Medium Engagement
2540,33,Male,Sandals,Footwear,73,Massachusetts,M,Purple,Fall,4.1,No,Next Day Air,No,24,Cash,Bi-Weekly,Bi-Weekly,31-45 (Adult),14,Medium Value,Medium Engagement,Medium Value - Medium Engagement
2541,24,Male,Belt,Accessories,42,New Jersey,M,Charcoal,Summer,3.9,No,Free Shipping,No,11,Debit Card,Quarterly,Quarterly,18-30 (Young Adult),90,Medium Value,Low Engagement,Medium Value - Low Engagement
2542,33,Male,Scarf,Accessories,58,Washington,M,Silver,Spring,2.7,No,Next Day Air,No,13,Venmo,Quarterly,Every 3 Months,31-45 (Adult),90,Medium Value,Low Engagement,Medium Value - Low Engagement
2543,61,Male,Jewelry,Accessories,22,Arkansas,M,White,Winter,3.7,No,Express,No,27,PayPal,Annually,Annually,61-70 (Senior),365,Low Value,Medium Engagement,Low Value - Medium Engagement
2544,27,Male,Scarf,Accessories,56,West Virginia,L,Peach,Spring,2.7,No,Next Day Air,No,30,PayPal,Bi-Weekly,Bi-Weekly,18-30 (Young Adult),14,Medium Value,Medium Engagement,Medium Value - Medium Engagement
2545,46,Male,Pants,Clothing,70,Delaware,M,Red,Spring,2.5,No,Next Day Air,No,39,Venmo,Quarterly,Quarterly,46-60 (Middle-Aged),90,Medium Value,High Engagement,Medium Value - High Engagement
2546,38,Male,Shoes,Footwear,50,Texas,L,Olive,Spring,3.9,No,Free Shipping,No,10,Debit Card,Annually,Annually,31-45 (Adult),365,Medium Value,Low Engagement,Medium Value - Low Engagement
2547,63,Male,Boots,Footwear,21,Texas,L,Gray,Summer,3.0,No,Express,No,4,Credit Card,Quarterly,Quarterly,61-70 (Senior),90,Low Value,Low Engagement,Low Value - Low Engagement
2548,47,Male,Jacket,Outerwear,97,Mississippi,M,Beige,Summer,3.2,No,2-Day Shipping,No,16,Cash,Weekly,Weekly,46-60 (Middle-Aged),7,High Value,Medium Engagement,High Value - Medium Engagement
2549,42,Male,Backpack,Accessories,63,Texas,L,Pink,Winter,3.8,No,Standard,No,34,Credit Card,Monthly,Monthly,31-45 (Adult),30,Medium Value,Medium Engagement,Medium Value - Medium Engagement
2550,41,Male,Jacket,Outerwear,60,Virginia,M,Red,Fall,2.7,No,Standard,No,11,Debit Card,Quarterly,Every 3 Months,31-45 (Adult),90,Medium Value,Low Engagement,Medium Value - Low Engagement
2551,53,Male,Boots,Footwear,52,New Hampshire,XL,Peach,Fall,3.0,No,Store Pickup,No,30,Debit Card,Bi-Weekly,Fortnightly,46-60 (Middle-Aged),14,Medium Value,Medium Engagement,Medium Value - Medium Engagement
2552,29,Male,Shoes,Footwear,32,Minnesota,M,Maroon,Winter,4.1,No,Next Day Air,No,40,Debit Card,Annually,Annually,18-30 (Young Adult),365,Low Value,High Engagement,Low Value - High Engagement
2553,61,Male,Belt,Accessories,48,Maryland,XL,Purple,Spring,3.2,No,2-Day Shipping,No,13,Credit Card,Annually,Annually,61-70 (Senior),365,Medium Value,Low Engagement,Medium Value - Low Engagement
2554,69,Male,Jewelry,Accessories,25,Vermont,M,Maroon,Summer,4.5,No,Store Pickup,No,28,Venmo,Quarterly,Every 3 Months,61-70 (Senior),90,Low Value,Medium Engagement,Low Value - Medium Engagement
2555,51,Male,Jewelry,Accessories,68,Kansas,M,Gray,Summer,4.3,No,Store Pickup,No,49,Debit Card,Bi-Weekly,Bi-Weekly,46-60 (Middle-Aged),14,Medium Value,High Engagement,Medium Value - High Engagement
2556,24,Male,Pants,Clothing,74,Idaho,M,Gray,Fall,3.5,No,Standard,No,23,Credit Card,Weekly,Weekly,18-30 (Young Adult),7,Medium Value,Medium Engagement,Medium Value - Medium Engagement
2557,24,Male,T-shirt,Clothing,88,Montana,XL,Magenta,Fall,3.1,No,Standard,No,4,Bank Transfer,Quarterly,Quarterly,18-30 (Young Adult),90,High Value,Low Engagement,High Value - Low Engagement
2558,70,Male,Shorts,Clothing,23,Oklahoma,L,Cyan,Spring,3.9,No,Standard,No,17,PayPal,Bi-Weekly,Fortnightly,61-70 (Senior),14,Low Value,Medium Engagement,Low Value - Medium Engagement
2559,49,Male,Hoodie,Clothing,32,California,M,Silver,Fall,2.7,No,Express,No,24,PayPal,Bi-Weekly,Fortnightly,46-60 (Middle-Aged),14,Low Value,Medium Engagement,Low Value - Medium Engagement
2560,48,Male,Belt,Accessories,71,Mississippi,S,Green,Winter,4.0,No,Free Shipping,No,21,Debit Card,Quarterly,Every 3 Months,46-60 (Middle-Aged),90,Medium Value,Medium Engagement,Medium Value - Medium Engagement
2561,58,Male,Boots,Footwear,62,California,M,Violet,Spring,2.7,No,Next Day Air,No,17,Debit Card,Bi-Weekly,Bi-Weekly,46-60 (Middle-Aged),14,Medium Value,Medium Engagement,Medium Value - Medium Engagement
2562,32,Male,Hoodie,Clothing,20,New York,L,Magenta,Spring,2.7,No,Free Shipping,No,22,Debit Card,Quarterly,Quarterly,31-45 (Adult),90,Low Value,Medium Engagement,Low Value - Medium Engagement
2563,57,Male,Shorts,Clothing,62,Arizona,XL,Yellow,Spring,4.7,No,Standard,No,27,Cash,Bi-Weekly,Fortnightly,46-60 (Middle-Aged),14,Medium Value,Medium Engagement,Medium Value - Medium Engagement
2564,69,Male,Backpack,Accessories,81,Massachusetts,XL,Gray,Winter,4.5,No,Standard,No,1,Venmo,Quarterly,Every 3 Months,61-70 (Senior),90,High Value,Low Engagement,High Value - Low Engagement
2565,42,Male,Scarf,Accessories,90,Kentucky,L,Indigo,Winter,3.0,No,2-Day Shipping,No,27,Bank Transfer,Weekly,Weekly,31-45 (Adult),7,High Value,Medium Engagement,High Value - Medium Engagement
2566,30,Male,Socks,Clothing,43,Vermont,S,Indigo,Fall,3.6,No,Store Pickup,No,8,Venmo,Quarterly,Quarterly,18-30 (Young Adult),90,Medium Value,Low Engagement,Medium Value - Low Engagement
2567,35,Male,Handbag,Accessories,38,Missouri,S,Yellow,Fall,3.3,No,Standard,No,43,PayPal,Quarterly,Quarterly,31-45 (Adult),90,Low Value,High Engagement,Low Value - High Engagement
2568,19,Male,Sunglasses,Accessories,25,Michigan,XL,Gold,Spring,4.3,No,Store Pickup,No,24,Cash,Bi-Weekly,Fortnightly,18-30 (Young Adult),14,Low Value,Medium Engagement,Low Value - Medium Engagement
2569,52,Male,T-shirt,Clothing,98,Texas,XL,Green,Winter,4.3,No,Express,No,29,PayPal,Bi-Weekly,Fortnightly,46-60 (Middle-Aged),14,High Value,Medium Engagement,High Value - Medium Engagement
2570,42,Male,Dress,Clothing,75,New York,M,Charcoal,Spring,4.8,No,Free Shipping,No,10,Bank Transfer,Bi-Weekly,Bi-Weekly,31-45 (Adult),14,Medium Value,Low Engagement,Medium Value - Low Engagement
2571,36,Male,Sneakers,Footwear,27,New Mexico,XL,Olive,Spring,4.0,No,Store Pickup,No,12,PayPal,Bi-Weekly,Fortnightly,31-45 (Adult),14,Low Value,Low Engagement,Low Value - Low Engagement
2572,45,Male,Sunglasses,Accessories,27,Mississippi,L,Black,Winter,3.5,No,Standard,No,48,Cash,Bi-Weekly,Fortnightly,31-45 (Adult),14,Low Value,High Engagement,Low Value - High Engagement
2573,54,Male,Blouse,Clothing,42,Washington,M,Silver,Fall,3.9,No,Next Day Air,No,40,Bank Transfer,Quarterly,Quarterly,46-60 (Middle-Aged),90,Medium Value,High Engagement,Medium Value - High Engagement
2574,54,Male,T-shirt,Clothing,90,New Mexico,M,Red,Summer,4.4,No,Store Pickup,No,1,Bank Transfer,Annually,Annually,46-60 (Middle-Aged),365,High Value,Low Engagement,High Value - Low Engagement
2575,27,Male,Hat,Accessories,63,Florida,M,Brown,Summer,4.6,No,2-Day Shipping,No,26,Credit Card,Bi-Weekly,Fortnightly,18-30 (Young Adult),14,Medium Value,Medium Engagement,Medium Value - Medium Engagement
2576,53,Male,Shorts,Clothing,96,Minnesota,M,Silver,Fall,4.0,No,Express,No,9,PayPal,Annually,Annually,46-60 (Middle-Aged),365,High Value,Low Engagement,High Value - Low Engagement
2577,20,Male,Hoodie,Clothing,40,New Hampshire,M,Silver,Winter,4.2,No,Free Shipping,No,19,Debit Card,Quarterly,Quarterly,18-30 (Young Adult),90,Medium Value,Medium Engagement,Medium Value - Medium Engagement
2578,52,Male,Socks,Clothing,39,Minnesota,L,Black,Fall,4.5,No,Next Day Air,No,37,Bank Transfer,Monthly,Monthly,46-60 (Middle-Aged),30,Low Value,High Engagement,Low Value - High Engagement
2579,54,Male,Sunglasses,Accessories,48,Vermont,M,Purple,Fall,3.9,No,Free Shipping,No,3,Cash,Quarterly,Quarterly,46-60 (Middle-Aged),90,Medium Value,Low Engagement,Medium Value - Low Engagement
2580,65,Male,Blouse,Clothing,20,Minnesota,M,Purple,Summer,3.7,No,Express,No,40,Venmo,Weekly,Weekly,61-70 (Senior),7,Low Value,High Engagement,Low Value - High Engagement
2581,43,Male,Jeans,Clothing,29,Massachusetts,S,Turquoise,Summer,3.6,No,Store Pickup,No,13,Bank Transfer,Quarterly,Quarterly,31-45 (Adult),90,Low Value,Low Engagement,Low Value - Low Engagement
2582,57,Male,Dress,Clothing,81,Wyoming,M,Gold,Winter,4.7,No,Express,No,48,Credit Card,Monthly,Monthly,46-60 (Middle-Aged),30,High Value,High Engagement,High Value - High Engagement
2583,19,Male,Dress,Clothing,98,South Dakota,S,Indigo,Fall,3.6,No,2-Day Shipping,No,4,Venmo,Quarterly,Every 3 Months,18-30 (Young Adult),90,High Value,Low Engagement,High Value - Low Engagement
2584,69,Male,Jeans,Clothing,93,Oklahoma,M,Lavender,Fall,2.5,No,Next Day Air,No,9,Cash,Weekly,Weekly,61-70 (Senior),7,High Value,Low Engagement,High Value - Low Engagement
2585,26,Male,Socks,Clothing,30,Florida,L,Blue,Summer,2.9,No,Store Pickup,No,26,Bank Transfer,Bi-Weekly,Bi-Weekly,18-30 (Young Adult),14,Low Value,Medium Engagement,Low Value - Medium Engagement
2586,57,Male,Sunglasses,Accessories,37,Wisconsin,L,Maroon,Fall,4.4,No,Free Shipping,No,19,Debit Card,Weekly,Weekly,46-60 (Middle-Aged),7,Low Value,Medium Engagement,Low Value - Medium Engagement
2587,20,Male,Coat,Outerwear,28,Maine,L,Yellow,Winter,4.6,No,Express,No,1,Credit Card,Quarterly,Every 3 Months,18-30 (Young Adult),90,Low Value,Low Engagement,Low Value - Low Engagement
2588,55,Male,Scarf,Accessories,29,Connecticut,M,Purple,Winter,3.7,No,Express,No,29,PayPal,Quarterly,Every 3 Months,46-60 (Middle-Aged),90,Low Value,Medium Engagement,Low Value - Medium Engagement
2589,44,Male,Backpack,Accessories,49,Delaware,M,Peach,Summer,3.2,No,Free Shipping,No,38,Venmo,Bi-Weekly,Bi-Weekly,31-45 (Adult),14,Medium Value,High Engagement,Medium Value - High Engagement
2590,52,Male,Pants,Clothing,53,North Dakota,M,Silver,Winter,4.9,No,2-Day Shipping,No,31,PayPal,Annually,Annually,46-60 (Middle-Aged),365,Medium Value,Medium Engagement,Medium Value - Medium Engagement
2591,57,Male,Gloves,Accessories,66,California,M,Turquoise,Summer,5.0,No,Free Shipping,No,35,Venmo,Annually,Annually,46-60 (Middle-Aged),365,Medium Value,Medium Engagement,Medium Value - Medium Engagement
2592,40,Male,Jacket,Outerwear,61,New Mexico,S,Olive,Spring,3.3,No,Express,No,40,Cash,Quarterly,Quarterly,31-45 (Adult),90,Medium Value,High Engagement,Medium Value - High Engagement
2593,23,Male,Shorts,Clothing,23,Iowa,XL,Peach,Summer,4.4,No,Store Pickup,No,13,Venmo,Quarterly,Quarterly,18-30 (Young Adult),90,Low Value,Low Engagement,Low Value - Low Engagement
2594,36,Male,Pants,Clothing,36,Colorado,S,Indigo,Fall,4.7,No,Store Pickup,No,9,Bank Transfer,Quarterly,Every 3 Months,31-45 (Adult),90,Low Value,Low Engagement,Low Value - Low Engagement
2595,59,Male,Skirt,Clothing,81,Montana,L,Indigo,Fall,3.6,No,Free Shipping,No,25,Cash,Quarterly,Every 3 Months,46-60 (Middle-Aged),90,High Value,Medium Engagement,High Value - Medium Engagement
2596,29,Male,Blouse,Clothing,56,Iowa,XL,Maroon,Summer,3.2,No,Free Shipping,No,3,Bank Transfer,Bi-Weekly,Bi-Weekly,18-30 (Young Adult),14,Medium Value,Low Engagement,Medium Value - Low Engagement
2597,63,Male,Shirt,Clothing,78,Louisiana,L,Black,Spring,3.0,No,Next Day Air,No,35,Credit Card,Monthly,Monthly,61-70 (Senior),30,High Value,Medium Engagement,High Value - Medium Engagement
2598,60,Male,Jewelry,Accessories,25,Alabama,XL,Teal,Summer,4.4,No,Store Pickup,No,13,Venmo,Bi-Weekly,Bi-Weekly,46-60 (Middle-Aged),14,Low Value,Low Engagement,Low Value - Low Engagement
2599,64,Male,Backpack,Accessories,86,Nevada,XL,Olive,Fall,3.3,No,Express,No,31,Debit Card,Annually,Annually,61-70 (Senior),365,High Value,Medium Engagement,High Value - Medium Engagement
2600,63,Male,Jewelry,Accessories,99,Vermont,M,Gold,Winter,3.4,No,Express,No,48,Credit Card,Monthly,Monthly,61-70 (Senior),30,High Value,High Engagement,High Value - High Engagement
2601,21,Male,Belt,Accessories,83,New York,M,Gray,Fall,3.9,No,Express,No,6,Bank Transfer,Bi-Weekly,Bi-Weekly,18-30 (Young Adult),14,High Value,Low Engagement,High Value - Low Engagement
2602,61,Male,Dress,Clothing,33,Mississippi,L,Orange,Winter,2.9,No,Store Pickup,No,43,Cash,Monthly,Monthly,61-70 (Senior),30,Low Value,High Engagement,Low Value - High Engagement
2603,65,Male,Coat,Outerwear,44,South Carolina,M,Black,Fall,2.9,No,Free Shipping,No,1,Venmo,Quarterly,Quarterly,61-70 (Senior),90,Medium Value,Low Engagement,Medium Value - Low Engagement
2604,69,Male,Dress,Clothing,58,Washington,M,Teal,Spring,2.7,No,2-Day Shipping,No,8,Cash,Annually,Annually,61-70 (Senior),365,Medium Value,Low Engagement,Medium Value - Low Engagement
2605,47,Male,Sweater,Clothing,54,Colorado,M,Beige,Spring,3.4,No,Store Pickup,No,6,Debit Card,Weekly,Weekly,46-60 (Middle-Aged),7,Medium Value,Low Engagement,Medium Value - Low Engagement
2606,41,Male,Hoodie,Clothing,93,Nevada,M,White,Spring,3.7,No,2-Day Shipping,No,32,Venmo,Bi-Weekly,Fortnightly,31-45 (Adult),14,High Value,Medium Engagement,High Value - Medium Engagement
2607,68,Male,Shoes,Footwear,98,Nevada,L,Turquoise,Spring,4.7,No,Standard,No,46,Bank Transfer,Bi-Weekly,Bi-Weekly,61-70 (Senior),14,High Value,High Engagement,High Value - High Engagement
2608,41,Male,Shoes,Footwear,36,Oklahoma,XL,Teal,Spring,3.1,No,Express,No,38,PayPal,Quarterly,Every 3 Months,31-45 (Adult),90,Low Value,High Engagement,Low Value - High Engagement
2609,42,Male,Jacket,Outerwear,68,Mississippi,L,Orange,Fall,4.2,No,2-Day Shipping,No,48,Credit Card,Bi-Weekly,Fortnightly,31-45 (Adult),14,Medium Value,High Engagement,Medium Value - High Engagement
2610,66,Male,Backpack,Accessories,95,Arkansas,M,Black,Summer,3.0,No,Store Pickup,No,18,Debit Card,Bi-Weekly,Bi-Weekly,61-70 (Senior),14,High Value,Medium Engagement,High Value - Medium Engagement
2611,66,Male,Jeans,Clothing,93,West Virginia,M,Violet,Spring,3.1,No,Express,No,25,Cash,Quarterly,Quarterly,61-70 (Senior),90,High Value,Medium Engagement,High Value - Medium Engagement
2612,33,Male,Jacket,Outerwear,99,Michigan,L,Maroon,Fall,4.2,No,2-Day Shipping,No,4,Cash,Bi-Weekly,Fortnightly,31-45 (Adult),14,High Value,Low Engagement,High Value - Low Engagement
2613,55,Male,Sunglasses,Accessories,22,Louisiana,M,Turquoise,Winter,3.8,No,Next Day Air,No,27,Venmo,Quarterly,Quarterly,46-60 (Middle-Aged),90,Low Value,Medium Engagement,Low Value - Medium Engagement
2614,58,Male,Gloves,Accessories,88,South Dakota,M,Gold,Fall,2.9,No,Express,No,14,Bank Transfer,Monthly,Monthly,46-60 (Middle-Aged),30,High Value,Low Engagement,High Value - Low Engagement
2615,18,Male,Jacket,Outerwear,65,North Dakota,M,Turquoise,Spring,4.2,No,Express,No,36,Bank Transfer,Bi-Weekly,Fortnightly,18-30 (Young Adult),14,Medium Value,High Engagement,Medium Value - High Engagement
2616,49,Male,T-shirt,Clothing,62,Arizona,M,Maroon,Fall,3.1,No,2-Day Shipping,No,6,Debit Card,Quarterly,Quarterly,46-60 (Middle-Aged),90,Medium Value,Low Engagement,Medium Value - Low Engagement
2617,61,Male,Sandals,Footwear,55,Georgia,XL,Purple,Spring,3.6,No,Express,No,46,Cash,Annually,Annually,61-70 (Senior),365,Medium Value,High Engagement,Medium Value - High Engagement
2618,31,Male,Shorts,Clothing,97,Idaho,S,Maroon,Spring,4.8,No,Standard,No,29,Bank Transfer,Annually,Annually,31-45 (Adult),365,High Value,Medium Engagement,High Value - Medium Engagement
2619,70,Male,Handbag,Accessories,77,Louisiana,L,Brown,Fall,4.1,No,Express,No,12,Venmo,Monthly,Monthly,61-70 (Senior),30,High Value,Low Engagement,High Value - Low Engagement
2620,68,Male,Pants,Clothing,40,Connecticut,L,Indigo,Winter,3.9,No,Free Shipping,No,47,Credit Card,Weekly,Weekly,61-70 (Senior),7,Medium Value,High Engagement,Medium Value - High Engagement
2621,27,Male,Blouse,Clothing,23,Ohio,S,Lavender,Winter,3.0,No,Standard,No,28,Debit Card,Annually,Annually,18-30 (Young Adult),365,Low Value,Medium Engagement,Low Value - Medium Engagement
2622,48,Male,Shoes,Footwear,46,Maine,M,Beige,Winter,3.0,No,Express,No,21,Bank Transfer,Annually,Annually,46-60 (Middle-Aged),365,Medium Value,Medium Engagement,Medium Value - Medium Engagement
2623,63,Male,Backpack,Accessories,75,New Hampshire,M,Yellow,Spring,4.9,No,2-Day Shipping,No,15,Credit Card,Annually,Annually,61-70 (Senior),365,Medium Value,Low Engagement,Medium Value - Low Engagement
2624,49,Male,Shoes,Footwear,76,Massachusetts,M,Gold,Fall,4.8,No,Next Day Air,No,38,Cash,Annually,Annually,46-60 (Middle-Aged),365,High Value,High Engagement,High Value - High Engagement
2625,19,Male,Dress,Clothing,59,South Dakota,M,Indigo,Summer,3.3,No,Standard,No,19,Credit Card,Annually,Annually,18-30 (Young Adult),365,Medium Value,Medium Engagement,Medium Value - Medium Engagement
2626,30,Male,Skirt,Clothing,51,Colorado,L,Cyan,Summer,2.7,No,Standard,No,31,Credit Card,Weekly,Weekly,18-30 (Young Adult),7,Medium Value,Medium Engagement,Medium Value - Medium Engagement
2627,50,Male,Jacket,Outerwear,46,Rhode Island,XL,Silver,Fall,4.2,No,Express,No,30,Credit Card,Quarterly,Every 3 Months,46-60 (Middle-Aged),90,Medium Value,Medium Engagement,Medium Value - Medium Engagement
2628,66,Male,Shirt,Clothing,26,Missouri,L,Silver,Fall,3.6,No,Next Day Air,No,40,Bank Transfer,Quarterly,Quarterly,61-70 (Senior),90,Low Value,High Engagement,Low Value - High Engagement
2629,25,Male,Hoodie,Clothing,51,Wyoming,M,Silver,Summer,3.8,No,Next Day Air,No,42,Credit Card,Bi-Weekly,Bi-Weekly,18-30 (Young Adult),14,Medium Value,High Engagement,Medium Value - High Engagement
2630,61,Male,Scarf,Accessories,44,New Hampshire,M,Peach,Winter,3.8,No,Free Shipping,No,25,Venmo,Annually,Annually,61-70 (Senior),365,Medium Value,Medium Engagement,Medium Value - Medium Engagement
2631,29,Male,Skirt,Clothing,82,Maine,S,Pink,Spring,4.2,No,Free Shipping,No,20,Cash,Quarterly,Quarterly,18-30 (Young Adult),90,High Value,Medium Engagement,High Value - Medium Engagement
2632,53,Male,Skirt,Clothing,44,Connecticut,S,Violet,Summer,2.7,No,Express,No,3,Cash,Weekly,Weekly,46-60 (Middle-Aged),7,Medium Value,Low Engagement,Medium Value - Low Engagement
2633,24,Male,Scarf,Accessories,27,Alaska,M,Black,Fall,5.0,No,Next Day Air,No,14,Cash,Annually,Annually,18-30 (Young Adult),365,Low Value,Low Engagement,Low Value - Low Engagement
2634,51,Male,Sunglasses,Accessories,90,Alaska,M,Purple,Fall,4.7,No,Next Day Air,No,32,Credit Card,Bi-Weekly,Fortnightly,46-60 (Middle-Aged),14,High Value,Medium Engagement,High Value - Medium Engagement
2635,26,Male,Sandals,Footwear,58,North Carolina,S,Black,Summer,3.2,No,Store Pickup,No,20,PayPal,Quarterly,Every 3 Months,18-30 (Young Adult),90,Medium Value,Medium Engagement,Medium Value - Medium Engagement
2636,59,Male,Hoodie,Clothing,80,Colorado,XL,Peach,Spring,2.9,No,2-Day Shipping,No,34,PayPal,Bi-Weekly,Fortnightly,46-60 (Middle-Aged),14,High Value,Medium Engagement,High Value - Medium Engagement
2637,41,Male,Jacket,Outerwear,40,Utah,S,Magenta,Winter,4.2,No,Store Pickup,No,6,Venmo,Annually,Annually,31-45 (Adult),365,Medium Value,Low Engagement,Medium Value - Low Engagement
2638,20,Male,Pants,Clothing,23,Alabama,M,Magenta,Spring,3.7,No,Store Pickup,No,2,PayPal,Annually,Annually,18-30 (Young Adult),365,Low Value,Low Engagement,Low Value - Low Engagement
2639,22,Male,Shirt,Clothing,34,Hawaii,S,Black,Spring,4.2,No,Store Pickup,No,35,Credit Card,Annually,Annually,18-30 (Young Adult),365,Low Value,Medium Engagement,Low Value - Medium Engagement
2640,18,Male,Blouse,Clothing,35,New Hampshire,XL,Pink,Winter,2.6,No,Free Shipping,No,33,Debit Card,Quarterly,Quarterly,18-30 (Young Adult),90,Low Value,Medium Engagement,Low Value - Medium Engagement
2641,30,Male,Skirt,Clothing,75,Indiana,L,Olive,Summer,4.0,No,Store Pickup,No,45,Venmo,Bi-Weekly,Bi-Weekly,18-30 (Young Adult),14,Medium Value,High Engagement,Medium Value - High Engagement
2642,25,Male,Sunglasses,Accessories,60,Vermont,XL,Olive,Winter,2.7,No,Next Day Air,No,20,Bank Transfer,Quarterly,Every 3 Months,18-30 (Young Adult),90,Medium Value,Medium Engagement,Medium Value - Medium Engagement
2643,39,Male,Belt,Accessories,87,Iowa,L,Peach,Summer,4.0,No,Store Pickup,No,48,Bank Transfer,Annually,Annually,31-45 (Adult),365,High Value,High Engagement,High Value - High Engagement
2644,49,Male,Gloves,Accessories,41,Maryland,S,Silver,Spring,2.9,No,Next Day Air,No,37,Cash,Monthly,Monthly,46-60 (Middle-Aged),30,Medium Value,High Engagement,Medium Value - High Engagement
2645,25,Male,Pants,Clothing,83,New Mexico,M,Turquoise,Spring,3.3,No,Standard,No,4,Bank Transfer,Quarterly,Every 3 Months,18-30 (Young Adult),90,High Value,Low Engagement,High Value - Low Engagement
2646,23,Male,Scarf,Accessories,81,Louisiana,L,Olive,Spring,4.0,No,Store Pickup,No,24,Bank Transfer,Bi-Weekly,Bi-Weekly,18-30 (Young Adult),14,High Value,Medium Engagement,High Value - Medium Engagement
2647,33,Male,T-shirt,Clothing,56,New Mexico,S,Lavender,Summer,3.9,No,Next Day Air,No,4,Debit Card,Quarterly,Every 3 Months,31-45 (Adult),90,Medium Value,Low Engagement,Medium Value - Low Engagement
2648,60,Male,Shoes,Footwear,58,South Carolina,M,Red,Summer,3.3,No,2-Day Shipping,No,25,Debit Card,Annually,Annually,46-60 (Middle-Aged),365,Medium Value,Medium Engagement,Medium Value - Medium Engagement
2649,51,Male,Pants,Clothing,84,Illinois,M,Gray,Spring,3.9,No,Next Day Air,No,14,PayPal,Bi-Weekly,Bi-Weekly,46-60 (Middle-Aged),14,High Value,Low Engagement,High Value - Low Engagement
2650,23,Male,Gloves,Accessories,21,Minnesota,M,Magenta,Fall,3.9,No,Store Pickup,No,14,Bank Transfer,Bi-Weekly,Fortnightly,18-30 (Young Adult),14,Low Value,Low Engagement,Low Value - Low Engagement
2651,20,Male,Socks,Clothing,35,Oregon,L,Maroon,Summer,4.2,No,Standard,No,46,Credit Card,Quarterly,Every 3 Months,18-30 (Young Adult),90,Low Value,High Engagement,Low Value - High Engagement
2652,51,Male,Sneakers,Footwear,43,Tennessee,M,Cyan,Summer,4.6,No,Store Pickup,No,27,PayPal,Quarterly,Quarterly,46-60 (Middle-Aged),90,Medium Value,Medium Engagement,Medium Value - Medium Engagement
2653,23,Female,Shorts,Clothing,20,Maryland,L,Cyan,Summer,3.3,No,2-Day Shipping,No,46,Credit Card,Monthly,Monthly,18-30 (Young Adult),30,Low Value,High Engagement,Low Value - High Engagement
2654,67,Female,Blouse,Clothing,36,Wisconsin,L,Lavender,Fall,4.8,No,Express,No,24,Venmo,Quarterly,Every 3 Months,61-70 (Senior),90,Low Value,Medium Engagement,Low Value - Medium Engagement
2655,23,Female,Coat,Outerwear,70,Idaho,S,Pink,Fall,4.1,No,Next Day Air,No,4,PayPal,Annually,Annually,18-30 (Young Adult),365,Medium Value,Low Engagement,Medium Value - Low Engagement
2656,26,Female,Sunglasses,Accessories,83,Wyoming,M,Gray,Summer,3.4,No,Standard,No,2,Credit Card,Bi-Weekly,Fortnightly,18-30 (Young Adult),14,High Value,Low Engagement,High Value - Low Engagement
2657,52,Female,Shorts,Clothing,76,Indiana,L,Yellow,Winter,3.6,No,Express,No,29,Bank Transfer,Bi-Weekly,Fortnightly,46-60 (Middle-Aged),14,High Value,Medium Engagement,High Value - Medium Engagement
2658,52,Female,Dress,Clothing,81,Texas,M,Pink,Summer,2.7,No,Express,No,7,Credit Card,Bi-Weekly,Fortnightly,46-60 (Middle-Aged),14,High Value,Low Engagement,High Value - Low Engagement
2659,52,Female,Handbag,Accessories,47,Ohio,XL,Indigo,Summer,3.2,No,Next Day Air,No,39,PayPal,Monthly,Monthly,46-60 (Middle-Aged),30,Medium Value,High Engagement,Medium Value - High Engagement
2660,35,Female,Boots,Footwear,35,Kansas,L,Gray,Summer,4.4,No,2-Day Shipping,No,46,Credit Card,Bi-Weekly,Fortnightly,31-45 (Adult),14,Low Value,High Engagement,Low Value - High Engagement
2661,24,Female,Pants,Clothing,85,South Carolina,L,Yellow,Spring,4.9,No,Express,No,44,Venmo,Annually,Annually,18-30 (Young Adult),365,High Value,High Engagement,High Value - High Engagement
2662,43,Female,Boots,Footwear,96,Michigan,XL,Olive,Fall,4.8,No,Express,No,20,Bank Transfer,Annually,Annually,31-45 (Adult),365,High Value,Medium Engagement,High Value - Medium Engagement
2663,25,Female,Skirt,Clothing,98,Nebraska,M,Cyan,Summer,2.8,No,2-Day Shipping,No,44,PayPal,Bi-Weekly,Fortnightly,18-30 (Young Adult),14,High Value,High Engagement,High Value - High Engagement
2664,46,Female,Sneakers,Footwear,52,Wisconsin,L,Silver,Fall,2.9,No,Free Shipping,No,23,Bank Transfer,Annually,Annually,46-60 (Middle-Aged),365,Medium Value,Medium Engagement,Medium Value - Medium Engagement
2665,22,Female,Jewelry,Accessories,84,Illinois,L,Silver,Winter,3.2,No,Store Pickup,No,37,PayPal,Weekly,Weekly,18-30 (Young Adult),7,High Value,High Engagement,High Value - High Engagement
2666,70,Female,T-shirt,Clothing,71,Louisiana,L,Red,Winter,3.5,No,Store Pickup,No,4,Venmo,Weekly,Weekly,61-70 (Senior),7,Medium Value,Low Engagement,Medium Value - Low Engagement
2667,49,Female,Sandals,Footwear,95,Ohio,S,Brown,Winter,4.1,No,Store Pickup,No,14,Venmo,Bi-Weekly,Fortnightly,46-60 (Middle-Aged),14,High Value,Low Engagement,High Value - Low Engagement
2668,48,Female,Boots,Footwear,47,Maryland,M,Orange,Summer,4.1,No,Free Shipping,No,31,Cash,Bi-Weekly,Fortnightly,46-60 (Middle-Aged),14,Medium Value,Medium Engagement,Medium Value - Medium Engagement
2669,59,Female,Coat,Outerwear,75,Texas,M,Black,Summer,4.8,No,Next Day Air,No,9,PayPal,Quarterly,Quarterly,46-60 (Middle-Aged),90,Medium Value,Low Engagement,Medium Value - Low Engagement
2670,39,Female,Belt,Accessories,28,Illinois,L,Teal,Spring,2.8,No,Free Shipping,No,31,Credit Card,Weekly,Weekly,31-45 (Adult),7,Low Value,Medium Engagement,Low Value - Medium Engagement
2671,30,Female,Sunglasses,Accessories,44,Pennsylvania,M,Yellow,Fall,4.7,No,Express,No,26,Bank Transfer,Bi-Weekly,Bi-Weekly,18-30 (Young Adult),14,Medium Value,Medium Engagement,Medium Value - Medium Engagement
2672,37,Female,Sandals,Footwear,64,Alabama,XL,Gray,Winter,4.8,No,2-Day Shipping,No,41,PayPal,Quarterly,Every 3 Months,31-45 (Adult),90,Medium Value,High Engagement,Medium Value - High Engagement
2673,56,Female,Boots,Footwear,28,West Virginia,M,Maroon,Spring,2.9,No,Standard,No,13,Cash,Annually,Annually,46-60 (Middle-Aged),365,Low Value,Low Engagement,Low Value - Low Engagement
2674,67,Female,Hoodie,Clothing,21,Nevada,M,Olive,Summer,2.6,No,2-Day Shipping,No,4,Cash,Monthly,Monthly,61-70 (Senior),30,Low Value,Low Engagement,Low Value - Low Engagement
2675,40,Female,Hat,Accessories,41,Florida,S,Charcoal,Fall,3.3,No,Express,No,15,Cash,Quarterly,Every 3 Months,31-45 (Adult),90,Medium Value,Low Engagement,Medium Value - Low Engagement
2676,24,Female,Shorts,Clothing,38,Virginia,M,Peach,Winter,3.4,No,Free Shipping,No,38,Cash,Bi-Weekly,Bi-Weekly,18-30 (Young Adult),14,Low Value,High Engagement,Low Value - High Engagement
2677,43,Female,Backpack,Accessories,77,Kentucky,M,Maroon,Spring,3.6,No,Free Shipping,No,3,Cash,Bi-Weekly,Fortnightly,31-45 (Adult),14,High Value,Low Engagement,High Value - Low Engagement
2678,45,Female,Shorts,Clothing,43,Connecticut,L,Olive,Spring,3.8,No,Next Day Air,No,6,PayPal,Quarterly,Every 3 Months,31-45 (Adult),90,Medium Value,Low Engagement,Medium Value - Low Engagement
2679,33,Female,Belt,Accessories,91,Montana,M,Magenta,Spring,3.4,No,2-Day Shipping,No,34,Credit Card,Bi-Weekly,Bi-Weekly,31-45 (Adult),14,High Value,Medium Engagement,High Value - Medium Engagement
2680,53,Female,Shorts,Clothing,68,Montana,S,Yellow,Spring,3.8,No,Express,No,7,Debit Card,Quarterly,Quarterly,46-60 (Middle-Aged),90,Medium Value,Low Engagement,Medium Value - Low Engagement
2681,44,Female,Socks,Clothing,37,Nebraska,L,Indigo,Fall,3.3,No,Next Day Air,No,21,Venmo,Annually,Annually,31-45 (Adult),365,Low Value,Medium Engagement,Low Value - Medium Engagement
2682,23,Female,Shoes,Footwear,23,Massachusetts,L,Olive,Summer,4.8,No,Standard,No,17,Debit Card,Monthly,Monthly,18-30 (Young Adult),30,Low Value,Medium Engagement,Low Value - Medium Engagement
2683,59,Female,Sneakers,Footwear,65,North Carolina,L,Maroon,Winter,3.9,No,2-Day Shipping,No,5,Venmo,Quarterly,Every 3 Months,46-60 (Middle-Aged),90,Medium Value,Low Engagement,Medium Value - Low Engagement
2684,68,Female,Backpack,Accessories,30,Montana,M,Indigo,Summer,4.2,No,Next Day Air,No,21,Cash,Bi-Weekly,Fortnightly,61-70 (Senior),14,Low Value,Medium Engagement,Low Value - Medium Engagement
2685,46,Female,Dress,Clothing,45,Washington,M,Gray,Summer,4.7,No,Free Shipping,No,42,Credit Card,Bi-Weekly,Bi-Weekly,46-60 (Middle-Aged),14,Medium Value,High Engagement,Medium Value - High Engagement
2686,56,Female,Boots,Footwear,25,Virginia,M,Gray,Winter,2.7,No,Express,No,49,Credit Card,Quarterly,Quarterly,46-60 (Middle-Aged),90,Low Value,High Engagement,Low Value - High Engagement
2687,40,Female,Socks,Clothing,72,Georgia,M,Black,Winter,3.8,No,2-Day Shipping,No,33,Cash,Bi-Weekly,Fortnightly,31-45 (Adult),14,Medium Value,Medium Engagement,Medium Value - Medium Engagement
2688,61,Female,Dress,Clothing,75,Delaware,M,White,Fall,3.6,No,2-Day Shipping,No,12,Debit Card,Bi-Weekly,Bi-Weekly,61-70 (Senior),14,Medium Value,Low Engagement,Medium Value - Low Engagement
2689,53,Female,Handbag,Accessories,63,West Virginia,XL,Turquoise,Spring,2.9,No,2-Day Shipping,No,18,Credit Card,Quarterly,Every 3 Months,46-60 (Middle-Aged),90,Medium Value,Medium Engagement,Medium Value - Medium Engagement
2690,29,Female,Blouse,Clothing,35,Wyoming,M,Orange,Fall,3.9,No,Standard,No,47,PayPal,Quarterly,Quarterly,18-30 (Young Adult),90,Low Value,High Engagement,Low Value - High Engagement
2691,44,Female,Belt,Accessories,32,New Mexico,L,Yellow,Summer,4.7,No,Free Shipping,No,18,Bank Transfer,Weekly,Weekly,31-45 (Adult),7,Low Value,Medium Engagement,Low Value - Medium Engagement
2692,43,Female,Pants,Clothing,25,Nebraska,L,Blue,Winter,3.3,No,2-Day Shipping,No,48,Cash,Monthly,Monthly,31-45 (Adult),30,Low Value,High Engagement,Low Value - High Engagement
2693,40,Female,Sneakers,Footwear,90,Washington,XL,Violet,Spring,4.2,No,Free Shipping,No,18,Debit Card,Quarterly,Every 3 Months,31-45 (Adult),90,High Value,Medium Engagement,High Value - Medium Engagement
2694,55,Female,Boots,Footwear,70,Hawaii,L,Lavender,Summer,2.6,No,Standard,No,46,Cash,Quarterly,Quarterly,46-60 (Middle-Aged),90,Medium Value,High Engagement,Medium Value - High Engagement
2695,66,Female,Sunglasses,Accessories,27,Louisiana,M,Olive,Spring,4.9,No,Express,No,34,Credit Card,Quarterly,Every 3 Months,61-70 (Senior),90,Low Value,Medium Engagement,Low Value - Medium Engagement
2696,50,Female,Hat,Accessories,92,Tennessee,M,Orange,Fall,3.6,No,Standard,No,10,PayPal,Bi-Weekly,Bi-Weekly,46-60 (Middle-Aged),14,High Value,Low Engagement,High Value - Low Engagement
2697,57,Female,Coat,Outerwear,20,South Dakota,M,White,Spring,4.7,No,Free Shipping,No,12,Debit Card,Monthly,Monthly,46-60 (Middle-Aged),30,Low Value,Low Engagement,Low Value - Low Engagement
2698,42,Female,Jacket,Outerwear,52,Delaware,L,Red,Winter,3.2,No,Standard,No,36,Bank Transfer,Quarterly,Quarterly,31-45 (Adult),90,Medium Value,High Engagement,Medium Value - High Engagement
2699,55,Female,Hoodie,Clothing,57,Virginia,M,Magenta,Summer,3.6,No,Store Pickup,No,34,Venmo,Quarterly,Quarterly,46-60 (Middle-Aged),90,Medium Value,Medium Engagement,Medium Value - Medium Engagement
2700,25,Female,Boots,Footwear,96,Utah,M,Violet,Fall,3.6,No,2-Day Shipping,No,49,Debit Card,Annually,Annually,18-30 (Young Adult),365,High Value,High Engagement,High Value - High Engagement
2701,22,Female,T-shirt,Clothing,68,California,XL,Olive,Winter,3.2,No,Standard,No,36,Cash,Weekly,Weekly,18-30 (Young Adult),7,Medium Value,High Engagement,Medium Value - High Engagement
2702,49,Female,Sweater,Clothing,30,Idaho,L,Silver,Summer,2.8,No,Store Pickup,No,18,Bank Transfer,Bi-Weekly,Fortnightly,46-60 (Middle-Aged),14,Low Value,Medium Engagement,Low Value - Medium Engagement
2703,70,Female,Shoes,Footwear,37,Texas,L,Gray,Fall,4.0,No,Next Day Air,No,39,Debit Card,Bi-Weekly,Fortnightly,61-70 (Senior),14,Low Value,High Engagement,Low Value - High Engagement
2704,56,Female,Scarf,Accessories,42,Tennessee,XL,Olive,Winter,4.4,No,Free Shipping,No,34,PayPal,Weekly,Weekly,46-60 (Middle-Aged),7,Medium Value,Medium Engagement,Medium Value - Medium Engagement
2705,52,Female,Dress,Clothing,54,Tennessee,L,Beige,Spring,3.4,No,Next Day Air,No,35,Debit Card,Weekly,Weekly,46-60 (Middle-Aged),7,Medium Value,Medium Engagement,Medium Value - Medium Engagement
2706,65,Female,Jacket,Outerwear,81,Washington,S,Turquoise,Spring,5.0,No,Store Pickup,No,1,Credit Card,Bi-Weekly,Bi-Weekly,61-70 (Senior),14,High Value,Low Engagement,High Value - Low Engagement
2707,24,Female,Shoes,Footwear,40,Alabama,S,Blue,Spring,3.1,No,Express,No,48,Debit Card,Quarterly,Quarterly,18-30 (Young Adult),90,Medium Value,High Engagement,Medium Value - High Engagement
2708,32,Female,Backpack,Accessories,88,Nebraska,M,Pink,Fall,4.2,No,Standard,No,19,Cash,Weekly,Weekly,31-45 (Adult),7,High Value,Medium Engagement,High Value - Medium Engagement
2709,57,Female,Dress,Clothing,94,Alabama,M,Teal,Summer,3.3,No,Store Pickup,No,44,Debit Card,Weekly,Weekly,46-60 (Middle-Aged),7,High Value,High Engagement,High Value - High Engagement
2710,35,Female,Shirt,Clothing,54,Illinois,S,Cyan,Winter,2.9,No,Standard,No,9,Credit Card,Bi-Weekly,Bi-Weekly,31-45 (Adult),14,Medium Value,Low Engagement,Medium Value - Low Engagement
2711,69,Female,Jacket,Outerwear,51,Wisconsin,L,Purple,Summer,4.7,No,Standard,No,3,Bank Transfer,Bi-Weekly,Fortnightly,61-70 (Senior),14,Medium Value,Low Engagement,Medium Value - Low Engagement
2712,30,Female,Sunglasses,Accessories,22,Nebraska,L,Red,Spring,4.0,No,Standard,No,50,Venmo,Monthly,Monthly,18-30 (Young Adult),30,Low Value,High Engagement,Low Value - High Engagement
2713,37,Female,Jacket,Outerwear,95,North Dakota,L,Brown,Fall,4.6,No,Standard,No,7,Debit Card,Quarterly,Quarterly,31-45 (Adult),90,High Value,Low Engagement,High Value - Low Engagement
2714,19,Female,Coat,Outerwear,57,Mississippi,M,Magenta,Fall,3.8,No,2-Day Shipping,No,20,Debit Card,Annually,Annually,18-30 (Young Adult),365,Medium Value,Medium Engagement,Medium Value - Medium Engagement
2715,53,Female,Sweater,Clothing,45,Iowa,S,Olive,Winter,3.6,No,Store Pickup,No,16,Credit Card,Bi-Weekly,Bi-Weekly,46-60 (Middle-Aged),14,Medium Value,Medium Engagement,Medium Value - Medium Engagement
2716,25,Female,Sneakers,Footwear,92,Mississippi,XL,Pink,Winter,4.1,No,Express,No,29,PayPal,Bi-Weekly,Fortnightly,18-30 (Young Adult),14,High Value,Medium Engagement,High Value - Medium Engagement
2717,47,Female,Shoes,Footwear,40,Colorado,L,Black,Spring,2.7,No,Store Pickup,No,21,Debit Card,Weekly,Weekly,46-60 (Middle-Aged),7,Medium Value,Medium Engagement,Medium Value - Medium Engagement
2718,18,Female,Sunglasses,Accessories,62,Nebraska,XL,Beige,Winter,4.3,No,Free Shipping,No,19,Credit Card,Quarterly,Every 3 Months,18-30 (Young Adult),90,Medium Value,Medium Engagement,Medium Value - Medium Engagement
2719,22,Female,Shorts,Clothing,90,Virginia,M,Peach,Winter,4.9,No,Next Day Air,No,10,Venmo,Bi-Weekly,Bi-Weekly,18-30 (Young Adult),14,High Value,Low Engagement,High Value - Low Engagement
2720,69,Female,Hoodie,Clothing,82,Louisiana,S,Peach,Fall,4.2,No,Free Shipping,No,4,Bank Transfer,Monthly,Monthly,61-70 (Senior),30,High Value,Low Engagement,High Value - Low Engagement
2721,55,Female,Scarf,Accessories,52,Maryland,M,Peach,Spring,2.8,No,Store Pickup,No,45,Bank Transfer,Quarterly,Quarterly,46-60 (Middle-Aged),90,Medium Value,High Engagement,Medium Value - High Engagement
2722,19,Female,Sandals,Footwear,70,Minnesota,S,Teal,Spring,4.9,No,Free Shipping,No,17,PayPal,Bi-Weekly,Fortnightly,18-30 (Young Adult),14,Medium Value,Medium Engagement,Medium Value - Medium Engagement
2723,23,Female,Hat,Accessories,83,Maine,M,Green,Spring,2.8,No,2-Day Shipping,No,22,PayPal,Bi-Weekly,Fortnightly,18-30 (Young Adult),14,High Value,Medium Engagement,High Value - Medium Engagement
2724,54,Female,Shoes,Footwear,49,Texas,XL,Brown,Summer,2.9,No,Store Pickup,No,3,PayPal,Quarterly,Every 3 Months,46-60 (Middle-Aged),90,Medium Value,Low Engagement,Medium Value - Low Engagement
2725,52,Female,Sneakers,Footwear,91,Missouri,M,Brown,Spring,2.5,No,Next Day Air,No,11,Debit Card,Bi-Weekly,Fortnightly,46-60 (Middle-Aged),14,High Value,Low Engagement,High Value - Low Engagement
2726,64,Female,Backpack,Accessories,99,Mississippi,S,Violet,Summer,2.7,No,Free Shipping,No,4,Debit Card,Annually,Annually,61-70 (Senior),365,High Value,Low Engagement,High Value - Low Engagement
2727,33,Female,Belt,Accessories,92,Michigan,L,Blue,Winter,3.3,No,Free Shipping,No,11,PayPal,Bi-Weekly,Bi-Weekly,31-45 (Adult),14,High Value,Low Engagement,High Value - Low Engagement
2728,40,Female,Shirt,Clothing,87,Colorado,L,Charcoal,Winter,3.7,No,2-Day Shipping,No,47,Credit Card,Bi-Weekly,Fortnightly,31-45 (Adult),14,High Value,High Engagement,High Value - High Engagement
2729,26,Female,Skirt,Clothing,28,Florida,M,Pink,Winter,4.0,No,Express,No,17,Debit Card,Weekly,Weekly,18-30 (Young Adult),7,Low Value,Medium Engagement,Low Value - Medium Engagement
2730,31,Female,Gloves,Accessories,71,Montana,S,Violet,Summer,4.1,No,Free Shipping,No,32,Credit Card,Monthly,Monthly,31-45 (Adult),30,Medium Value,Medium Engagement,Medium Value - Medium Engagement
2731,23,Female,Gloves,Accessories,32,Wisconsin,M,Teal,Winter,4.1,No,Store Pickup,No,37,Bank Transfer,Annually,Annually,18-30 (Young Adult),365,Low Value,High Engagement,Low Value - High Engagement
2732,52,Female,Handbag,Accessories,33,Wisconsin,M,Red,Summer,2.5,No,2-Day Shipping,No,44,Bank Transfer,Quarterly,Quarterly,46-60 (Middle-Aged),90,Low Value,High Engagement,Low Value - High Engagement
2733,21,Female,Socks,Clothing,75,Delaware,L,Orange,Winter,4.2,No,Store Pickup,No,27,Debit Card,Quarterly,Every 3 Months,18-30 (Young Adult),90,Medium Value,Medium Engagement,Medium Value - Medium Engagement
2734,31,Female,Backpack,Accessories,83,North Carolina,M,Magenta,Summer,4.7,No,Express,No,46,PayPal,Annually,Annually,31-45 (Adult),365,High Value,High Engagement,High Value - High Engagement
2735,63,Female,Jeans,Clothing,93,New York,XL,Yellow,Summer,2.7,No,2-Day Shipping,No,13,Cash,Bi-Weekly,Bi-Weekly,61-70 (Senior),14,High Value,Low Engagement,High Value - Low Engagement
2736,46,Female,Skirt,Clothing,29,California,M,Yellow,Spring,3.0,No,Express,No,2,PayPal,Bi-Weekly,Bi-Weekly,46-60 (Middle-Aged),14,Low Value,Low Engagement,Low Value - Low Engagement
2737,44,Female,Hoodie,Clothing,25,Montana,M,Pink,Spring,4.8,No,Store Pickup,No,45,Credit Card,Annually,Annually,31-45 (Adult),365,Low Value,High Engagement,Low Value - High Engagement
2738,57,Female,Jewelry,Accessories,76,North Carolina,S,Indigo,Spring,4.4,No,Free Shipping,No,35,Cash,Quarterly,Every 3 Months,46-60 (Middle-Aged),90,High Value,Medium Engagement,High Value - Medium Engagement
2739,50,Female,Sneakers,Footwear,81,Ohio,M,Charcoal,Summer,4.3,No,2-Day Shipping,No,39,Venmo,Quarterly,Every 3 Months,46-60 (Middle-Aged),90,High Value,High Engagement,High Value - High Engagement
2740,33,Female,Shirt,Clothing,80,Alaska,XL,Blue,Winter,2.5,No,Store Pickup,No,39,Credit Card,Quarterly,Every 3 Months,31-45 (Adult),90,High Value,High Engagement,High Value - High Engagement
2741,19,Female,Sunglasses,Accessories,70,Pennsylvania,M,Lavender,Summer,4.9,No,Free Shipping,No,34,Bank Transfer,Bi-Weekly,Fortnightly,18-30 (Young Adult),14,Medium Value,Medium Engagement,Medium Value - Medium Engagement
2742,68,Female,Dress,Clothing,81,Maine,L,Yellow,Fall,4.9,No,2-Day Shipping,No,41,Venmo,Monthly,Monthly,61-70 (Senior),30,High Value,High Engagement,High Value - High Engagement
2743,27,Female,Shoes,Footwear,86,Texas,M,Black,Spring,3.9,No,Free Shipping,No,47,Debit Card,Annually,Annually,18-30 (Young Adult),365,High Value,High Engagement,High Value - High Engagement
2744,61,Female,Belt,Accessories,94,New Jersey,S,Beige,Fall,4.1,No,2-Day Shipping,No,17,Venmo,Quarterly,Quarterly,61-70 (Senior),90,High Value,Medium Engagement,High Value - Medium Engagement
2745,38,Female,Shirt,Clothing,66,Wyoming,M,Silver,Winter,3.3,No,Store Pickup,No,40,Credit Card,Monthly,Monthly,31-45 (Adult),30,Medium Value,High Engagement,Medium Value - High Engagement
2746,28,Female,Boots,Footwear,98,Michigan,M,Magenta,Summer,4.1,No,Standard,No,44,PayPal,Bi-Weekly,Bi-Weekly,18-30 (Young Adult),14,High Value,High Engagement,High Value - High Engagement
2747,39,Female,Hoodie,Clothing,25,Ohio,M,Orange,Fall,3.7,No,Standard,No,21,PayPal,Quarterly,Every 3 Months,31-45 (Adult),90,Low Value,Medium Engagement,Low Value - Medium Engagement
2748,18,Female,Jeans,Clothing,62,West Virginia,M,Teal,Winter,3.1,No,Free Shipping,No,21,Credit Card,Quarterly,Every 3 Months,18-30 (Young Adult),90,Medium Value,Medium Engagement,Medium Value - Medium Engagement
2749,24,Female,Jacket,Outerwear,98,Virginia,L,Turquoise,Spring,3.0,No,Free Shipping,No,16,Venmo,Annually,Annually,18-30 (Young Adult),365,High Value,Medium Engagement,High Value - Medium Engagement
2750,64,Female,Jacket,Outerwear,53,Vermont,M,Cyan,Spring,3.4,No,Standard,No,15,Bank Transfer,Annually,Annually,61-70 (Senior),365,Medium Value,Low Engagement,Medium Value - Low Engagement
2751,51,Female,Sandals,Footwear,66,Alaska,L,Pink,Spring,2.7,No,2-Day Shipping,No,26,PayPal,Quarterly,Every 3 Months,46-60 (Middle-Aged),90,Medium Value,Medium Engagement,Medium Value - Medium Engagement
2752,27,Female,Dress,Clothing,52,Minnesota,S,Indigo,Fall,3.1,No,Free Shipping,No,50,Venmo,Monthly,Monthly,18-30 (Young Adult),30,Medium Value,High Engagement,Medium Value - High Engagement
2753,48,Female,Sweater,Clothing,64,Colorado,S,Peach,Winter,4.0,No,Free Shipping,No,30,Venmo,Bi-Weekly,Bi-Weekly,46-60 (Middle-Aged),14,Medium Value,Medium Engagement,Medium Value - Medium Engagement
2754,69,Female,Gloves,Accessories,59,Rhode Island,M,Beige,Spring,3.6,No,Next Day Air,No,48,PayPal,Quarterly,Quarterly,61-70 (Senior),90,Medium Value,High Engagement,Medium Value - High Engagement
2755,59,Female,Sunglasses,Accessories,61,New Jersey,L,Gold,Summer,3.6,No,Free Shipping,No,21,Venmo,Bi-Weekly,Bi-Weekly,46-60 (Middle-Aged),14,Medium Value,Medium Engagement,Medium Value - Medium Engagement
2756,59,Female,Belt,Accessories,97,Nevada,M,Indigo,Winter,3.3,No,Store Pickup,No,18,Credit Card,Annually,Annually,46-60 (Middle-Aged),365,High Value,Medium Engagement,High Value - Medium Engagement
2757,42,Female,Hat,Accessories,23,Minnesota,L,Violet,Winter,4.1,No,Free Shipping,No,41,PayPal,Monthly,Monthly,31-45 (Adult),30,Low Value,High Engagement,Low Value - High Engagement
2758,39,Female,Hat,Accessories,98,Delaware,XL,Brown,Fall,4.3,No,Next Day Air,No,11,Venmo,Monthly,Monthly,31-45 (Adult),30,High Value,Low Engagement,High Value - Low Engagement
2759,32,Female,Blouse,Clothing,98,Illinois,M,Purple,Summer,3.2,No,Standard,No,8,Bank Transfer,Bi-Weekly,Bi-Weekly,31-45 (Adult),14,High Value,Low Engagement,High Value - Low Engagement
2760,68,Female,Shoes,Footwear,59,Washington,M,Turquoise,Summer,3.9,No,Free Shipping,No,42,Cash,Quarterly,Every 3 Months,61-70 (Senior),90,Medium Value,High Engagement,Medium Value - High Engagement
2761,41,Female,Skirt,Clothing,82,Alaska,S,Violet,Fall,5.0,No,Next Day Air,No,41,Credit Card,Bi-Weekly,Bi-Weekly,31-45 (Adult),14,High Value,High Engagement,High Value - High Engagement
2762,31,Female,Sneakers,Footwear,82,Michigan,M,Purple,Fall,3.4,No,Next Day Air,No,3,Credit Card,Quarterly,Every 3 Months,31-45 (Adult),90,High Value,Low Engagement,High Value - Low Engagement
2763,58,Female,T-shirt,Clothing,41,Georgia,M,Charcoal,Fall,3.8,No,Store Pickup,No,10,Debit Card,Quarterly,Every 3 Months,46-60 (Middle-Aged),90,Medium Value,Low Engagement,Medium Value - Low Engagement
2764,28,Female,Handbag,Accessories,52,West Virginia,M,Green,Fall,2.9,No,2-Day Shipping,No,35,Venmo,Quarterly,Quarterly,18-30 (Young Adult),90,Medium Value,Medium Engagement,Medium Value - Medium Engagement
2765,63,Female,Sweater,Clothing,41,Arizona,XL,White,Spring,2.6,No,Next Day Air,No,2,Debit Card,Weekly,Weekly,61-70 (Senior),7,Medium Value,Low Engagement,Medium Value - Low Engagement
2766,64,Female,Gloves,Accessories,70,Colorado,M,Purple,Summer,4.3,No,2-Day Shipping,No,24,Credit Card,Quarterly,Quarterly,61-70 (Senior),90,Medium Value,Medium Engagement,Medium Value - Medium Engagement
2767,66,Female,Dress,Clothing,91,Tennessee,M,Cyan,Winter,2.8,No,Standard,No,47,Credit Card,Monthly,Monthly,61-70 (Senior),30,High Value,High Engagement,High Value - High Engagement
2768,31,Female,Dress,Clothing,95,Iowa,M,Green,Spring,4.5,No,Free Shipping,No,31,Cash,Monthly,Monthly,31-45 (Adult),30,High Value,Medium Engagement,High Value - Medium Engagement
2769,55,Female,Blouse,Clothing,25,Kansas,M,Beige,Spring,3.8,No,2-Day Shipping,No,28,PayPal,Bi-Weekly,Bi-Weekly,46-60 (Middle-Aged),14,Low Value,Medium Engagement,Low Value - Medium Engagement
2770,32,Female,Shirt,Clothing,89,Oklahoma,L,Lavender,Fall,3.0,No,Standard,No,13,Cash,Weekly,Weekly,31-45 (Adult),7,High Value,Low Engagement,High Value - Low Engagement
2771,50,Female,Boots,Footwear,44,Nebraska,S,Blue,Fall,3.3,No,Express,No,22,Bank Transfer,Quarterly,Quarterly,46-60 (Middle-Aged),90,Medium Value,Medium Engagement,Medium Value - Medium Engagement
2772,58,Female,Jacket,Outerwear,52,Maryland,S,Beige,Summer,3.1,No,2-Day Shipping,No,12,Bank Transfer,Bi-Weekly,Fortnightly,46-60 (Middle-Aged),14,Medium Value,Low Engagement,Medium Value - Low Engagement
2773,18,Female,Backpack,Accessories,94,Pennsylvania,L,Blue,Spring,3.5,No,Store Pickup,No,10,Bank Transfer,Quarterly,Every 3 Months,18-30 (Young Adult),90,High Value,Low Engagement,High Value - Low Engagement
2774,39,Female,Pants,Clothing,98,Arizona,S,Maroon,Spring,4.6,No,Express,No,45,Bank Transfer,Quarterly,Quarterly,31-45 (Adult),90,High Value,High Engagement,High Value - High Engagement
2775,56,Female,Boots,Footwear,40,Oklahoma,L,Yellow,Fall,4.1,No,Standard,No,42,Credit Card,Quarterly,Quarterly,46-60 (Middle-Aged),90,Medium Value,High Engagement,Medium Value - High Engagement
2776,37,Female,Socks,Clothing,25,Montana,L,Red,Fall,3.6,No,Free Shipping,No,16,Debit Card,Weekly,Weekly,31-45 (Adult),7,Low Value,Medium Engagement,Low Value - Medium Engagement
2777,46,Female,Scarf,Accessories,62,Wyoming,L,Green,Fall,2.9,No,Free Shipping,No,6,Bank Transfer,Annually,Annually,46-60 (Middle-Aged),365,Medium Value,Low Engagement,Medium Value - Low Engagement
2778,52,Female,Blouse,Clothing,24,Idaho,M,Magenta,Fall,4.8,No,Standard,No,28,Credit Card,Quarterly,Every 3 Months,46-60 (Middle-Aged),90,Low Value,Medium Engagement,Low Value - Medium Engagement
2779,70,Female,Belt,Accessories,57,Pennsylvania,L,Yellow,Spring,3.2,No,Standard,No,24,Credit Card,Bi-Weekly,Bi-Weekly,61-70 (Senior),14,Medium Value,Medium Engagement,Medium Value - Medium Engagement
2780,61,Female,Sunglasses,Accessories,66,Montana,L,Blue,Winter,4.3,No,Express,No,14,Credit Card,Bi-Weekly,Fortnightly,61-70 (Senior),14,Medium Value,Low Engagement,Medium Value - Low Engagement
2781,33,Female,Boots,Footwear,70,Ohio,M,Charcoal,Winter,4.1,No,Next Day Air,No,29,PayPal,Bi-Weekly,Fortnightly,31-45 (Adult),14,Medium Value,Medium Engagement,Medium Value - Medium Engagement
2782,65,Female,Sandals,Footwear,39,Mississippi,M,Blue,Spring,4.6,No,Standard,No,33,PayPal,Weekly,Weekly,61-70 (Senior),7,Low Value,Medium Engagement,Low Value - Medium Engagement
2783,41,Female,Gloves,Accessories,34,Idaho,S,Cyan,Spring,3.8,No,Free Shipping,No,30,PayPal,Annually,Annually,31-45 (Adult),365,Low Value,Medium Engagement,Low Value - Medium Engagement
2784,19,Female,Skirt,Clothing,38,Virginia,M,Silver,Spring,4.5,No,Next Day Air,No,26,Credit Card,Quarterly,Quarterly,18-30 (Young Adult),90,Low Value,Medium Engagement,Low Value - Medium Engagement
2785,33,Female,Skirt,Clothing,70,Idaho,M,Black,Winter,3.1,No,Express,No,12,PayPal,Quarterly,Every 3 Months,31-45 (Adult),90,Medium Value,Low Engagement,Medium Value - Low Engagement
2786,53,Female,Blouse,Clothing,80,Louisiana,S,Green,Summer,2.9,No,Next Day Air,No,13,Bank Transfer,Monthly,Monthly,46-60 (Middle-Aged),30,High Value,Low Engagement,High Value - Low Engagement
2787,54,Female,Handbag,Accessories,51,Colorado,M,Violet,Spring,3.8,No,Next Day Air,No,41,Debit Card,Quarterly,Every 3 Months,46-60 (Middle-Aged),90,Medium Value,High Engagement,Medium Value - High Engagement
2788,36,Female,Boots,Footwear,79,West Virginia,XL,Pink,Spring,4.1,No,Next Day Air,No,4,Venmo,Bi-Weekly,Fortnightly,31-45 (Adult),14,High Value,Low Engagement,High Value - Low Engagement
2789,56,Female,Boots,Footwear,92,Rhode Island,M,Olive,Summer,3.1,No,Free Shipping,No,2,Credit Card,Annually,Annually,46-60 (Middle-Aged),365,High Value,Low Engagement,High Value - Low Engagement
2790,28,Female,Sweater,Clothing,85,North Carolina,L,Orange,Fall,5.0,No,Express,No,28,Credit Card,Bi-Weekly,Bi-Weekly,18-30 (Young Adult),14,High Value,Medium Engagement,High Value - Medium Engagement
2791,34,Female,Socks,Clothing,63,Maine,M,Black,Spring,4.5,No,Free Shipping,No,24,Debit Card,Annually,Annually,31-45 (Adult),365,Medium Value,Medium Engagement,Medium Value - Medium Engagement
2792,43,Female,Gloves,Accessories,60,Iowa,M,Yellow,Fall,2.8,No,Express,No,14,Venmo,Bi-Weekly,Fortnightly,31-45 (Adult),14,Medium Value,Low Engagement,Medium Value - Low Engagement
2793,54,Female,Shorts,Clothing,44,Kentucky,L,Violet,Winter,3.2,No,Express,No,11,Credit Card,Weekly,Weekly,46-60 (Middle-Aged),7,Medium Value,Low Engagement,Medium Value - Low Engagement
2794,37,Female,Boots,Footwear,57,Massachusetts,M,Silver,Spring,3.1,No,Standard,No,27,Debit Card,Bi-Weekly,Bi-Weekly,31-45 (Adult),14,Medium Value,Medium Engagement,Medium Value - Medium Engagement
2795,33,Female,Jacket,Outerwear,24,New York,M,Gold,Fall,3.3,No,Standard,No,7,Cash,Bi-Weekly,Fortnightly,31-45 (Adult),14,Low Value,Low Engagement,Low Value - Low Engagement
2796,33,Female,Scarf,Accessories,35,Nebraska,M,Magenta,Winter,3.4,No,Store Pickup,No,49,PayPal,Annually,Annually,31-45 (Adult),365,Low Value,High Engagement,Low Value - High Engagement
2797,55,Female,Jacket,Outerwear,73,Oklahoma,M,Red,Winter,3.8,No,Store Pickup,No,21,Cash,Annually,Annually,46-60 (Middle-Aged),365,Medium Value,Medium Engagement,Medium Value - Medium Engagement
2798,63,Female,Jewelry,Accessories,42,Oklahoma,M,Green,Winter,3.5,No,Express,No,10,Venmo,Quarterly,Every 3 Months,61-70 (Senior),90,Medium Value,Low Engagement,Medium Value - Low Engagement
2799,52,Female,Hoodie,Clothing,20,Rhode Island,XL,Red,Winter,4.8,No,Store Pickup,No,37,PayPal,Weekly,Weekly,46-60 (Middle-Aged),7,Low Value,High Engagement,Low Value - High Engagement
2800,23,Female,T-shirt,Clothing,89,Maine,L,Pink,Spring,3.9,No,Free Shipping,No,9,Bank Transfer,Quarterly,Every 3 Months,18-30 (Young Adult),90,High Value,Low Engagement,High Value - Low Engagement
2801,70,Female,Shirt,Clothing,76,Arkansas,L,Violet,Fall,3.4,No,Free Shipping,No,14,Cash,Bi-Weekly,Bi-Weekly,61-70 (Senior),14,High Value,Low Engagement,High Value - Low Engagement
2802,64,Female,Shirt,Clothing,56,New Mexico,M,Indigo,Winter,2.6,No,Express,No,30,PayPal,Annually,Annually,61-70 (Senior),365,Medium Value,Medium Engagement,Medium Value - Medium Engagement
2803,22,Female,Coat,Outerwear,100,Hawaii,L,Red,Fall,3.1,No,Store Pickup,No,42,Credit Card,Bi-Weekly,Fortnightly,18-30 (Young Adult),14,High Value,High Engagement,High Value - High Engagement
2804,46,Female,T-shirt,Clothing,44,Idaho,M,Violet,Winter,3.3,No,Free Shipping,No,31,Bank Transfer,Monthly,Monthly,46-60 (Middle-Aged),30,Medium Value,Medium Engagement,Medium Value - Medium Engagement
2805,65,Female,Hoodie,Clothing,76,South Carolina,M,Cyan,Spring,2.8,No,Standard,No,48,Bank Transfer,Quarterly,Every 3 Months,61-70 (Senior),90,High Value,High Engagement,High Value - High Engagement
2806,18,Female,Sunglasses,Accessories,97,Nevada,S,Black,Fall,4.3,No,Standard,No,48,Cash,Quarterly,Quarterly,18-30 (Young Adult),90,High Value,High Engagement,High Value - High Engagement
2807,45,Female,Blouse,Clothing,39,South Carolina,L,Purple,Spring,2.7,No,Standard,No,50,Credit Card,Annually,Annually,31-45 (Adult),365,Low Value,High Engagement,Low Value - High Engagement
2808,56,Female,Hoodie,Clothing,100,Maryland,M,Charcoal,Spring,4.4,No,2-Day Shipping,No,10,Debit Card,Bi-Weekly,Fortnightly,46-60 (Middle-Aged),14,High Value,Low Engagement,High Value - Low Engagement
2809,49,Female,Skirt,Clothing,62,Tennessee,M,Beige,Spring,3.9,No,Free Shipping,No,45,PayPal,Quarterly,Every 3 Months,46-60 (Middle-Aged),90,Medium Value,High Engagement,Medium Value - High Engagement
2810,66,Female,Shorts,Clothing,98,Arkansas,XL,Teal,Summer,3.0,No,Standard,No,27,Debit Card,Quarterly,Quarterly,61-70 (Senior),90,High Value,Medium Engagement,High Value - Medium Engagement
2811,27,Female,Jeans,Clothing,31,Arizona,M,Purple,Summer,4.0,No,Standard,No,10,Debit Card,Bi-Weekly,Fortnightly,18-30 (Young Adult),14,Low Value,Low Engagement,Low Value - Low Engagement
2812,69,Female,Jacket,Outerwear,89,Ohio,M,Blue,Fall,3.7,No,Store Pickup,No,19,Credit Card,Quarterly,Quarterly,61-70 (Senior),90,High Value,Medium Engagement,High Value - Medium Engagement
2813,66,Female,Hoodie,Clothing,91,North Dakota,XL,Magenta,Fall,3.8,No,Store Pickup,No,1,Credit Card,Quarterly,Every 3 Months,61-70 (Senior),90,High Value,Low Engagement,High Value - Low Engagement
2814,45,Female,Shirt,Clothing,50,Vermont,S,Maroon,Summer,3.3,No,2-Day Shipping,No,39,Debit Card,Quarterly,Quarterly,31-45 (Adult),90,Medium Value,High Engagement,Medium Value - High Engagement
2815,31,Female,T-shirt,Clothing,32,Minnesota,L,Gold,Winter,3.6,No,Standard,No,14,Bank Transfer,Monthly,Monthly,31-45 (Adult),30,Low Value,Low Engagement,Low Value - Low Engagement
2816,33,Female,Blouse,Clothing,67,Idaho,L,Black,Fall,3.9,No,Free Shipping,No,40,Venmo,Quarterly,Every 3 Months,31-45 (Adult),90,Medium Value,High Engagement,Medium Value - High Engagement
2817,43,Female,Skirt,Clothing,28,Maryland,M,Black,Spring,3.5,No,Free Shipping,No,45,Venmo,Weekly,Weekly,31-45 (Adult),7,Low Value,High Engagement,Low Value - High Engagement
2818,25,Female,Backpack,Accessories,65,South Carolina,XL,Yellow,Winter,3.4,No,Standard,No,6,Venmo,Weekly,Weekly,18-30 (Young Adult),7,Medium Value,Low Engagement,Medium Value - Low Engagement
2819,46,Female,Shorts,Clothing,73,California,M,Turquoise,Fall,4.7,No,Next Day Air,No,12,Debit Card,Annually,Annually,46-60 (Middle-Aged),365,Medium Value,Low Engagement,Medium Value - Low Engagement
2820,67,Female,Shirt,Clothing,27,Georgia,L,Lavender,Spring,3.0,No,Free Shipping,No,19,Cash,Monthly,Monthly,61-70 (Senior),30,Low Value,Medium Engagement,Low Value - Medium Engagement
2821,26,Female,Backpack,Accessories,89,Vermont,L,Yellow,Summer,3.9,No,Free Shipping,No,5,Cash,Bi-Weekly,Bi-Weekly,18-30 (Young Adult),14,High Value,Low Engagement,High Value - Low Engagement
2822,35,Female,Shoes,Footwear,72,Georgia,L,Olive,Summer,4.5,No,Standard,No,37,Venmo,Monthly,Monthly,31-45 (Adult),30,Medium Value,High Engagement,Medium Value - High Engagement
2823,61,Female,Skirt,Clothing,37,New Jersey,S,Brown,Fall,4.1,No,Standard,No,33,PayPal,Quarterly,Quarterly,61-70 (Senior),90,Low Value,Medium Engagement,Low Value - Medium Engagement
2824,26,Female,Dress,Clothing,63,Utah,M,Olive,Summer,4.5,No,Standard,No,47,Debit Card,Bi-Weekly,Bi-Weekly,18-30 (Young Adult),14,Medium Value,High Engagement,Medium Value - High Engagement
2825,39,Female,Hat,Accessories,90,Utah,M,Purple,Fall,4.0,No,Free Shipping,No,49,Debit Card,Quarterly,Quarterly,31-45 (Adult),90,High Value,High Engagement,High Value - High Engagement
2826,69,Female,Handbag,Accessories,62,North Carolina,M,Yellow,Winter,4.3,No,2-Day Shipping,No,28,Bank Transfer,Annually,Annually,61-70 (Senior),365,Medium Value,Medium Engagement,Medium Value - Medium Engagement
2827,32,Female,Handbag,Accessories,43,Florida,L,Brown,Fall,3.6,No,Express,No,23,Venmo,Annually,Annually,31-45 (Adult),365,Medium Value,Medium Engagement,Medium Value - Medium Engagement
2828,20,Female,Blouse,Clothing,96,Wisconsin,M,Magenta,Fall,3.1,No,Next Day Air,No,11,Bank Transfer,Bi-Weekly,Bi-Weekly,18-30 (Young Adult),14,High Value,Low Engagement,High Value - Low Engagement
2829,25,Female,Scarf,Accessories,83,Tennessee,L,Lavender,Fall,2.6,No,Standard,No,33,PayPal,Quarterly,Quarterly,18-30 (Young Adult),90,High Value,Medium Engagement,High Value - Medium Engagement
2830,56,Female,Jewelry,Accessories,67,Arizona,XL,Teal,Fall,3.4,No,Next Day Air,No,47,Cash,Weekly,Weekly,46-60 (Middle-Aged),7,Medium Value,High Engagement,Medium Value - High Engagement
2831,63,Female,Skirt,Clothing,90,Oregon,L,Cyan,Spring,2.9,No,Store Pickup,No,13,Venmo,Quarterly,Every 3 Months,61-70 (Senior),90,High Value,Low Engagement,High Value - Low Engagement
2832,34,Female,Hoodie,Clothing,53,Virginia,L,Pink,Winter,5.0,No,Express,No,4,Credit Card,Weekly,Weekly,31-45 (Adult),7,Medium Value,Low Engagement,Medium Value - Low Engagement
2833,29,Female,Scarf,Accessories,37,Maryland,M,Magenta,Summer,4.6,No,Standard,No,40,PayPal,Quarterly,Quarterly,18-30 (Young Adult),90,Low Value,High Engagement,Low Value - High Engagement
2834,43,Female,Jeans,Clothing,56,Arkansas,M,Teal,Fall,3.3,No,Free Shipping,No,19,Cash,Monthly,Monthly,31-45 (Adult),30,Medium Value,Medium Engagement,Medium Value - Medium Engagement
2835,39,Female,Jacket,Outerwear,43,Texas,M,Indigo,Fall,2.9,No,2-Day Shipping,No,17,Credit Card,Weekly,Weekly,31-45 (Adult),7,Medium Value,Medium Engagement,Medium Value - Medium Engagement
2836,33,Female,T-shirt,Clothing,84,Vermont,S,Pink,Winter,4.9,No,Free Shipping,No,7,Venmo,Annually,Annually,31-45 (Adult),365,High Value,Low Engagement,High Value - Low Engagement
2837,51,Female,Pants,Clothing,50,Wyoming,M,Charcoal,Winter,5.0,No,2-Day Shipping,No,21,Cash,Bi-Weekly,Bi-Weekly,46-60 (Middle-Aged),14,Medium Value,Medium Engagement,Medium Value - Medium Engagement
2838,65,Female,Shoes,Footwear,88,Alabama,M,Brown,Summer,4.5,No,Express,No,44,PayPal,Weekly,Weekly,61-70 (Senior),7,High Value,High Engagement,High Value - High Engagement
2839,51,Female,Jacket,Outerwear,50,Maine,M,Blue,Fall,3.7,No,Free Shipping,No,2,Bank Transfer,Weekly,Weekly,46-60 (Middle-Aged),7,Medium Value,Low Engagement,Medium Value - Low Engagement
2840,70,Female,Scarf,Accessories,80,South Dakota,L,Teal,Summer,2.8,No,Store Pickup,No,30,Bank Transfer,Monthly,Monthly,61-70 (Senior),30,High Value,Medium Engagement,High Value - Medium Engagement
2841,40,Female,T-shirt,Clothing,47,West Virginia,L,Pink,Spring,3.5,No,Store Pickup,No,41,Cash,Annually,Annually,31-45 (Adult),365,Medium Value,High Engagement,Medium Value - High Engagement
2842,19,Female,Dress,Clothing,33,Ohio,XL,Magenta,Winter,3.0,No,2-Day Shipping,No,31,Cash,Weekly,Weekly,18-30 (Young Adult),7,Low Value,Medium Engagement,Low Value - Medium Engagement
2843,28,Female,Coat,Outerwear,100,Arizona,L,Green,Fall,4.3,No,Standard,No,48,Debit Card,Quarterly,Quarterly,18-30 (Young Adult),90,High Value,High Engagement,High Value - High Engagement
2844,51,Female,Sweater,Clothing,26,Ohio,M,White,Summer,3.6,No,Store Pickup,No,41,Venmo,Weekly,Weekly,46-60 (Middle-Aged),7,Low Value,High Engagement,Low Value - High Engagement
2845,32,Female,Hat,Accessories,79,New Mexico,M,Indigo,Summer,4.4,No,Standard,No,42,Venmo,Annually,Annually,31-45 (Adult),365,High Value,High Engagement,High Value - High Engagement
2846,26,Female,Backpack,Accessories,77,South Dakota,L,Lavender,Summer,4.1,No,Express,No,39,Debit Card,Quarterly,Every 3 Months,18-30 (Young Adult),90,High Value,High Engagement,High Value - High Engagement
2847,50,Female,Socks,Clothing,36,Oklahoma,XL,Black,Fall,2.8,No,Next Day Air,No,15,PayPal,Bi-Weekly,Bi-Weekly,46-60 (Middle-Aged),14,Low Value,Low Engagement,Low Value - Low Engagement
2848,68,Female,Jewelry,Accessories,21,Connecticut,L,Charcoal,Winter,2.8,No,Free Shipping,No,3,PayPal,Quarterly,Every 3 Months,61-70 (Senior),90,Low Value,Low Engagement,Low Value - Low Engagement
2849,33,Female,Boots,Footwear,72,Wisconsin,L,Gray,Fall,4.9,No,Store Pickup,No,28,Bank Transfer,Quarterly,Quarterly,31-45 (Adult),90,Medium Value,Medium Engagement,Medium Value - Medium Engagement
2850,56,Female,Coat,Outerwear,25,New Hampshire,M,Gold,Spring,4.1,No,Express,No,27,PayPal,Bi-Weekly,Bi-Weekly,46-60 (Middle-Aged),14,Low Value,Medium Engagement,Low Value - Medium Engagement
2851,57,Female,Sweater,Clothing,79,Nebraska,M,Silver,Spring,3.0,No,Store Pickup,No,36,Debit Card,Annually,Annually,46-60 (Middle-Aged),365,High Value,High Engagement,High Value - High Engagement
2852,58,Female,Blouse,Clothing,73,Nevada,L,Teal,Summer,3.0,No,Store Pickup,No,42,Debit Card,Monthly,Monthly,46-60 (Middle-Aged),30,Medium Value,High Engagement,Medium Value - High Engagement
2853,40,Female,Belt,Accessories,71,New York,M,Magenta,Spring,3.0,No,Store Pickup,No,30,Venmo,Weekly,Weekly,31-45 (Adult),7,Medium Value,Medium Engagement,Medium Value - Medium Engagement
2854,37,Female,Hat,Accessories,48,Pennsylvania,M,Magenta,Winter,3.2,No,Next Day Air,No,9,PayPal,Weekly,Weekly,31-45 (Adult),7,Medium Value,Low Engagement,Medium Value - Low Engagement
2855,36,Female,Sandals,Footwear,28,Delaware,M,Beige,Fall,2.7,No,Store Pickup,No,25,Venmo,Monthly,Monthly,31-45 (Adult),30,Low Value,Medium Engagement,Low Value - Medium Engagement
2856,29,Female,Boots,Footwear,95,Mississippi,S,Maroon,Winter,3.8,No,2-Day Shipping,No,33,PayPal,Quarterly,Quarterly,18-30 (Young Adult),90,High Value,Medium Engagement,High Value - Medium Engagement
2857,65,Female,Jacket,Outerwear,48,Iowa,M,Indigo,Winter,3.5,No,2-Day Shipping,No,31,Credit Card,Monthly,Monthly,61-70 (Senior),30,Medium Value,Medium Engagement,Medium Value - Medium Engagement
2858,44,Female,Dress,Clothing,93,Utah,S,Maroon,Spring,3.8,No,Next Day Air,No,35,Debit Card,Monthly,Monthly,31-45 (Adult),30,High Value,Medium Engagement,High Value - Medium Engagement
2859,34,Female,Jeans,Clothing,87,Maryland,L,Teal,Summer,3.8,No,2-Day Shipping,No,46,Bank Transfer,Monthly,Monthly,31-45 (Adult),30,High Value,High Engagement,High Value - High Engagement
2860,31,Female,Shorts,Clothing,32,Utah,L,Yellow,Fall,3.4,No,Express,No,29,Bank Transfer,Annually,Annually,31-45 (Adult),365,Low Value,Medium Engagement,Low Value - Medium Engagement
2861,28,Female,Shirt,Clothing,38,Rhode Island,M,Gold,Spring,2.9,No,Next Day Air,No,49,Bank Transfer,Weekly,Weekly,18-30 (Young Adult),7,Low Value,High Engagement,Low Value - High Engagement
2862,66,Female,Coat,Outerwear,54,Maryland,M,Teal,Fall,3.4,No,Free Shipping,No,27,Credit Card,Monthly,Monthly,61-70 (Senior),30,Medium Value,Medium Engagement,Medium Value - Medium Engagement
2863,68,Female,Coat,Outerwear,75,Hawaii,S,Violet,Summer,4.7,No,Store Pickup,No,5,Bank Transfer,Quarterly,Every 3 Months,61-70 (Senior),90,Medium Value,Low Engagement,Medium Value - Low Engagement
2864,37,Female,T-shirt,Clothing,56,Connecticut,M,Yellow,Fall,3.9,No,2-Day Shipping,No,18,Venmo,Monthly,Monthly,31-45 (Adult),30,Medium Value,Medium Engagement,Medium Value - Medium Engagement
2865,58,Female,Sweater,Clothing,43,Illinois,S,Maroon,Fall,3.6,No,Store Pickup,No,31,Venmo,Weekly,Weekly,46-60 (Middle-Aged),7,Medium Value,Medium Engagement,Medium Value - Medium Engagement
2866,28,Female,Skirt,Clothing,97,California,M,Silver,Fall,3.7,No,Free Shipping,No,27,Cash,Bi-Weekly,Fortnightly,18-30 (Young Adult),14,High Value,Medium Engagement,High Value - Medium Engagement
2867,54,Female,Blouse,Clothing,75,Connecticut,S,Violet,Summer,3.1,No,Free Shipping,No,19,Cash,Annually,Annually,46-60 (Middle-Aged),365,Medium Value,Medium Engagement,Medium Value - Medium Engagement
2868,21,Female,Sneakers,Footwear,55,Colorado,L,White,Summer,4.9,No,Next Day Air,No,33,Cash,Bi-Weekly,Fortnightly,18-30 (Young Adult),14,Medium Value,Medium Engagement,Medium Value - Medium Engagement
2869,45,Female,Backpack,Accessories,49,Colorado,M,Black,Winter,2.6,No,Next Day Air,No,42,PayPal,Quarterly,Every 3 Months,31-45 (Adult),90,Medium Value,High Engagement,Medium Value - High Engagement
2870,57,Female,Socks,Clothing,58,Georgia,M,White,Summer,4.2,No,Standard,No,16,Bank Transfer,Weekly,Weekly,46-60 (Middle-Aged),7,Medium Value,Medium Engagement,Medium Value - Medium Engagement
2871,47,Female,Jewelry,Accessories,34,North Dakota,M,Blue,Winter,4.8,No,Free Shipping,No,49,Debit Card,Quarterly,Every 3 Months,46-60 (Middle-Aged),90,Low Value,High Engagement,Low Value - High Engagement
2872,46,Female,Shorts,Clothing,43,Idaho,S,Black,Summer,2.7,No,2-Day Shipping,No,40,Venmo,Bi-Weekly,Bi-Weekly,46-60 (Middle-Aged),14,Medium Value,High Engagement,Medium Value - High Engagement
2873,63,Female,Jewelry,Accessories,48,Connecticut,L,Olive,Fall,2.6,No,Next Day Air,No,5,Cash,Annually,Annually,61-70 (Senior),365,Medium Value,Low Engagement,Medium Value - Low Engagement
2874,44,Female,Sweater,Clothing,40,Montana,M,Teal,Spring,2.6,No,Free Shipping,No,8,Bank Transfer,Monthly,Monthly,31-45 (Adult),30,Medium Value,Low Engagement,Medium Value - Low Engagement
2875,36,Female,Shirt,Clothing,29,Colorado,L,Silver,Summer,3.1,No,Standard,No,2,Debit Card,Annually,Annually,31-45 (Adult),365,Low Value,Low Engagement,Low Value - Low Engagement
2876,24,Female,Pants,Clothing,81,Kentucky,M,Pink,Fall,2.6,No,Free Shipping,No,14,Debit Card,Weekly,Weekly,18-30 (Young Adult),7,High Value,Low Engagement,High Value - Low Engagement
2877,65,Female,Hoodie,Clothing,84,New Mexico,M,Charcoal,Spring,3.4,No,2-Day Shipping,No,5,Bank Transfer,Bi-Weekly,Fortnightly,61-70 (Senior),14,High Value,Low Engagement,High Value - Low Engagement
2878,32,Female,Socks,Clothing,46,New Jersey,M,Silver,Summer,3.6,No,Standard,No,34,Venmo,Monthly,Monthly,31-45 (Adult),30,Medium Value,Medium Engagement,Medium Value - Medium Engagement
2879,63,Female,Dress,Clothing,86,California,L,Turquoise,Summer,4.3,No,Next Day Air,No,13,Bank Transfer,Annually,Annually,61-70 (Senior),365,High Value,Low Engagement,High Value - Low Engagement
2880,62,Female,Blouse,Clothing,57,North Dakota,XL,Turquoise,Winter,4.9,No,Free Shipping,No,31,Venmo,Annually,Annually,61-70 (Senior),365,Medium Value,Medium Engagement,Medium Value - Medium Engagement
2881,19,Female,Skirt,Clothing,61,Florida,L,Beige,Winter,4.8,No,Store Pickup,No,43,PayPal,Quarterly,Quarterly,18-30 (Young Adult),90,Medium Value,High Engagement,Medium Value - High Engagement
2882,38,Female,Backpack,Accessories,90,Texas,M,Cyan,Winter,4.2,No,Free Shipping,No,6,Bank Transfer,Annually,Annually,31-45 (Adult),365,High Value,Low Engagement,High Value - Low Engagement
2883,59,Female,Blouse,Clothing,51,Oklahoma,L,Gold,Winter,2.6,No,Store Pickup,No,23,Credit Card,Bi-Weekly,Bi-Weekly,46-60 (Middle-Aged),14,Medium Value,Medium Engagement,Medium Value - Medium Engagement
2884,22,Female,Socks,Clothing,48,Rhode Island,XL,Silver,Spring,3.2,No,Standard,No,10,PayPal,Weekly,Weekly,18-30 (Young Adult),7,Medium Value,Low Engagement,Medium Value - Low Engagement
2885,55,Female,Boots,Footwear,50,Arkansas,M,Purple,Summer,3.4,No,2-Day Shipping,No,47,Credit Card,Quarterly,Every 3 Months,46-60 (Middle-Aged),90,Medium Value,High Engagement,Medium Value - High Engagement
2886,29,Female,Backpack,Accessories,82,Nevada,M,Yellow,Summer,3.5,No,Next Day Air,No,14,Credit Card,Bi-Weekly,Bi-Weekly,18-30 (Young Adult),14,High Value,Low Engagement,High Value - Low Engagement
2887,42,Female,Hat,Accessories,33,Utah,L,Blue,Spring,4.2,No,Free Shipping,No,29,PayPal,Weekly,Weekly,31-45 (Adult),7,Low Value,Medium Engagement,Low Value - Medium Engagement
2888,23,Female,Sandals,Footwear,28,Kentucky,L,Blue,Winter,2.8,No,Express,No,12,Cash,Bi-Weekly,Bi-Weekly,18-30 (Young Adult),14,Low Value,Low Engagement,Low Value - Low Engagement
2889,70,Female,Hoodie,Clothing,42,Wisconsin,L,Green,Spring,5.0,No,2-Day Shipping,No,25,Debit Card,Quarterly,Quarterly,61-70 (Senior),90,Medium Value,Medium Engagement,Medium Value - Medium Engagement
2890,64,Female,Sunglasses,Accessories,43,Minnesota,M,Charcoal,Fall,3.3,No,Store Pickup,No,21,Venmo,Annually,Annually,61-70 (Senior),365,Medium Value,Medium Engagement,Medium Value - Medium Engagement
2891,39,Female,Jeans,Clothing,55,North Dakota,M,Violet,Winter,3.7,No,Free Shipping,No,23,Credit Card,Monthly,Monthly,31-45 (Adult),30,Medium Value,Medium Engagement,Medium Value - Medium Engagement
2892,47,Female,T-shirt,Clothing,73,Ohio,XL,Black,Winter,2.5,No,Free Shipping,No,10,PayPal,Monthly,Monthly,46-60 (Middle-Aged),30,Medium Value,Low Engagement,Medium Value - Low Engagement
2893,22,Female,Dress,Clothing,39,Nevada,M,Teal,Spring,3.2,No,Standard,No,47,Credit Card,Monthly,Monthly,18-30 (Young Adult),30,Low Value,High Engagement,Low Value - High Engagement
2894,69,Female,Belt,Accessories,20,Kentucky,S,Orange,Spring,3.1,No,Free Shipping,No,44,Debit Card,Quarterly,Every 3 Months,61-70 (Senior),90,Low Value,High Engagement,Low Value - High Engagement
2895,35,Female,Jewelry,Accessories,32,Kentucky,S,Brown,Spring,3.5,No,Standard,No,41,Venmo,Annually,Annually,31-45 (Adult),365,Low Value,High Engagement,Low Value - High Engagement
2896,56,Female,Hoodie,Clothing,86,Montana,L,Green,Summer,4.6,No,Standard,No,29,Bank Transfer,Monthly,Monthly,46-60 (Middle-Aged),30,High Value,Medium Engagement,High Value - Medium Engagement
2897,30,Female,Blouse,Clothing,91,Delaware,M,Silver,Summer,3.3,No,Free Shipping,No,2,Venmo,Quarterly,Every 3 Months,18-30 (Young Adult),90,High Value,Low Engagement,High Value - Low Engagement
2898,43,Female,Jacket,Outerwear,59,Montana,L,Violet,Fall,2.5,No,Free Shipping,No,2,Cash,Bi-Weekly,Fortnightly,31-45 (Adult),14,Medium Value,Low Engagement,Medium Value - Low Engagement
2899,23,Female,Sneakers,Footwear,33,New Jersey,XL,Peach,Summer,4.6,No,Express,No,29,Credit Card,Annually,Annually,18-30 (Young Adult),365,Low Value,Medium Engagement,Low Value - Medium Engagement
2900,50,Female,Boots,Footwear,64,Nebraska,M,Gold,Spring,4.2,No,2-Day Shipping,No,22,Bank Transfer,Bi-Weekly,Fortnightly,46-60 (Middle-Aged),14,Medium Value,Medium Engagement,Medium Value - Medium Engagement
2901,41,Female,Blouse,Clothing,67,Maryland,XL,Violet,Winter,4.0,No,Standard,No,23,Cash,Bi-Weekly,Bi-Weekly,31-45 (Adult),14,Medium Value,Medium Engagement,Medium Value - Medium Engagement
2902,41,Female,Blouse,Clothing,43,Alabama,L,Olive,Winter,2.6,No,Free Shipping,No,46,Credit Card,Quarterly,Quarterly,31-45 (Adult),90,Medium Value,High Engagement,Medium Value - High Engagement
2903,27,Female,Boots,Footwear,32,North Carolina,S,Orange,Spring,4.6,No,Standard,No,19,PayPal,Bi-Weekly,Bi-Weekly,18-30 (Young Adult),14,Low Value,Medium Engagement,Low Value - Medium Engagement
2904,38,Female,Scarf,Accessories,39,Delaware,S,Teal,Spring,3.5,No,2-Day Shipping,No,24,Credit Card,Quarterly,Every 3 Months,31-45 (Adult),90,Low Value,Medium Engagement,Low Value - Medium Engagement
2905,41,Female,Sandals,Footwear,41,Iowa,M,Gray,Spring,4.0,No,2-Day Shipping,No,43,Venmo,Monthly,Monthly,31-45 (Adult),30,Medium Value,High Engagement,Medium Value - High Engagement
2906,58,Female,Sunglasses,Accessories,53,New York,L,Black,Winter,4.8,No,Standard,No,14,Debit Card,Bi-Weekly,Fortnightly,46-60 (Middle-Aged),14,Medium Value,Low Engagement,Medium Value - Low Engagement
2907,58,Female,Coat,Outerwear,27,Virginia,M,Indigo,Spring,3.9,No,Standard,No,7,Venmo,Annually,Annually,46-60 (Middle-Aged),365,Low Value,Low Engagement,Low Value - Low Engagement
2908,19,Female,Sunglasses,Accessories,82,Maryland,XL,Lavender,Summer,3.7,No,Next Day Air,No,50,PayPal,Bi-Weekly,Bi-Weekly,18-30 (Young Adult),14,High Value,High Engagement,High Value - High Engagement
2909,43,Female,Blouse,Clothing,87,Texas,M,Beige,Winter,3.1,No,Store Pickup,No,15,Debit Card,Quarterly,Every 3 Months,31-45 (Adult),90,High Value,Low Engagement,High Value - Low Engagement
2910,27,Female,Backpack,Accessories,78,Louisiana,M,Indigo,Winter,3.0,No,Next Day Air,No,40,Credit Card,Quarterly,Every 3 Months,18-30 (Young Adult),90,High Value,High Engagement,High Value - High Engagement
2911,32,Female,Belt,Accessories,32,Mississippi,M,Blue,Summer,2.9,No,Store Pickup,No,41,Credit Card,Monthly,Monthly,31-45 (Adult),30,Low Value,High Engagement,Low Value - High Engagement
2912,28,Female,Socks,Clothing,38,Ohio,XL,Orange,Fall,2.9,No,Next Day Air,No,34,Venmo,Quarterly,Quarterly,18-30 (Young Adult),90,Low Value,Medium Engagement,Low Value - Medium Engagement
2913,48,Female,Shoes,Footwear,37,Oregon,M,Yellow,Winter,4.0,No,Standard,No,27,Cash,Bi-Weekly,Bi-Weekly,46-60 (Middle-Aged),14,Low Value,Medium Engagement,Low Value - Medium Engagement
2914,43,Female,Coat,Outerwear,83,Wyoming,L,Cyan,Winter,3.5,No,Express,No,12,Cash,Quarterly,Every 3 Months,31-45 (Adult),90,High Value,Low Engagement,High Value - Low Engagement
2915,45,Female,Sweater,Clothing,72,Pennsylvania,M,Yellow,Fall,3.8,No,Express,No,1,Debit Card,Bi-Weekly,Bi-Weekly,31-45 (Adult),14,Medium Value,Low Engagement,Medium Value - Low Engagement
2916,26,Female,Shirt,Clothing,30,Oregon,M,Cyan,Fall,4.5,No,Express,No,39,Debit Card,Bi-Weekly,Bi-Weekly,18-30 (Young Adult),14,Low Value,High Engagement,Low Value - High Engagement
2917,62,Female,Shorts,Clothing,66,Oklahoma,M,Green,Winter,2.7,No,Express,No,13,Credit Card,Bi-Weekly,Bi-Weekly,61-70 (Senior),14,Medium Value,Low Engagement,Medium Value - Low Engagement
2918,58,Female,Shirt,Clothing,45,Colorado,XL,White,Winter,2.9,No,Store Pickup,No,50,Venmo,Annually,Annually,46-60 (Middle-Aged),365,Medium Value,High Engagement,Medium Value - High Engagement
2919,19,Female,Sunglasses,Accessories,73,New York,S,Black,Fall,4.9,No,Free Shipping,No,36,Cash,Weekly,Weekly,18-30 (Young Adult),7,Medium Value,High Engagement,Medium Value - High Engagement
2920,64,Female,Shoes,Footwear,67,Minnesota,L,Charcoal,Winter,3.8,No,Standard,No,31,Debit Card,Monthly,Monthly,61-70 (Senior),30,Medium Value,Medium Engagement,Medium Value - Medium Engagement
2921,33,Female,Sunglasses,Accessories,72,Texas,XL,Brown,Spring,4.9,No,Free Shipping,No,3,Debit Card,Bi-Weekly,Bi-Weekly,31-45 (Adult),14,Medium Value,Low Engagement,Medium Value - Low Engagement
2922,20,Female,Handbag,Accessories,24,Wisconsin,M,Cyan,Fall,4.6,No,Standard,No,11,Cash,Bi-Weekly,Fortnightly,18-30 (Young Adult),14,Low Value,Low Engagement,Low Value - Low Engagement
2923,45,Female,Sunglasses,Accessories,68,Kentucky,L,Beige,Winter,3.5,No,Express,No,16,PayPal,Quarterly,Quarterly,31-45 (Adult),90,Medium Value,Medium Engagement,Medium Value - Medium Engagement
2924,28,Female,Shirt,Clothing,70,Pennsylvania,M,Magenta,Spring,4.2,No,2-Day Shipping,No,12,Cash,Quarterly,Quarterly,18-30 (Young Adult),90,Medium Value,Low Engagement,Medium Value - Low Engagement
2925,47,Female,Shirt,Clothing,64,Rhode Island,L,Indigo,Winter,3.7,No,Free Shipping,No,37,Debit Card,Quarterly,Every 3 Months,46-60 (Middle-Aged),90,Medium Value,High Engagement,Medium Value - High Engagement
2926,54,Female,Sweater,Clothing,91,Illinois,M,Maroon,Spring,2.8,No,Store Pickup,No,43,Credit Card,Quarterly,Every 3 Months,46-60 (Middle-Aged),90,High Value,High Engagement,High Value - High Engagement
2927,64,Female,Handbag,Accessories,82,Maryland,M,Gray,Winter,4.8,No,2-Day Shipping,No,9,Cash,Weekly,Weekly,61-70 (Senior),7,High Value,Low Engagement,High Value - Low Engagement
2928,45,Female,Shirt,Clothing,24,Missouri,M,Black,Summer,2.7,No,Express,No,15,Venmo,Bi-Weekly,Bi-Weekly,31-45 (Adult),14,Low Value,Low Engagement,Low Value - Low Engagement
2929,40,Female,Jewelry,Accessories,80,Alabama,L,Yellow,Spring,3.6,No,Store Pickup,No,17,Credit Card,Weekly,Weekly,31-45 (Adult),7,High Value,Medium Engagement,High Value - Medium Engagement
2930,31,Female,Socks,Clothing,53,Maine,XL,White,Winter,4.5,No,Next Day Air,No,42,Venmo,Bi-Weekly,Fortnightly,31-45 (Adult),14,Medium Value,High Engagement,Medium Value - High Engagement
2931,38,Female,T-shirt,Clothing,50,Mississippi,M,Orange,Spring,4.0,No,Free Shipping,No,14,Venmo,Monthly,Monthly,31-45 (Adult),30,Medium Value,Low Engagement,Medium Value - Low Engagement
2932,36,Female,Jewelry,Accessories,31,Alabama,M,Magenta,Fall,4.5,No,2-Day Shipping,No,49,Credit Card,Bi-Weekly,Bi-Weekly,31-45 (Adult),14,Low Value,High Engagement,Low Value - High Engagement
2933,65,Female,Backpack,Accessories,88,Alaska,L,Black,Spring,3.9,No,Express,No,3,PayPal,Quarterly,Quarterly,61-70 (Senior),90,High Value,Low Engagement,High Value - Low Engagement
2934,27,Female,Hat,Accessories,52,Illinois,M,Brown,Summer,3.8,No,Standard,No,28,Venmo,Monthly,Monthly,18-30 (Young Adult),30,Medium Value,Medium Engagement,Medium Value - Medium Engagement
2935,38,Female,Gloves,Accessories,22,Idaho,M,Orange,Fall,4.7,No,Next Day Air,No,41,Bank Transfer,Quarterly,Quarterly,31-45 (Adult),90,Low Value,High Engagement,Low Value - High Engagement
2936,58,Female,Sneakers,Footwear,27,North Carolina,XL,Gray,Spring,4.6,No,Standard,No,11,Venmo,Weekly,Weekly,46-60 (Middle-Aged),7,Low Value,Low Engagement,Low Value - Low Engagement
2937,31,Female,Skirt,Clothing,34,Washington,M,White,Spring,3.6,No,Express,No,46,PayPal,Weekly,Weekly,31-45 (Adult),7,Low Value,High Engagement,Low Value - High Engagement
2938,28,Female,Handbag,Accessories,39,West Virginia,M,White,Spring,4.3,No,2-Day Shipping,No,15,Credit Card,Weekly,Weekly,18-30 (Young Adult),7,Low Value,Low Engagement,Low Value - Low Engagement
2939,28,Female,Sunglasses,Accessories,53,Maine,M,Violet,Fall,3.0,No,Standard,No,15,Cash,Monthly,Monthly,18-30 (Young Adult),30,Medium Value,Low Engagement,Medium Value - Low Engagement
2940,32,Female,Sweater,Clothing,46,Kentucky,M,Beige,Winter,4.3,No,Express,No,34,Venmo,Weekly,Weekly,31-45 (Adult),7,Medium Value,Medium Engagement,Medium Value - Medium Engagement
2941,61,Female,Handbag,Accessories,85,Massachusetts,L,Beige,Summer,4.8,No,Next Day Air,No,13,Cash,Monthly,Monthly,61-70 (Senior),30,High Value,Low Engagement,High Value - Low Engagement
2942,38,Female,Skirt,Clothing,86,Pennsylvania,L,Purple,Spring,3.7,No,Free Shipping,No,27,PayPal,Monthly,Monthly,31-45 (Adult),30,High Value,Medium Engagement,High Value - Medium Engagement
2943,54,Female,Socks,Clothing,63,Hawaii,M,Brown,Summer,2.6,No,Free Shipping,No,37,Bank Transfer,Weekly,Weekly,46-60 (Middle-Aged),7,Medium Value,High Engagement,Medium Value - High Engagement
2944,29,Female,Shirt,Clothing,44,Virginia,M,Orange,Spring,3.4,No,Standard,No,37,Credit Card,Monthly,Monthly,18-30 (Young Adult),30,Medium Value,High Engagement,Medium Value - High Engagement
2945,50,Female,Sneakers,Footwear,95,New York,XL,Cyan,Summer,3.9,No,Free Shipping,No,4,Venmo,Quarterly,Every 3 Months,46-60 (Middle-Aged),90,High Value,Low Engagement,High Value - Low Engagement
2946,32,Female,Belt,Accessories,49,Delaware,M,Charcoal,Summer,4.8,No,Free Shipping,No,1,Credit Card,Quarterly,Every 3 Months,31-45 (Adult),90,Medium Value,Low Engagement,Medium Value - Low Engagement
2947,38,Female,Pants,Clothing,77,Hawaii,L,Purple,Spring,2.8,No,Free Shipping,No,29,Bank Transfer,Quarterly,Quarterly,31-45 (Adult),90,High Value,Medium Engagement,High Value - Medium Engagement
2948,52,Female,Jewelry,Accessories,63,Nebraska,L,Peach,Spring,4.4,No,Standard,No,50,Venmo,Annually,Annually,46-60 (Middle-Aged),365,Medium Value,High Engagement,Medium Value - High Engagement
2949,61,Female,Pants,Clothing,83,Vermont,M,Violet,Winter,3.1,No,Standard,No,38,Debit Card,Bi-Weekly,Bi-Weekly,61-70 (Senior),14,High Value,High Engagement,High Value - High Engagement
2950,25,Female,Jewelry,Accessories,93,Iowa,M,Peach,Spring,3.8,No,Store Pickup,No,15,PayPal,Annually,Annually,18-30 (Young Adult),365,High Value,Low Engagement,High Value - Low Engagement
2951,22,Female,Jeans,Clothing,91,Iowa,S,Maroon,Winter,4.1,No,2-Day Shipping,No,44,Debit Card,Quarterly,Every 3 Months,18-30 (Young Adult),90,High Value,High Engagement,High Value - High Engagement
2952,47,Female,Scarf,Accessories,99,Arkansas,L,Maroon,Fall,4.6,No,Free Shipping,No,14,Cash,Weekly,Weekly,46-60 (Middle-Aged),7,High Value,Low Engagement,High Value - Low Engagement
2953,50,Female,Belt,Accessories,24,Alabama,M,Peach,Spring,4.9,No,Next Day Air,No,5,Debit Card,Monthly,Monthly,46-60 (Middle-Aged),30,Low Value,Low Engagement,Low Value - Low Engagement
2954,45,Female,Dress,Clothing,82,Maryland,M,Silver,Summer,4.8,No,Next Day Air,No,11,Credit Card,Annually,Annually,31-45 (Adult),365,High Value,Low Engagement,High Value - Low Engagement
2955,33,Female,T-shirt,Clothing,28,South Dakota,M,Indigo,Winter,3.9,No,Express,No,15,Credit Card,Annually,Annually,31-45 (Adult),365,Low Value,Low Engagement,Low Value - Low Engagement
2956,42,Female,Boots,Footwear,67,Vermont,M,Silver,Winter,2.6,No,Free Shipping,No,46,Credit Card,Annually,Annually,31-45 (Adult),365,Medium Value,High Engagement,Medium Value - High Engagement
2957,52,Female,Dress,Clothing,88,Montana,M,Olive,Fall,3.7,No,Standard,No,30,Venmo,Monthly,Monthly,46-60 (Middle-Aged),30,High Value,Medium Engagement,High Value - Medium Engagement
2958,69,Female,Jewelry,Accessories,70,South Dakota,S,Gray,Fall,4.7,No,Standard,No,2,Cash,Annually,Annually,61-70 (Senior),365,Medium Value,Low Engagement,Medium Value - Low Engagement
2959,55,Female,Skirt,Clothing,100,Ohio,M,Black,Summer,4.5,No,Standard,No,28,PayPal,Monthly,Monthly,46-60 (Middle-Aged),30,High Value,Medium Engagement,High Value - Medium Engagement
2960,38,Female,Handbag,Accessories,28,Texas,L,Maroon,Summer,4.7,No,Free Shipping,No,9,PayPal,Quarterly,Quarterly,31-45 (Adult),90,Low Value,Low Engagement,Low Value - Low Engagement
2961,57,Female,Coat,Outerwear,48,Indiana,S,Olive,Spring,3.6,No,Standard,No,47,Credit Card,Weekly,Weekly,46-60 (Middle-Aged),7,Medium Value,High Engagement,Medium Value - High Engagement
2962,33,Female,Hoodie,Clothing,43,New Hampshire,S,Gold,Fall,2.8,No,Free Shipping,No,21,Debit Card,Bi-Weekly,Bi-Weekly,31-45 (Adult),14,Medium Value,Medium Engagement,Medium Value - Medium Engagement
2963,57,Female,Pants,Clothing,40,California,L,Pink,Fall,4.0,No,Express,No,42,Credit Card,Quarterly,Every 3 Months,46-60 (Middle-Aged),90,Medium Value,High Engagement,Medium Value - High Engagement
2964,52,Female,Boots,Footwear,97,Maine,M,Brown,Spring,3.6,No,Free Shipping,No,28,Credit Card,Weekly,Weekly,46-60 (Middle-Aged),7,High Value,Medium Engagement,High Value - Medium Engagement
2965,44,Female,Coat,Outerwear,25,Ohio,S,White,Fall,3.8,No,2-Day Shipping,No,13,Venmo,Bi-Weekly,Fortnightly,31-45 (Adult),14,Low Value,Low Engagement,Low Value - Low Engagement
2966,48,Female,Scarf,Accessories,45,Delaware,M,Blue,Summer,4.4,No,Standard,No,25,PayPal,Bi-Weekly,Fortnightly,46-60 (Middle-Aged),14,Medium Value,Medium Engagement,Medium Value - Medium Engagement
2967,52,Female,Boots,Footwear,49,Oklahoma,L,Orange,Fall,2.8,No,Store Pickup,No,38,Debit Card,Quarterly,Every 3 Months,46-60 (Middle-Aged),90,Medium Value,High Engagement,Medium Value - High Engagement
2968,34,Female,Sneakers,Footwear,36,Indiana,L,Silver,Summer,3.4,No,Free Shipping,No,40,Venmo,Annually,Annually,31-45 (Adult),365,Low Value,High Engagement,Low Value - High Engagement
2969,26,Female,Sweater,Clothing,48,South Carolina,S,Gray,Fall,4.9,No,Express,No,25,Cash,Quarterly,Every 3 Months,18-30 (Young Adult),90,Medium Value,Medium Engagement,Medium Value - Medium Engagement
2970,36,Female,Belt,Accessories,62,Vermont,S,Blue,Fall,4.3,No,Next Day Air,No,20,Cash,Quarterly,Every 3 Months,31-45 (Adult),90,Medium Value,Medium Engagement,Medium Value - Medium Engagement
2971,24,Female,Jewelry,Accessories,74,Kansas,M,White,Winter,3.4,No,Free Shipping,No,44,Credit Card,Bi-Weekly,Bi-Weekly,18-30 (Young Adult),14,Medium Value,High Engagement,Medium Value - High Engagement
2972,30,Female,Handbag,Accessories,100,Utah,L,Yellow,Fall,3.9,No,Next Day Air,No,9,PayPal,Quarterly,Every 3 Months,18-30 (Young Adult),90,High Value,Low Engagement,High Value - Low Engagement
2973,31,Female,Jacket,Outerwear,39,New York,S,Indigo,Fall,4.2,No,Free Shipping,No,11,Venmo,Quarterly,Every 3 Months,31-45 (Adult),90,Low Value,Low Engagement,Low Value - Low Engagement
2974,25,Female,Boots,Footwear,65,Indiana,M,Blue,Summer,2.7,No,Store Pickup,No,3,Bank Transfer,Bi-Weekly,Fortnightly,18-30 (Young Adult),14,Medium Value,Low Engagement,Medium Value - Low Engagement
2975,57,Female,Sneakers,Footwear,99,Tennessee,XL,Peach,Summer,4.1,No,Store Pickup,No,34,Credit Card,Weekly,Weekly,46-60 (Middle-Aged),7,High Value,Medium Engagement,High Value - Medium Engagement
2976,61,Female,Scarf,Accessories,68,Georgia,XL,Lavender,Winter,4.5,No,2-Day Shipping,No,48,Cash,Quarterly,Every 3 Months,61-70 (Senior),90,Medium Value,High Engagement,Medium Value - High Engagement
2977,30,Female,Coat,Outerwear,97,Nebraska,M,Silver,Summer,2.8,No,Express,No,28,Cash,Bi-Weekly,Fortnightly,18-30 (Young Adult),14,High Value,Medium Engagement,High Value - Medium Engagement
2978,38,Female,Shorts,Clothing,47,Washington,L,Gold,Winter,3.4,No,Standard,No,20,Venmo,Annually,Annually,31-45 (Adult),365,Medium Value,Medium Engagement,Medium Value - Medium Engagement
2979,53,Female,Shorts,Clothing,56,Idaho,S,Cyan,Spring,3.9,No,Free Shipping,No,49,Bank Transfer,Bi-Weekly,Fortnightly,46-60 (Middle-Aged),14,Medium Value,High Engagement,Medium Value - High Engagement
2980,31,Female,Jeans,Clothing,91,Louisiana,L,Olive,Fall,2.6,No,Next Day Air,No,14,PayPal,Weekly,Weekly,31-45 (Adult),7,High Value,Low Engagement,High Value - Low Engagement
2981,70,Female,Gloves,Accessories,93,New Jersey,L,Teal,Fall,4.4,No,2-Day Shipping,No,9,Bank Transfer,Monthly,Monthly,61-70 (Senior),30,High Value,Low Engagement,High Value - Low Engagement
2982,21,Female,Pants,Clothing,36,Delaware,L,Pink,Winter,4.9,No,Standard,No,37,Venmo,Annually,Annually,18-30 (Young Adult),365,Low Value,High Engagement,Low Value - High Engagement
2983,33,Female,Dress,Clothing,45,Wisconsin,M,Orange,Summer,3.6,No,Store Pickup,No,4,Credit Card,Weekly,Weekly,31-45 (Adult),7,Medium Value,Low Engagement,Medium Value - Low Engagement
2984,60,Female,Pants,Clothing,44,West Virginia,M,Charcoal,Winter,2.8,No,2-Day Shipping,No,1,Credit Card,Quarterly,Quarterly,46-60 (Middle-Aged),90,Medium Value,Low Engagement,Medium Value - Low Engagement
2985,45,Female,Gloves,Accessories,32,Texas,L,Red,Spring,4.3,No,2-Day Shipping,No,36,Debit Card,Bi-Weekly,Bi-Weekly,31-45 (Adult),14,Low Value,High Engagement,Low Value - High Engagement
2986,46,Female,Belt,Accessories,36,Hawaii,S,Teal,Summer,3.0,No,Express,No,21,Cash,Bi-Weekly,Bi-Weekly,46-60 (Middle-Aged),14,Low Value,Medium Engagement,Low Value - Medium Engagement
2987,62,Female,Belt,Accessories,85,Arizona,S,Silver,Summer,3.3,No,2-Day Shipping,No,16,Credit Card,Monthly,Monthly,61-70 (Senior),30,High Value,Medium Engagement,High Value - Medium Engagement
2988,63,Female,Skirt,Clothing,36,Louisiana,L,Black,Winter,2.5,No,Store Pickup,No,42,Cash,Monthly,Monthly,61-70 (Senior),30,Low Value,High Engagement,Low Value - High Engagement
2989,69,Female,Socks,Clothing,55,Nevada,S,Pink,Spring,5.0,No,2-Day Shipping,No,31,Debit Card,Monthly,Monthly,61-70 (Senior),30,Medium Value,Medium Engagement,Medium Value - Medium Engagement
2990,46,Female,Belt,Accessories,20,Rhode Island,XL,Teal,Summer,4.3,No,2-Day Shipping,No,6,Credit Card,Weekly,Weekly,46-60 (Middle-Aged),7,Low Value,Low Engagement,Low Value - Low Engagement
2991,69,Female,Shirt,Clothing,91,Illinois,M,Teal,Fall,4.2,No,Free Shipping,No,24,Venmo,Monthly,Monthly,61-70 (Senior),30,High Value,Medium Engagement,High Value - Medium Engagement
2992,66,Female,Dress,Clothing,71,Utah,L,Green,Summer,3.9,No,Standard,No,7,PayPal,Bi-Weekly,Bi-Weekly,61-70 (Senior),14,Medium Value,Low Engagement,Medium Value - Low Engagement
2993,41,Female,Socks,Clothing,64,North Dakota,M,Charcoal,Spring,3.9,No,Store Pickup,No,25,Venmo,Weekly,Weekly,31-45 (Adult),7,Medium Value,Medium Engagement,Medium Value - Medium Engagement
2994,32,Female,Jacket,Outerwear,21,Kansas,L,Indigo,Spring,4.2,No,Free Shipping,No,18,Cash,Bi-Weekly,Bi-Weekly,31-45 (Adult),14,Low Value,Medium Engagement,Low Value - Medium Engagement
2995,69,Female,Sweater,Clothing,100,Nevada,S,White,Winter,3.5,No,Store Pickup,No,14,Bank Transfer,Quarterly,Quarterly,61-70 (Senior),90,High Value,Low Engagement,High Value - Low Engagement
2996,29,Female,Jeans,Clothing,96,Virginia,M,Orange,Summer,2.5,No,Standard,No,42,Debit Card,Bi-Weekly,Bi-Weekly,18-30 (Young Adult),14,High Value,High Engagement,High Value - High Engagement
2997,70,Female,Jewelry,Accessories,91,Utah,M,White,Spring,2.9,No,Express,No,6,Venmo,Quarterly,Every 3 Months,61-70 (Senior),90,High Value,Low Engagement,High Value - Low Engagement
2998,41,Female,Sweater,Clothing,40,Idaho,S,Yellow,Spring,2.7,No,Next Day Air,No,14,Venmo,Quarterly,Every 3 Months,31-45 (Adult),90,Medium Value,Low Engagement,Medium Value - Low Engagement
2999,31,Female,Hoodie,Clothing,53,Alaska,M,Red,Summer,4.7,No,Express,No,30,Debit Card,Quarterly,Quarterly,31-45 (Adult),90,Medium Value,Medium Engagement,Medium Value - Medium Engagement
3000,31,Female,Sunglasses,Accessories,48,New Hampshire,S,Charcoal,Winter,3.8,No,Standard,No,10,Cash,Monthly,Monthly,31-45 (Adult),30,Medium Value,Low Engagement,Medium Value - Low Engagement
3001,57,Female,Sandals,Footwear,70,Ohio,M,Lavender,Winter,3.7,No,Express,No,7,PayPal,Weekly,Weekly,46-60 (Middle-Aged),7,Medium Value,Low Engagement,Medium Value - Low Engagement
3002,29,Female,Coat,Outerwear,29,Montana,L,Charcoal,Summer,4.7,No,Express,No,28,Credit Card,Quarterly,Quarterly,18-30 (Young Adult),90,Low Value,Medium Engagement,Low Value - Medium Engagement
3003,70,Female,Belt,Accessories,29,Louisiana,M,Maroon,Fall,3.6,No,Next Day Air,No,19,Bank Transfer,Quarterly,Quarterly,61-70 (Senior),90,Low Value,Medium Engagement,Low Value - Medium Engagement
3004,51,Female,Blouse,Clothing,53,Oregon,M,Brown,Fall,2.8,No,Express,No,13,Credit Card,Quarterly,Every 3 Months,46-60 (Middle-Aged),90,Medium Value,Low Engagement,Medium Value - Low Engagement
3005,45,Female,Skirt,Clothing,79,Arizona,M,Lavender,Winter,3.7,No,Store Pickup,No,23,Venmo,Bi-Weekly,Fortnightly,31-45 (Adult),14,High Value,Medium Engagement,High Value - Medium Engagement
3006,18,Female,Shorts,Clothing,65,Alaska,XL,Brown,Spring,3.5,No,Express,No,5,Venmo,Weekly,Weekly,18-30 (Young Adult),7,Medium Value,Low Engagement,Medium Value - Low Engagement
3007,37,Female,Dress,Clothing,99,Utah,M,Olive,Summer,3.7,No,Store Pickup,No,17,Venmo,Bi-Weekly,Bi-Weekly,31-45 (Adult),14,High Value,Medium Engagement,High Value - Medium Engagement
3008,23,Female,Sunglasses,Accessories,60,New York,L,Lavender,Winter,3.0,No,Next Day Air,No,31,Venmo,Weekly,Weekly,18-30 (Young Adult),7,Medium Value,Medium Engagement,Medium Value - Medium Engagement
3009,39,Female,Shoes,Footwear,86,New Mexico,M,Gold,Winter,4.9,No,Free Shipping,No,19,PayPal,Weekly,Weekly,31-45 (Adult),7,High Value,Medium Engagement,High Value - Medium Engagement
3010,62,Female,Belt,Accessories,73,Louisiana,M,Silver,Winter,4.6,No,Free Shipping,No,8,Venmo,Bi-Weekly,Fortnightly,61-70 (Senior),14,Medium Value,Low Engagement,Medium Value - Low Engagement
3011,70,Female,Belt,Accessories,45,Ohio,M,Violet,Winter,3.3,No,Free Shipping,No,15,Credit Card,Annually,Annually,61-70 (Senior),365,Medium Value,Low Engagement,Medium Value - Low Engagement
3012,20,Female,Belt,Accessories,70,Nevada,S,Brown,Summer,3.0,No,Next Day Air,No,18,Credit Card,Quarterly,Every 3 Months,18-30 (Young Adult),90,Medium Value,Medium Engagement,Medium Value - Medium Engagement
3013,42,Female,Belt,Accessories,65,Idaho,M,Teal,Fall,3.5,No,Standard,No,16,PayPal,Annually,Annually,31-45 (Adult),365,Medium Value,Medium Engagement,Medium Value - Medium Engagement
3014,41,Female,Skirt,Clothing,55,Arizona,L,Peach,Summer,4.2,No,Store Pickup,No,13,Cash,Monthly,Monthly,31-45 (Adult),30,Medium Value,Low Engagement,Medium Value - Low Engagement
3015,24,Female,T-shirt,Clothing,65,Utah,M,Maroon,Spring,4.5,No,Express,No,38,PayPal,Quarterly,Every 3 Months,18-30 (Young Adult),90,Medium Value,High Engagement,Medium Value - High Engagement
3016,37,Female,Scarf,Accessories,21,Wyoming,XL,Lavender,Spring,2.8,No,Express,No,27,Bank Transfer,Bi-Weekly,Bi-Weekly,31-45 (Adult),14,Low Value,Medium Engagement,Low Value - Medium Engagement
3017,30,Female,Blouse,Clothing,26,Indiana,L,Lavender,Summer,4.9,No,Store Pickup,No,31,Bank Transfer,Quarterly,Quarterly,18-30 (Young Adult),90,Low Value,Medium Engagement,Low Value - Medium Engagement
3018,58,Female,Sunglasses,Accessories,71,Wisconsin,S,Purple,Summer,3.3,No,Next Day Air,No,24,Cash,Bi-Weekly,Bi-Weekly,46-60 (Middle-Aged),14,Medium Value,Medium Engagement,Medium Value - Medium Engagement
3019,43,Female,Boots,Footwear,41,Texas,M,Green,Summer,3.0,No,Free Shipping,No,21,Debit Card,Bi-Weekly,Bi-Weekly,31-45 (Adult),14,Medium Value,Medium Engagement,Medium Value - Medium Engagement
3020,19,Female,Jacket,Outerwear,44,Utah,M,Yellow,Winter,3.9,No,2-Day Shipping,No,15,PayPal,Annually,Annually,18-30 (Young Adult),365,Medium Value,Low Engagement,Medium Value - Low Engagement
3021,23,Female,Jeans,Clothing,81,Arkansas,S,Charcoal,Fall,2.8,No,Store Pickup,No,48,Venmo,Quarterly,Every 3 Months,18-30 (Young Adult),90,High Value,High Engagement,High Value - High Engagement
3022,65,Female,Sunglasses,Accessories,77,Pennsylvania,S,Blue,Summer,4.5,No,2-Day Shipping,No,47,Cash,Quarterly,Quarterly,61-70 (Senior),90,High Value,High Engagement,High Value - High Engagement
3023,58,Female,Sandals,Footwear,26,Georgia,M,Lavender,Fall,4.0,No,Free Shipping,No,23,PayPal,Weekly,Weekly,46-60 (Middle-Aged),7,Low Value,Medium Engagement,Low Value - Medium Engagement
3024,50,Female,Backpack,Accessories,31,Indiana,M,Brown,Summer,2.9,No,Express,No,4,PayPal,Quarterly,Quarterly,46-60 (Middle-Aged),90,Low Value,Low Engagement,Low Value - Low Engagement
3025,67,Female,Blouse,Clothing,82,Idaho,S,White,Spring,4.0,No,Free Shipping,No,47,Credit Card,Quarterly,Every 3 Months,61-70 (Senior),90,High Value,High Engagement,High Value - High Engagement
3026,40,Female,Shoes,Footwear,60,Montana,XL,Green,Summer,3.4,No,Store Pickup,No,7,PayPal,Monthly,Monthly,31-45 (Adult),30,Medium Value,Low Engagement,Medium Value - Low Engagement
3027,55,Female,Shirt,Clothing,70,Tennessee,L,Magenta,Fall,2.5,No,Free Shipping,No,6,Credit Card,Annually,Annually,46-60 (Middle-Aged),365,Medium Value,Low Engagement,Medium Value - Low Engagement
3028,52,Female,Hoodie,Clothing,26,West Virginia,XL,Peach,Winter,2.8,No,2-Day Shipping,No,47,Credit Card,Quarterly,Quarterly,46-60 (Middle-Aged),90,Low Value,High Engagement,Low Value - High Engagement
3029,62,Female,Dress,Clothing,100,California,L,Charcoal,Summer,3.0,No,Free Shipping,No,7,PayPal,Quarterly,Every 3 Months,61-70 (Senior),90,High Value,Low Engagement,High Value - Low Engagement
3030,64,Female,Dress,Clothing,82,Georgia,M,Gold,Summer,3.1,No,Free Shipping,No,1,Debit Card,Quarterly,Quarterly,61-70 (Senior),90,High Value,Low Engagement,High Value - Low Engagement
3031,43,Female,Sneakers,Footwear,24,Maryland,XL,Purple,Spring,2.6,No,2-Day Shipping,No,23,Credit Card,Weekly,Weekly,31-45 (Adult),7,Low Value,Medium Engagement,Low Value - Medium Engagement
3032,61,Female,Blouse,Clothing,74,Idaho,L,Teal,Summer,4.9,No,2-Day Shipping,No,30,Credit Card,Monthly,Monthly,61-70 (Senior),30,Medium Value,Medium Engagement,Medium Value - Medium Engagement
3033,26,Female,Backpack,Accessories,58,California,XL,Green,Summer,3.5,No,Next Day Air,No,24,Credit Card,Quarterly,Quarterly,18-30 (Young Adult),90,Medium Value,Medium Engagement,Medium Value - Medium Engagement
3034,22,Female,Sweater,Clothing,56,Alabama,L,Orange,Spring,2.6,No,Store Pickup,No,9,PayPal,Weekly,Weekly,18-30 (Young Adult),7,Medium Value,Low Engagement,Medium Value - Low Engagement
3035,51,Female,Boots,Footwear,37,Utah,L,Peach,Spring,3.5,No,2-Day Shipping,No,25,Credit Card,Quarterly,Quarterly,46-60 (Middle-Aged),90,Low Value,Medium Engagement,Low Value - Medium Engagement
3036,69,Female,Handbag,Accessories,64,Kentucky,M,Gold,Spring,4.5,No,Free Shipping,No,18,Cash,Bi-Weekly,Bi-Weekly,61-70 (Senior),14,Medium Value,Medium Engagement,Medium Value - Medium Engagement
3037,50,Female,Hoodie,Clothing,58,Vermont,S,Violet,Spring,4.3,No,Next Day Air,No,7,Venmo,Bi-Weekly,Fortnightly,46-60 (Middle-Aged),14,Medium Value,Low Engagement,Medium Value - Low Engagement
3038,51,Female,Belt,Accessories,44,Iowa,L,Charcoal,Summer,4.8,No,Next Day Air,No,2,Cash,Annually,Annually,46-60 (Middle-Aged),365,Medium Value,Low Engagement,Medium Value - Low Engagement
3039,56,Female,Jewelry,Accessories,39,Georgia,M,Brown,Summer,4.2,No,Free Shipping,No,36,Debit Card,Annually,Annually,46-60 (Middle-Aged),365,Low Value,High Engagement,Low Value - High Engagement
3040,59,Female,Blouse,Clothing,48,Alabama,L,Blue,Spring,3.2,No,Next Day Air,No,31,PayPal,Bi-Weekly,Bi-Weekly,46-60 (Middle-Aged),14,Medium Value,Medium Engagement,Medium Value - Medium Engagement
3041,18,Female,Handbag,Accessories,32,Nebraska,M,Gold,Fall,4.1,No,Express,No,10,Cash,Bi-Weekly,Fortnightly,18-30 (Young Adult),14,Low Value,Low Engagement,Low Value - Low Engagement
3042,48,Female,Handbag,Accessories,79,Rhode Island,M,Orange,Winter,4.0,No,Express,No,27,PayPal,Monthly,Monthly,46-60 (Middle-Aged),30,High Value,Medium Engagement,High Value - Medium Engagement
3043,53,Female,Coat,Outerwear,27,South Dakota,L,Turquoise,Winter,2.9,No,Next Day Air,No,14,PayPal,Quarterly,Every 3 Months,46-60 (Middle-Aged),90,Low Value,Low Engagement,Low Value - Low Engagement
3044,45,Female,Belt,Accessories,98,Illinois,S,Peach,Fall,2.6,No,Store Pickup,No,17,Credit Card,Monthly,Monthly,31-45 (Adult),30,High Value,Medium Engagement,High Value - Medium Engagement
3045,21,Female,Boots,Footwear,67,North Carolina,M,Magenta,Winter,2.7,No,Free Shipping,No,10,Bank Transfer,Quarterly,Quarterly,18-30 (Young Adult),90,Medium Value,Low Engagement,Medium Value - Low Engagement
3046,42,Female,Socks,Clothing,37,Florida,L,Black,Winter,4.6,No,2-Day Shipping,No,4,PayPal,Bi-Weekly,Bi-Weekly,31-45 (Adult),14,Low Value,Low Engagement,Low Value - Low Engagement
3047,60,Female,Shoes,Footwear,49,Pennsylvania,M,White,Spring,3.2,No,Store Pickup,No,25,Cash,Quarterly,Every 3 Months,46-60 (Middle-Aged),90,Medium Value,Medium Engagement,Medium Value - Medium Engagement
3048,21,Female,Sneakers,Footwear,74,Vermont,M,Violet,Fall,4.1,No,2-Day Shipping,No,3,PayPal,Bi-Weekly,Bi-Weekly,18-30 (Young Adult),14,Medium Value,Low Engagement,Medium Value - Low Engagement
3049,69,Female,Jewelry,Accessories,93,Colorado,M,Olive,Summer,3.9,No,Standard,No,47,Venmo,Bi-Weekly,Fortnightly,61-70 (Senior),14,High Value,High Engagement,High Value - High Engagement
3050,40,Female,Handbag,Accessories,60,Utah,L,Red,Summer,3.0,No,Next Day Air,No,41,Bank Transfer,Bi-Weekly,Bi-Weekly,31-45 (Adult),14,Medium Value,High Engagement,Medium Value - High Engagement
3051,31,Female,Coat,Outerwear,76,Kentucky,S,Green,Spring,3.6,No,Standard,No,28,Venmo,Quarterly,Every 3 Months,31-45 (Adult),90,High Value,Medium Engagement,High Value - Medium Engagement
3052,44,Female,Sunglasses,Accessories,64,Wyoming,L,Gold,Summer,4.6,No,Express,No,49,Debit Card,Quarterly,Every 3 Months,31-45 (Adult),90,Medium Value,High Engagement,Medium Value - High Engagement
3053,48,Female,Shoes,Footwear,38,Maine,XL,Olive,Spring,4.5,No,Store Pickup,No,7,Bank Transfer,Bi-Weekly,Fortnightly,46-60 (Middle-Aged),14,Low Value,Low Engagement,Low Value - Low Engagement
3054,32,Female,Shoes,Footwear,91,Maine,L,Brown,Winter,3.2,No,Next Day Air,No,22,Bank Transfer,Monthly,Monthly,31-45 (Adult),30,High Value,Medium Engagement,High Value - Medium Engagement
3055,42,Female,Boots,Footwear,70,New Hampshire,S,Magenta,Summer,4.9,No,2-Day Shipping,No,34,Venmo,Monthly,Monthly,31-45 (Adult),30,Medium Value,Medium Engagement,Medium Value - Medium Engagement
3056,27,Female,Sandals,Footwear,22,Kansas,M,Violet,Fall,5.0,No,Standard,No,5,Debit Card,Bi-Weekly,Bi-Weekly,18-30 (Young Adult),14,Low Value,Low Engagement,Low Value - Low Engagement
3057,69,Female,Gloves,Accessories,59,New Jersey,M,Beige,Spring,3.8,No,Standard,No,15,Cash,Bi-Weekly,Bi-Weekly,61-70 (Senior),14,Medium Value,Low Engagement,Medium Value - Low Engagement
3058,67,Female,Backpack,Accessories,22,North Carolina,M,Blue,Spring,3.4,No,Next Day Air,No,26,Bank Transfer,Weekly,Weekly,61-70 (Senior),7,Low Value,Medium Engagement,Low Value - Medium Engagement
3059,41,Female,Handbag,Accessories,74,West Virginia,S,Orange,Winter,3.8,No,Store Pickup,No,3,Bank Transfer,Bi-Weekly,Fortnightly,31-45 (Adult),14,Medium Value,Low Engagement,Medium Value - Low Engagement
3060,46,Female,Sweater,Clothing,71,Kentucky,L,Maroon,Spring,3.2,No,Express,No,42,Credit Card,Quarterly,Quarterly,46-60 (Middle-Aged),90,Medium Value,High Engagement,Medium Value - High Engagement
3061,47,Female,Coat,Outerwear,80,California,S,Charcoal,Summer,4.7,No,Store Pickup,No,1,Venmo,Monthly,Monthly,46-60 (Middle-Aged),30,High Value,Low Engagement,High Value - Low Engagement
3062,33,Female,T-shirt,Clothing,59,South Dakota,L,Olive,Fall,4.5,No,Express,No,20,PayPal,Quarterly,Every 3 Months,31-45 (Adult),90,Medium Value,Medium Engagement,Medium Value - Medium Engagement
3063,51,Female,Backpack,Accessories,96,California,L,Green,Fall,3.3,No,Standard,No,39,PayPal,Monthly,Monthly,46-60 (Middle-Aged),30,High Value,High Engagement,High Value - High Engagement
3064,26,Female,Sunglasses,Accessories,43,Connecticut,L,Brown,Winter,3.9,No,Store Pickup,No,24,Credit Card,Bi-Weekly,Fortnightly,18-30 (Young Adult),14,Medium Value,Medium Engagement,Medium Value - Medium Engagement
3065,22,Female,Belt,Accessories,76,Idaho,S,Cyan,Winter,3.6,No,Express,No,49,Bank Transfer,Quarterly,Quarterly,18-30 (Young Adult),90,High Value,High Engagement,High Value - High Engagement
3066,49,Female,Jacket,Outerwear,59,North Dakota,M,Beige,Fall,2.8,No,Store Pickup,No,7,Venmo,Bi-Weekly,Bi-Weekly,46-60 (Middle-Aged),14,Medium Value,Low Engagement,Medium Value - Low Engagement
3067,58,Female,Skirt,Clothing,48,Michigan,L,Teal,Summer,4.3,No,Free Shipping,No,13,Venmo,Quarterly,Every 3 Months,46-60 (Middle-Aged),90,Medium Value,Low Engagement,Medium Value - Low Engagement
3068,70,Female,Belt,Accessories,22,Missouri,S,Gray,Spring,3.5,No,Free Shipping,No,2,Cash,Weekly,Weekly,61-70 (Senior),7,Low Value,Low Engagement,Low Value - Low Engagement
3069,32,Female,Boots,Footwear,40,California,M,Indigo,Winter,4.2,No,Express,No,4,Debit Card,Weekly,Weekly,31-45 (Adult),7,Medium Value,Low Engagement,Medium Value - Low Engagement
3070,62,Female,Jeans,Clothing,73,Delaware,L,Magenta,Spring,4.6,No,Express,No,17,Debit Card,Quarterly,Quarterly,61-70 (Senior),90,Medium Value,Medium Engagement,Medium Value - Medium Engagement
3071,52,Female,Shoes,Footwear,26,Alabama,XL,Red,Fall,2.6,No,Free Shipping,No,43,PayPal,Bi-Weekly,Bi-Weekly,46-60 (Middle-Aged),14,Low Value,High Engagement,Low Value - High Engagement
3072,23,Female,Sweater,Clothing,41,New Hampshire,L,Turquoise,Spring,3.4,No,Next Day Air,No,6,PayPal,Monthly,Monthly,18-30 (Young Adult),30,Medium Value,Low Engagement,Medium Value - Low Engagement
3073,26,Female,Jewelry,Accessories,98,New York,L,Peach,Spring,3.1,No,Standard,No,46,PayPal,Quarterly,Quarterly,18-30 (Young Adult),90,High Value,High Engagement,High Value - High Engagement
3074,58,Female,Shirt,Clothing,63,Oregon,L,White,Winter,3.6,No,Free Shipping,No,7,Debit Card,Bi-Weekly,Bi-Weekly,46-60 (Middle-Aged),14,Medium Value,Low Engagement,Medium Value - Low Engagement
3075,26,Female,Boots,Footwear,55,Massachusetts,L,Maroon,Winter,4.2,No,Next Day Air,No,34,Debit Card,Bi-Weekly,Fortnightly,18-30 (Young Adult),14,Medium Value,Medium Engagement,Medium Value - Medium Engagement
3076,54,Female,Shorts,Clothing,90,Utah,XL,Beige,Winter,3.6,No,Standard,No,21,PayPal,Quarterly,Every 3 Months,46-60 (Middle-Aged),90,High Value,Medium Engagement,High Value - Medium Engagement
3077,66,Female,Handbag,Accessories,46,New Hampshire,M,Blue,Summer,3.6,No,Express,No,13,Venmo,Bi-Weekly,Bi-Weekly,61-70 (Senior),14,Medium Value,Low Engagement,Medium Value - Low Engagement
3078,60,Female,Sweater,Clothing,88,Illinois,S,Red,Spring,3.0,No,Store Pickup,No,33,Debit Card,Bi-Weekly,Bi-Weekly,46-60 (Middle-Aged),14,High Value,Medium Engagement,High Value - Medium Engagement
3079,32,Female,Belt,Accessories,95,Alaska,M,Blue,Spring,2.5,No,2-Day Shipping,No,24,Bank Transfer,Bi-Weekly,Bi-Weekly,31-45 (Adult),14,High Value,Medium Engagement,High Value - Medium Engagement
3080,48,Female,Belt,Accessories,31,Wyoming,M,Maroon,Fall,4.0,No,Store Pickup,No,4,Bank Transfer,Annually,Annually,46-60 (Middle-Aged),365,Low Value,Low Engagement,Low Value - Low Engagement
3081,69,Female,Hoodie,Clothing,42,Colorado,L,Yellow,Spring,4.1,No,Next Day Air,No,5,Cash,Bi-Weekly,Bi-Weekly,61-70 (Senior),14,Medium Value,Low Engagement,Medium Value - Low Engagement
3082,64,Female,Sneakers,Footwear,44,Vermont,L,Pink,Winter,4.9,No,Next Day Air,No,11,Credit Card,Weekly,Weekly,61-70 (Senior),7,Medium Value,Low Engagement,Medium Value - Low Engagement
3083,56,Female,T-shirt,Clothing,99,Utah,M,Maroon,Spring,4.0,No,Next Day Air,No,20,Bank Transfer,Annually,Annually,46-60 (Middle-Aged),365,High Value,Medium Engagement,High Value - Medium Engagement
3084,22,Female,Pants,Clothing,20,Illinois,S,Purple,Summer,3.5,No,Store Pickup,No,28,PayPal,Quarterly,Quarterly,18-30 (Young Adult),90,Low Value,Medium Engagement,Low Value - Medium Engagement
3085,46,Female,Scarf,Accessories,37,Idaho,S,Indigo,Spring,3.2,No,Store Pickup,No,43,PayPal,Monthly,Monthly,46-60 (Middle-Aged),30,Low Value,High Engagement,Low Value - High Engagement
3086,24,Female,Sweater,Clothing,50,Nevada,L,Gray,Winter,2.8,No,Store Pickup,No,10,Venmo,Quarterly,Every 3 Months,18-30 (Young Adult),90,Medium Value,Low Engagement,Medium Value - Low Engagement
3087,47,Female,Handbag,Accessories,73,Utah,M,Lavender,Summer,3.5,No,Next Day Air,No,26,Venmo,Quarterly,Every 3 Months,46-60 (Middle-Aged),90,Medium Value,Medium Engagement,Medium Value - Medium Engagement
3088,62,Female,Shirt,Clothing,84,North Carolina,M,Charcoal,Spring,3.1,No,Free Shipping,No,29,Bank Transfer,Monthly,Monthly,61-70 (Senior),30,High Value,Medium Engagement,High Value - Medium Engagement
3089,34,Female,Dress,Clothing,64,Arkansas,M,Teal,Spring,3.3,No,Store Pickup,No,35,Bank Transfer,Quarterly,Quarterly,31-45 (Adult),90,Medium Value,Medium Engagement,Medium Value - Medium Engagement
3090,50,Female,Sandals,Footwear,21,North Carolina,L,Blue,Fall,4.6,No,Free Shipping,No,23,Cash,Bi-Weekly,Bi-Weekly,46-60 (Middle-Aged),14,Low Value,Medium Engagement,Low Value - Medium Engagement
3091,29,Female,Shirt,Clothing,36,Texas,M,Peach,Summer,4.9,No,Store Pickup,No,15,Bank Transfer,Quarterly,Quarterly,18-30 (Young Adult),90,Low Value,Low Engagement,Low Value - Low Engagement
3092,68,Female,Dress,Clothing,81,Nevada,L,Orange,Winter,3.4,No,2-Day Shipping,No,46,Credit Card,Annually,Annually,61-70 (Senior),365,High Value,High Engagement,High Value - High Engagement
3093,52,Female,Sunglasses,Accessories,54,Utah,L,Silver,Fall,3.5,No,Next Day Air,No,14,Bank Transfer,Bi-Weekly,Bi-Weekly,46-60 (Middle-Aged),14,Medium Value,Low Engagement,Medium Value - Low Engagement
3094,29,Female,Socks,Clothing,63,Pennsylvania,L,Red,Summer,4.8,No,Store Pickup,No,17,Cash,Quarterly,Every 3 Months,18-30 (Young Adult),90,Medium Value,Medium Engagement,Medium Value - Medium Engagement
3095,22,Female,Sandals,Footwear,59,Georgia,M,Gray,Summer,2.7,No,Store Pickup,No,9,Cash,Weekly,Weekly,18-30 (Young Adult),7,Medium Value,Low Engagement,Medium Value - Low Engagement
3096,62,Female,Hat,Accessories,53,Minnesota,S,Beige,Fall,3.4,No,Standard,No,13,Venmo,Bi-Weekly,Fortnightly,61-70 (Senior),14,Medium Value,Low Engagement,Medium Value - Low Engagement
3097,69,Female,Shirt,Clothing,63,Kansas,L,White,Winter,3.5,No,Next Day Air,No,20,Bank Transfer,Monthly,Monthly,61-70 (Senior),30,Medium Value,Medium Engagement,Medium Value - Medium Engagement
3098,48,Female,Shoes,Footwear,33,Delaware,M,Silver,Fall,3.7,No,Free Shipping,No,39,Bank Transfer,Quarterly,Quarterly,46-60 (Middle-Aged),90,Low Value,High Engagement,Low Value - High Engagement
3099,66,Female,Pants,Clothing,64,New Mexico,L,Cyan,Summer,3.3,No,Next Day Air,No,50,Bank Transfer,Quarterly,Quarterly,61-70 (Senior),90,Medium Value,High Engagement,Medium Value - High Engagement
3100,42,Female,Shirt,Clothing,98,Michigan,S,Maroon,Fall,2.9,No,Free Shipping,No,21,Bank Transfer,Bi-Weekly,Bi-Weekly,31-45 (Adult),14,High Value,Medium Engagement,High Value - Medium Engagement
3101,50,Female,Hat,Accessories,85,Vermont,L,Purple,Winter,3.9,No,Express,No,3,Bank Transfer,Weekly,Weekly,46-60 (Middle-Aged),7,High Value,Low Engagement,High Value - Low Engagement
3102,32,Female,Jewelry,Accessories,82,Idaho,S,Brown,Summer,2.7,No,Express,No,9,PayPal,Bi-Weekly,Fortnightly,31-45 (Adult),14,High Value,Low Engagement,High Value - Low Engagement
3103,51,Female,Jacket,Outerwear,85,South Dakota,M,Green,Summer,4.3,No,Standard,No,29,Cash,Bi-Weekly,Bi-Weekly,46-60 (Middle-Aged),14,High Value,Medium Engagement,High Value - Medium Engagement
3104,27,Female,Shirt,Clothing,37,Illinois,S,Peach,Winter,3.0,No,2-Day Shipping,No,42,Bank Transfer,Weekly,Weekly,18-30 (Young Adult),7,Low Value,High Engagement,Low Value - High Engagement
3105,43,Female,Pants,Clothing,56,Georgia,S,Turquoise,Summer,5.0,No,2-Day Shipping,No,41,Debit Card,Bi-Weekly,Fortnightly,31-45 (Adult),14,Medium Value,High Engagement,Medium Value - High Engagement
3106,48,Female,Skirt,Clothing,33,Oregon,M,Olive,Fall,2.7,No,Express,No,17,Debit Card,Monthly,Monthly,46-60 (Middle-Aged),30,Low Value,Medium Engagement,Low Value - Medium Engagement
3107,62,Female,Sandals,Footwear,57,Alabama,M,Yellow,Winter,4.7,No,Next Day Air,No,20,PayPal,Annually,Annually,61-70 (Senior),365,Medium Value,Medium Engagement,Medium Value - Medium Engagement
3108,65,Female,Blouse,Clothing,31,Hawaii,L,Gray,Winter,4.6,No,Standard,No,18,Credit Card,Bi-Weekly,Bi-Weekly,61-70 (Senior),14,Low Value,Medium Engagement,Low Value - Medium Engagement
3109,50,Female,Socks,Clothing,69,Oregon,M,Purple,Fall,3.2,No,2-Day Shipping,No,7,PayPal,Monthly,Monthly,46-60 (Middle-Aged),30,Medium Value,Low Engagement,Medium Value - Low Engagement
3110,60,Female,Jacket,Outerwear,92,Illinois,M,Gray,Winter,4.3,No,Free Shipping,No,47,Bank Transfer,Bi-Weekly,Fortnightly,46-60 (Middle-Aged),14,High Value,High Engagement,High Value - High Engagement
3111,19,Female,Handbag,Accessories,46,Texas,L,Lavender,Fall,4.6,No,Next Day Air,No,2,Bank Transfer,Bi-Weekly,Bi-Weekly,18-30 (Young Adult),14,Medium Value,Low Engagement,Medium Value - Low Engagement
3112,21,Female,Belt,Accessories,81,Kansas,XL,Indigo,Spring,4.9,No,Free Shipping,No,25,Debit Card,Quarterly,Quarterly,18-30 (Young Adult),90,High Value,Medium Engagement,High Value - Medium Engagement
3113,19,Female,Blouse,Clothing,97,Texas,S,Green,Fall,3.8,No,Express,No,26,Venmo,Annually,Annually,18-30 (Young Adult),365,High Value,Medium Engagement,High Value - Medium Engagement
3114,46,Female,Shirt,Clothing,93,Nebraska,L,Green,Summer,2.6,No,Express,No,2,Debit Card,Weekly,Weekly,46-60 (Middle-Aged),7,High Value,Low Engagement,High Value - Low Engagement
3115,21,Female,Handbag,Accessories,56,Arkansas,M,Olive,Spring,4.7,No,Store Pickup,No,45,Venmo,Bi-Weekly,Bi-Weekly,18-30 (Young Adult),14,Medium Value,High Engagement,Medium Value - High Engagement
3116,26,Female,Scarf,Accessories,53,South Dakota,M,Charcoal,Fall,4.1,No,Free Shipping,No,9,Bank Transfer,Bi-Weekly,Bi-Weekly,18-30 (Young Adult),14,Medium Value,Low Engagement,Medium Value - Low Engagement
3117,50,Female,Coat,Outerwear,66,Montana,L,Gray,Spring,3.7,No,Store Pickup,No,1,Venmo,Weekly,Weekly,46-60 (Middle-Aged),7,Medium Value,Low Engagement,Medium Value - Low Engagement
3118,43,Female,Hoodie,Clothing,50,Florida,M,Olive,Fall,3.0,No,Free Shipping,No,4,PayPal,Bi-Weekly,Bi-Weekly,31-45 (Adult),14,Medium Value,Low Engagement,Medium Value - Low Engagement
3119,61,Female,Shorts,Clothing,97,Virginia,L,Blue,Summer,4.7,No,Standard,No,31,Debit Card,Quarterly,Quarterly,61-70 (Senior),90,High Value,Medium Engagement,High Value - Medium Engagement
3120,63,Female,Sandals,Footwear,79,Louisiana,XL,Silver,Winter,4.7,No,2-Day Shipping,No,21,Credit Card,Quarterly,Every 3 Months,61-70 (Senior),90,High Value,Medium Engagement,High Value - Medium Engagement
3121,46,Female,Shirt,Clothing,76,Louisiana,M,Magenta,Fall,4.0,No,Store Pickup,No,32,Debit Card,Bi-Weekly,Fortnightly,46-60 (Middle-Aged),14,High Value,Medium Engagement,High Value - Medium Engagement
3122,63,Female,Hoodie,Clothing,38,Louisiana,L,Black,Fall,2.6,No,Standard,No,16,Venmo,Weekly,Weekly,61-70 (Senior),7,Low Value,Medium Engagement,Low Value - Medium Engagement
3123,23,Female,Socks,Clothing,45,Georgia,M,Pink,Fall,3.0,No,Express,No,34,Credit Card,Bi-Weekly,Fortnightly,18-30 (Young Adult),14,Medium Value,Medium Engagement,Medium Value - Medium Engagement
3124,57,Female,Handbag,Accessories,77,Iowa,XL,Red,Fall,3.3,No,Next Day Air,No,40,Venmo,Bi-Weekly,Bi-Weekly,46-60 (Middle-Aged),14,High Value,High Engagement,High Value - High Engagement
3125,57,Female,Jewelry,Accessories,51,California,M,Peach,Summer,3.4,No,Standard,No,4,Cash,Quarterly,Every 3 Months,46-60 (Middle-Aged),90,Medium Value,Low Engagement,Medium Value - Low Engagement
3126,33,Female,Coat,Outerwear,26,Oregon,L,Lavender,Spring,4.0,No,Standard,No,3,Cash,Quarterly,Quarterly,31-45 (Adult),90,Low Value,Low Engagement,Low Value - Low Engagement
3127,57,Female,Sunglasses,Accessories,76,Maine,L,Lavender,Winter,2.6,No,Store Pickup,No,28,Bank Transfer,Bi-Weekly,Bi-Weekly,46-60 (Middle-Aged),14,High Value,Medium Engagement,High Value - Medium Engagement
3128,55,Female,Gloves,Accessories,94,Louisiana,M,Beige,Winter,3.4,No,Free Shipping,No,43,Credit Card,Quarterly,Every 3 Months,46-60 (Middle-Aged),90,High Value,High Engagement,High Value - High Engagement
3129,65,Female,Jacket,Outerwear,32,Arkansas,S,Indigo,Fall,4.4,No,Standard,No,20,Cash,Annually,Annually,61-70 (Senior),365,Low Value,Medium Engagement,Low Value - Medium Engagement
3130,60,Female,Sandals,Footwear,20,Maryland,S,Cyan,Summer,4.7,No,Express,No,40,Venmo,Quarterly,Every 3 Months,46-60 (Middle-Aged),90,Low Value,High Engagement,Low Value - High Engagement
3131,52,Female,Pants,Clothing,20,Vermont,M,Yellow,Summer,4.5,No,Store Pickup,No,34,Venmo,Quarterly,Every 3 Months,46-60 (Middle-Aged),90,Low Value,Medium Engagement,Low Value - Medium Engagement
3132,34,Female,Jacket,Outerwear,59,North Dakota,M,Peach,Fall,2.9,No,Store Pickup,No,11,Bank Transfer,Quarterly,Every 3 Months,31-45 (Adult),90,Medium Value,Low Engagement,Medium Value - Low Engagement
3133,33,Female,Sweater,Clothing,97,Michigan,M,Yellow,Summer,4.2,No,Express,No,26,Cash,Quarterly,Quarterly,31-45 (Adult),90,High Value,Medium Engagement,High Value - Medium Engagement
3134,58,Female,T-shirt,Clothing,68,Arkansas,M,Orange,Spring,4.1,No,Next Day Air,No,29,Cash,Bi-Weekly,Bi-Weekly,46-60 (Middle-Aged),14,Medium Value,Medium Engagement,Medium Value - Medium Engagement
3135,35,Female,Boots,Footwear,66,Kentucky,L,Gray,Spring,4.4,No,Store Pickup,No,47,Bank Transfer,Weekly,Weekly,31-45 (Adult),7,Medium Value,High Engagement,Medium Value - High Engagement
3136,68,Female,Shoes,Footwear,85,Indiana,L,Yellow,Spring,4.7,No,Free Shipping,No,48,Venmo,Bi-Weekly,Fortnightly,61-70 (Senior),14,High Value,High Engagement,High Value - High Engagement
3137,58,Female,Skirt,Clothing,32,Minnesota,M,Gray,Fall,3.1,No,Next Day Air,No,29,Cash,Bi-Weekly,Bi-Weekly,46-60 (Middle-Aged),14,Low Value,Medium Engagement,Low Value - Medium Engagement
3138,34,Female,Coat,Outerwear,44,Louisiana,M,Turquoise,Spring,2.7,No,2-Day Shipping,No,14,Bank Transfer,Monthly,Monthly,31-45 (Adult),30,Medium Value,Low Engagement,Medium Value - Low Engagement
3139,47,Female,Blouse,Clothing,95,Kentucky,L,Gray,Fall,4.6,No,Next Day Air,No,40,Cash,Quarterly,Every 3 Months,46-60 (Middle-Aged),90,High Value,High Engagement,High Value - High Engagement
3140,35,Female,Sunglasses,Accessories,85,Georgia,M,Olive,Winter,4.4,No,Next Day Air,No,4,Venmo,Weekly,Weekly,31-45 (Adult),7,High Value,Low Engagement,High Value - Low Engagement
3141,34,Female,Gloves,Accessories,44,Alaska,XL,Peach,Summer,4.6,No,Free Shipping,No,37,Bank Transfer,Weekly,Weekly,31-45 (Adult),7,Medium Value,High Engagement,Medium Value - High Engagement
3142,36,Female,Sunglasses,Accessories,30,Mississippi,S,Peach,Winter,4.9,No,Express,No,47,Credit Card,Bi-Weekly,Bi-Weekly,31-45 (Adult),14,Low Value,High Engagement,Low Value - High Engagement
3143,23,Female,Sneakers,Footwear,21,Kansas,L,Magenta,Winter,4.0,No,2-Day Shipping,No,1,Venmo,Quarterly,Quarterly,18-30 (Young Adult),90,Low Value,Low Engagement,Low Value - Low Engagement
3144,68,Female,Hoodie,Clothing,22,Arizona,M,Purple,Summer,2.9,No,Store Pickup,No,26,Cash,Quarterly,Quarterly,61-70 (Senior),90,Low Value,Medium Engagement,Low Value - Medium Engagement
3145,23,Female,Boots,Footwear,70,Maine,L,Beige,Spring,2.6,No,Free Shipping,No,12,Debit Card,Quarterly,Quarterly,18-30 (Young Adult),90,Medium Value,Low Engagement,Medium Value - Low Engagement
3146,57,Female,Handbag,Accessories,29,Texas,XL,Purple,Spring,4.6,No,Standard,No,16,PayPal,Bi-Weekly,Fortnightly,46-60 (Middle-Aged),14,Low Value,Medium Engagement,Low Value - Medium Engagement
3147,21,Female,Shirt,Clothing,83,Virginia,S,Yellow,Winter,4.9,No,Free Shipping,No,19,PayPal,Annually,Annually,18-30 (Young Adult),365,High Value,Medium Engagement,High Value - Medium Engagement
3148,45,Female,Sweater,Clothing,99,North Dakota,M,Pink,Winter,4.3,No,Express,No,21,Credit Card,Weekly,Weekly,31-45 (Adult),7,High Value,Medium Engagement,High Value - Medium Engagement
3149,37,Female,Shorts,Clothing,35,West Virginia,L,Purple,Fall,4.3,No,Free Shipping,No,15,Venmo,Weekly,Weekly,31-45 (Adult),7,Low Value,Low Engagement,Low Value - Low Engagement
3150,18,Female,Belt,Accessories,40,North Carolina,M,Lavender,Winter,4.6,No,Free Shipping,No,9,Venmo,Annually,Annually,18-30 (Young Adult),365,Medium Value,Low Engagement,Medium Value - Low Engagement
3151,55,Female,Blouse,Clothing,25,Georgia,M,Peach,Spring,2.6,No,Express,No,7,Bank Transfer,Bi-Weekly,Bi-Weekly,46-60 (Middle-Aged),14,Low Value,Low Engagement,Low Value - Low Engagement
3152,52,Female,T-shirt,Clothing,64,New Mexico,L,Orange,Fall,3.1,No,2-Day Shipping,No,47,Bank Transfer,Quarterly,Quarterly,46-60 (Middle-Aged),90,Medium Value,High Engagement,Medium Value - High Engagement
3153,49,Female,Belt,Accessories,90,North Carolina,M,Red,Fall,3.1,No,Store Pickup,No,17,PayPal,Monthly,Monthly,46-60 (Middle-Aged),30,High Value,Medium Engagement,High Value - Medium Engagement
3154,56,Female,Socks,Clothing,88,Alabama,L,Red,Fall,3.1,No,Next Day Air,No,46,Venmo,Bi-Weekly,Fortnightly,46-60 (Middle-Aged),14,High Value,High Engagement,High Value - High Engagement
3155,27,Female,Belt,Accessories,55,Connecticut,M,Gold,Winter,4.4,No,Standard,No,32,Cash,Quarterly,Quarterly,18-30 (Young Adult),90,Medium Value,Medium Engagement,Medium Value - Medium Engagement
3156,22,Female,Handbag,Accessories,90,Montana,M,Brown,Fall,4.3,No,Free Shipping,No,34,Cash,Annually,Annually,18-30 (Young Adult),365,High Value,Medium Engagement,High Value - Medium Engagement
3157,18,Female,Shirt,Clothing,50,Montana,M,Black,Winter,3.1,No,2-Day Shipping,No,18,Cash,Monthly,Monthly,18-30 (Young Adult),30,Medium Value,Medium Engagement,Medium Value - Medium Engagement
3158,21,Female,Belt,Accessories,34,Maine,L,Red,Fall,3.1,No,Store Pickup,No,5,Debit Card,Bi-Weekly,Fortnightly,18-30 (Young Adult),14,Low Value,Low Engagement,Low Value - Low Engagement
3159,30,Female,Jewelry,Accessories,77,Mississippi,M,Gray,Winter,4.9,No,2-Day Shipping,No,44,Credit Card,Monthly,Monthly,18-30 (Young Adult),30,High Value,High Engagement,High Value - High Engagement
3160,62,Female,Hat,Accessories,89,Louisiana,L,Pink,Winter,2.9,No,Store Pickup,No,4,Bank Transfer,Quarterly,Quarterly,61-70 (Senior),90,High Value,Low Engagement,High Value - Low Engagement
3161,28,Female,Backpack,Accessories,87,Nebraska,XL,Turquoise,Fall,3.8,No,Next Day Air,No,37,Cash,Bi-Weekly,Fortnightly,18-30 (Young Adult),14,High Value,High Engagement,High Value - High Engagement
3162,66,Female,Dress,Clothing,77,Massachusetts,S,Charcoal,Winter,4.2,No,2-Day Shipping,No,43,Cash,Monthly,Monthly,61-70 (Senior),30,High Value,High Engagement,High Value - High Engagement
3163,66,Female,Shoes,Footwear,85,Wisconsin,L,Blue,Winter,3.9,No,Standard,No,28,Bank Transfer,Quarterly,Quarterly,61-70 (Senior),90,High Value,Medium Engagement,High Value - Medium Engagement
3164,49,Female,Pants,Clothing,66,Nebraska,XL,Turquoise,Summer,2.8,No,Express,No,36,Cash,Monthly,Monthly,46-60 (Middle-Aged),30,Medium Value,High Engagement,Medium Value - High Engagement
3165,40,Female,Dress,Clothing,32,Arizona,L,Silver,Winter,2.6,No,Standard,No,16,Credit Card,Annually,Annually,31-45 (Adult),365,Low Value,Medium Engagement,Low Value - Medium Engagement
3166,49,Female,Jacket,Outerwear,92,Hawaii,M,Lavender,Spring,3.0,No,Store Pickup,No,38,Bank Transfer,Quarterly,Every 3 Months,46-60 (Middle-Aged),90,High Value,High Engagement,High Value - High Engagement
3167,19,Female,Shirt,Clothing,80,Georgia,M,Gold,Winter,2.7,No,Next Day Air,No,37,Bank Transfer,Bi-Weekly,Fortnightly,18-30 (Young Adult),14,High Value,High Engagement,High Value - High Engagement
3168,24,Female,Dress,Clothing,78,Oregon,M,Blue,Fall,2.8,No,2-Day Shipping,No,9,Cash,Bi-Weekly,Bi-Weekly,18-30 (Young Adult),14,High Value,Low Engagement,High Value - Low Engagement
3169,31,Female,Jeans,Clothing,24,Montana,M,Orange,Spring,2.9,No,2-Day Shipping,No,14,PayPal,Bi-Weekly,Fortnightly,31-45 (Adult),14,Low Value,Low Engagement,Low Value - Low Engagement
3170,35,Female,T-shirt,Clothing,59,Georgia,M,White,Fall,3.8,No,Free Shipping,No,3,Venmo,Weekly,Weekly,31-45 (Adult),7,Medium Value,Low Engagement,Medium Value - Low Engagement
3171,65,Female,Sunglasses,Accessories,41,Rhode Island,XL,Charcoal,Spring,4.4,No,Express,No,10,Credit Card,Bi-Weekly,Fortnightly,61-70 (Senior),14,Medium Value,Low Engagement,Medium Value - Low Engagement
3172,68,Female,Jewelry,Accessories,26,Tennessee,M,Maroon,Spring,3.1,No,Express,No,26,Bank Transfer,Bi-Weekly,Bi-Weekly,61-70 (Senior),14,Low Value,Medium Engagement,Low Value - Medium Engagement
3173,57,Female,Socks,Clothing,52,Missouri,M,Olive,Fall,3.7,No,Standard,No,30,Debit Card,Bi-Weekly,Bi-Weekly,46-60 (Middle-Aged),14,Medium Value,Medium Engagement,Medium Value - Medium Engagement
3174,69,Female,Skirt,Clothing,46,Washington,L,Teal,Summer,4.9,No,Next Day Air,No,32,PayPal,Bi-Weekly,Fortnightly,61-70 (Senior),14,Medium Value,Medium Engagement,Medium Value - Medium Engagement
3175,45,Female,Pants,Clothing,52,Oklahoma,L,Orange,Winter,3.8,No,Store Pickup,No,35,PayPal,Monthly,Monthly,31-45 (Adult),30,Medium Value,Medium Engagement,Medium Value - Medium Engagement
3176,35,Female,Socks,Clothing,42,Connecticut,M,Maroon,Fall,3.4,No,Store Pickup,No,26,Debit Card,Quarterly,Every 3 Months,31-45 (Adult),90,Medium Value,Medium Engagement,Medium Value - Medium Engagement
3177,36,Female,Sandals,Footwear,37,Arkansas,XL,Turquoise,Spring,4.6,No,2-Day Shipping,No,39,Credit Card,Monthly,Monthly,31-45 (Adult),30,Low Value,High Engagement,Low Value - High Engagement
3178,55,Female,Belt,Accessories,52,Missouri,L,Beige,Fall,3.2,No,Standard,No,31,Credit Card,Monthly,Monthly,46-60 (Middle-Aged),30,Medium Value,Medium Engagement,Medium Value - Medium Engagement
3179,66,Female,Sandals,Footwear,34,Washington,L,Beige,Spring,2.7,No,Free Shipping,No,28,Credit Card,Annually,Annually,61-70 (Senior),365,Low Value,Medium Engagement,Low Value - Medium Engagement
3180,57,Female,Shorts,Clothing,88,Idaho,M,Olive,Spring,4.3,No,Free Shipping,No,12,Debit Card,Bi-Weekly,Bi-Weekly,46-60 (Middle-Aged),14,High Value,Low Engagement,High Value - Low Engagement
3181,18,Female,Handbag,Accessories,88,Montana,L,Turquoise,Fall,3.8,No,Standard,No,46,PayPal,Weekly,Weekly,18-30 (Young Adult),7,High Value,High Engagement,High Value - High Engagement
3182,31,Female,Jacket,Outerwear,51,Montana,M,Charcoal,Summer,4.4,No,Free Shipping,No,27,PayPal,Quarterly,Every 3 Months,31-45 (Adult),90,Medium Value,Medium Engagement,Medium Value - Medium Engagement
3183,50,Female,Sunglasses,Accessories,97,Georgia,L,Green,Fall,3.6,No,Free Shipping,No,4,Credit Card,Annually,Annually,46-60 (Middle-Aged),365,High Value,Low Engagement,High Value - Low Engagement
3184,50,Female,Sneakers,Footwear,56,Mississippi,M,Green,Winter,3.5,No,Standard,No,14,Cash,Quarterly,Every 3 Months,46-60 (Middle-Aged),90,Medium Value,Low Engagement,Medium Value - Low Engagement
3185,61,Female,Sweater,Clothing,53,Hawaii,L,Green,Spring,4.2,No,2-Day Shipping,No,30,Venmo,Quarterly,Quarterly,61-70 (Senior),90,Medium Value,Medium Engagement,Medium Value - Medium Engagement
3186,52,Female,Skirt,Clothing,71,Ohio,L,Gold,Fall,4.7,No,Express,No,6,PayPal,Annually,Annually,46-60 (Middle-Aged),365,Medium Value,Low Engagement,Medium Value - Low Engagement
3187,38,Female,Jewelry,Accessories,93,Virginia,S,Cyan,Winter,4.8,No,Store Pickup,No,43,Venmo,Annually,Annually,31-45 (Adult),365,High Value,High Engagement,High Value - High Engagement
3188,67,Female,Blouse,Clothing,72,Texas,L,Indigo,Winter,3.2,No,Free Shipping,No,28,Debit Card,Weekly,Weekly,61-70 (Senior),7,Medium Value,Medium Engagement,Medium Value - Medium Engagement
3189,42,Female,Blouse,Clothing,59,Vermont,M,Lavender,Winter,3.5,No,Standard,No,39,Bank Transfer,Monthly,Monthly,31-45 (Adult),30,Medium Value,High Engagement,Medium Value - High Engagement
3190,25,Female,Boots,Footwear,87,Kansas,M,Beige,Summer,4.2,No,Store Pickup,No,30,PayPal,Bi-Weekly,Bi-Weekly,18-30 (Young Adult),14,High Value,Medium Engagement,High Value - Medium Engagement
3191,41,Female,Jeans,Clothing,78,California,S,Purple,Fall,3.4,No,Free Shipping,No,5,Credit Card,Bi-Weekly,Fortnightly,31-45 (Adult),14,High Value,Low Engagement,High Value - Low Engagement
3192,62,Female,Hoodie,Clothing,68,Mississippi,XL,Maroon,Winter,4.7,No,Store Pickup,No,42,Credit Card,Quarterly,Every 3 Months,61-70 (Senior),90,Medium Value,High Engagement,Medium Value - High Engagement
3193,19,Female,Sweater,Clothing,76,Iowa,S,Maroon,Fall,3.0,No,Free Shipping,No,20,Cash,Bi-Weekly,Fortnightly,18-30 (Young Adult),14,High Value,Medium Engagement,High Value - Medium Engagement
3194,63,Female,Gloves,Accessories,99,Virginia,L,Teal,Winter,4.0,No,Express,No,35,Credit Card,Bi-Weekly,Fortnightly,61-70 (Senior),14,High Value,Medium Engagement,High Value - Medium Engagement
3195,43,Female,Sneakers,Footwear,52,Maryland,L,Gold,Summer,4.6,No,Standard,No,10,Credit Card,Bi-Weekly,Bi-Weekly,31-45 (Adult),14,Medium Value,Low Engagement,Medium Value - Low Engagement
3196,68,Female,Sunglasses,Accessories,58,Missouri,S,Red,Spring,4.9,No,Next Day Air,No,36,Credit Card,Quarterly,Quarterly,61-70 (Senior),90,Medium Value,High Engagement,Medium Value - High Engagement
3197,24,Female,Belt,Accessories,59,Wisconsin,L,Maroon,Winter,2.8,No,Express,No,21,Debit Card,Bi-Weekly,Fortnightly,18-30 (Young Adult),14,Medium Value,Medium Engagement,Medium Value - Medium Engagement
3198,27,Female,Sweater,Clothing,71,Maine,M,Teal,Spring,3.2,No,Free Shipping,No,29,Credit Card,Quarterly,Every 3 Months,18-30 (Young Adult),90,Medium Value,Medium Engagement,Medium Value - Medium Engagement
3199,61,Female,Gloves,Accessories,94,Pennsylvania,L,Peach,Winter,2.8,No,Free Shipping,No,39,Debit Card,Weekly,Weekly,61-70 (Senior),7,High Value,High Engagement,High Value - High Engagement
3200,59,Female,Handbag,Accessories,40,Maine,XL,Pink,Winter,4.2,No,Express,No,16,PayPal,Monthly,Monthly,46-60 (Middle-Aged),30,Medium Value,Medium Engagement,Medium Value - Medium Engagement
3201,67,Female,Socks,Clothing,24,Missouri,L,Black,Spring,4.8,No,Free Shipping,No,32,Credit Card,Monthly,Monthly,61-70 (Senior),30,Low Value,Medium Engagement,Low Value - Medium Engagement
3202,46,Female,Pants,Clothing,38,Vermont,S,Indigo,Fall,2.8,No,2-Day Shipping,No,34,Cash,Monthly,Monthly,46-60 (Middle-Aged),30,Low Value,Medium Engagement,Low Value - Medium Engagement
3203,65,Female,Scarf,Accessories,37,Wisconsin,L,Green,Fall,4.5,No,Standard,No,38,Venmo,Annually,Annually,61-70 (Senior),365,Low Value,High Engagement,Low Value - High Engagement
3204,63,Female,Coat,Outerwear,29,New Jersey,L,Teal,Spring,4.1,No,Express,No,14,Venmo,Annually,Annually,61-70 (Senior),365,Low Value,Low Engagement,Low Value - Low Engagement
3205,57,Female,Jacket,Outerwear,92,New Mexico,XL,Lavender,Fall,4.3,No,Free Shipping,No,23,Debit Card,Bi-Weekly,Bi-Weekly,46-60 (Middle-Aged),14,High Value,Medium Engagement,High Value - Medium Engagement
3206,40,Female,Hoodie,Clothing,24,Colorado,XL,Magenta,Fall,4.4,No,2-Day Shipping,No,50,Bank Transfer,Quarterly,Every 3 Months,31-45 (Adult),90,Low Value,High Engagement,Low Value - High Engagement
3207,36,Female,Boots,Footwear,52,California,M,Brown,Winter,3.0,No,Free Shipping,No,49,PayPal,Monthly,Monthly,31-45 (Adult),30,Medium Value,High Engagement,Medium Value - High Engagement
3208,67,Female,Socks,Clothing,29,Arizona,XL,Beige,Summer,2.7,No,Next Day Air,No,14,PayPal,Annually,Annually,61-70 (Senior),365,Low Value,Low Engagement,Low Value - Low Engagement
3209,61,Female,Jewelry,Accessories,30,Indiana,L,Indigo,Winter,3.3,No,2-Day Shipping,No,42,PayPal,Weekly,Weekly,61-70 (Senior),7,Low Value,High Engagement,Low Value - High Engagement
3210,64,Female,Shoes,Footwear,31,Arkansas,L,Peach,Fall,4.3,No,Standard,No,39,Debit Card,Annually,Annually,61-70 (Senior),365,Low Value,High Engagement,Low Value - High Engagement
3211,30,Female,Socks,Clothing,67,Nevada,M,Magenta,Summer,2.9,No,Express,No,43,Venmo,Bi-Weekly,Bi-Weekly,18-30 (Young Adult),14,Medium Value,High Engagement,Medium Value - High Engagement
3212,53,Female,Pants,Clothing,65,Rhode Island,L,Turquoise,Winter,4.9,No,Standard,No,12,Cash,Monthly,Monthly,46-60 (Middle-Aged),30,Medium Value,Low Engagement,Medium Value - Low Engagement
3213,27,Female,Sneakers,Footwear,22,Wyoming,M,Indigo,Winter,3.6,No,2-Day Shipping,No,21,Debit Card,Weekly,Weekly,18-30 (Young Adult),7,Low Value,Medium Engagement,Low Value - Medium Engagement
3214,27,Female,Sunglasses,Accessories,56,Texas,M,Brown,Winter,3.3,No,Standard,No,33,Credit Card,Monthly,Monthly,18-30 (Young Adult),30,Medium Value,Medium Engagement,Medium Value - Medium Engagement
3215,53,Female,Skirt,Clothing,78,Washington,M,Yellow,Spring,3.1,No,Free Shipping,No,6,Debit Card,Annually,Annually,46-60 (Middle-Aged),365,High Value,Low Engagement,High Value - Low Engagement
3216,34,Female,Coat,Outerwear,90,Rhode Island,M,Magenta,Summer,2.7,No,Free Shipping,No,10,PayPal,Quarterly,Every 3 Months,31-45 (Adult),90,High Value,Low Engagement,High Value - Low Engagement
3217,39,Female,Hoodie,Clothing,85,Illinois,S,Olive,Winter,3.4,No,Next Day Air,No,18,Cash,Weekly,Weekly,31-45 (Adult),7,High Value,Medium Engagement,High Value - Medium Engagement
3218,44,Female,Sunglasses,Accessories,58,Oregon,M,Silver,Fall,3.4,No,Express,No,46,Venmo,Weekly,Weekly,31-45 (Adult),7,Medium Value,High Engagement,Medium Value - High Engagement
3219,37,Female,Skirt,Clothing,34,Florida,M,Teal,Fall,3.9,No,Express,No,49,PayPal,Monthly,Monthly,31-45 (Adult),30,Low Value,High Engagement,Low Value - High Engagement
3220,57,Female,Coat,Outerwear,40,Kansas,L,White,Summer,3.5,No,2-Day Shipping,No,39,Credit Card,Weekly,Weekly,46-60 (Middle-Aged),7,Medium Value,High Engagement,Medium Value - High Engagement
3221,38,Female,Handbag,Accessories,29,North Dakota,M,Blue,Fall,4.1,No,Free Shipping,No,16,Cash,Monthly,Monthly,31-45 (Adult),30,Low Value,Medium Engagement,Low Value - Medium Engagement
3222,21,Female,T-shirt,Clothing,76,New Hampshire,M,Yellow,Winter,3.2,No,Standard,No,28,Cash,Annually,Annually,18-30 (Young Adult),365,High Value,Medium Engagement,High Value - Medium Engagement
3223,45,Female,Sunglasses,Accessories,84,Texas,S,Maroon,Fall,4.6,No,Store Pickup,No,22,PayPal,Quarterly,Quarterly,31-45 (Adult),90,High Value,Medium Engagement,High Value - Medium Engagement
3224,68,Female,Shirt,Clothing,65,Montana,S,Gray,Spring,3.9,No,Standard,No,36,Venmo,Bi-Weekly,Bi-Weekly,61-70 (Senior),14,Medium Value,High Engagement,Medium Value - High Engagement
3225,37,Female,Hoodie,Clothing,80,Delaware,L,Indigo,Winter,2.7,No,Free Shipping,No,18,PayPal,Monthly,Monthly,31-45 (Adult),30,High Value,Medium Engagement,High Value - Medium Engagement
3226,53,Female,Blouse,Clothing,98,New Hampshire,M,Pink,Fall,3.0,No,Store Pickup,No,31,Credit Card,Weekly,Weekly,46-60 (Middle-Aged),7,High Value,Medium Engagement,High Value - Medium Engagement
3227,57,Female,Sneakers,Footwear,71,Minnesota,XL,Beige,Spring,3.3,No,Next Day Air,No,38,Bank Transfer,Bi-Weekly,Fortnightly,46-60 (Middle-Aged),14,Medium Value,High Engagement,Medium Value - High Engagement
3228,28,Female,Scarf,Accessories,69,Alaska,XL,White,Fall,2.7,No,Free Shipping,No,42,Debit Card,Quarterly,Quarterly,18-30 (Young Adult),90,Medium Value,High Engagement,Medium Value - High Engagement
3229,37,Female,Jewelry,Accessories,95,Connecticut,M,Yellow,Spring,4.6,No,2-Day Shipping,No,27,PayPal,Annually,Annually,31-45 (Adult),365,High Value,Medium Engagement,High Value - Medium Engagement
3230,54,Female,Pants,Clothing,67,Connecticut,M,Teal,Fall,2.7,No,Express,No,24,Cash,Monthly,Monthly,46-60 (Middle-Aged),30,Medium Value,Medium Engagement,Medium Value - Medium Engagement
3231,49,Female,Sneakers,Footwear,49,Kansas,M,Olive,Summer,2.5,No,Next Day Air,No,38,Debit Card,Annually,Annually,46-60 (Middle-Aged),365,Medium Value,High Engagement,Medium Value - High Engagement
3232,62,Female,Shoes,Footwear,97,Nevada,M,Maroon,Winter,4.4,No,Free Shipping,No,9,Credit Card,Annually,Annually,61-70 (Senior),365,High Value,Low Engagement,High Value - Low Engagement
3233,45,Female,T-shirt,Clothing,34,Massachusetts,M,White,Spring,4.0,No,Next Day Air,No,19,Bank Transfer,Monthly,Monthly,31-45 (Adult),30,Low Value,Medium Engagement,Low Value - Medium Engagement
3234,45,Female,Belt,Accessories,74,Indiana,M,Lavender,Fall,3.8,No,Express,No,11,Debit Card,Bi-Weekly,Bi-Weekly,31-45 (Adult),14,Medium Value,Low Engagement,Medium Value - Low Engagement
3235,49,Female,Jewelry,Accessories,96,Washington,M,Black,Winter,2.5,No,2-Day Shipping,No,16,Debit Card,Quarterly,Quarterly,46-60 (Middle-Aged),90,High Value,Medium Engagement,High Value - Medium Engagement
3236,27,Female,Belt,Accessories,68,Kansas,M,Green,Summer,4.0,No,Free Shipping,No,18,Venmo,Monthly,Monthly,18-30 (Young Adult),30,Medium Value,Medium Engagement,Medium Value - Medium Engagement
3237,63,Female,Belt,Accessories,84,South Carolina,L,Olive,Fall,4.1,No,Next Day Air,No,8,Cash,Monthly,Monthly,61-70 (Senior),30,High Value,Low Engagement,High Value - Low Engagement
3238,61,Female,T-shirt,Clothing,57,Vermont,M,Gray,Summer,2.8,No,Express,No,4,Cash,Weekly,Weekly,61-70 (Senior),7,Medium Value,Low Engagement,Medium Value - Low Engagement
3239,25,Female,Sneakers,Footwear,84,Wyoming,XL,Teal,Fall,3.4,No,2-Day Shipping,No,37,Cash,Quarterly,Quarterly,18-30 (Young Adult),90,High Value,High Engagement,High Value - High Engagement
3240,33,Female,Sunglasses,Accessories,32,Colorado,M,Charcoal,Fall,2.7,No,2-Day Shipping,No,30,Cash,Monthly,Monthly,31-45 (Adult),30,Low Value,Medium Engagement,Low Value - Medium Engagement
3241,56,Female,Sandals,Footwear,37,West Virginia,M,Violet,Fall,3.8,No,2-Day Shipping,No,37,Bank Transfer,Monthly,Monthly,46-60 (Middle-Aged),30,Low Value,High Engagement,Low Value - High Engagement
3242,50,Female,Handbag,Accessories,58,Connecticut,M,Lavender,Summer,4.4,No,Store Pickup,No,30,PayPal,Quarterly,Quarterly,46-60 (Middle-Aged),90,Medium Value,Medium Engagement,Medium Value - Medium Engagement
3243,45,Female,Socks,Clothing,74,Oregon,S,Beige,Fall,2.8,No,Express,No,17,Venmo,Weekly,Weekly,31-45 (Adult),7,Medium Value,Medium Engagement,Medium Value - Medium Engagement
3244,45,Female,Hoodie,Clothing,99,Idaho,L,Black,Summer,5.0,No,Store Pickup,No,11,Bank Transfer,Quarterly,Every 3 Months,31-45 (Adult),90,High Value,Low Engagement,High Value - Low Engagement
3245,65,Female,Sweater,Clothing,81,Arkansas,M,Black,Fall,4.7,No,Express,No,42,Credit Card,Annually,Annually,61-70 (Senior),365,High Value,High Engagement,High Value - High Engagement
3246,63,Female,Pants,Clothing,76,Kansas,M,Purple,Fall,3.2,No,Next Day Air,No,20,Cash,Weekly,Weekly,61-70 (Senior),7,High Value,Medium Engagement,High Value - Medium Engagement
3247,70,Female,Sneakers,Footwear,98,Michigan,M,Magenta,Summer,2.9,No,Store Pickup,No,37,Cash,Monthly,Monthly,61-70 (Senior),30,High Value,High Engagement,High Value - High Engagement
3248,53,Female,Gloves,Accessories,91,Arkansas,M,Teal,Summer,3.7,No,Express,No,12,PayPal,Bi-Weekly,Fortnightly,46-60 (Middle-Aged),14,High Value,Low Engagement,High Value - Low Engagement
3249,22,Female,T-shirt,Clothing,79,Pennsylvania,S,Teal,Summer,4.2,No,Free Shipping,No,41,Bank Transfer,Quarterly,Quarterly,18-30 (Young Adult),90,High Value,High Engagement,High Value - High Engagement
3250,26,Female,Backpack,Accessories,83,Virginia,M,Pink,Summer,3.4,No,Express,No,32,Credit Card,Quarterly,Quarterly,18-30 (Young Adult),90,High Value,Medium Engagement,High Value - Medium Engagement
3251,23,Female,Coat,Outerwear,90,Minnesota,M,Teal,Spring,2.9,No,2-Day Shipping,No,15,Venmo,Weekly,Weekly,18-30 (Young Adult),7,High Value,Low Engagement,High Value - Low Engagement
3252,25,Female,Coat,Outerwear,20,Nevada,M,Gold,Winter,3.7,No,Standard,No,39,Venmo,Quarterly,Quarterly,18-30 (Young Adult),90,Low Value,High Engagement,Low Value - High Engagement
3253,69,Female,Sandals,Footwear,21,Montana,L,Brown,Spring,2.7,No,Store Pickup,No,48,Credit Card,Bi-Weekly,Fortnightly,61-70 (Senior),14,Low Value,High Engagement,Low Value - High Engagement
3254,36,Female,Backpack,Accessories,60,Nebraska,M,Brown,Fall,3.2,No,2-Day Shipping,No,8,Venmo,Bi-Weekly,Fortnightly,31-45 (Adult),14,Medium Value,Low Engagement,Medium Value - Low Engagement
3255,21,Female,Sweater,Clothing,31,Indiana,S,Magenta,Winter,4.9,No,Store Pickup,No,11,Bank Transfer,Quarterly,Every 3 Months,18-30 (Young Adult),90,Low Value,Low Engagement,Low Value - Low Engagement
3256,57,Female,Shorts,Clothing,40,New Jersey,M,Black,Fall,2.8,No,Next Day Air,No,36,Bank Transfer,Monthly,Monthly,46-60 (Middle-Aged),30,Medium Value,High Engagement,Medium Value - High Engagement
3257,60,Female,Sunglasses,Accessories,26,Wisconsin,L,Teal,Winter,4.7,No,Free Shipping,No,50,Venmo,Quarterly,Every 3 Months,46-60 (Middle-Aged),90,Low Value,High Engagement,Low Value - High Engagement
3258,44,Female,Shirt,Clothing,98,Minnesota,M,Brown,Fall,3.3,No,Express,No,39,Venmo,Quarterly,Every 3 Months,31-45 (Adult),90,High Value,High Engagement,High Value - High Engagement
3259,31,Female,Shoes,Footwear,51,New Jersey,M,Magenta,Spring,4.3,No,Express,No,11,Credit Card,Bi-Weekly,Bi-Weekly,31-45 (Adult),14,Medium Value,Low Engagement,Medium Value - Low Engagement
3260,57,Female,Hat,Accessories,95,Oklahoma,XL,Indigo,Fall,3.7,No,2-Day Shipping,No,5,Debit Card,Quarterly,Every 3 Months,46-60 (Middle-Aged),90,High Value,Low Engagement,High Value - Low Engagement
3261,39,Female,Scarf,Accessories,36,Wisconsin,M,Violet,Summer,4.5,No,2-Day Shipping,No,7,Credit Card,Annually,Annually,31-45 (Adult),365,Low Value,Low Engagement,Low Value - Low Engagement
3262,48,Female,Belt,Accessories,52,Rhode Island,L,Cyan,Winter,3.4,No,Store Pickup,No,50,Debit Card,Weekly,Weekly,46-60 (Middle-Aged),7,Medium Value,High Engagement,Medium Value - High Engagement
3263,42,Female,T-shirt,Clothing,35,Indiana,M,Violet,Spring,2.7,No,Standard,No,21,Cash,Quarterly,Every 3 Months,31-45 (Adult),90,Low Value,Medium Engagement,Low Value - Medium Engagement
3264,56,Female,Shorts,Clothing,68,Vermont,S,Black,Fall,4.4,No,Express,No,31,Debit Card,Bi-Weekly,Fortnightly,46-60 (Middle-Aged),14,Medium Value,Medium Engagement,Medium Value - Medium Engagement
3265,28,Female,Pants,Clothing,50,Maine,S,Charcoal,Winter,4.0,No,Express,No,39,Cash,Bi-Weekly,Bi-Weekly,18-30 (Young Adult),14,Medium Value,High Engagement,Medium Value - High Engagement
3266,40,Female,Sunglasses,Accessories,100,Alabama,M,White,Winter,3.2,No,Express,No,28,Credit Card,Bi-Weekly,Fortnightly,31-45 (Adult),14,High Value,Medium Engagement,High Value - Medium Engagement
3267,49,Female,Coat,Outerwear,74,Alabama,S,Gray,Winter,4.2,No,Next Day Air,No,33,Bank Transfer,Weekly,Weekly,46-60 (Middle-Aged),7,Medium Value,Medium Engagement,Medium Value - Medium Engagement
3268,37,Female,Hoodie,Clothing,45,Idaho,L,Pink,Winter,3.0,No,Store Pickup,No,42,Credit Card,Quarterly,Quarterly,31-45 (Adult),90,Medium Value,High Engagement,Medium Value - High Engagement
3269,22,Female,Dress,Clothing,97,Arkansas,M,Cyan,Fall,2.8,No,Free Shipping,No,5,Bank Transfer,Quarterly,Every 3 Months,18-30 (Young Adult),90,High Value,Low Engagement,High Value - Low Engagement
3270,27,Female,Blouse,Clothing,60,Ohio,M,Blue,Winter,4.9,No,Express,No,25,Cash,Monthly,Monthly,18-30 (Young Adult),30,Medium Value,Medium Engagement,Medium Value - Medium Engagement
3271,59,Female,Socks,Clothing,25,Illinois,M,Indigo,Winter,4.7,No,Express,No,48,PayPal,Annually,Annually,46-60 (Middle-Aged),365,Low Value,High Engagement,Low Value - High Engagement
3272,35,Female,Socks,Clothing,55,Nevada,XL,Magenta,Spring,4.4,No,Standard,No,30,Credit Card,Weekly,Weekly,31-45 (Adult),7,Medium Value,Medium Engagement,Medium Value - Medium Engagement
3273,58,Female,Shoes,Footwear,99,Texas,M,Lavender,Winter,3.1,No,Next Day Air,No,34,PayPal,Quarterly,Quarterly,46-60 (Middle-Aged),90,High Value,Medium Engagement,High Value - Medium Engagement
3274,58,Female,Belt,Accessories,45,Nevada,S,Orange,Summer,2.6,No,Free Shipping,No,34,PayPal,Quarterly,Every 3 Months,46-60 (Middle-Aged),90,Medium Value,Medium Engagement,Medium Value - Medium Engagement
3275,46,Female,Sweater,Clothing,20,Oklahoma,M,Cyan,Spring,3.9,No,Store Pickup,No,14,Cash,Bi-Weekly,Fortnightly,46-60 (Middle-Aged),14,Low Value,Low Engagement,Low Value - Low Engagement
3276,43,Female,Pants,Clothing,88,Alabama,XL,Green,Summer,2.6,No,2-Day Shipping,No,2,Debit Card,Weekly,Weekly,31-45 (Adult),7,High Value,Low Engagement,High Value - Low Engagement
3277,39,Female,Scarf,Accessories,99,South Dakota,M,White,Summer,4.0,No,Store Pickup,No,41,PayPal,Quarterly,Every 3 Months,31-45 (Adult),90,High Value,High Engagement,High Value - High Engagement
3278,59,Female,Skirt,Clothing,86,Texas,M,Blue,Spring,4.9,No,Store Pickup,No,3,Credit Card,Monthly,Monthly,46-60 (Middle-Aged),30,High Value,Low Engagement,High Value - Low Engagement
3279,59,Female,Dress,Clothing,70,Montana,M,Black,Summer,3.3,No,2-Day Shipping,No,18,Bank Transfer,Weekly,Weekly,46-60 (Middle-Aged),7,Medium Value,Medium Engagement,Medium Value - Medium Engagement
3280,59,Female,Hat,Accessories,50,Wyoming,S,Red,Fall,3.0,No,Express,No,1,Debit Card,Bi-Weekly,Fortnightly,46-60 (Middle-Aged),14,Medium Value,Low Engagement,Medium Value - Low Engagement
3281,45,Female,Handbag,Accessories,57,New York,L,Red,Winter,2.7,No,Next Day Air,No,5,PayPal,Monthly,Monthly,31-45 (Adult),30,Medium Value,Low Engagement,Medium Value - Low Engagement
3282,27,Female,Pants,Clothing,69,Oregon,L,Gold,Winter,3.1,No,Free Shipping,No,41,Bank Transfer,Annually,Annually,18-30 (Young Adult),365,Medium Value,High Engagement,Medium Value - High Engagement
3283,24,Female,T-shirt,Clothing,94,California,M,Red,Fall,4.8,No,Next Day Air,No,5,Credit Card,Monthly,Monthly,18-30 (Young Adult),30,High Value,Low Engagement,High Value - Low Engagement
3284,47,Female,Jacket,Outerwear,24,North Carolina,L,Purple,Spring,2.9,No,Express,No,10,Debit Card,Quarterly,Every 3 Months,46-60 (Middle-Aged),90,Low Value,Low Engagement,Low Value - Low Engagement
3285,70,Female,Scarf,Accessories,79,Kentucky,L,White,Spring,4.5,No,2-Day Shipping,No,20,Venmo,Annually,Annually,61-70 (Senior),365,High Value,Medium Engagement,High Value - Medium Engagement
3286,58,Female,Hat,Accessories,31,Hawaii,XL,Magenta,Fall,4.6,No,Free Shipping,No,11,Cash,Weekly,Weekly,46-60 (Middle-Aged),7,Low Value,Low Engagement,Low Value - Low Engagement
3287,45,Female,Jacket,Outerwear,67,Illinois,L,Pink,Winter,5.0,No,Express,No,4,Venmo,Bi-Weekly,Fortnightly,31-45 (Adult),14,Medium Value,Low Engagement,Medium Value - Low Engagement
3288,24,Female,Skirt,Clothing,63,West Virginia,L,Black,Spring,4.3,No,2-Day Shipping,No,38,Credit Card,Weekly,Weekly,18-30 (Young Adult),7,Medium Value,High Engagement,Medium Value - High Engagement
3289,67,Female,Handbag,Accessories,61,South Carolina,XL,White,Spring,4.9,No,Next Day Air,No,19,Credit Card,Bi-Weekly,Bi-Weekly,61-70 (Senior),14,Medium Value,Medium Engagement,Medium Value - Medium Engagement
3290,31,Female,Backpack,Accessories,50,Montana,M,Maroon,Summer,4.0,No,2-Day Shipping,No,16,Venmo,Quarterly,Every 3 Months,31-45 (Adult),90,Medium Value,Medium Engagement,Medium Value - Medium Engagement
3291,52,Female,Coat,Outerwear,82,North Dakota,L,Black,Spring,3.1,No,Free Shipping,No,2,PayPal,Monthly,Monthly,46-60 (Middle-Aged),30,High Value,Low Engagement,High Value - Low Engagement
3292,29,Female,Belt,Accessories,51,New Mexico,L,Olive,Fall,2.6,No,2-Day Shipping,No,11,Cash,Monthly,Monthly,18-30 (Young Adult),30,Medium Value,Low Engagement,Medium Value - Low Engagement
3293,62,Female,Handbag,Accessories,23,Missouri,L,Gray,Spring,4.9,No,Standard,No,18,Bank Transfer,Bi-Weekly,Fortnightly,61-70 (Senior),14,Low Value,Medium Engagement,Low Value - Medium Engagement
3294,19,Female,Coat,Outerwear,91,West Virginia,M,Gold,Spring,3.5,No,2-Day Shipping,No,47,Credit Card,Bi-Weekly,Fortnightly,18-30 (Young Adult),14,High Value,High Engagement,High Value - High Engagement
3295,62,Female,Sweater,Clothing,60,South Carolina,S,Magenta,Spring,4.5,No,Store Pickup,No,15,Bank Transfer,Bi-Weekly,Bi-Weekly,61-70 (Senior),14,Medium Value,Low Engagement,Medium Value - Low Engagement
3296,70,Female,Blouse,Clothing,34,West Virginia,S,Lavender,Summer,2.8,No,Next Day Air,No,15,Cash,Weekly,Weekly,61-70 (Senior),7,Low Value,Low Engagement,Low Value - Low Engagement
3297,20,Female,Blouse,Clothing,23,Alaska,M,Green,Spring,4.2,No,Next Day Air,No,47,Venmo,Quarterly,Quarterly,18-30 (Young Adult),90,Low Value,High Engagement,Low Value - High Engagement
3298,67,Female,Belt,Accessories,82,West Virginia,M,Violet,Fall,4.1,No,Free Shipping,No,47,PayPal,Monthly,Monthly,61-70 (Senior),30,High Value,High Engagement,High Value - High Engagement
3299,65,Female,Jacket,Outerwear,73,New Mexico,M,Brown,Fall,3.5,No,Express,No,6,Bank Transfer,Quarterly,Every 3 Months,61-70 (Senior),90,Medium Value,Low Engagement,Medium Value - Low Engagement
3300,45,Female,Shorts,Clothing,32,South Dakota,L,Teal,Spring,4.0,No,2-Day Shipping,No,18,Venmo,Monthly,Monthly,31-45 (Adult),30,Low Value,Medium Engagement,Low Value - Medium Engagement
3301,26,Female,Hat,Accessories,80,Oklahoma,M,Charcoal,Spring,4.0,No,Express,No,40,Bank Transfer,Bi-Weekly,Bi-Weekly,18-30 (Young Adult),14,High Value,High Engagement,High Value - High Engagement
3302,36,Female,Pants,Clothing,58,Oklahoma,XL,Charcoal,Summer,2.5,No,Free Shipping,No,31,Credit Card,Bi-Weekly,Fortnightly,31-45 (Adult),14,Medium Value,Medium Engagement,Medium Value - Medium Engagement
3303,36,Female,Blouse,Clothing,82,Alabama,XL,Beige,Winter,4.2,No,Standard,No,31,Venmo,Bi-Weekly,Bi-Weekly,31-45 (Adult),14,High Value,Medium Engagement,High Value - Medium Engagement
3304,20,Female,Belt,Accessories,60,Mississippi,S,Turquoise,Summer,3.4,No,Next Day Air,No,4,Credit Card,Bi-Weekly,Fortnightly,18-30 (Young Adult),14,Medium Value,Low Engagement,Medium Value - Low Engagement
3305,30,Female,Handbag,Accessories,79,Mississippi,XL,Orange,Fall,4.8,No,Next Day Air,No,36,Bank Transfer,Quarterly,Every 3 Months,18-30 (Young Adult),90,High Value,High Engagement,High Value - High Engagement
3306,34,Female,Hoodie,Clothing,41,Nebraska,L,Cyan,Summer,4.9,No,Standard,No,31,PayPal,Bi-Weekly,Bi-Weekly,31-45 (Adult),14,Medium Value,Medium Engagement,Medium Value - Medium Engagement
3307,63,Female,Jacket,Outerwear,39,Colorado,L,Orange,Summer,3.6,No,Store Pickup,No,6,Venmo,Bi-Weekly,Fortnightly,61-70 (Senior),14,Low Value,Low Engagement,Low Value - Low Engagement
3308,18,Female,Scarf,Accessories,36,Pennsylvania,S,Green,Winter,4.0,No,Store Pickup,No,1,Cash,Monthly,Monthly,18-30 (Young Adult),30,Low Value,Low Engagement,Low Value - Low Engagement
3309,55,Female,Jeans,Clothing,70,Utah,M,Pink,Fall,2.6,No,Express,No,29,Cash,Monthly,Monthly,46-60 (Middle-Aged),30,Medium Value,Medium Engagement,Medium Value - Medium Engagement
3310,48,Female,Handbag,Accessories,47,Massachusetts,M,Blue,Summer,3.1,No,Store Pickup,No,19,PayPal,Monthly,Monthly,46-60 (Middle-Aged),30,Medium Value,Medium Engagement,Medium Value - Medium Engagement
3311,45,Female,Jacket,Outerwear,27,Iowa,M,Pink,Winter,3.6,No,Free Shipping,No,12,PayPal,Bi-Weekly,Fortnightly,31-45 (Adult),14,Low Value,Low Engagement,Low Value - Low Engagement
3312,29,Female,Hat,Accessories,52,Florida,L,Blue,Summer,4.0,No,Express,No,18,Bank Transfer,Annually,Annually,18-30 (Young Adult),365,Medium Value,Medium Engagement,Medium Value - Medium Engagement
3313,55,Female,Sneakers,Footwear,75,Louisiana,L,Black,Summer,3.9,No,Next Day Air,No,45,Cash,Quarterly,Quarterly,46-60 (Middle-Aged),90,Medium Value,High Engagement,Medium Value - High Engagement
3314,55,Female,Hat,Accessories,30,Kansas,XL,Black,Fall,3.9,No,Express,No,45,Credit Card,Monthly,Monthly,46-60 (Middle-Aged),30,Low Value,High Engagement,Low Value - High Engagement
3315,55,Female,Socks,Clothing,94,Kansas,M,Violet,Spring,3.3,No,Standard,No,8,Credit Card,Quarterly,Quarterly,46-60 (Middle-Aged),90,High Value,Low Engagement,High Value - Low Engagement
3316,48,Female,Scarf,Accessories,68,Kentucky,S,Gold,Summer,2.9,No,Standard,No,4,PayPal,Quarterly,Every 3 Months,46-60 (Middle-Aged),90,Medium Value,Low Engagement,Medium Value - Low Engagement
3317,42,Female,Socks,Clothing,45,New Mexico,M,Olive,Summer,3.1,No,Free Shipping,No,5,Debit Card,Bi-Weekly,Fortnightly,31-45 (Adult),14,Medium Value,Low Engagement,Medium Value - Low Engagement
3318,21,Female,Hat,Accessories,67,North Carolina,XL,Pink,Summer,4.7,No,Standard,No,30,Cash,Quarterly,Quarterly,18-30 (Young Adult),90,Medium Value,Medium Engagement,Medium Value - Medium Engagement
3319,45,Female,Jacket,Outerwear,46,North Dakota,M,Olive,Summer,3.9,No,Free Shipping,No,15,PayPal,Monthly,Monthly,31-45 (Adult),30,Medium Value,Low Engagement,Medium Value - Low Engagement
3320,23,Female,Shorts,Clothing,31,North Dakota,M,Indigo,Summer,4.3,No,Next Day Air,No,17,Credit Card,Quarterly,Every 3 Months,18-30 (Young Adult),90,Low Value,Medium Engagement,Low Value - Medium Engagement
3321,66,Female,Blouse,Clothing,44,Illinois,XL,Silver,Fall,4.2,No,2-Day Shipping,No,45,Cash,Quarterly,Every 3 Months,61-70 (Senior),90,Medium Value,High Engagement,Medium Value - High Engagement
3322,32,Female,Coat,Outerwear,100,Maine,S,Charcoal,Winter,4.3,No,Next Day Air,No,3,Venmo,Annually,Annually,31-45 (Adult),365,High Value,Low Engagement,High Value - Low Engagement
3323,52,Female,Sweater,Clothing,92,Indiana,XL,Orange,Winter,4.6,No,Next Day Air,No,43,PayPal,Weekly,Weekly,46-60 (Middle-Aged),7,High Value,High Engagement,High Value - High Engagement
3324,54,Female,Handbag,Accessories,78,North Dakota,M,Yellow,Winter,3.8,No,Free Shipping,No,4,Credit Card,Monthly,Monthly,46-60 (Middle-Aged),30,High Value,Low Engagement,High Value - Low Engagement
3325,37,Female,T-shirt,Clothing,32,Missouri,S,Red,Fall,3.3,No,Standard,No,41,Venmo,Weekly,Weekly,31-45 (Adult),7,Low Value,High Engagement,Low Value - High Engagement
3326,29,Female,Sandals,Footwear,97,Alaska,M,Maroon,Fall,3.7,No,2-Day Shipping,No,16,Venmo,Monthly,Monthly,18-30 (Young Adult),30,High Value,Medium Engagement,High Value - Medium Engagement
3327,47,Female,Gloves,Accessories,95,North Dakota,M,Magenta,Summer,4.3,No,Standard,No,10,Debit Card,Annually,Annually,46-60 (Middle-Aged),365,High Value,Low Engagement,High Value - Low Engagement
3328,47,Female,Shorts,Clothing,64,Connecticut,M,Black,Spring,4.1,No,Express,No,2,Debit Card,Quarterly,Quarterly,46-60 (Middle-Aged),90,Medium Value,Low Engagement,Medium Value - Low Engagement
3329,42,Female,Sandals,Footwear,35,Wisconsin,M,Violet,Spring,3.2,No,Free Shipping,No,11,Cash,Bi-Weekly,Bi-Weekly,31-45 (Adult),14,Low Value,Low Engagement,Low Value - Low Engagement
3330,34,Female,Backpack,Accessories,54,New Jersey,M,Gray,Winter,3.8,No,Express,No,1,Debit Card,Bi-Weekly,Bi-Weekly,31-45 (Adult),14,Medium Value,Low Engagement,Medium Value - Low Engagement
3331,38,Female,Sneakers,Footwear,96,Missouri,M,Black,Spring,3.2,No,2-Day Shipping,No,41,Bank Transfer,Quarterly,Quarterly,31-45 (Adult),90,High Value,High Engagement,High Value - High Engagement
3332,55,Female,Sunglasses,Accessories,58,California,M,Pink,Summer,3.5,No,Free Shipping,No,39,PayPal,Quarterly,Quarterly,46-60 (Middle-Aged),90,Medium Value,High Engagement,Medium Value - High Engagement
3333,27,Female,T-shirt,Clothing,23,Washington,M,Silver,Summer,3.1,No,2-Day Shipping,No,1,PayPal,Bi-Weekly,Bi-Weekly,18-30 (Young Adult),14,Low Value,Low Engagement,Low Value - Low Engagement
3334,55,Female,Jeans,Clothing,35,Minnesota,M,Violet,Spring,4.2,No,Express,No,3,PayPal,Monthly,Monthly,46-60 (Middle-Aged),30,Low Value,Low Engagement,Low Value - Low Engagement
3335,66,Female,Shirt,Clothing,23,California,M,Beige,Summer,3.4,No,Free Shipping,No,21,Credit Card,Annually,Annually,61-70 (Senior),365,Low Value,Medium Engagement,Low Value - Medium Engagement
3336,44,Female,Hat,Accessories,94,Texas,XL,Cyan,Winter,3.5,No,Express,No,48,Bank Transfer,Quarterly,Quarterly,31-45 (Adult),90,High Value,High Engagement,High Value - High Engagement
3337,39,Female,Blouse,Clothing,45,Montana,M,Brown,Fall,4.0,No,Free Shipping,No,24,Debit Card,Annually,Annually,31-45 (Adult),365,Medium Value,Medium Engagement,Medium Value - Medium Engagement
3338,23,Female,Jacket,Outerwear,23,Arizona,L,Blue,Winter,4.4,No,2-Day Shipping,No,45,Bank Transfer,Bi-Weekly,Bi-Weekly,18-30 (Young Adult),14,Low Value,High Engagement,Low Value - High Engagement
3339,29,Female,Skirt,Clothing,94,Minnesota,L,White,Winter,2.9,No,2-Day Shipping,No,46,Credit Card,Monthly,Monthly,18-30 (Young Adult),30,High Value,High Engagement,High Value - High Engagement
3340,20,Female,Gloves,Accessories,99,Nebraska,M,Cyan,Fall,3.6,No,Store Pickup,No,35,Cash,Bi-Weekly,Fortnightly,18-30 (Young Adult),14,High Value,Medium Engagement,High Value - Medium Engagement
3341,42,Female,T-shirt,Clothing,36,Virginia,XL,Maroon,Fall,4.4,No,Free Shipping,No,47,Credit Card,Bi-Weekly,Fortnightly,31-45 (Adult),14,Low Value,High Engagement,Low Value - High Engagement
3342,55,Female,Jacket,Outerwear,50,Connecticut,XL,Olive,Summer,4.5,No,Standard,No,35,Credit Card,Monthly,Monthly,46-60 (Middle-Aged),30,Medium Value,Medium Engagement,Medium Value - Medium Engagement
3343,66,Female,Jacket,Outerwear,81,New Jersey,M,Violet,Spring,3.8,No,Free Shipping,No,45,Credit Card,Weekly,Weekly,61-70 (Senior),7,High Value,High Engagement,High Value - High Engagement
3344,24,Female,Shorts,Clothing,31,Kentucky,XL,Green,Winter,3.6,No,2-Day Shipping,No,6,Cash,Bi-Weekly,Bi-Weekly,18-30 (Young Adult),14,Low Value,Low Engagement,Low Value - Low Engagement
3345,62,Female,Hat,Accessories,48,Washington,XL,Magenta,Fall,4.3,No,Free Shipping,No,20,Cash,Annually,Annually,61-70 (Senior),365,Medium Value,Medium Engagement,Medium Value - Medium Engagement
3346,28,Female,Handbag,Accessories,91,Florida,M,Turquoise,Summer,4.0,No,2-Day Shipping,No,3,Venmo,Bi-Weekly,Bi-Weekly,18-30 (Young Adult),14,High Value,Low Engagement,High Value - Low Engagement
3347,30,Female,Jeans,Clothing,99,Oklahoma,M,Black,Summer,3.4,No,Express,No,30,Venmo,Quarterly,Quarterly,18-30 (Young Adult),90,High Value,Medium Engagement,High Value - Medium Engagement
3348,22,Female,Shoes,Footwear,70,Iowa,XL,Cyan,Summer,4.4,No,Standard,No,28,PayPal,Bi-Weekly,Bi-Weekly,18-30 (Young Adult),14,Medium Value,Medium Engagement,Medium Value - Medium Engagement
3349,28,Female,T-shirt,Clothing,74,New Hampshire,L,Gray,Winter,2.8,No,Standard,No,15,Cash,Quarterly,Every 3 Months,18-30 (Young Adult),90,Medium Value,Low Engagement,Medium Value - Low Engagement
3350,35,Female,Jewelry,Accessories,79,Georgia,M,Red,Fall,2.8,No,Store Pickup,No,29,PayPal,Quarterly,Quarterly,31-45 (Adult),90,High Value,Medium Engagement,High Value - Medium Engagement
3351,45,Female,Handbag,Accessories,33,Mississippi,S,Olive,Fall,4.9,No,2-Day Shipping,No,15,Cash,Bi-Weekly,Bi-Weekly,31-45 (Adult),14,Low Value,Low Engagement,Low Value - Low Engagement
3352,43,Female,Shirt,Clothing,49,New Hampshire,L,Cyan,Spring,4.2,No,2-Day Shipping,No,18,Bank Transfer,Bi-Weekly,Fortnightly,31-45 (Adult),14,Medium Value,Medium Engagement,Medium Value - Medium Engagement
3353,55,Female,Belt,Accessories,96,Washington,M,Teal,Summer,2.9,No,Next Day Air,No,7,Bank Transfer,Bi-Weekly,Bi-Weekly,46-60 (Middle-Aged),14,High Value,Low Engagement,High Value - Low Engagement
3354,31,Female,Dress,Clothing,66,Ohio,L,Teal,Fall,4.6,No,Free Shipping,No,19,Credit Card,Quarterly,Every 3 Months,31-45 (Adult),90,Medium Value,Medium Engagement,Medium Value - Medium Engagement
3355,42,Female,Skirt,Clothing,45,Maryland,M,Orange,Fall,2.8,No,Next Day Air,No,15,PayPal,Weekly,Weekly,31-45 (Adult),7,Medium Value,Low Engagement,Medium Value - Low Engagement
3356,40,Female,Blouse,Clothing,28,Delaware,M,Peach,Spring,2.6,No,Store Pickup,No,3,Bank Transfer,Bi-Weekly,Bi-Weekly,31-45 (Adult),14,Low Value,Low Engagement,Low Value - Low Engagement
3357,39,Female,Jeans,Clothing,48,Tennessee,M,Silver,Summer,3.5,No,Store Pickup,No,13,PayPal,Bi-Weekly,Bi-Weekly,31-45 (Adult),14,Medium Value,Low Engagement,Medium Value - Low Engagement
3358,41,Female,Hoodie,Clothing,67,Arkansas,M,Pink,Winter,3.5,No,Free Shipping,No,37,Credit Card,Monthly,Monthly,31-45 (Adult),30,Medium Value,High Engagement,Medium Value - High Engagement
3359,56,Female,T-shirt,Clothing,59,Tennessee,M,Magenta,Fall,3.4,No,2-Day Shipping,No,26,Cash,Annually,Annually,46-60 (Middle-Aged),365,Medium Value,Medium Engagement,Medium Value - Medium Engagement
3360,43,Female,Sunglasses,Accessories,74,New Hampshire,L,Red,Fall,3.9,No,Next Day Air,No,29,Debit Card,Monthly,Monthly,31-45 (Adult),30,Medium Value,Medium Engagement,Medium Value - Medium Engagement
3361,22,Female,Jacket,Outerwear,81,Minnesota,M,Maroon,Spring,3.3,No,2-Day Shipping,No,47,Cash,Quarterly,Every 3 Months,18-30 (Young Adult),90,High Value,High Engagement,High Value - High Engagement
3362,47,Female,Shoes,Footwear,26,Florida,M,Silver,Spring,4.1,No,Free Shipping,No,47,Credit Card,Bi-Weekly,Bi-Weekly,46-60 (Middle-Aged),14,Low Value,High Engagement,Low Value - High Engagement
3363,50,Female,Handbag,Accessories,61,Tennessee,M,Gray,Summer,3.0,No,Next Day Air,No,48,Venmo,Bi-Weekly,Fortnightly,46-60 (Middle-Aged),14,Medium Value,High Engagement,Medium Value - High Engagement
3364,58,Female,Sweater,Clothing,23,California,M,Turquoise,Winter,3.0,No,Next Day Air,No,46,Bank Transfer,Bi-Weekly,Bi-Weekly,46-60 (Middle-Aged),14,Low Value,High Engagement,Low Value - High Engagement
3365,50,Female,Scarf,Accessories,33,Oregon,M,Peach,Fall,3.2,No,Standard,No,7,Credit Card,Monthly,Monthly,46-60 (Middle-Aged),30,Low Value,Low Engagement,Low Value - Low Engagement
3366,43,Female,Skirt,Clothing,58,Tennessee,L,Teal,Fall,3.9,No,Express,No,45,Credit Card,Quarterly,Every 3 Months,31-45 (Adult),90,Medium Value,High Engagement,Medium Value - High Engagement
3367,38,Female,Gloves,Accessories,65,North Carolina,M,Red,Spring,3.6,No,2-Day Shipping,No,47,Debit Card,Quarterly,Quarterly,31-45 (Adult),90,Medium Value,High Engagement,Medium Value - High Engagement
3368,44,Female,T-shirt,Clothing,48,Tennessee,M,Blue,Summer,3.1,No,Store Pickup,No,6,Venmo,Bi-Weekly,Fortnightly,31-45 (Adult),14,Medium Value,Low Engagement,Medium Value - Low Engagement
3369,30,Female,Sandals,Footwear,25,Nebraska,M,Blue,Spring,4.8,No,Express,No,29,Bank Transfer,Quarterly,Every 3 Months,18-30 (Young Adult),90,Low Value,Medium Engagement,Low Value - Medium Engagement
3370,47,Female,Sweater,Clothing,51,Maine,M,Indigo,Winter,3.8,No,2-Day Shipping,No,42,Cash,Monthly,Monthly,46-60 (Middle-Aged),30,Medium Value,High Engagement,Medium Value - High Engagement
3371,30,Female,Belt,Accessories,31,Illinois,M,Charcoal,Summer,2.8,No,Store Pickup,No,46,Cash,Bi-Weekly,Fortnightly,18-30 (Young Adult),14,Low Value,High Engagement,Low Value - High Engagement
3372,49,Female,Hoodie,Clothing,99,Colorado,S,Turquoise,Winter,4.0,No,Next Day Air,No,28,PayPal,Annually,Annually,46-60 (Middle-Aged),365,High Value,Medium Engagement,High Value - Medium Engagement
3373,56,Female,Socks,Clothing,25,Pennsylvania,M,Maroon,Winter,4.6,No,Free Shipping,No,14,Credit Card,Quarterly,Every 3 Months,46-60 (Middle-Aged),90,Low Value,Low Engagement,Low Value - Low Engagement
3374,70,Female,Sandals,Footwear,52,Minnesota,M,Purple,Spring,3.5,No,Store Pickup,No,12,Debit Card,Quarterly,Every 3 Months,61-70 (Senior),90,Medium Value,Low Engagement,Medium Value - Low Engagement
3375,22,Female,Blouse,Clothing,47,Nevada,S,Lavender,Spring,3.7,No,2-Day Shipping,No,41,Debit Card,Annually,Annually,18-30 (Young Adult),365,Medium Value,High Engagement,Medium Value - High Engagement
3376,51,Female,Boots,Footwear,98,Connecticut,XL,Yellow,Fall,4.9,No,Express,No,8,Credit Card,Annually,Annually,46-60 (Middle-Aged),365,High Value,Low Engagement,High Value - Low Engagement
3377,22,Female,Hat,Accessories,46,Ohio,M,Green,Winter,4.1,No,Store Pickup,No,24,Cash,Quarterly,Quarterly,18-30 (Young Adult),90,Medium Value,Medium Engagement,Medium Value - Medium Engagement
3378,37,Female,Shirt,Clothing,32,Kentucky,M,Yellow,Winter,4.6,No,Next Day Air,No,18,PayPal,Bi-Weekly,Fortnightly,31-45 (Adult),14,Low Value,Medium Engagement,Low Value - Medium Engagement
3379,49,Female,Shorts,Clothing,75,Minnesota,L,Gold,Fall,4.5,No,Next Day Air,No,6,Cash,Quarterly,Quarterly,46-60 (Middle-Aged),90,Medium Value,Low Engagement,Medium Value - Low Engagement
3380,61,Female,Handbag,Accessories,51,Tennessee,L,Turquoise,Summer,5.0,No,Store Pickup,No,40,Cash,Weekly,Weekly,61-70 (Senior),7,Medium Value,High Engagement,Medium Value - High Engagement
3381,41,Female,Dress,Clothing,52,North Dakota,L,Blue,Summer,3.8,No,Standard,No,6,PayPal,Quarterly,Every 3 Months,31-45 (Adult),90,Medium Value,Low Engagement,Medium Value - Low Engagement
3382,57,Female,Hat,Accessories,66,Minnesota,L,Turquoise,Winter,4.7,No,Standard,No,27,Credit Card,Quarterly,Quarterly,46-60 (Middle-Aged),90,Medium Value,Medium Engagement,Medium Value - Medium Engagement
3383,34,Female,Sweater,Clothing,35,Nebraska,M,Maroon,Spring,2.8,No,Express,No,2,Bank Transfer,Weekly,Weekly,31-45 (Adult),7,Low Value,Low Engagement,Low Value - Low Engagement
3384,27,Female,Coat,Outerwear,43,Delaware,M,Pink,Fall,2.6,No,Next Day Air,No,39,Venmo,Bi-Weekly,Bi-Weekly,18-30 (Young Adult),14,Medium Value,High Engagement,Medium Value - High Engagement
3385,39,Female,Hoodie,Clothing,24,Minnesota,L,Maroon,Summer,3.8,No,Free Shipping,No,9,Venmo,Quarterly,Quarterly,31-45 (Adult),90,Low Value,Low Engagement,Low Value - Low Engagement
3386,62,Female,Jewelry,Accessories,83,Rhode Island,M,Olive,Winter,2.8,No,Standard,No,16,Credit Card,Quarterly,Every 3 Months,61-70 (Senior),90,High Value,Medium Engagement,High Value - Medium Engagement
3387,34,Female,T-shirt,Clothing,62,Michigan,M,Lavender,Fall,2.6,No,2-Day Shipping,No,36,Cash,Quarterly,Quarterly,31-45 (Adult),90,Medium Value,High Engagement,Medium Value - High Engagement
3388,53,Female,Pants,Clothing,78,New Jersey,S,Pink,Spring,3.4,No,2-Day Shipping,No,2,Credit Card,Bi-Weekly,Bi-Weekly,46-60 (Middle-Aged),14,High Value,Low Engagement,High Value - Low Engagement
3389,35,Female,Sweater,Clothing,61,South Dakota,M,Cyan,Spring,4.5,No,Store Pickup,No,21,Credit Card,Weekly,Weekly,31-45 (Adult),7,Medium Value,Medium Engagement,Medium Value - Medium Engagement
3390,38,Female,Pants,Clothing,57,North Carolina,L,Maroon,Fall,3.8,No,Free Shipping,No,39,Venmo,Annually,Annually,31-45 (Adult),365,Medium Value,High Engagement,Medium Value - High Engagement
3391,32,Female,Socks,Clothing,70,Oregon,S,Red,Summer,3.0,No,Next Day Air,No,38,PayPal,Annually,Annually,31-45 (Adult),365,Medium Value,High Engagement,Medium Value - High Engagement
3392,47,Female,Hoodie,Clothing,57,Montana,M,Silver,Fall,3.7,No,2-Day Shipping,No,6,Debit Card,Quarterly,Every 3 Months,46-60 (Middle-Aged),90,Medium Value,Low Engagement,Medium Value - Low Engagement
3393,53,Female,Scarf,Accessories,74,New Jersey,XL,Blue,Winter,4.4,No,Free Shipping,No,6,Venmo,Bi-Weekly,Bi-Weekly,46-60 (Middle-Aged),14,Medium Value,Low Engagement,Medium Value - Low Engagement
3394,60,Female,Dress,Clothing,90,Arizona,M,Gold,Fall,3.1,No,Next Day Air,No,50,Debit Card,Monthly,Monthly,46-60 (Middle-Aged),30,High Value,High Engagement,High Value - High Engagement
3395,31,Female,Sandals,Footwear,98,Vermont,S,Yellow,Spring,4.2,No,Store Pickup,No,9,PayPal,Annually,Annually,31-45 (Adult),365,High Value,Low Engagement,High Value - Low Engagement
3396,44,Female,Dress,Clothing,43,Colorado,M,Silver,Winter,3.1,No,Free Shipping,No,15,Debit Card,Quarterly,Every 3 Months,31-45 (Adult),90,Medium Value,Low Engagement,Medium Value - Low Engagement
3397,29,Female,Pants,Clothing,37,Tennessee,XL,Black,Winter,5.0,No,Next Day Air,No,5,PayPal,Quarterly,Quarterly,18-30 (Young Adult),90,Low Value,Low Engagement,Low Value - Low Engagement
3398,19,Female,Blouse,Clothing,38,New Jersey,L,Yellow,Summer,2.7,No,Standard,No,13,Bank Transfer,Bi-Weekly,Bi-Weekly,18-30 (Young Adult),14,Low Value,Low Engagement,Low Value - Low Engagement
3399,54,Female,Jeans,Clothing,60,Montana,L,Pink,Winter,3.8,No,Standard,No,44,Cash,Bi-Weekly,Fortnightly,46-60 (Middle-Aged),14,Medium Value,High Engagement,Medium Value - High Engagement
3400,40,Female,Pants,Clothing,55,Montana,XL,Yellow,Winter,3.3,No,Standard,No,36,Debit Card,Annually,Annually,31-45 (Adult),365,Medium Value,High Engagement,Medium Value - High Engagement
3401,39,Female,Sunglasses,Accessories,51,Nevada,M,Lavender,Fall,4.8,No,Free Shipping,No,18,Venmo,Bi-Weekly,Fortnightly,31-45 (Adult),14,Medium Value,Medium Engagement,Medium Value - Medium Engagement
3402,44,Female,Backpack,Accessories,71,Nevada,L,Peach,Winter,3.4,No,Standard,No,39,Credit Card,Weekly,Weekly,31-45 (Adult),7,Medium Value,High Engagement,Medium Value - High Engagement
3403,22,Female,Hoodie,Clothing,61,Louisiana,M,Black,Spring,4.4,No,2-Day Shipping,No,11,PayPal,Quarterly,Every 3 Months,18-30 (Young Adult),90,Medium Value,Low Engagement,Medium Value - Low Engagement
3404,30,Female,Boots,Footwear,65,Illinois,M,Olive,Summer,3.9,No,Standard,No,1,Cash,Bi-Weekly,Bi-Weekly,18-30 (Young Adult),14,Medium Value,Low Engagement,Medium Value - Low Engagement
3405,69,Female,Gloves,Accessories,34,South Carolina,L,Olive,Fall,3.9,No,2-Day Shipping,No,34,Credit Card,Annually,Annually,61-70 (Senior),365,Low Value,Medium Engagement,Low Value - Medium Engagement
3406,28,Female,Blouse,Clothing,87,Washington,M,White,Summer,4.2,No,Store Pickup,No,47,Bank Transfer,Bi-Weekly,Bi-Weekly,18-30 (Young Adult),14,High Value,High Engagement,High Value - High Engagement
3407,57,Female,Sweater,Clothing,79,Nebraska,M,Red,Spring,4.0,No,Store Pickup,No,24,Venmo,Quarterly,Quarterly,46-60 (Middle-Aged),90,High Value,Medium Engagement,High Value - Medium Engagement
3408,46,Female,Dress,Clothing,46,Alabama,S,Purple,Spring,2.6,No,Store Pickup,No,20,Cash,Quarterly,Quarterly,46-60 (Middle-Aged),90,Medium Value,Medium Engagement,Medium Value - Medium Engagement
3409,48,Female,Socks,Clothing,72,Montana,L,Purple,Summer,4.4,No,Standard,No,11,Bank Transfer,Annually,Annually,46-60 (Middle-Aged),365,Medium Value,Low Engagement,Medium Value - Low Engagement
3410,24,Female,Shirt,Clothing,93,Minnesota,M,Teal,Summer,3.2,No,Next Day Air,No,3,Credit Card,Quarterly,Every 3 Months,18-30 (Young Adult),90,High Value,Low Engagement,High Value - Low Engagement
3411,50,Female,Sandals,Footwear,76,Ohio,L,Teal,Summer,4.3,No,Free Shipping,No,38,Bank Transfer,Bi-Weekly,Bi-Weekly,46-60 (Middle-Aged),14,High Value,High Engagement,High Value - High Engagement
3412,29,Female,Shoes,Footwear,56,New York,L,Gray,Winter,4.9,No,2-Day Shipping,No,45,Cash,Weekly,Weekly,18-30 (Young Adult),7,Medium Value,High Engagement,Medium Value - High Engagement
3413,61,Female,Sandals,Footwear,83,Indiana,M,Magenta,Fall,3.8,No,Store Pickup,No,31,Venmo,Quarterly,Quarterly,61-70 (Senior),90,High Value,Medium Engagement,High Value - Medium Engagement
3414,34,Female,Gloves,Accessories,90,Delaware,XL,Black,Winter,2.5,No,Express,No,16,PayPal,Bi-Weekly,Bi-Weekly,31-45 (Adult),14,High Value,Medium Engagement,High Value - Medium Engagement
3415,27,Female,Boots,Footwear,94,Connecticut,M,Maroon,Spring,4.9,No,Next Day Air,No,3,Bank Transfer,Quarterly,Quarterly,18-30 (Young Adult),90,High Value,Low Engagement,High Value - Low Engagement
3416,38,Female,Blouse,Clothing,68,New York,M,Gold,Fall,3.0,No,2-Day Shipping,No,15,Bank Transfer,Annually,Annually,31-45 (Adult),365,Medium Value,Low Engagement,Medium Value - Low Engagement
3417,25,Female,Sandals,Footwear,53,Alabama,M,Purple,Spring,3.2,No,Store Pickup,No,11,Bank Transfer,Quarterly,Every 3 Months,18-30 (Young Adult),90,Medium Value,Low Engagement,Medium Value - Low Engagement
3418,54,Female,Coat,Outerwear,35,Massachusetts,M,Blue,Summer,2.9,No,2-Day Shipping,No,22,Debit Card,Bi-Weekly,Fortnightly,46-60 (Middle-Aged),14,Low Value,Medium Engagement,Low Value - Medium Engagement
3419,53,Female,Jacket,Outerwear,30,South Carolina,M,Beige,Summer,2.8,No,Free Shipping,No,35,Debit Card,Annually,Annually,46-60 (Middle-Aged),365,Low Value,Medium Engagement,Low Value - Medium Engagement
3420,23,Female,Jewelry,Accessories,26,West Virginia,L,Indigo,Winter,3.1,No,Store Pickup,No,5,Venmo,Bi-Weekly,Bi-Weekly,18-30 (Young Adult),14,Low Value,Low Engagement,Low Value - Low Engagement
3421,19,Female,Hat,Accessories,60,Kentucky,M,Purple,Winter,3.4,No,Express,No,35,PayPal,Bi-Weekly,Bi-Weekly,18-30 (Young Adult),14,Medium Value,Medium Engagement,Medium Value - Medium Engagement
3422,57,Female,Shoes,Footwear,30,New Jersey,M,Maroon,Summer,2.9,No,Free Shipping,No,27,PayPal,Weekly,Weekly,46-60 (Middle-Aged),7,Low Value,Medium Engagement,Low Value - Medium Engagement
3423,19,Female,Coat,Outerwear,91,New York,L,Beige,Winter,3.2,No,Next Day Air,No,9,Venmo,Monthly,Monthly,18-30 (Young Adult),30,High Value,Low Engagement,High Value - Low Engagement
3424,33,Female,Boots,Footwear,71,Massachusetts,M,Brown,Spring,3.8,No,Next Day Air,No,21,PayPal,Bi-Weekly,Bi-Weekly,31-45 (Adult),14,Medium Value,Medium Engagement,Medium Value - Medium Engagement
3425,33,Female,Scarf,Accessories,64,Florida,L,Green,Summer,3.6,No,2-Day Shipping,No,23,Credit Card,Monthly,Monthly,31-45 (Adult),30,Medium Value,Medium Engagement,Medium Value - Medium Engagement
3426,38,Female,Hat,Accessories,54,Michigan,M,Blue,Summer,4.3,No,Next Day Air,No,3,Debit Card,Bi-Weekly,Bi-Weekly,31-45 (Adult),14,Medium Value,Low Engagement,Medium Value - Low Engagement
3427,47,Female,Socks,Clothing,35,Oregon,XL,Magenta,Fall,4.8,No,2-Day Shipping,No,31,Credit Card,Annually,Annually,46-60 (Middle-Aged),365,Low Value,Medium Engagement,Low Value - Medium Engagement
3428,39,Female,T-shirt,Clothing,38,Michigan,XL,Turquoise,Winter,2.5,No,Store Pickup,No,44,Cash,Annually,Annually,31-45 (Adult),365,Low Value,High Engagement,Low Value - High Engagement
3429,32,Female,Jewelry,Accessories,69,Washington,M,Gray,Fall,2.5,No,Next Day Air,No,20,Venmo,Monthly,Monthly,31-45 (Adult),30,Medium Value,Medium Engagement,Medium Value - Medium Engagement
3430,27,Female,Skirt,Clothing,96,Alaska,S,Purple,Winter,4.6,No,Express,No,34,Debit Card,Weekly,Weekly,18-30 (Young Adult),7,High Value,Medium Engagement,High Value - Medium Engagement
3431,67,Female,Socks,Clothing,73,Montana,M,Lavender,Winter,4.2,No,Next Day Air,No,17,Bank Transfer,Quarterly,Every 3 Months,61-70 (Senior),90,Medium Value,Medium Engagement,Medium Value - Medium Engagement
3432,46,Female,Belt,Accessories,49,New Mexico,S,Green,Summer,4.2,No,Express,No,20,Venmo,Annually,Annually,46-60 (Middle-Aged),365,Medium Value,Medium Engagement,Medium Value - Medium Engagement
3433,36,Female,Boots,Footwear,44,Connecticut,M,Gray,Summer,4.8,No,2-Day Shipping,No,46,PayPal,Quarterly,Every 3 Months,31-45 (Adult),90,Medium Value,High Engagement,Medium Value - High Engagement
3434,62,Female,Socks,Clothing,93,Alaska,M,Yellow,Spring,4.5,No,Free Shipping,No,28,PayPal,Annually,Annually,61-70 (Senior),365,High Value,Medium Engagement,High Value - Medium Engagement
3435,31,Female,Pants,Clothing,72,Ohio,S,Orange,Summer,3.3,No,2-Day Shipping,No,6,Venmo,Bi-Weekly,Fortnightly,31-45 (Adult),14,Medium Value,Low Engagement,Medium Value - Low Engagement
3436,68,Female,Socks,Clothing,91,Montana,M,Beige,Summer,2.7,No,2-Day Shipping,No,50,Debit Card,Bi-Weekly,Bi-Weekly,61-70 (Senior),14,High Value,High Engagement,High Value - High Engagement
3437,57,Female,Belt,Accessories,83,Nebraska,L,Peach,Winter,2.8,No,2-Day Shipping,No,41,Bank Transfer,Monthly,Monthly,46-60 (Middle-Aged),30,High Value,High Engagement,High Value - High Engagement
3438,22,Female,Jacket,Outerwear,62,Oklahoma,S,Green,Winter,3.5,No,2-Day Shipping,No,50,PayPal,Annually,Annually,18-30 (Young Adult),365,Medium Value,High Engagement,Medium Value - High Engagement
3439,26,Female,Shirt,Clothing,71,Kentucky,M,Violet,Fall,3.0,No,Store Pickup,No,33,Credit Card,Monthly,Monthly,18-30 (Young Adult),30,Medium Value,Medium Engagement,Medium Value - Medium Engagement
3440,43,Female,Gloves,Accessories,93,Idaho,M,Gray,Summer,4.5,No,Express,No,25,Venmo,Quarterly,Quarterly,31-45 (Adult),90,High Value,Medium Engagement,High Value - Medium Engagement
3441,45,Female,Handbag,Accessories,63,Maryland,L,Magenta,Fall,4.3,No,2-Day Shipping,No,2,PayPal,Weekly,Weekly,31-45 (Adult),7,Medium Value,Low Engagement,Medium Value - Low Engagement
3442,64,Female,Sweater,Clothing,96,Tennessee,XL,Charcoal,Fall,4.1,No,Standard,No,15,Credit Card,Annually,Annually,61-70 (Senior),365,High Value,Low Engagement,High Value - Low Engagement
3443,28,Female,Skirt,Clothing,78,Michigan,M,Violet,Spring,4.3,No,Next Day Air,No,12,PayPal,Weekly,Weekly,18-30 (Young Adult),7,High Value,Low Engagement,High Value - Low Engagement
3444,47,Female,Dress,Clothing,24,Tennessee,L,Silver,Summer,5.0,No,Free Shipping,No,28,Cash,Bi-Weekly,Bi-Weekly,46-60 (Middle-Aged),14,Low Value,Medium Engagement,Low Value - Medium Engagement
3445,53,Female,Pants,Clothing,63,Rhode Island,S,Green,Summer,3.8,No,2-Day Shipping,No,12,Bank Transfer,Bi-Weekly,Bi-Weekly,46-60 (Middle-Aged),14,Medium Value,Low Engagement,Medium Value - Low Engagement
3446,42,Female,Hat,Accessories,58,Florida,M,Magenta,Fall,4.9,No,Standard,No,3,Debit Card,Annually,Annually,31-45 (Adult),365,Medium Value,Low Engagement,Medium Value - Low Engagement
3447,51,Female,Boots,Footwear,55,Louisiana,S,Purple,Spring,5.0,No,2-Day Shipping,No,20,Cash,Weekly,Weekly,46-60 (Middle-Aged),7,Medium Value,Medium Engagement,Medium Value - Medium Engagement
3448,62,Female,Sandals,Footwear,58,Arkansas,M,Blue,Fall,4.3,No,Express,No,3,Bank Transfer,Bi-Weekly,Bi-Weekly,61-70 (Senior),14,Medium Value,Low Engagement,Medium Value - Low Engagement
3449,18,Female,Coat,Outerwear,28,Kentucky,S,Yellow,Winter,4.1,No,Express,No,32,Bank Transfer,Bi-Weekly,Fortnightly,18-30 (Young Adult),14,Low Value,Medium Engagement,Low Value - Medium Engagement
3450,48,Female,Blouse,Clothing,37,Kansas,M,Brown,Spring,4.5,No,Standard,No,35,Cash,Monthly,Monthly,46-60 (Middle-Aged),30,Low Value,Medium Engagement,Low Value - Medium Engagement
3451,20,Female,Shorts,Clothing,78,Vermont,M,Pink,Spring,3.6,No,Store Pickup,No,31,PayPal,Monthly,Monthly,18-30 (Young Adult),30,High Value,Medium Engagement,High Value - Medium Engagement
3452,32,Female,Blouse,Clothing,73,Nevada,XL,Silver,Fall,3.0,No,Free Shipping,No,13,Credit Card,Annually,Annually,31-45 (Adult),365,Medium Value,Low Engagement,Medium Value - Low Engagement
3453,26,Female,Jacket,Outerwear,20,Oklahoma,M,Indigo,Spring,3.7,No,Next Day Air,No,3,Venmo,Bi-Weekly,Fortnightly,18-30 (Young Adult),14,Low Value,Low Engagement,Low Value - Low Engagement
3454,31,Female,Shirt,Clothing,60,Alabama,L,Pink,Winter,4.3,No,Standard,No,48,Venmo,Bi-Weekly,Bi-Weekly,31-45 (Adult),14,Medium Value,High Engagement,Medium Value - High Engagement
3455,55,Female,Handbag,Accessories,71,Louisiana,S,Lavender,Fall,4.6,No,Store Pickup,No,15,PayPal,Bi-Weekly,Bi-Weekly,46-60 (Middle-Aged),14,Medium Value,Low Engagement,Medium Value - Low Engagement
3456,49,Female,T-shirt,Clothing,89,Ohio,M,Orange,Fall,4.7,No,Standard,No,13,Venmo,Annually,Annually,46-60 (Middle-Aged),365,High Value,Low Engagement,High Value - Low Engagement
3457,42,Female,Hoodie,Clothing,53,Texas,M,Red,Fall,4.6,No,Express,No,21,Venmo,Monthly,Monthly,31-45 (Adult),30,Medium Value,Medium Engagement,Medium Value - Medium Engagement
3458,64,Female,Jewelry,Accessories,87,Maryland,M,Gray,Summer,3.0,No,Express,No,29,Cash,Bi-Weekly,Fortnightly,61-70 (Senior),14,High Value,Medium Engagement,High Value - Medium Engagement
3459,68,Female,Jewelry,Accessories,37,West Virginia,L,Violet,Spring,3.4,No,Standard,No,24,Venmo,Quarterly,Quarterly,61-70 (Senior),90,Low Value,Medium Engagement,Low Value - Medium Engagement
3460,68,Female,Hoodie,Clothing,37,Ohio,L,Green,Fall,3.8,No,Express,No,21,PayPal,Annually,Annually,61-70 (Senior),365,Low Value,Medium Engagement,Low Value - Medium Engagement
3461,41,Female,Scarf,Accessories,78,Indiana,M,Gold,Spring,3.1,No,Express,No,5,Bank Transfer,Bi-Weekly,Bi-Weekly,31-45 (Adult),14,High Value,Low Engagement,High Value - Low Engagement
3462,51,Female,Shoes,Footwear,23,Wyoming,S,Maroon,Spring,4.4,No,Standard,No,47,Cash,Quarterly,Quarterly,46-60 (Middle-Aged),90,Low Value,High Engagement,Low Value - High Engagement
3463,44,Female,Jeans,Clothing,73,Michigan,L,Olive,Spring,4.5,No,Standard,No,34,Credit Card,Quarterly,Every 3 Months,31-45 (Adult),90,Medium Value,Medium Engagement,Medium Value - Medium Engagement
3464,27,Female,Jewelry,Accessories,27,Maine,M,Yellow,Fall,2.8,No,2-Day Shipping,No,45,PayPal,Bi-Weekly,Fortnightly,18-30 (Young Adult),14,Low Value,High Engagement,Low Value - High Engagement
3465,36,Female,Coat,Outerwear,59,Utah,S,Peach,Winter,2.7,No,Next Day Air,No,12,PayPal,Annually,Annually,31-45 (Adult),365,Medium Value,Low Engagement,Medium Value - Low Engagement
3466,19,Female,Backpack,Accessories,53,Iowa,M,Gold,Spring,3.4,No,Standard,No,31,Debit Card,Weekly,Weekly,18-30 (Young Adult),7,Medium Value,Medium Engagement,Medium Value - Medium Engagement
3467,49,Female,Socks,Clothing,42,Maryland,S,Purple,Summer,4.6,No,Standard,No,43,Bank Transfer,Annually,Annually,46-60 (Middle-Aged),365,Medium Value,High Engagement,Medium Value - High Engagement
3468,18,Female,Scarf,Accessories,45,Texas,M,Charcoal,Fall,5.0,No,Next Day Air,No,5,Credit Card,Annually,Annually,18-30 (Young Adult),365,Medium Value,Low Engagement,Medium Value - Low Engagement
3469,36,Female,Sunglasses,Accessories,89,Ohio,S,Indigo,Winter,3.5,No,Standard,No,36,Debit Card,Quarterly,Quarterly,31-45 (Adult),90,High Value,High Engagement,High Value - High Engagement
3470,36,Female,Socks,Clothing,85,North Dakota,L,Magenta,Fall,3.3,No,Store Pickup,No,12,Cash,Annually,Annually,31-45 (Adult),365,High Value,Low Engagement,High Value - Low Engagement
3471,19,Female,Coat,Outerwear,69,West Virginia,S,Olive,Summer,4.5,No,Free Shipping,No,31,Cash,Bi-Weekly,Bi-Weekly,18-30 (Young Adult),14,Medium Value,Medium Engagement,Medium Value - Medium Engagement
3472,43,Female,Sandals,Footwear,66,North Carolina,S,Blue,Spring,3.1,No,Store Pickup,No,31,Cash,Bi-Weekly,Bi-Weekly,31-45 (Adult),14,Medium Value,Medium Engagement,Medium Value - Medium Engagement
3473,31,Female,Blouse,Clothing,42,Georgia,S,White,Summer,4.0,No,Free Shipping,No,15,Debit Card,Weekly,Weekly,31-45 (Adult),7,Medium Value,Low Engagement,Medium Value - Low Engagement
3474,63,Female,Dress,Clothing,40,Kansas,M,Cyan,Spring,2.5,No,Express,No,11,Cash,Weekly,Weekly,61-70 (Senior),7,Medium Value,Low Engagement,Medium Value - Low Engagement
3475,41,Female,Pants,Clothing,82,Maine,M,Cyan,Winter,4.4,No,Store Pickup,No,18,Venmo,Monthly,Monthly,31-45 (Adult),30,High Value,Medium Engagement,High Value - Medium Engagement
3476,48,Female,Sneakers,Footwear,88,South Carolina,M,Orange,Spring,4.4,No,Express,No,9,Cash,Quarterly,Quarterly,46-60 (Middle-Aged),90,High Value,Low Engagement,High Value - Low Engagement
3477,68,Female,Boots,Footwear,99,South Carolina,XL,Orange,Summer,3.2,No,Free Shipping,No,11,Cash,Weekly,Weekly,61-70 (Senior),7,High Value,Low Engagement,High Value - Low Engagement
3478,53,Female,Handbag,Accessories,85,Kentucky,S,Teal,Spring,3.8,No,Store Pickup,No,38,Debit Card,Bi-Weekly,Bi-Weekly,46-60 (Middle-Aged),14,High Value,High Engagement,High Value - High Engagement
3479,36,Female,Handbag,Accessories,57,Arizona,M,Magenta,Fall,4.6,No,Store Pickup,No,42,PayPal,Quarterly,Quarterly,31-45 (Adult),90,Medium Value,High Engagement,Medium Value - High Engagement
3480,46,Female,Sweater,Clothing,56,New York,S,Orange,Summer,4.9,No,Standard,No,41,Cash,Monthly,Monthly,46-60 (Middle-Aged),30,Medium Value,High Engagement,Medium Value - High Engagement
3481,21,Female,Sandals,Footwear,79,New Hampshire,L,Peach,Winter,3.5,No,Free Shipping,No,45,PayPal,Monthly,Monthly,18-30 (Young Adult),30,High Value,High Engagement,High Value - High Engagement
3482,52,Female,Socks,Clothing,67,Ohio,S,Maroon,Summer,3.4,No,Store Pickup,No,41,Debit Card,Bi-Weekly,Bi-Weekly,46-60 (Middle-Aged),14,Medium Value,High Engagement,Medium Value - High Engagement
3483,66,Female,Gloves,Accessories,61,Hawaii,M,Gold,Winter,3.9,No,Next Day Air,No,35,Debit Card,Weekly,Weekly,61-70 (Senior),7,Medium Value,Medium Engagement,Medium Value - Medium Engagement
3484,19,Female,Hoodie,Clothing,37,Texas,L,White,Winter,3.9,No,Express,No,21,Credit Card,Quarterly,Every 3 Months,18-30 (Young Adult),90,Low Value,Medium Engagement,Low Value - Medium Engagement
3485,44,Female,Dress,Clothing,75,Illinois,L,Gray,Fall,4.2,No,Free Shipping,No,13,Credit Card,Bi-Weekly,Bi-Weekly,31-45 (Adult),14,Medium Value,Low Engagement,Medium Value - Low Engagement
3486,50,Female,Shirt,Clothing,21,Massachusetts,XL,Brown,Winter,3.4,No,Standard,No,23,Debit Card,Bi-Weekly,Fortnightly,46-60 (Middle-Aged),14,Low Value,Medium Engagement,Low Value - Medium Engagement
3487,51,Female,Shorts,Clothing,89,North Carolina,L,Charcoal,Winter,4.9,No,Standard,No,6,PayPal,Weekly,Weekly,46-60 (Middle-Aged),7,High Value,Low Engagement,High Value - Low Engagement
3488,25,Female,Sandals,Footwear,24,West Virginia,L,Beige,Fall,2.9,No,Store Pickup,No,39,Bank Transfer,Annually,Annually,18-30 (Young Adult),365,Low Value,High Engagement,Low Value - High Engagement
3489,62,Female,Sweater,Clothing,27,Delaware,XL,Teal,Spring,4.9,No,Store Pickup,No,7,Cash,Quarterly,Quarterly,61-70 (Senior),90,Low Value,Low Engagement,Low Value - Low Engagement
3490,48,Female,Dress,Clothing,26,Idaho,L,Black,Summer,4.6,No,2-Day Shipping,No,32,PayPal,Quarterly,Every 3 Months,46-60 (Middle-Aged),90,Low Value,Medium Engagement,Low Value - Medium Engagement
3491,62,Female,Boots,Footwear,82,Oregon,M,Violet,Spring,3.6,No,Store Pickup,No,43,Credit Card,Quarterly,Quarterly,61-70 (Senior),90,High Value,High Engagement,High Value - High Engagement
3492,22,Female,Pants,Clothing,28,Maine,M,Orange,Winter,4.3,No,Express,No,15,Cash,Monthly,Monthly,18-30 (Young Adult),30,Low Value,Low Engagement,Low Value - Low Engagement
3493,48,Female,Gloves,Accessories,65,South Dakota,M,Turquoise,Fall,4.6,No,Standard,No,48,Bank Transfer,Annually,Annually,46-60 (Middle-Aged),365,Medium Value,High Engagement,Medium Value - High Engagement
3494,48,Female,Pants,Clothing,82,New Mexico,XL,Black,Winter,4.7,No,Store Pickup,No,35,Credit Card,Weekly,Weekly,46-60 (Middle-Aged),7,High Value,Medium Engagement,High Value - Medium Engagement
3495,62,Female,Scarf,Accessories,38,Washington,M,Silver,Winter,3.5,No,Free Shipping,No,41,PayPal,Quarterly,Quarterly,61-70 (Senior),90,Low Value,High Engagement,Low Value - High Engagement
3496,24,Female,Shorts,Clothing,33,Georgia,XL,Gray,Spring,2.8,No,Free Shipping,No,14,Cash,Weekly,Weekly,18-30 (Young Adult),7,Low Value,Low Engagement,Low Value - Low Engagement
3497,39,Female,Shoes,Footwear,38,Idaho,M,Pink,Summer,4.0,No,Free Shipping,No,22,PayPal,Monthly,Monthly,31-45 (Adult),30,Low Value,Medium Engagement,Low Value - Medium Engagement
3498,35,Female,Handbag,Accessories,48,Colorado,M,Red,Spring,4.3,No,Store Pickup,No,16,Venmo,Quarterly,Every 3 Months,31-45 (Adult),90,Medium Value,Medium Engagement,Medium Value - Medium Engagement
3499,47,Female,Sandals,Footwear,35,Kentucky,M,Lavender,Summer,3.8,No,Standard,No,2,Bank Transfer,Bi-Weekly,Bi-Weekly,46-60 (Middle-Aged),14,Low Value,Low Engagement,Low Value - Low Engagement
3500,22,Female,Socks,Clothing,29,New Jersey,L,Indigo,Fall,3.0,No,Next Day Air,No,13,PayPal,Quarterly,Every 3 Months,18-30 (Young Adult),90,Low Value,Low Engagement,Low Value - Low Engagement
3501,38,Female,Shirt,Clothing,48,Oregon,S,Silver,Fall,4.6,No,Next Day Air,No,38,Debit Card,Bi-Weekly,Fortnightly,31-45 (Adult),14,Medium Value,High Engagement,Medium Value - High Engagement
3502,53,Female,Shoes,Footwear,87,Nebraska,M,Silver,Fall,4.8,No,Standard,No,43,Bank Transfer,Weekly,Weekly,46-60 (Middle-Aged),7,High Value,High Engagement,High Value - High Engagement
3503,31,Female,Backpack,Accessories,62,Massachusetts,M,Green,Fall,4.7,No,Next Day Air,No,26,Bank Transfer,Quarterly,Quarterly,31-45 (Adult),90,Medium Value,Medium Engagement,Medium Value - Medium Engagement
3504,31,Female,Shirt,Clothing,96,Nebraska,M,Pink,Spring,3.9,No,Free Shipping,No,39,Cash,Weekly,Weekly,31-45 (Adult),7,High Value,High Engagement,High Value - High Engagement
3505,65,Female,Handbag,Accessories,41,Hawaii,S,Violet,Fall,4.0,No,Next Day Air,No,50,Venmo,Monthly,Monthly,61-70 (Senior),30,Medium Value,High Engagement,Medium Value - High Engagement
3506,48,Female,Jewelry,Accessories,42,Indiana,L,Red,Winter,3.7,No,2-Day Shipping,No,40,Bank Transfer,Quarterly,Every 3 Months,46-60 (Middle-Aged),90,Medium Value,High Engagement,Medium Value - High Engagement
3507,18,Female,Shirt,Clothing,57,Illinois,L,Olive,Winter,3.7,No,2-Day Shipping,No,12,Cash,Bi-Weekly,Fortnightly,18-30 (Young Adult),14,Medium Value,Low Engagement,Medium Value - Low Engagement
3508,46,Female,Handbag,Accessories,65,Colorado,S,Purple,Spring,4.2,No,Store Pickup,No,33,Credit Card,Quarterly,Every 3 Months,46-60 (Middle-Aged),90,Medium Value,Medium Engagement,Medium Value - Medium Engagement
3509,52,Female,Pants,Clothing,54,Pennsylvania,M,Gray,Fall,4.7,No,Standard,No,49,Bank Transfer,Weekly,Weekly,46-60 (Middle-Aged),7,Medium Value,High Engagement,Medium Value - High Engagement
3510,50,Female,T-shirt,Clothing,22,Ohio,L,Brown,Winter,4.3,No,Next Day Air,No,43,Venmo,Bi-Weekly,Bi-Weekly,46-60 (Middle-Aged),14,Low Value,High Engagement,Low Value - High Engagement
3511,49,Female,Sneakers,Footwear,96,Pennsylvania,S,Orange,Fall,4.9,No,2-Day Shipping,No,14,Venmo,Monthly,Monthly,46-60 (Middle-Aged),30,High Value,Low Engagement,High Value - Low Engagement
3512,69,Female,Jewelry,Accessories,81,Mississippi,M,Blue,Summer,3.9,No,2-Day Shipping,No,21,Credit Card,Quarterly,Every 3 Months,61-70 (Senior),90,High Value,Medium Engagement,High Value - Medium Engagement
3513,36,Female,Shirt,Clothing,46,Kentucky,M,White,Fall,3.4,No,Free Shipping,No,31,Debit Card,Quarterly,Quarterly,31-45 (Adult),90,Medium Value,Medium Engagement,Medium Value - Medium Engagement
3514,30,Female,Blouse,Clothing,74,Alaska,XL,Charcoal,Spring,4.2,No,Store Pickup,No,29,Credit Card,Bi-Weekly,Fortnightly,18-30 (Young Adult),14,Medium Value,Medium Engagement,Medium Value - Medium Engagement
3515,25,Female,Sneakers,Footwear,50,Georgia,XL,Gray,Winter,4.7,No,Express,No,32,Cash,Monthly,Monthly,18-30 (Young Adult),30,Medium Value,Medium Engagement,Medium Value - Medium Engagement
3516,19,Female,Dress,Clothing,80,South Dakota,XL,Charcoal,Winter,4.0,No,Next Day Air,No,16,Debit Card,Bi-Weekly,Bi-Weekly,18-30 (Young Adult),14,High Value,Medium Engagement,High Value - Medium Engagement
3517,34,Female,Boots,Footwear,56,South Carolina,S,White,Summer,4.0,No,Free Shipping,No,38,PayPal,Bi-Weekly,Bi-Weekly,31-45 (Adult),14,Medium Value,High Engagement,Medium Value - High Engagement
3518,29,Female,Skirt,Clothing,69,Tennessee,M,Orange,Winter,3.1,No,Next Day Air,No,34,Debit Card,Quarterly,Every 3 Months,18-30 (Young Adult),90,Medium Value,Medium Engagement,Medium Value - Medium Engagement
3519,50,Female,Shirt,Clothing,97,Colorado,M,Black,Spring,4.2,No,Standard,No,30,PayPal,Quarterly,Quarterly,46-60 (Middle-Aged),90,High Value,Medium Engagement,High Value - Medium Engagement
3520,31,Female,Shorts,Clothing,66,Wisconsin,M,White,Winter,3.7,No,Next Day Air,No,14,Bank Transfer,Bi-Weekly,Fortnightly,31-45 (Adult),14,Medium Value,Low Engagement,Medium Value - Low Engagement
3521,41,Female,Hat,Accessories,70,Georgia,S,Brown,Spring,3.1,No,Express,No,33,Bank Transfer,Monthly,Monthly,31-45 (Adult),30,Medium Value,Medium Engagement,Medium Value - Medium Engagement
3522,52,Female,Shoes,Footwear,50,Maryland,M,Pink,Winter,3.7,No,Store Pickup,No,35,Venmo,Weekly,Weekly,46-60 (Middle-Aged),7,Medium Value,Medium Engagement,Medium Value - Medium Engagement
3523,27,Female,Pants,Clothing,85,New Jersey,M,Yellow,Spring,3.2,No,Store Pickup,No,13,Cash,Quarterly,Quarterly,18-30 (Young Adult),90,High Value,Low Engagement,High Value - Low Engagement
3524,49,Female,Backpack,Accessories,59,Nevada,M,Cyan,Summer,2.8,No,Standard,No,30,Cash,Bi-Weekly,Fortnightly,46-60 (Middle-Aged),14,Medium Value,Medium Engagement,Medium Value - Medium Engagement
3525,69,Female,Pants,Clothing,74,Michigan,L,Silver,Summer,2.9,No,Free Shipping,No,30,Credit Card,Monthly,Monthly,61-70 (Senior),30,Medium Value,Medium Engagement,Medium Value - Medium Engagement
3526,45,Female,Sunglasses,Accessories,38,Wyoming,L,Olive,Winter,3.5,No,Standard,No,47,Bank Transfer,Annually,Annually,31-45 (Adult),365,Low Value,High Engagement,Low Value - High Engagement
3527,20,Female,Sweater,Clothing,99,Massachusetts,M,Olive,Spring,3.8,No,Express,No,1,PayPal,Quarterly,Every 3 Months,18-30 (Young Adult),90,High Value,Low Engagement,High Value - Low Engagement
3528,25,Female,Blouse,Clothing,97,Washington,S,Charcoal,Spring,4.7,No,Free Shipping,No,1,Cash,Weekly,Weekly,18-30 (Young Adult),7,High Value,Low Engagement,High Value - Low Engagement
3529,38,Female,Scarf,Accessories,67,Maine,L,Gray,Summer,4.5,No,Free Shipping,No,33,PayPal,Annually,Annually,31-45 (Adult),365,Medium Value,Medium Engagement,Medium Value - Medium Engagement
3530,55,Female,T-shirt,Clothing,20,Montana,S,Maroon,Winter,3.9,No,Next Day Air,No,43,Bank Transfer,Weekly,Weekly,46-60 (Middle-Aged),7,Low Value,High Engagement,Low Value - High Engagement
3531,62,Female,Sunglasses,Accessories,45,Oklahoma,L,Black,Spring,3.4,No,Express,No,37,PayPal,Weekly,Weekly,61-70 (Senior),7,Medium Value,High Engagement,Medium Value - High Engagement
3532,54,Female,Shoes,Footwear,52,North Dakota,XL,Violet,Winter,4.6,No,2-Day Shipping,No,23,Cash,Quarterly,Quarterly,46-60 (Middle-Aged),90,Medium Value,Medium Engagement,Medium Value - Medium Engagement
3533,61,Female,Pants,Clothing,68,Connecticut,L,Indigo,Fall,4.6,No,Standard,No,12,Credit Card,Annually,Annually,61-70 (Senior),365,Medium Value,Low Engagement,Medium Value - Low Engagement
3534,50,Female,Sneakers,Footwear,98,Texas,L,Yellow,Fall,4.7,No,Standard,No,30,Venmo,Bi-Weekly,Fortnightly,46-60 (Middle-Aged),14,High Value,Medium Engagement,High Value - Medium Engagement
3535,65,Female,Shoes,Footwear,83,Delaware,M,Gray,Fall,3.2,No,Express,No,7,Cash,Weekly,Weekly,61-70 (Senior),7,High Value,Low Engagement,High Value - Low Engagement
3536,68,Female,Shorts,Clothing,51,Mississippi,M,Red,Summer,5.0,No,Express,No,20,Debit Card,Monthly,Monthly,61-70 (Senior),30,Medium Value,Medium Engagement,Medium Value - Medium Engagement
3537,55,Female,Handbag,Accessories,21,Minnesota,L,Peach,Spring,4.5,No,Express,No,10,Venmo,Monthly,Monthly,46-60 (Middle-Aged),30,Low Value,Low Engagement,Low Value - Low Engagement
3538,57,Female,Handbag,Accessories,92,Georgia,M,Gray,Spring,3.5,No,Standard,No,40,Credit Card,Quarterly,Every 3 Months,46-60 (Middle-Aged),90,High Value,High Engagement,High Value - High Engagement
3539,56,Female,Shoes,Footwear,63,Iowa,S,White,Spring,4.5,No,Store Pickup,No,21,Venmo,Monthly,Monthly,46-60 (Middle-Aged),30,Medium Value,Medium Engagement,Medium Value - Medium Engagement
3540,29,Female,Jewelry,Accessories,56,New York,S,Green,Spring,3.2,No,Express,No,17,Credit Card,Bi-Weekly,Bi-Weekly,18-30 (Young Adult),14,Medium Value,Medium Engagement,Medium Value - Medium Engagement
3541,24,Female,Shorts,Clothing,95,Nevada,M,Magenta,Spring,4.6,No,Free Shipping,No,5,Bank Transfer,Weekly,Weekly,18-30 (Young Adult),7,High Value,Low Engagement,High Value - Low Engagement
3542,59,Female,Blouse,Clothing,66,Virginia,M,Olive,Winter,4.0,No,Next Day Air,No,22,PayPal,Annually,Annually,46-60 (Middle-Aged),365,Medium Value,Medium Engagement,Medium Value - Medium Engagement
3543,62,Female,Coat,Outerwear,28,Idaho,S,Olive,Spring,4.2,No,Express,No,5,Venmo,Weekly,Weekly,61-70 (Senior),7,Low Value,Low Engagement,Low Value - Low Engagement
3544,58,Female,Hat,Accessories,83,Colorado,M,Blue,Winter,4.1,No,Standard,No,18,PayPal,Quarterly,Every 3 Months,46-60 (Middle-Aged),90,High Value,Medium Engagement,High Value - Medium Engagement
3545,64,Female,Socks,Clothing,55,Wisconsin,XL,Charcoal,Fall,3.6,No,2-Day Shipping,No,42,Cash,Quarterly,Every 3 Months,61-70 (Senior),90,Medium Value,High Engagement,Medium Value - High Engagement
3546,48,Female,Sandals,Footwear,28,Connecticut,M,Yellow,Spring,3.7,No,2-Day Shipping,No,22,Debit Card,Annually,Annually,46-60 (Middle-Aged),365,Low Value,Medium Engagement,Low Value - Medium Engagement
3547,60,Female,Scarf,Accessories,79,Kansas,M,Violet,Summer,3.6,No,Free Shipping,No,37,Bank Transfer,Bi-Weekly,Bi-Weekly,46-60 (Middle-Aged),14,High Value,High Engagement,High Value - High Engagement
3548,52,Female,Scarf,Accessories,31,Pennsylvania,L,Magenta,Summer,3.8,No,Standard,No,23,Credit Card,Annually,Annually,46-60 (Middle-Aged),365,Low Value,Medium Engagement,Low Value - Medium Engagement
3549,63,Female,Blouse,Clothing,37,Utah,M,Red,Fall,3.0,No,Standard,No,47,Debit Card,Bi-Weekly,Fortnightly,61-70 (Senior),14,Low Value,High Engagement,Low Value - High Engagement
3550,44,Female,T-shirt,Clothing,34,Oregon,M,Cyan,Summer,3.4,No,2-Day Shipping,No,11,Bank Transfer,Bi-Weekly,Fortnightly,31-45 (Adult),14,Low Value,Low Engagement,Low Value - Low Engagement
3551,63,Female,Shoes,Footwear,74,West Virginia,S,Orange,Winter,4.8,No,Standard,No,32,Cash,Weekly,Weekly,61-70 (Senior),7,Medium Value,Medium Engagement,Medium Value - Medium Engagement
3552,66,Female,Gloves,Accessories,31,Montana,L,Black,Spring,2.6,No,Store Pickup,No,20,Venmo,Weekly,Weekly,61-70 (Senior),7,Low Value,Medium Engagement,Low Value - Medium Engagement
3553,22,Female,Sunglasses,Accessories,66,Kentucky,M,Blue,Winter,2.9,No,Next Day Air,No,3,PayPal,Quarterly,Quarterly,18-30 (Young Adult),90,Medium Value,Low Engagement,Medium Value - Low Engagement
3554,62,Female,Shoes,Footwear,99,Minnesota,M,Charcoal,Spring,4.9,No,Free Shipping,No,32,Bank Transfer,Weekly,Weekly,61-70 (Senior),7,High Value,Medium Engagement,High Value - Medium Engagement
3555,39,Female,Dress,Clothing,55,Louisiana,M,Indigo,Spring,5.0,No,Free Shipping,No,5,Credit Card,Bi-Weekly,Fortnightly,31-45 (Adult),14,Medium Value,Low Engagement,Medium Value - Low Engagement
3556,25,Female,Blouse,Clothing,23,Delaware,L,Silver,Spring,4.6,No,Next Day Air,No,45,Cash,Quarterly,Quarterly,18-30 (Young Adult),90,Low Value,High Engagement,Low Value - High Engagement
3557,70,Female,Sweater,Clothing,88,Arizona,M,Brown,Fall,4.2,No,Express,No,43,Cash,Bi-Weekly,Bi-Weekly,61-70 (Senior),14,High Value,High Engagement,High Value - High Engagement
3558,52,Female,Jacket,Outerwear,26,Nevada,M,Peach,Summer,4.9,No,Next Day Air,No,1,PayPal,Quarterly,Every 3 Months,46-60 (Middle-Aged),90,Low Value,Low Engagement,Low Value - Low Engagement
3559,68,Female,Backpack,Accessories,94,Alaska,L,Magenta,Summer,4.8,No,Standard,No,9,Venmo,Quarterly,Quarterly,61-70 (Senior),90,High Value,Low Engagement,High Value - Low Engagement
3560,18,Female,Shorts,Clothing,25,Utah,M,Beige,Fall,3.0,No,Next Day Air,No,13,Venmo,Quarterly,Every 3 Months,18-30 (Young Adult),90,Low Value,Low Engagement,Low Value - Low Engagement
3561,18,Female,Socks,Clothing,96,Kansas,XL,Violet,Fall,3.5,No,Express,No,5,Credit Card,Annually,Annually,18-30 (Young Adult),365,High Value,Low Engagement,High Value - Low Engagement
3562,63,Female,Sneakers,Footwear,29,North Carolina,L,Black,Spring,3.4,No,Standard,No,39,Credit Card,Bi-Weekly,Fortnightly,61-70 (Senior),14,Low Value,High Engagement,Low Value - High Engagement
3563,47,Female,Sneakers,Footwear,36,Maryland,M,Cyan,Winter,3.4,No,Free Shipping,No,7,Bank Transfer,Weekly,Weekly,46-60 (Middle-Aged),7,Low Value,Low Engagement,Low Value - Low Engagement
3564,43,Female,Blouse,Clothing,90,Maine,M,Green,Summer,4.9,No,Standard,No,8,Credit Card,Quarterly,Every 3 Months,31-45 (Adult),90,High Value,Low Engagement,High Value - Low Engagement
3565,60,Female,Gloves,Accessories,38,Illinois,S,Brown,Summer,4.4,No,Free Shipping,No,40,Venmo,Annually,Annually,46-60 (Middle-Aged),365,Low Value,High Engagement,Low Value - High Engagement
3566,49,Female,Handbag,Accessories,52,Pennsylvania,S,Gray,Spring,4.2,No,Store Pickup,No,35,PayPal,Monthly,Monthly,46-60 (Middle-Aged),30,Medium Value,Medium Engagement,Medium Value - Medium Engagement
3567,28,Female,Jeans,Clothing,88,Alaska,S,Orange,Spring,3.1,No,Next Day Air,No,14,Venmo,Monthly,Monthly,18-30 (Young Adult),30,High Value,Low Engagement,High Value - Low Engagement
3568,32,Female,Scarf,Accessories,56,New Mexico,S,Silver,Summer,4.0,No,Next Day Air,No,26,Credit Card,Monthly,Monthly,31-45 (Adult),30,Medium Value,Medium Engagement,Medium Value - Medium Engagement
3569,29,Female,Sandals,Footwear,71,Arkansas,M,Purple,Spring,4.8,No,Next Day Air,No,14,PayPal,Quarterly,Quarterly,18-30 (Young Adult),90,Medium Value,Low Engagement,Medium Value - Low Engagement
3570,35,Female,Sandals,Footwear,94,Alaska,M,Olive,Fall,3.3,No,Express,No,9,Bank Transfer,Bi-Weekly,Fortnightly,31-45 (Adult),14,High Value,Low Engagement,High Value - Low Engagement
3571,23,Female,Dress,Clothing,97,Louisiana,XL,Teal,Winter,4.7,No,Standard,No,32,Debit Card,Annually,Annually,18-30 (Young Adult),365,High Value,Medium Engagement,High Value - Medium Engagement
3572,70,Female,Skirt,Clothing,27,North Dakota,M,White,Summer,3.2,No,Standard,No,15,Bank Transfer,Quarterly,Every 3 Months,61-70 (Senior),90,Low Value,Low Engagement,Low Value - Low Engagement
3573,23,Female,Shorts,Clothing,28,Rhode Island,M,Black,Spring,5.0,No,Standard,No,25,Credit Card,Monthly,Monthly,18-30 (Young Adult),30,Low Value,Medium Engagement,Low Value - Medium Engagement
3574,43,Female,Jeans,Clothing,67,Connecticut,L,Maroon,Fall,4.9,No,Free Shipping,No,27,PayPal,Monthly,Monthly,31-45 (Adult),30,Medium Value,Medium Engagement,Medium Value - Medium Engagement
3575,29,Female,Socks,Clothing,70,New York,M,Cyan,Fall,4.9,No,Express,No,39,Bank Transfer,Quarterly,Quarterly,18-30 (Young Adult),90,Medium Value,High Engagement,Medium Value - High Engagement
3576,61,Female,Coat,Outerwear,95,Kentucky,M,Violet,Fall,3.7,No,Express,No,49,Venmo,Bi-Weekly,Bi-Weekly,61-70 (Senior),14,High Value,High Engagement,High Value - High Engagement
3577,29,Female,Boots,Footwear,24,Maine,L,Yellow,Spring,3.0,No,Express,No,12,Venmo,Bi-Weekly,Bi-Weekly,18-30 (Young Adult),14,Low Value,Low Engagement,Low Value - Low Engagement
3578,66,Female,Belt,Accessories,35,Missouri,S,Yellow,Winter,2.6,No,Standard,No,13,Bank Transfer,Weekly,Weekly,61-70 (Senior),7,Low Value,Low Engagement,Low Value - Low Engagement
3579,46,Female,Shoes,Footwear,22,Georgia,L,Olive,Winter,2.6,No,Standard,No,22,Bank Transfer,Quarterly,Quarterly,46-60 (Middle-Aged),90,Low Value,Medium Engagement,Low Value - Medium Engagement
3580,34,Female,Scarf,Accessories,66,Arizona,L,Olive,Fall,4.8,No,Standard,No,19,Credit Card,Quarterly,Every 3 Months,31-45 (Adult),90,Medium Value,Medium Engagement,Medium Value - Medium Engagement
3581,51,Female,Blouse,Clothing,83,New Hampshire,M,Magenta,Summer,3.2,No,2-Day Shipping,No,3,Cash,Bi-Weekly,Bi-Weekly,46-60 (Middle-Aged),14,High Value,Low Engagement,High Value - Low Engagement
3582,26,Female,Dress,Clothing,95,Georgia,M,Orange,Fall,4.9,No,Next Day Air,No,50,Credit Card,Weekly,Weekly,18-30 (Young Adult),7,High Value,High Engagement,High Value - High Engagement
3583,23,Female,Shorts,Clothing,41,California,S,Beige,Summer,3.4,No,2-Day Shipping,No,15,PayPal,Annually,Annually,18-30 (Young Adult),365,Medium Value,Low Engagement,Medium Value - Low Engagement
3584,52,Female,Blouse,Clothing,77,Arizona,L,Brown,Summer,2.7,No,Store Pickup,No,44,Credit Card,Quarterly,Every 3 Months,46-60 (Middle-Aged),90,High Value,High Engagement,High Value - High Engagement
3585,39,Female,Sneakers,Footwear,52,Florida,L,Indigo,Fall,4.8,No,Express,No,48,Debit Card,Monthly,Monthly,31-45 (Adult),30,Medium Value,High Engagement,Medium Value - High Engagement
3586,39,Female,Gloves,Accessories,41,New York,XL,Gray,Winter,4.1,No,Standard,No,4,Venmo,Bi-Weekly,Bi-Weekly,31-45 (Adult),14,Medium Value,Low Engagement,Medium Value - Low Engagement
3587,33,Female,Hoodie,Clothing,28,Idaho,M,Yellow,Winter,4.6,No,Store Pickup,No,12,PayPal,Bi-Weekly,Bi-Weekly,31-45 (Adult),14,Low Value,Low Engagement,Low Value - Low Engagement
3588,33,Female,Sweater,Clothing,90,Virginia,S,Violet,Summer,4.4,No,Standard,No,33,Debit Card,Annually,Annually,31-45 (Adult),365,High Value,Medium Engagement,High Value - Medium Engagement
3589,23,Female,Sunglasses,Accessories,55,Michigan,M,Magenta,Spring,3.5,No,2-Day Shipping,No,40,Cash,Annually,Annually,18-30 (Young Adult),365,Medium Value,High Engagement,Medium Value - High Engagement
3590,31,Female,Belt,Accessories,73,New Hampshire,M,Blue,Spring,4.8,No,Next Day Air,No,38,Cash,Quarterly,Every 3 Months,31-45 (Adult),90,Medium Value,High Engagement,Medium Value - High Engagement
3591,27,Female,Dress,Clothing,87,South Dakota,M,Gray,Fall,2.9,No,2-Day Shipping,No,19,Venmo,Quarterly,Every 3 Months,18-30 (Young Adult),90,High Value,Medium Engagement,High Value - Medium Engagement
3592,48,Female,Jacket,Outerwear,89,South Dakota,M,Gold,Winter,3.2,No,2-Day Shipping,No,38,Bank Transfer,Quarterly,Quarterly,46-60 (Middle-Aged),90,High Value,High Engagement,High Value - High Engagement
3593,61,Female,Boots,Footwear,82,New Jersey,L,Lavender,Spring,4.4,No,2-Day Shipping,No,18,Venmo,Bi-Weekly,Fortnightly,61-70 (Senior),14,High Value,Medium Engagement,High Value - Medium Engagement
3594,63,Female,Sandals,Footwear,80,Wyoming,M,Black,Spring,4.6,No,Next Day Air,No,24,PayPal,Monthly,Monthly,61-70 (Senior),30,High Value,Medium Engagement,High Value - Medium Engagement
3595,19,Female,Scarf,Accessories,87,Alabama,L,Charcoal,Summer,2.6,No,2-Day Shipping,No,29,Venmo,Quarterly,Quarterly,18-30 (Young Adult),90,High Value,Medium Engagement,High Value - Medium Engagement
3596,21,Female,Blouse,Clothing,41,South Dakota,M,Violet,Spring,3.1,No,Store Pickup,No,14,PayPal,Annually,Annually,18-30 (Young Adult),365,Medium Value,Low Engagement,Medium Value - Low Engagement
3597,28,Female,Hoodie,Clothing,83,South Carolina,M,Charcoal,Spring,4.3,No,Standard,No,44,Cash,Bi-Weekly,Fortnightly,18-30 (Young Adult),14,High Value,High Engagement,High Value - High Engagement
3598,29,Female,Sunglasses,Accessories,71,New Mexico,M,Maroon,Summer,3.1,No,Standard,No,18,Bank Transfer,Quarterly,Quarterly,18-30 (Young Adult),90,Medium Value,Medium Engagement,Medium Value - Medium Engagement
3599,23,Female,Hoodie,Clothing,76,Connecticut,XL,Purple,Spring,4.6,No,Store Pickup,No,19,Bank Transfer,Bi-Weekly,Bi-Weekly,18-30 (Young Adult),14,High Value,Medium Engagement,High Value - Medium Engagement
3600,37,Female,Scarf,Accessories,34,Kansas,S,Peach,Spring,4.6,No,Express,No,4,Cash,Weekly,Weekly,31-45 (Adult),7,Low Value,Low Engagement,Low Value - Low Engagement
3601,67,Female,Dress,Clothing,81,South Carolina,XL,Olive,Spring,2.7,No,Free Shipping,No,25,Cash,Bi-Weekly,Bi-Weekly,61-70 (Senior),14,High Value,Medium Engagement,High Value - Medium Engagement
3602,34,Female,T-shirt,Clothing,47,North Carolina,M,Indigo,Summer,3.0,No,Next Day Air,No,3,PayPal,Monthly,Monthly,31-45 (Adult),30,Medium Value,Low Engagement,Medium Value - Low Engagement
3603,58,Female,Skirt,Clothing,36,Wyoming,S,Magenta,Summer,3.3,No,Store Pickup,No,40,Debit Card,Quarterly,Quarterly,46-60 (Middle-Aged),90,Low Value,High Engagement,Low Value - High Engagement
3604,45,Female,Jeans,Clothing,51,Louisiana,M,Gold,Spring,2.7,No,Free Shipping,No,5,Cash,Weekly,Weekly,31-45 (Adult),7,Medium Value,Low Engagement,Medium Value - Low Engagement
3605,63,Female,Hoodie,Clothing,86,Louisiana,M,Orange,Fall,3.3,No,Standard,No,17,Debit Card,Annually,Annually,61-70 (Senior),365,High Value,Medium Engagement,High Value - Medium Engagement
3606,68,Female,Jeans,Clothing,41,Alabama,M,Gold,Fall,4.3,No,Store Pickup,No,36,Bank Transfer,Quarterly,Every 3 Months,61-70 (Senior),90,Medium Value,High Engagement,Medium Value - High Engagement
3607,41,Female,Sandals,Footwear,90,Minnesota,XL,Purple,Fall,4.8,No,Express,No,41,Venmo,Annually,Annually,31-45 (Adult),365,High Value,High Engagement,High Value - High Engagement
3608,50,Female,Hat,Accessories,93,New Mexico,L,Charcoal,Fall,3.3,No,Standard,No,20,Venmo,Bi-Weekly,Bi-Weekly,46-60 (Middle-Aged),14,High Value,Medium Engagement,High Value - Medium Engagement
3609,24,Female,Gloves,Accessories,56,Tennessee,M,Cyan,Fall,4.3,No,Next Day Air,No,2,Cash,Quarterly,Every 3 Months,18-30 (Young Adult),90,Medium Value,Low Engagement,Medium Value - Low Engagement
3610,21,Female,Socks,Clothing,39,New Mexico,M,Cyan,Summer,3.0,No,2-Day Shipping,No,31,Debit Card,Monthly,Monthly,18-30 (Young Adult),30,Low Value,Medium Engagement,Low Value - Medium Engagement
3611,18,Female,Jacket,Outerwear,86,Texas,XL,Green,Fall,4.8,No,2-Day Shipping,No,23,Bank Transfer,Bi-Weekly,Fortnightly,18-30 (Young Adult),14,High Value,Medium Engagement,High Value - Medium Engagement
3612,63,Female,T-shirt,Clothing,82,Washington,M,Silver,Spring,2.9,No,Standard,No,30,Credit Card,Annually,Annually,61-70 (Senior),365,High Value,Medium Engagement,High Value - Medium Engagement
3613,47,Female,Sandals,Footwear,29,Michigan,M,Teal,Summer,3.6,No,Standard,No,26,Cash,Quarterly,Every 3 Months,46-60 (Middle-Aged),90,Low Value,Medium Engagement,Low Value - Medium Engagement
3614,58,Female,Hat,Accessories,27,Minnesota,M,Magenta,Fall,3.5,No,Store Pickup,No,40,Venmo,Annually,Annually,46-60 (Middle-Aged),365,Low Value,High Engagement,Low Value - High Engagement
3615,46,Female,Gloves,Accessories,25,Delaware,L,Maroon,Spring,4.7,No,2-Day Shipping,No,19,Bank Transfer,Annually,Annually,46-60 (Middle-Aged),365,Low Value,Medium Engagement,Low Value - Medium Engagement
3616,35,Female,Dress,Clothing,31,California,M,Gold,Winter,4.4,No,Free Shipping,No,4,Credit Card,Monthly,Monthly,31-45 (Adult),30,Low Value,Low Engagement,Low Value - Low Engagement
3617,42,Female,Hoodie,Clothing,23,Wisconsin,L,Purple,Winter,3.3,No,Store Pickup,No,33,Debit Card,Bi-Weekly,Fortnightly,31-45 (Adult),14,Low Value,Medium Engagement,Low Value - Medium Engagement
3618,48,Female,Belt,Accessories,47,Kentucky,M,Lavender,Fall,4.3,No,Express,No,29,Debit Card,Monthly,Monthly,46-60 (Middle-Aged),30,Medium Value,Medium Engagement,Medium Value - Medium Engagement
3619,28,Female,Gloves,Accessories,67,Nevada,M,Maroon,Fall,4.0,No,2-Day Shipping,No,47,PayPal,Bi-Weekly,Bi-Weekly,18-30 (Young Adult),14,Medium Value,High Engagement,Medium Value - High Engagement
3620,44,Female,Scarf,Accessories,75,North Carolina,S,Magenta,Winter,4.9,No,2-Day Shipping,No,50,Venmo,Weekly,Weekly,31-45 (Adult),7,Medium Value,High Engagement,Medium Value - High Engagement
3621,60,Female,Sandals,Footwear,82,Louisiana,M,Turquoise,Summer,2.9,No,Express,No,28,Credit Card,Bi-Weekly,Fortnightly,46-60 (Middle-Aged),14,High Value,Medium Engagement,High Value - Medium Engagement
3622,38,Female,Sneakers,Footwear,32,New Jersey,XL,Silver,Summer,4.0,No,2-Day Shipping,No,5,Cash,Bi-Weekly,Fortnightly,31-45 (Adult),14,Low Value,Low Engagement,Low Value - Low Engagement
3623,46,Female,Dress,Clothing,41,Wisconsin,M,Purple,Fall,4.3,No,Store Pickup,No,12,Credit Card,Annually,Annually,46-60 (Middle-Aged),365,Medium Value,Low Engagement,Medium Value - Low Engagement
3624,39,Female,Jewelry,Accessories,89,Arkansas,M,Violet,Winter,2.7,No,2-Day Shipping,No,4,PayPal,Weekly,Weekly,31-45 (Adult),7,High Value,Low Engagement,High Value - Low Engagement
3625,22,Female,Hat,Accessories,82,Texas,XL,Peach,Fall,5.0,No,Store Pickup,No,22,Bank Transfer,Bi-Weekly,Bi-Weekly,18-30 (Young Adult),14,High Value,Medium Engagement,High Value - Medium Engagement
3626,44,Female,Scarf,Accessories,99,Illinois,L,Green,Winter,4.4,No,Express,No,32,PayPal,Weekly,Weekly,31-45 (Adult),7,High Value,Medium Engagement,High Value - Medium Engagement
3627,69,Female,Blouse,Clothing,98,Mississippi,L,Teal,Fall,3.5,No,Express,No,32,Venmo,Quarterly,Quarterly,61-70 (Senior),90,High Value,Medium Engagement,High Value - Medium Engagement
3628,39,Female,Belt,Accessories,54,Delaware,M,Silver,Winter,3.3,No,Next Day Air,No,48,Cash,Quarterly,Every 3 Months,31-45 (Adult),90,Medium Value,High Engagement,Medium Value - High Engagement
3629,53,Female,Blouse,Clothing,88,Georgia,L,Purple,Summer,3.8,No,Free Shipping,No,35,Credit Card,Monthly,Monthly,46-60 (Middle-Aged),30,High Value,Medium Engagement,High Value - Medium Engagement
3630,52,Female,T-shirt,Clothing,43,Kansas,L,Lavender,Summer,4.5,No,Standard,No,44,Debit Card,Bi-Weekly,Fortnightly,46-60 (Middle-Aged),14,Medium Value,High Engagement,Medium Value - High Engagement
3631,65,Female,Hat,Accessories,73,Oklahoma,M,Lavender,Winter,4.8,No,Store Pickup,No,29,Cash,Weekly,Weekly,61-70 (Senior),7,Medium Value,Medium Engagement,Medium Value - Medium Engagement
3632,48,Female,Hat,Accessories,50,New Jersey,M,Peach,Fall,2.9,No,Store Pickup,No,26,Credit Card,Monthly,Monthly,46-60 (Middle-Aged),30,Medium Value,Medium Engagement,Medium Value - Medium Engagement
3633,27,Female,Sneakers,Footwear,73,Utah,L,Green,Spring,3.2,No,Express,No,3,Debit Card,Quarterly,Quarterly,18-30 (Young Adult),90,Medium Value,Low Engagement,Medium Value - Low Engagement
3634,39,Female,Gloves,Accessories,51,Montana,M,Orange,Spring,2.8,No,Free Shipping,No,1,Bank Transfer,Bi-Weekly,Bi-Weekly,31-45 (Adult),14,Medium Value,Low Engagement,Medium Value - Low Engagement
3635,59,Female,Socks,Clothing,22,Ohio,M,Pink,Winter,3.3,No,Standard,No,17,PayPal,Annually,Annually,46-60 (Middle-Aged),365,Low Value,Medium Engagement,Low Value - Medium Engagement
3636,52,Female,Sandals,Footwear,32,Colorado,L,Cyan,Fall,3.3,No,Free Shipping,No,17,Credit Card,Bi-Weekly,Fortnightly,46-60 (Middle-Aged),14,Low Value,Medium Engagement,Low Value - Medium Engagement
3637,50,Female,Sandals,Footwear,38,California,L,Lavender,Summer,4.2,No,2-Day Shipping,No,36,Cash,Weekly,Weekly,46-60 (Middle-Aged),7,Low Value,High Engagement,Low Value - High Engagement
3638,32,Female,Boots,Footwear,66,Utah,L,Yellow,Winter,3.6,No,Express,No,32,Credit Card,Bi-Weekly,Fortnightly,31-45 (Adult),14,Medium Value,Medium Engagement,Medium Value - Medium Engagement
3639,40,Female,Backpack,Accessories,20,Kansas,M,Olive,Spring,4.6,No,Express,No,50,PayPal,Bi-Weekly,Bi-Weekly,31-45 (Adult),14,Low Value,High Engagement,Low Value - High Engagement
3640,26,Female,Coat,Outerwear,44,Illinois,M,Brown,Summer,3.6,No,2-Day Shipping,No,39,Venmo,Annually,Annually,18-30 (Young Adult),365,Medium Value,High Engagement,Medium Value - High Engagement
3641,47,Female,Sunglasses,Accessories,31,Minnesota,L,Pink,Spring,4.0,No,Next Day Air,No,17,PayPal,Monthly,Monthly,46-60 (Middle-Aged),30,Low Value,Medium Engagement,Low Value - Medium Engagement
3642,51,Female,Jacket,Outerwear,45,New York,M,Cyan,Fall,2.7,No,Free Shipping,No,39,Bank Transfer,Quarterly,Every 3 Months,46-60 (Middle-Aged),90,Medium Value,High Engagement,Medium Value - High Engagement
3643,47,Female,Dress,Clothing,71,Arizona,L,Maroon,Summer,4.4,No,Store Pickup,No,5,PayPal,Annually,Annually,46-60 (Middle-Aged),365,Medium Value,Low Engagement,Medium Value - Low Engagement
3644,53,Female,Scarf,Accessories,96,Tennessee,XL,Magenta,Fall,3.2,No,Standard,No,47,Debit Card,Annually,Annually,46-60 (Middle-Aged),365,High Value,High Engagement,High Value - High Engagement
3645,35,Female,Blouse,Clothing,32,Arkansas,M,Violet,Winter,2.6,No,Next Day Air,No,18,Venmo,Weekly,Weekly,31-45 (Adult),7,Low Value,Medium Engagement,Low Value - Medium Engagement
3646,38,Female,Backpack,Accessories,90,Colorado,L,Silver,Summer,3.4,No,Free Shipping,No,31,Credit Card,Quarterly,Every 3 Months,31-45 (Adult),90,High Value,Medium Engagement,High Value - Medium Engagement
3647,69,Female,Jewelry,Accessories,68,Nevada,M,Maroon,Spring,5.0,No,2-Day Shipping,No,39,Debit Card,Bi-Weekly,Fortnightly,61-70 (Senior),14,Medium Value,High Engagement,Medium Value - High Engagement
3648,47,Female,Shorts,Clothing,45,Kansas,M,Gray,Winter,2.9,No,Store Pickup,No,12,Bank Transfer,Weekly,Weekly,46-60 (Middle-Aged),7,Medium Value,Low Engagement,Medium Value - Low Engagement
3649,31,Female,Skirt,Clothing,67,New York,M,White,Winter,5.0,No,Free Shipping,No,45,Cash,Bi-Weekly,Bi-Weekly,31-45 (Adult),14,Medium Value,High Engagement,Medium Value - High Engagement
3650,68,Female,Skirt,Clothing,57,Minnesota,M,Brown,Fall,4.4,No,Standard,No,33,Credit Card,Bi-Weekly,Fortnightly,61-70 (Senior),14,Medium Value,Medium Engagement,Medium Value - Medium Engagement
3651,51,Female,Jeans,Clothing,60,Ohio,M,Silver,Summer,3.5,No,2-Day Shipping,No,3,PayPal,Annually,Annually,46-60 (Middle-Aged),365,Medium Value,Low Engagement,Medium Value - Low Engagement
3652,20,Female,Handbag,Accessories,32,Arizona,M,Yellow,Spring,3.8,No,Express,No,5,Venmo,Quarterly,Every 3 Months,18-30 (Young Adult),90,Low Value,Low Engagement,Low Value - Low Engagement
3653,27,Female,Handbag,Accessories,29,Kentucky,S,Magenta,Fall,3.8,No,Store Pickup,No,23,Debit Card,Monthly,Monthly,18-30 (Young Adult),30,Low Value,Medium Engagement,Low Value - Medium Engagement
3654,67,Female,Coat,Outerwear,20,Minnesota,M,Blue,Spring,3.9,No,Next Day Air,No,39,Credit Card,Bi-Weekly,Fortnightly,61-70 (Senior),14,Low Value,High Engagement,Low Value - High Engagement
3655,21,Female,Jewelry,Accessories,98,Arkansas,M,Green,Winter,3.3,No,Next Day Air,No,10,Credit Card,Annually,Annually,18-30 (Young Adult),365,High Value,Low Engagement,High Value - Low Engagement
3656,20,Female,Sweater,Clothing,27,Wyoming,M,Yellow,Fall,2.9,No,Next Day Air,No,4,Credit Card,Bi-Weekly,Bi-Weekly,18-30 (Young Adult),14,Low Value,Low Engagement,Low Value - Low Engagement
3657,35,Female,Jacket,Outerwear,67,North Dakota,XL,Cyan,Spring,3.7,No,2-Day Shipping,No,18,Credit Card,Monthly,Monthly,31-45 (Adult),30,Medium Value,Medium Engagement,Medium Value - Medium Engagement
3658,58,Female,Shoes,Footwear,82,Alabama,L,Gold,Winter,3.7,No,Express,No,1,Debit Card,Quarterly,Every 3 Months,46-60 (Middle-Aged),90,High Value,Low Engagement,High Value - Low Engagement
3659,28,Female,T-shirt,Clothing,72,Mississippi,M,Magenta,Fall,4.6,No,Standard,No,18,PayPal,Bi-Weekly,Fortnightly,18-30 (Young Adult),14,Medium Value,Medium Engagement,Medium Value - Medium Engagement
3660,27,Female,Sandals,Footwear,77,Illinois,S,Gray,Fall,4.9,No,Store Pickup,No,46,Bank Transfer,Annually,Annually,18-30 (Young Adult),365,High Value,High Engagement,High Value - High Engagement
3661,19,Female,Shoes,Footwear,74,Arkansas,L,Indigo,Winter,3.1,No,2-Day Shipping,No,13,Bank Transfer,Bi-Weekly,Fortnightly,18-30 (Young Adult),14,Medium Value,Low Engagement,Medium Value - Low Engagement
3662,63,Female,Sandals,Footwear,39,Kansas,S,White,Winter,3.5,No,Next Day Air,No,5,Credit Card,Bi-Weekly,Fortnightly,61-70 (Senior),14,Low Value,Low Engagement,Low Value - Low Engagement
3663,69,Female,Shorts,Clothing,80,Rhode Island,M,Indigo,Spring,4.9,No,Next Day Air,No,11,Debit Card,Weekly,Weekly,61-70 (Senior),7,High Value,Low Engagement,High Value - Low Engagement
3664,65,Female,Backpack,Accessories,59,Florida,M,Green,Summer,4.4,No,Express,No,49,Credit Card,Weekly,Weekly,61-70 (Senior),7,Medium Value,High Engagement,Medium Value - High Engagement
3665,63,Female,Jacket,Outerwear,68,Missouri,M,Turquoise,Fall,4.4,No,Store Pickup,No,1,Debit Card,Bi-Weekly,Fortnightly,61-70 (Senior),14,Medium Value,Low Engagement,Medium Value - Low Engagement
3666,28,Female,Socks,Clothing,77,North Carolina,M,Peach,Fall,3.4,No,Next Day Air,No,11,Credit Card,Quarterly,Quarterly,18-30 (Young Adult),90,High Value,Low Engagement,High Value - Low Engagement
3667,67,Female,Jewelry,Accessories,50,Alabama,M,Olive,Winter,3.0,No,2-Day Shipping,No,47,Cash,Quarterly,Every 3 Months,61-70 (Senior),90,Medium Value,High Engagement,Medium Value - High Engagement
3668,51,Female,Pants,Clothing,45,Washington,L,Cyan,Fall,2.6,No,Next Day Air,No,20,Venmo,Monthly,Monthly,46-60 (Middle-Aged),30,Medium Value,Medium Engagement,Medium Value - Medium Engagement
3669,59,Female,Blouse,Clothing,71,Michigan,XL,Magenta,Summer,3.2,No,Store Pickup,No,18,Venmo,Annually,Annually,46-60 (Middle-Aged),365,Medium Value,Medium Engagement,Medium Value - Medium Engagement
3670,25,Female,Socks,Clothing,52,Washington,S,Silver,Fall,4.6,No,Store Pickup,No,43,PayPal,Quarterly,Quarterly,18-30 (Young Adult),90,Medium Value,High Engagement,Medium Value - High Engagement
3671,31,Female,Shoes,Footwear,50,Vermont,S,White,Winter,3.8,No,Free Shipping,No,4,PayPal,Quarterly,Every 3 Months,31-45 (Adult),90,Medium Value,Low Engagement,Medium Value - Low Engagement
3672,62,Female,Handbag,Accessories,66,Illinois,L,Pink,Summer,4.8,No,2-Day Shipping,No,20,Venmo,Quarterly,Quarterly,61-70 (Senior),90,Medium Value,Medium Engagement,Medium Value - Medium Engagement
3673,51,Female,Sandals,Footwear,81,New York,S,Pink,Fall,4.5,No,Free Shipping,No,7,PayPal,Monthly,Monthly,46-60 (Middle-Aged),30,High Value,Low Engagement,High Value - Low Engagement
3674,32,Female,Socks,Clothing,28,Rhode Island,M,Pink,Summer,4.2,No,2-Day Shipping,No,31,Bank Transfer,Bi-Weekly,Fortnightly,31-45 (Adult),14,Low Value,Medium Engagement,Low Value - Medium Engagement
3675,35,Female,Handbag,Accessories,65,Washington,M,Blue,Winter,2.7,No,2-Day Shipping,No,41,Venmo,Bi-Weekly,Fortnightly,31-45 (Adult),14,Medium Value,High Engagement,Medium Value - High Engagement
3676,70,Female,Hat,Accessories,80,Virginia,M,White,Winter,4.5,No,Express,No,3,Bank Transfer,Monthly,Monthly,61-70 (Senior),30,High Value,Low Engagement,High Value - Low Engagement
3677,19,Female,Jewelry,Accessories,94,Wisconsin,S,Teal,Spring,4.9,No,Free Shipping,No,16,PayPal,Monthly,Monthly,18-30 (Young Adult),30,High Value,Medium Engagement,High Value - Medium Engagement
3678,32,Female,Backpack,Accessories,30,Michigan,M,Gray,Fall,2.8,No,Standard,No,43,Cash,Annually,Annually,31-45 (Adult),365,Low Value,High Engagement,Low Value - High Engagement
3679,56,Female,Shirt,Clothing,45,Texas,S,Beige,Fall,3.5,No,Standard,No,29,Bank Transfer,Bi-Weekly,Fortnightly,46-60 (Middle-Aged),14,Medium Value,Medium Engagement,Medium Value - Medium Engagement
3680,53,Female,Coat,Outerwear,91,Idaho,M,Violet,Summer,2.5,No,Store Pickup,No,5,Cash,Bi-Weekly,Bi-Weekly,46-60 (Middle-Aged),14,High Value,Low Engagement,High Value - Low Engagement
3681,22,Female,Sunglasses,Accessories,36,Iowa,S,Blue,Winter,2.9,No,Standard,No,30,Debit Card,Quarterly,Quarterly,18-30 (Young Adult),90,Low Value,Medium Engagement,Low Value - Medium Engagement
3682,26,Female,Gloves,Accessories,73,Connecticut,XL,Magenta,Fall,4.2,No,Next Day Air,No,33,Debit Card,Monthly,Monthly,18-30 (Young Adult),30,Medium Value,Medium Engagement,Medium Value - Medium Engagement
3683,42,Female,Shirt,Clothing,60,Wyoming,M,Maroon,Fall,4.6,No,Store Pickup,No,46,Venmo,Bi-Weekly,Bi-Weekly,31-45 (Adult),14,Medium Value,High Engagement,Medium Value - High Engagement
3684,30,Female,Socks,Clothing,77,Mississippi,M,Purple,Winter,3.0,No,Free Shipping,No,17,Venmo,Bi-Weekly,Fortnightly,18-30 (Young Adult),14,High Value,Medium Engagement,High Value - Medium Engagement
3685,29,Female,Skirt,Clothing,86,Pennsylvania,L,Charcoal,Spring,4.4,No,Free Shipping,No,47,Credit Card,Bi-Weekly,Bi-Weekly,18-30 (Young Adult),14,High Value,High Engagement,High Value - High Engagement
3686,47,Female,Shorts,Clothing,42,Tennessee,L,Red,Summer,2.6,No,Standard,No,17,Cash,Bi-Weekly,Bi-Weekly,46-60 (Middle-Aged),14,Medium Value,Medium Engagement,Medium Value - Medium Engagement
3687,59,Female,Sandals,Footwear,70,Louisiana,M,Charcoal,Spring,4.8,No,Free Shipping,No,17,Cash,Bi-Weekly,Bi-Weekly,46-60 (Middle-Aged),14,Medium Value,Medium Engagement,Medium Value - Medium Engagement
3688,34,Female,Shirt,Clothing,44,Arkansas,L,Lavender,Summer,2.9,No,Next Day Air,No,28,Bank Transfer,Quarterly,Every 3 Months,31-45 (Adult),90,Medium Value,Medium Engagement,Medium Value - Medium Engagement
3689,52,Female,Sunglasses,Accessories,91,West Virginia,L,White,Spring,3.0,No,Next Day Air,No,8,Cash,Monthly,Monthly,46-60 (Middle-Aged),30,High Value,Low Engagement,High Value - Low Engagement
3690,47,Female,Jewelry,Accessories,30,South Carolina,L,Red,Fall,4.5,No,Standard,No,8,Bank Transfer,Quarterly,Quarterly,46-60 (Middle-Aged),90,Low Value,Low Engagement,Low Value - Low Engagement
3691,24,Female,Blouse,Clothing,23,Kansas,S,Violet,Fall,3.7,No,Store Pickup,No,4,Bank Transfer,Bi-Weekly,Bi-Weekly,18-30 (Young Adult),14,Low Value,Low Engagement,Low Value - Low Engagement
3692,63,Female,Sandals,Footwear,21,Michigan,XL,Orange,Summer,4.8,No,Next Day Air,No,24,PayPal,Weekly,Weekly,61-70 (Senior),7,Low Value,Medium Engagement,Low Value - Medium Engagement
3693,59,Female,Coat,Outerwear,34,Alabama,L,Turquoise,Spring,4.8,No,Free Shipping,No,29,Cash,Bi-Weekly,Fortnightly,46-60 (Middle-Aged),14,Low Value,Medium Engagement,Low Value - Medium Engagement
3694,66,Female,Blouse,Clothing,46,South Dakota,M,Violet,Summer,4.7,No,2-Day Shipping,No,10,Venmo,Weekly,Weekly,61-70 (Senior),7,Medium Value,Low Engagement,Medium Value - Low Engagement
3695,45,Female,Sweater,Clothing,41,Rhode Island,M,Blue,Winter,2.6,No,Express,No,11,PayPal,Bi-Weekly,Bi-Weekly,31-45 (Adult),14,Medium Value,Low Engagement,Medium Value - Low Engagement
3696,38,Female,Skirt,Clothing,33,Florida,M,White,Fall,4.6,No,Standard,No,18,Bank Transfer,Bi-Weekly,Fortnightly,31-45 (Adult),14,Low Value,Medium Engagement,Low Value - Medium Engagement
3697,63,Female,Blouse,Clothing,48,Connecticut,L,Turquoise,Fall,3.4,No,Next Day Air,No,26,Bank Transfer,Annually,Annually,61-70 (Senior),365,Medium Value,Medium Engagement,Medium Value - Medium Engagement
3698,55,Female,Hoodie,Clothing,66,Pennsylvania,L,Pink,Winter,3.0,No,Standard,No,39,Cash,Weekly,Weekly,46-60 (Middle-Aged),7,Medium Value,High Engagement,Medium Value - High Engagement
3699,25,Female,Skirt,Clothing,54,California,XL,Maroon,Spring,4.0,No,2-Day Shipping,No,4,Venmo,Annually,Annually,18-30 (Young Adult),365,Medium Value,Low Engagement,Medium Value - Low Engagement
3700,51,Female,Backpack,Accessories,55,Oklahoma,M,Olive,Fall,2.6,No,Store Pickup,No,24,Bank Transfer,Weekly,Weekly,46-60 (Middle-Aged),7,Medium Value,Medium Engagement,Medium Value - Medium Engagement
3701,28,Female,Handbag,Accessories,84,North Dakota,XL,Charcoal,Summer,3.4,No,Store Pickup,No,2,Bank Transfer,Quarterly,Every 3 Months,18-30 (Young Adult),90,High Value,Low Engagement,High Value - Low Engagement
3702,46,Female,Sandals,Footwear,66,New Mexico,M,Charcoal,Spring,4.5,No,Store Pickup,No,36,Cash,Annually,Annually,46-60 (Middle-Aged),365,Medium Value,High Engagement,Medium Value - High Engagement
3703,58,Female,Shoes,Footwear,65,South Carolina,M,Indigo,Spring,2.7,No,Store Pickup,No,36,Venmo,Weekly,Weekly,46-60 (Middle-Aged),7,Medium Value,High Engagement,Medium Value - High Engagement
3704,30,Female,Sandals,Footwear,83,Michigan,S,Teal,Fall,2.9,No,Standard,No,23,PayPal,Quarterly,Every 3 Months,18-30 (Young Adult),90,High Value,Medium Engagement,High Value - Medium Engagement
3705,68,Female,Sunglasses,Accessories,61,Missouri,L,Black,Winter,4.0,No,Store Pickup,No,36,Credit Card,Quarterly,Quarterly,61-70 (Senior),90,Medium Value,High Engagement,Medium Value - High Engagement
3706,28,Female,Skirt,Clothing,65,Colorado,L,Teal,Summer,3.2,No,Free Shipping,No,2,Debit Card,Annually,Annually,18-30 (Young Adult),365,Medium Value,Low Engagement,Medium Value - Low Engagement
3707,26,Female,Sandals,Footwear,55,Kansas,M,Green,Spring,4.0,No,Store Pickup,No,17,Cash,Bi-Weekly,Bi-Weekly,18-30 (Young Adult),14,Medium Value,Medium Engagement,Medium Value - Medium Engagement
3708,35,Female,Gloves,Accessories,79,Illinois,M,Gold,Fall,3.4,No,2-Day Shipping,No,19,Venmo,Weekly,Weekly,31-45 (Adult),7,High Value,Medium Engagement,High Value - Medium Engagement
3709,40,Female,Hoodie,Clothing,96,South Carolina,M,Red,Fall,4.9,No,Express,No,41,PayPal,Monthly,Monthly,31-45 (Adult),30,High Value,High Engagement,High Value - High Engagement
3710,31,Female,Socks,Clothing,43,Utah,M,Silver,Fall,3.6,No,Free Shipping,No,27,PayPal,Quarterly,Quarterly,31-45 (Adult),90,Medium Value,Medium Engagement,Medium Value - Medium Engagement
3711,60,Female,Jewelry,Accessories,40,Hawaii,M,Yellow,Summer,3.6,No,2-Day Shipping,No,32,Bank Transfer,Bi-Weekly,Fortnightly,46-60 (Middle-Aged),14,Medium Value,Medium Engagement,Medium Value - Medium Engagement
3712,69,Female,Hat,Accessories,62,Texas,XL,Peach,Fall,3.2,No,Free Shipping,No,33,Cash,Annually,Annually,61-70 (Senior),365,Medium Value,Medium Engagement,Medium Value - Medium Engagement
3713,51,Female,Blouse,Clothing,72,Oregon,M,Turquoise,Spring,3.7,No,2-Day Shipping,No,24,PayPal,Quarterly,Quarterly,46-60 (Middle-Aged),90,Medium Value,Medium Engagement,Medium Value - Medium Engagement
3714,49,Female,Shoes,Footwear,87,Arizona,M,Peach,Spring,2.6,No,Express,No,31,Debit Card,Quarterly,Every 3 Months,46-60 (Middle-Aged),90,High Value,Medium Engagement,High Value - Medium Engagement
3715,18,Female,Hat,Accessories,31,New York,S,Peach,Winter,3.9,No,Express,No,35,Credit Card,Weekly,Weekly,18-30 (Young Adult),7,Low Value,Medium Engagement,Low Value - Medium Engagement
3716,63,Female,Sunglasses,Accessories,34,Nebraska,S,Orange,Fall,3.4,No,Free Shipping,No,2,Bank Transfer,Monthly,Monthly,61-70 (Senior),30,Low Value,Low Engagement,Low Value - Low Engagement
3717,57,Female,Shirt,Clothing,53,Vermont,M,Charcoal,Fall,3.4,No,Next Day Air,No,42,Debit Card,Quarterly,Every 3 Months,46-60 (Middle-Aged),90,Medium Value,High Engagement,Medium Value - High Engagement
3718,45,Female,T-shirt,Clothing,85,Maryland,XL,White,Summer,4.2,No,Express,No,47,Bank Transfer,Quarterly,Every 3 Months,31-45 (Adult),90,High Value,High Engagement,High Value - High Engagement
3719,36,Female,Pants,Clothing,50,Tennessee,L,Turquoise,Fall,2.9,No,Standard,No,44,Bank Transfer,Bi-Weekly,Bi-Weekly,31-45 (Adult),14,Medium Value,High Engagement,Medium Value - High Engagement
3720,20,Female,Pants,Clothing,91,Pennsylvania,M,Red,Summer,4.1,No,Free Shipping,No,8,Bank Transfer,Quarterly,Every 3 Months,18-30 (Young Adult),90,High Value,Low Engagement,High Value - Low Engagement
3721,21,Female,Hat,Accessories,56,South Carolina,M,Peach,Fall,3.6,No,Free Shipping,No,13,Credit Card,Quarterly,Quarterly,18-30 (Young Adult),90,Medium Value,Low Engagement,Medium Value - Low Engagement
3722,62,Female,Coat,Outerwear,60,Connecticut,L,Pink,Fall,4.0,No,Next Day Air,No,10,Cash,Annually,Annually,61-70 (Senior),365,Medium Value,Low Engagement,Medium Value - Low Engagement
3723,23,Female,Jacket,Outerwear,34,Kentucky,XL,Yellow,Fall,4.0,No,Standard,No,1,Credit Card,Bi-Weekly,Fortnightly,18-30 (Young Adult),14,Low Value,Low Engagement,Low Value - Low Engagement
3724,26,Female,Sandals,Footwear,30,Rhode Island,M,Beige,Spring,3.6,No,Free Shipping,No,1,Debit Card,Monthly,Monthly,18-30 (Young Adult),30,Low Value,Low Engagement,Low Value - Low Engagement
3725,30,Female,Gloves,Accessories,71,Colorado,L,Green,Winter,3.1,No,Express,No,18,Bank Transfer,Annually,Annually,18-30 (Young Adult),365,Medium Value,Medium Engagement,Medium Value - Medium Engagement
3726,18,Female,Dress,Clothing,100,Oklahoma,S,Turquoise,Winter,4.4,No,Next Day Air,No,2,PayPal,Annually,Annually,18-30 (Young Adult),365,High Value,Low Engagement,High Value - Low Engagement
3727,47,Female,Belt,Accessories,85,Idaho,XL,Orange,Fall,4.3,No,Next Day Air,No,36,Debit Card,Quarterly,Every 3 Months,46-60 (Middle-Aged),90,High Value,High Engagement,High Value - High Engagement
3728,41,Female,Socks,Clothing,83,Maine,M,Gold,Summer,3.5,No,Next Day Air,No,17,Debit Card,Bi-Weekly,Bi-Weekly,31-45 (Adult),14,High Value,Medium Engagement,High Value - Medium Engagement
3729,62,Female,Jacket,Outerwear,31,Vermont,L,Red,Winter,3.0,No,Standard,No,1,Debit Card,Annually,Annually,61-70 (Senior),365,Low Value,Low Engagement,Low Value - Low Engagement
3730,28,Female,Boots,Footwear,82,Rhode Island,M,Teal,Spring,4.7,No,2-Day Shipping,No,50,Cash,Quarterly,Quarterly,18-30 (Young Adult),90,High Value,High Engagement,High Value - High Engagement
3731,46,Female,Shirt,Clothing,79,Florida,M,Teal,Summer,2.5,No,2-Day Shipping,No,3,Credit Card,Bi-Weekly,Bi-Weekly,46-60 (Middle-Aged),14,High Value,Low Engagement,High Value - Low Engagement
3732,54,Female,Hat,Accessories,62,West Virginia,M,Lavender,Spring,3.1,No,2-Day Shipping,No,45,PayPal,Quarterly,Quarterly,46-60 (Middle-Aged),90,Medium Value,High Engagement,Medium Value - High Engagement
3733,36,Female,Shoes,Footwear,92,Indiana,L,Pink,Spring,3.3,No,Free Shipping,No,28,PayPal,Annually,Annually,31-45 (Adult),365,High Value,Medium Engagement,High Value - Medium Engagement
3734,25,Female,Socks,Clothing,58,Illinois,M,Maroon,Fall,4.7,No,Next Day Air,No,6,Debit Card,Quarterly,Every 3 Months,18-30 (Young Adult),90,Medium Value,Low Engagement,Medium Value - Low Engagement
3735,38,Female,Hoodie,Clothing,88,California,M,Beige,Spring,3.4,No,Next Day Air,No,33,Debit Card,Quarterly,Every 3 Months,31-45 (Adult),90,High Value,Medium Engagement,High Value - Medium Engagement
3736,38,Female,Sandals,Footwear,44,Massachusetts,L,Orange,Spring,3.1,No,2-Day Shipping,No,29,PayPal,Annually,Annually,31-45 (Adult),365,Medium Value,Medium Engagement,Medium Value - Medium Engagement
3737,42,Female,Jeans,Clothing,56,Idaho,M,Red,Spring,4.6,No,Store Pickup,No,2,PayPal,Quarterly,Every 3 Months,31-45 (Adult),90,Medium Value,Low Engagement,Medium Value - Low Engagement
3738,19,Female,Jewelry,Accessories,23,Kentucky,S,Maroon,Winter,4.9,No,Free Shipping,No,43,PayPal,Bi-Weekly,Bi-Weekly,18-30 (Young Adult),14,Low Value,High Engagement,Low Value - High Engagement
3739,34,Female,Shorts,Clothing,45,Delaware,M,Brown,Spring,2.7,No,Free Shipping,No,48,Cash,Bi-Weekly,Fortnightly,31-45 (Adult),14,Medium Value,High Engagement,Medium Value - High Engagement
3740,38,Female,Sunglasses,Accessories,31,Idaho,M,Olive,Fall,4.2,No,Free Shipping,No,43,Credit Card,Weekly,Weekly,31-45 (Adult),7,Low Value,High Engagement,Low Value - High Engagement
3741,42,Female,Pants,Clothing,96,Virginia,M,Silver,Summer,2.6,No,Store Pickup,No,26,Debit Card,Bi-Weekly,Bi-Weekly,31-45 (Adult),14,High Value,Medium Engagement,High Value - Medium Engagement
3742,58,Female,Shirt,Clothing,96,Arizona,M,Purple,Spring,3.2,No,2-Day Shipping,No,26,Debit Card,Bi-Weekly,Bi-Weekly,46-60 (Middle-Aged),14,High Value,Medium Engagement,High Value - Medium Engagement
3743,56,Female,Shirt,Clothing,80,Maryland,M,Gray,Fall,4.4,No,Standard,No,50,Credit Card,Bi-Weekly,Bi-Weekly,46-60 (Middle-Aged),14,High Value,High Engagement,High Value - High Engagement
3744,62,Female,Pants,Clothing,28,Idaho,L,Cyan,Fall,3.6,No,Free Shipping,No,36,Debit Card,Quarterly,Quarterly,61-70 (Senior),90,Low Value,High Engagement,Low Value - High Engagement
3745,24,Female,Hoodie,Clothing,51,New Jersey,M,Gray,Summer,2.7,No,Next Day Air,No,26,Bank Transfer,Bi-Weekly,Fortnightly,18-30 (Young Adult),14,Medium Value,Medium Engagement,Medium Value - Medium Engagement
3746,60,Female,Socks,Clothing,41,Washington,L,Gold,Spring,4.3,No,Express,No,2,Debit Card,Monthly,Monthly,46-60 (Middle-Aged),30,Medium Value,Low Engagement,Medium Value - Low Engagement
3747,53,Female,Coat,Outerwear,99,Idaho,XL,Cyan,Summer,2.6,No,Next Day Air,No,49,PayPal,Monthly,Monthly,46-60 (Middle-Aged),30,High Value,High Engagement,High Value - High Engagement
3748,26,Female,Sweater,Clothing,53,Rhode Island,L,Olive,Spring,4.3,No,Store Pickup,No,32,Bank Transfer,Bi-Weekly,Bi-Weekly,18-30 (Young Adult),14,Medium Value,Medium Engagement,Medium Value - Medium Engagement
3749,34,Female,Backpack,Accessories,25,Delaware,M,Violet,Fall,3.9,No,2-Day Shipping,No,3,Venmo,Annually,Annually,31-45 (Adult),365,Low Value,Low Engagement,Low Value - Low Engagement
3750,24,Female,Blouse,Clothing,95,Alaska,L,Yellow,Winter,2.9,No,2-Day Shipping,No,38,Venmo,Quarterly,Every 3 Months,18-30 (Young Adult),90,High Value,High Engagement,High Value - High Engagement
3751,42,Female,Hoodie,Clothing,88,Arizona,M,Gold,Fall,3.1,No,Free Shipping,No,5,PayPal,Monthly,Monthly,31-45 (Adult),30,High Value,Low Engagement,High Value - Low Engagement
3752,36,Female,Jewelry,Accessories,97,Alabama,S,Silver,Fall,4.2,No,Free Shipping,No,8,Credit Card,Quarterly,Every 3 Months,31-45 (Adult),90,High Value,Low Engagement,High Value - Low Engagement
3753,24,Female,Coat,Outerwear,81,Washington,L,Pink,Winter,4.1,No,2-Day Shipping,No,43,Venmo,Weekly,Weekly,18-30 (Young Adult),7,High Value,High Engagement,High Value - High Engagement
3754,39,Female,Sunglasses,Accessories,26,Louisiana,S,Turquoise,Winter,4.2,No,Next Day Air,No,22,Bank Transfer,Bi-Weekly,Fortnightly,31-45 (Adult),14,Low Value,Medium Engagement,Low Value - Medium Engagement
3755,46,Female,Shoes,Footwear,41,Nebraska,M,Turquoise,Summer,4.4,No,Express,No,10,Cash,Quarterly,Every 3 Months,46-60 (Middle-Aged),90,Medium Value,Low Engagement,Medium Value - Low Engagement
3756,64,Female,Skirt,Clothing,93,Pennsylvania,M,Peach,Fall,3.4,No,Free Shipping,No,26,Credit Card,Monthly,Monthly,61-70 (Senior),30,High Value,Medium Engagement,High Value - Medium Engagement
3757,64,Female,Skirt,Clothing,69,South Carolina,L,Teal,Spring,4.8,No,Express,No,42,Debit Card,Bi-Weekly,Bi-Weekly,61-70 (Senior),14,Medium Value,High Engagement,Medium Value - High Engagement
3758,61,Female,Skirt,Clothing,44,California,L,Red,Fall,4.5,No,2-Day Shipping,No,33,Cash,Weekly,Weekly,61-70 (Senior),7,Medium Value,Medium Engagement,Medium Value - Medium Engagement
3759,61,Female,Sandals,Footwear,54,Indiana,S,Black,Spring,2.7,No,Store Pickup,No,23,Bank Transfer,Quarterly,Quarterly,61-70 (Senior),90,Medium Value,Medium Engagement,Medium Value - Medium Engagement
3760,44,Female,Sneakers,Footwear,61,Missouri,M,Pink,Spring,3.5,No,Store Pickup,No,30,Venmo,Quarterly,Quarterly,31-45 (Adult),90,Medium Value,Medium Engagement,Medium Value - Medium Engagement
3761,65,Female,Socks,Clothing,80,Connecticut,M,Peach,Fall,3.1,No,Next Day Air,No,36,PayPal,Weekly,Weekly,61-70 (Senior),7,High Value,High Engagement,High Value - High Engagement
3762,60,Female,Backpack,Accessories,30,Nevada,M,Green,Summer,2.8,No,Next Day Air,No,3,Venmo,Quarterly,Every 3 Months,46-60 (Middle-Aged),90,Low Value,Low Engagement,Low Value - Low Engagement
3763,65,Female,Shorts,Clothing,94,New York,L,Green,Fall,2.9,No,Store Pickup,No,13,PayPal,Annually,Annually,61-70 (Senior),365,High Value,Low Engagement,High Value - Low Engagement
3764,27,Female,Shirt,Clothing,24,Oklahoma,XL,Red,Winter,4.5,No,Standard,No,38,Cash,Quarterly,Every 3 Months,18-30 (Young Adult),90,Low Value,High Engagement,Low Value - High Engagement
3765,36,Female,Socks,Clothing,21,South Dakota,M,Maroon,Fall,3.5,No,Next Day Air,No,19,Venmo,Monthly,Monthly,31-45 (Adult),30,Low Value,Medium Engagement,Low Value - Medium Engagement
3766,22,Female,Jewelry,Accessories,52,Missouri,M,Green,Summer,4.3,No,Standard,No,14,Bank Transfer,Bi-Weekly,Bi-Weekly,18-30 (Young Adult),14,Medium Value,Low Engagement,Medium Value - Low Engagement
3767,62,Female,Handbag,Accessories,59,Texas,M,Black,Fall,4.9,No,Next Day Air,No,43,Debit Card,Annually,Annually,61-70 (Senior),365,Medium Value,High Engagement,Medium Value - High Engagement
3768,59,Female,Shorts,Clothing,51,New York,XL,Black,Summer,3.1,No,Free Shipping,No,10,Bank Transfer,Bi-Weekly,Fortnightly,46-60 (Middle-Aged),14,Medium Value,Low Engagement,Medium Value - Low Engagement
3769,50,Female,Sweater,Clothing,35,Vermont,M,Yellow,Winter,4.0,No,Free Shipping,No,34,Bank Transfer,Quarterly,Quarterly,46-60 (Middle-Aged),90,Low Value,Medium Engagement,Low Value - Medium Engagement
3770,51,Female,Gloves,Accessories,87,Arizona,L,Green,Summer,3.6,No,Standard,No,31,Venmo,Annually,Annually,46-60 (Middle-Aged),365,High Value,Medium Engagement,High Value - Medium Engagement
3771,23,Female,Pants,Clothing,42,Montana,L,Black,Summer,4.0,No,Store Pickup,No,34,Bank Transfer,Weekly,Weekly,18-30 (Young Adult),7,Medium Value,Medium Engagement,Medium Value - Medium Engagement
3772,21,Female,T-shirt,Clothing,86,Oklahoma,M,Red,Winter,2.6,No,Express,No,28,Venmo,Bi-Weekly,Bi-Weekly,18-30 (Young Adult),14,High Value,Medium Engagement,High Value - Medium Engagement
3773,44,Female,Pants,Clothing,26,New Hampshire,L,Yellow,Fall,3.1,No,Next Day Air,No,35,Cash,Annually,Annually,31-45 (Adult),365,Low Value,Medium Engagement,Low Value - Medium Engagement
3774,25,Female,Sweater,Clothing,60,Wisconsin,M,Violet,Summer,3.5,No,Store Pickup,No,41,Cash,Quarterly,Quarterly,18-30 (Young Adult),90,Medium Value,High Engagement,Medium Value - High Engagement
3775,57,Female,Gloves,Accessories,83,Alaska,S,Cyan,Winter,3.9,No,Standard,No,48,PayPal,Bi-Weekly,Fortnightly,46-60 (Middle-Aged),14,High Value,High Engagement,High Value - High Engagement
3776,41,Female,Belt,Accessories,63,South Dakota,S,Pink,Spring,2.7,No,2-Day Shipping,No,45,Cash,Quarterly,Quarterly,31-45 (Adult),90,Medium Value,High Engagement,Medium Value - High Engagement
3777,19,Female,Sneakers,Footwear,25,Alaska,L,Olive,Spring,4.1,No,Standard,No,10,Credit Card,Bi-Weekly,Fortnightly,18-30 (Young Adult),14,Low Value,Low Engagement,Low Value - Low Engagement
3778,43,Female,Shorts,Clothing,65,Utah,M,Maroon,Fall,4.3,No,Express,No,9,Cash,Weekly,Weekly,31-45 (Adult),7,Medium Value,Low Engagement,Medium Value - Low Engagement
3779,25,Female,Sneakers,Footwear,60,South Dakota,M,Cyan,Fall,2.9,No,Free Shipping,No,30,Debit Card,Annually,Annually,18-30 (Young Adult),365,Medium Value,Medium Engagement,Medium Value - Medium Engagement
3780,60,Female,Jeans,Clothing,75,California,XL,Lavender,Spring,4.0,No,Express,No,45,PayPal,Annually,Annually,46-60 (Middle-Aged),365,Medium Value,High Engagement,Medium Value - High Engagement
3781,54,Female,Sneakers,Footwear,57,Mississippi,L,Yellow,Fall,4.1,No,Free Shipping,No,41,Venmo,Quarterly,Quarterly,46-60 (Middle-Aged),90,Medium Value,High Engagement,Medium Value - High Engagement
3782,52,Female,Boots,Footwear,99,Tennessee,M,Pink,Winter,3.7,No,Standard,No,40,PayPal,Bi-Weekly,Fortnightly,46-60 (Middle-Aged),14,High Value,High Engagement,High Value - High Engagement
3783,40,Female,Jacket,Outerwear,45,Alabama,L,Orange,Spring,2.8,No,Free Shipping,No,42,PayPal,Bi-Weekly,Fortnightly,31-45 (Adult),14,Medium Value,High Engagement,Medium Value - High Engagement
3784,39,Female,Gloves,Accessories,66,Maine,XL,Orange,Summer,3.2,No,Free Shipping,No,17,Debit Card,Bi-Weekly,Fortnightly,31-45 (Adult),14,Medium Value,Medium Engagement,Medium Value - Medium Engagement
3785,54,Female,Socks,Clothing,53,Virginia,M,Violet,Winter,4.5,No,Next Day Air,No,4,Venmo,Annually,Annually,46-60 (Middle-Aged),365,Medium Value,Low Engagement,Medium Value - Low Engagement
3786,64,Female,Jeans,Clothing,94,New Hampshire,L,Lavender,Winter,3.8,No,Standard,No,6,Cash,Monthly,Monthly,61-70 (Senior),30,High Value,Low Engagement,High Value - Low Engagement
3787,31,Female,Boots,Footwear,47,Tennessee,L,Yellow,Fall,3.6,No,2-Day Shipping,No,22,Venmo,Weekly,Weekly,31-45 (Adult),7,Medium Value,Medium Engagement,Medium Value - Medium Engagement
3788,37,Female,Blouse,Clothing,80,New York,M,Pink,Fall,3.6,No,2-Day Shipping,No,46,PayPal,Quarterly,Every 3 Months,31-45 (Adult),90,High Value,High Engagement,High Value - High Engagement
3789,43,Female,Hat,Accessories,65,Kansas,XL,Teal,Spring,3.2,No,Next Day Air,No,27,Debit Card,Monthly,Monthly,31-45 (Adult),30,Medium Value,Medium Engagement,Medium Value - Medium Engagement
3790,56,Female,Shirt,Clothing,75,North Dakota,M,Magenta,Summer,3.8,No,Express,No,18,Bank Transfer,Quarterly,Every 3 Months,46-60 (Middle-Aged),90,Medium Value,Medium Engagement,Medium Value - Medium Engagement
3791,27,Female,Handbag,Accessories,45,Alaska,XL,Beige,Summer,4.4,No,Standard,No,31,Credit Card,Weekly,Weekly,18-30 (Young Adult),7,Medium Value,Medium Engagement,Medium Value - Medium Engagement
3792,40,Female,Sunglasses,Accessories,51,Texas,M,Gray,Spring,3.7,No,Store Pickup,No,1,Venmo,Weekly,Weekly,31-45 (Adult),7,Medium Value,Low Engagement,Medium Value - Low Engagement
3793,43,Female,Scarf,Accessories,58,Massachusetts,S,Turquoise,Summer,2.6,No,Express,No,2,PayPal,Bi-Weekly,Fortnightly,31-45 (Adult),14,Medium Value,Low Engagement,Medium Value - Low Engagement
3794,62,Female,Sunglasses,Accessories,20,Delaware,M,Pink,Fall,4.0,No,Standard,No,46,Bank Transfer,Annually,Annually,61-70 (Senior),365,Low Value,High Engagement,Low Value - High Engagement
3795,44,Female,Scarf,Accessories,82,South Dakota,M,Violet,Summer,3.6,No,2-Day Shipping,No,27,Venmo,Weekly,Weekly,31-45 (Adult),7,High Value,Medium Engagement,High Value - Medium Engagement
3796,45,Female,Gloves,Accessories,92,Arkansas,M,Charcoal,Spring,2.5,No,Express,No,3,Cash,Weekly,Weekly,31-45 (Adult),7,High Value,Low Engagement,High Value - Low Engagement
3797,40,Female,Shorts,Clothing,81,Utah,M,Lavender,Fall,3.2,No,Free Shipping,No,47,Bank Transfer,Quarterly,Quarterly,31-45 (Adult),90,High Value,High Engagement,High Value - High Engagement
3798,68,Female,Sunglasses,Accessories,44,California,M,Gray,Summer,2.5,No,Next Day Air,No,20,Cash,Quarterly,Quarterly,61-70 (Senior),90,Medium Value,Medium Engagement,Medium Value - Medium Engagement
3799,63,Female,Jewelry,Accessories,72,Rhode Island,S,Brown,Winter,3.2,No,Next Day Air,No,23,Credit Card,Annually,Annually,61-70 (Senior),365,Medium Value,Medium Engagement,Medium Value - Medium Engagement
3800,60,Female,Jacket,Outerwear,26,Oklahoma,L,Violet,Winter,2.6,No,Store Pickup,No,13,Credit Card,Monthly,Monthly,46-60 (Middle-Aged),30,Low Value,Low Engagement,Low Value - Low Engagement
3801,19,Female,Sweater,Clothing,26,Vermont,M,Turquoise,Fall,4.8,No,Next Day Air,No,12,Venmo,Bi-Weekly,Bi-Weekly,18-30 (Young Adult),14,Low Value,Low Engagement,Low Value - Low Engagement
3802,26,Female,Blouse,Clothing,84,Kentucky,M,Peach,Spring,5.0,No,Store Pickup,No,36,PayPal,Bi-Weekly,Fortnightly,18-30 (Young Adult),14,High Value,High Engagement,High Value - High Engagement
3803,70,Female,Scarf,Accessories,72,Illinois,S,Turquoise,Spring,3.2,No,2-Day Shipping,No,1,Bank Transfer,Monthly,Monthly,61-70 (Senior),30,Medium Value,Low Engagement,Medium Value - Low Engagement
3804,48,Female,Handbag,Accessories,55,Connecticut,M,Violet,Spring,3.6,No,Standard,No,14,Debit Card,Weekly,Weekly,46-60 (Middle-Aged),7,Medium Value,Low Engagement,Medium Value - Low Engagement
3805,37,Female,Hat,Accessories,77,Florida,M,Olive,Fall,2.7,No,2-Day Shipping,No,45,Cash,Annually,Annually,31-45 (Adult),365,High Value,High Engagement,High Value - High Engagement
3806,48,Female,Scarf,Accessories,57,New Jersey,M,Green,Fall,3.1,No,Standard,No,31,Credit Card,Quarterly,Quarterly,46-60 (Middle-Aged),90,Medium Value,Medium Engagement,Medium Value - Medium Engagement
3807,18,Female,Boots,Footwear,71,Missouri,M,Teal,Spring,3.0,No,Standard,No,41,PayPal,Weekly,Weekly,18-30 (Young Adult),7,Medium Value,High Engagement,Medium Value - High Engagement
3808,38,Female,Blouse,Clothing,39,Michigan,L,Peach,Spring,2.9,No,Next Day Air,No,36,PayPal,Annually,Annually,31-45 (Adult),365,Low Value,High Engagement,Low Value - High Engagement
3809,33,Female,Socks,Clothing,28,Washington,M,Pink,Winter,4.7,No,Express,No,6,Debit Card,Bi-Weekly,Bi-Weekly,31-45 (Adult),14,Low Value,Low Engagement,Low Value - Low Engagement
3810,57,Female,Shoes,Footwear,33,New York,S,Maroon,Winter,3.7,No,Standard,No,28,Credit Card,Annually,Annually,46-60 (Middle-Aged),365,Low Value,Medium Engagement,Low Value - Medium Engagement
3811,46,Female,Skirt,Clothing,79,Wisconsin,L,Peach,Fall,3.9,No,Free Shipping,No,29,Venmo,Monthly,Monthly,46-60 (Middle-Aged),30,High Value,Medium Engagement,High Value - Medium Engagement
3812,46,Female,Belt,Accessories,30,Idaho,M,Maroon,Winter,4.0,No,Standard,No,14,Cash,Monthly,Monthly,46-60 (Middle-Aged),30,Low Value,Low Engagement,Low Value - Low Engagement
3813,50,Female,Skirt,Clothing,75,Michigan,M,Pink,Spring,2.8,No,Next Day Air,No,7,Bank Transfer,Quarterly,Every 3 Months,46-60 (Middle-Aged),90,Medium Value,Low Engagement,Medium Value - Low Engagement
3814,61,Female,Pants,Clothing,89,Georgia,M,Orange,Summer,4.1,No,Express,No,31,Venmo,Bi-Weekly,Bi-Weekly,61-70 (Senior),14,High Value,Medium Engagement,High Value - Medium Engagement
3815,45,Female,Dress,Clothing,95,Michigan,M,Orange,Winter,4.2,No,Free Shipping,No,26,Bank Transfer,Quarterly,Every 3 Months,31-45 (Adult),90,High Value,Medium Engagement,High Value - Medium Engagement
3816,32,Female,Hat,Accessories,44,Maine,M,Brown,Fall,4.3,No,Express,No,12,Venmo,Bi-Weekly,Fortnightly,31-45 (Adult),14,Medium Value,Low Engagement,Medium Value - Low Engagement
3817,29,Female,Coat,Outerwear,86,Maryland,S,Silver,Summer,4.3,No,Store Pickup,No,45,Credit Card,Bi-Weekly,Fortnightly,18-30 (Young Adult),14,High Value,High Engagement,High Value - High Engagement
3818,66,Female,Scarf,Accessories,91,Missouri,M,Magenta,Fall,2.6,No,Express,No,40,PayPal,Annually,Annually,61-70 (Senior),365,High Value,High Engagement,High Value - High Engagement
3819,70,Female,Sneakers,Footwear,41,Oregon,XL,Indigo,Winter,3.8,No,Free Shipping,No,42,Cash,Monthly,Monthly,61-70 (Senior),30,Medium Value,High Engagement,Medium Value - High Engagement
3820,36,Female,Pants,Clothing,99,Arkansas,S,Gold,Spring,2.9,No,Express,No,45,Cash,Quarterly,Quarterly,31-45 (Adult),90,High Value,High Engagement,High Value - High Engagement
3821,34,Female,Belt,Accessories,65,New Hampshire,M,Purple,Winter,5.0,No,Standard,No,34,Debit Card,Quarterly,Quarterly,31-45 (Adult),90,Medium Value,Medium Engagement,Medium Value - Medium Engagement
3822,20,Female,Sneakers,Footwear,48,Oregon,M,Gold,Summer,4.6,No,Free Shipping,No,34,Credit Card,Quarterly,Every 3 Months,18-30 (Young Adult),90,Medium Value,Medium Engagement,Medium Value - Medium Engagement
3823,70,Female,Hat,Accessories,41,Kansas,S,Gold,Spring,3.2,No,Free Shipping,No,17,PayPal,Quarterly,Every 3 Months,61-70 (Senior),90,Medium Value,Medium Engagement,Medium Value - Medium Engagement
3824,50,Female,Shirt,Clothing,42,California,M,Gold,Summer,3.0,No,Standard,No,27,Bank Transfer,Weekly,Weekly,46-60 (Middle-Aged),7,Medium Value,Medium Engagement,Medium Value - Medium Engagement
3825,54,Female,Shorts,Clothing,26,Georgia,M,Olive,Summer,4.0,No,Free Shipping,No,31,Credit Card,Quarterly,Quarterly,46-60 (Middle-Aged),90,Low Value,Medium Engagement,Low Value - Medium Engagement
3826,49,Female,Shorts,Clothing,35,Hawaii,L,Green,Fall,4.1,No,Express,No,47,Debit Card,Bi-Weekly,Fortnightly,46-60 (Middle-Aged),14,Low Value,High Engagement,Low Value - High Engagement
3827,50,Female,Jacket,Outerwear,31,Montana,M,Gray,Summer,4.0,No,Express,No,25,Bank Transfer,Annually,Annually,46-60 (Middle-Aged),365,Low Value,Medium Engagement,Low Value - Medium Engagement
3828,62,Female,Jewelry,Accessories,73,Montana,M,Red,Summer,4.1,No,Standard,No,47,Cash,Bi-Weekly,Fortnightly,61-70 (Senior),14,Medium Value,High Engagement,Medium Value - High Engagement
3829,42,Female,Blouse,Clothing,82,Mississippi,M,Charcoal,Spring,3.4,No,Free Shipping,No,8,Cash,Weekly,Weekly,31-45 (Adult),7,High Value,Low Engagement,High Value - Low Engagement
3830,69,Female,Pants,Clothing,32,Washington,M,Indigo,Spring,2.9,No,Free Shipping,No,32,Debit Card,Bi-Weekly,Fortnightly,61-70 (Senior),14,Low Value,Medium Engagement,Low Value - Medium Engagement
3831,22,Female,Hat,Accessories,27,Pennsylvania,M,Indigo,Summer,3.0,No,2-Day Shipping,No,33,Bank Transfer,Quarterly,Every 3 Months,18-30 (Young Adult),90,Low Value,Medium Engagement,Low Value - Medium Engagement
3832,36,Female,Backpack,Accessories,86,Nevada,L,Silver,Spring,4.0,No,Next Day Air,No,16,Debit Card,Quarterly,Every 3 Months,31-45 (Adult),90,High Value,Medium Engagement,High Value - Medium Engagement
3833,64,Female,Boots,Footwear,38,Kansas,XL,Purple,Winter,4.8,No,2-Day Shipping,No,27,Cash,Weekly,Weekly,61-70 (Senior),7,Low Value,Medium Engagement,Low Value - Medium Engagement
3834,44,Female,Jacket,Outerwear,93,Arizona,L,Gray,Summer,4.6,No,Free Shipping,No,17,PayPal,Quarterly,Every 3 Months,31-45 (Adult),90,High Value,Medium Engagement,High Value - Medium Engagement
3835,43,Female,Hoodie,Clothing,59,Tennessee,M,Magenta,Winter,4.1,No,2-Day Shipping,No,17,Cash,Quarterly,Quarterly,31-45 (Adult),90,Medium Value,Medium Engagement,Medium Value - Medium Engagement
3836,58,Female,Sandals,Footwear,58,Pennsylvania,L,Silver,Winter,2.6,No,Express,No,28,PayPal,Bi-Weekly,Bi-Weekly,46-60 (Middle-Aged),14,Medium Value,Medium Engagement,Medium Value - Medium Engagement
3837,62,Female,Skirt,Clothing,84,Alaska,M,Violet,Spring,2.5,No,Free Shipping,No,38,PayPal,Bi-Weekly,Fortnightly,61-70 (Senior),14,High Value,High Engagement,High Value - High Engagement
3838,45,Female,Hoodie,Clothing,100,New Mexico,M,Green,Spring,4.8,No,Free Shipping,No,33,Bank Transfer,Bi-Weekly,Fortnightly,31-45 (Adult),14,High Value,Medium Engagement,High Value - Medium Engagement
3839,47,Female,Dress,Clothing,25,Rhode Island,L,Green,Summer,4.2,No,Express,No,24,Venmo,Quarterly,Every 3 Months,46-60 (Middle-Aged),90,Low Value,Medium Engagement,Low Value - Medium Engagement
3840,66,Female,Sandals,Footwear,29,Connecticut,M,Peach,Spring,3.9,No,Free Shipping,No,14,Venmo,Quarterly,Quarterly,61-70 (Senior),90,Low Value,Low Engagement,Low Value - Low Engagement
3841,30,Female,Jeans,Clothing,42,Idaho,M,Turquoise,Spring,3.7,No,Express,No,5,Venmo,Bi-Weekly,Fortnightly,18-30 (Young Adult),14,Medium Value,Low Engagement,Medium Value - Low Engagement
3842,68,Female,Jeans,Clothing,57,Mississippi,L,Pink,Fall,4.2,No,2-Day Shipping,No,8,Bank Transfer,Monthly,Monthly,61-70 (Senior),30,Medium Value,Low Engagement,Medium Value - Low Engagement
3843,35,Female,Jacket,Outerwear,84,Colorado,L,Lavender,Winter,4.2,No,Next Day Air,No,42,Debit Card,Monthly,Monthly,31-45 (Adult),30,High Value,High Engagement,High Value - High Engagement
3844,64,Female,Hat,Accessories,71,Georgia,L,Silver,Winter,4.0,No,Free Shipping,No,48,Venmo,Quarterly,Every 3 Months,61-70 (Senior),90,Medium Value,High Engagement,Medium Value - High Engagement
3845,30,Female,Shorts,Clothing,87,Montana,S,Cyan,Fall,5.0,No,Next Day Air,No,40,Venmo,Quarterly,Quarterly,18-30 (Young Adult),90,High Value,High Engagement,High Value - High Engagement
3846,58,Female,Sweater,Clothing,52,California,M,Green,Winter,4.9,No,Standard,No,46,Venmo,Annually,Annually,46-60 (Middle-Aged),365,Medium Value,High Engagement,Medium Value - High Engagement
3847,57,Female,Blouse,Clothing,58,Pennsylvania,L,Orange,Summer,4.0,No,Express,No,40,PayPal,Quarterly,Every 3 Months,46-60 (Middle-Aged),90,Medium Value,High Engagement,Medium Value - High Engagement
3848,60,Female,Sweater,Clothing,34,Delaware,S,Blue,Fall,3.2,No,2-Day Shipping,No,31,PayPal,Bi-Weekly,Fortnightly,46-60 (Middle-Aged),14,Low Value,Medium Engagement,Low Value - Medium Engagement
3849,22,Female,Jewelry,Accessories,60,New Hampshire,M,Magenta,Winter,3.0,No,Next Day Air,No,39,Cash,Quarterly,Every 3 Months,18-30 (Young Adult),90,Medium Value,High Engagement,Medium Value - High Engagement
3850,46,Female,Hoodie,Clothing,68,Florida,S,Cyan,Winter,2.6,No,Express,No,36,PayPal,Bi-Weekly,Fortnightly,46-60 (Middle-Aged),14,Medium Value,High Engagement,Medium Value - High Engagement
3851,27,Female,Jewelry,Accessories,74,Mississippi,L,Indigo,Summer,4.4,No,2-Day Shipping,No,25,Debit Card,Quarterly,Every 3 Months,18-30 (Young Adult),90,Medium Value,Medium Engagement,Medium Value - Medium Engagement
3852,50,Female,Scarf,Accessories,83,Montana,M,Pink,Summer,3.9,No,Free Shipping,No,24,Debit Card,Annually,Annually,46-60 (Middle-Aged),365,High Value,Medium Engagement,High Value - Medium Engagement
3853,65,Female,Hat,Accessories,79,Mississippi,M,Peach,Fall,4.0,No,2-Day Shipping,No,19,PayPal,Weekly,Weekly,61-70 (Senior),7,High Value,Medium Engagement,High Value - Medium Engagement
3854,61,Female,Sunglasses,Accessories,76,Tennessee,M,Lavender,Fall,4.0,No,Store Pickup,No,49,Debit Card,Bi-Weekly,Bi-Weekly,61-70 (Senior),14,High Value,High Engagement,High Value - High Engagement
3855,57,Female,T-shirt,Clothing,20,Florida,M,Black,Spring,4.2,No,Free Shipping,No,4,Venmo,Annually,Annually,46-60 (Middle-Aged),365,Low Value,Low Engagement,Low Value - Low Engagement
3856,40,Female,Shirt,Clothing,61,Illinois,XL,Lavender,Summer,4.4,No,Next Day Air,No,36,Cash,Quarterly,Quarterly,31-45 (Adult),90,Medium Value,High Engagement,Medium Value - High Engagement
3857,39,Female,Sandals,Footwear,78,Virginia,S,Brown,Summer,2.5,No,Free Shipping,No,8,Debit Card,Quarterly,Quarterly,31-45 (Adult),90,High Value,Low Engagement,High Value - Low Engagement
3858,42,Female,Hat,Accessories,21,Texas,S,Yellow,Summer,3.1,No,Store Pickup,No,29,Credit Card,Quarterly,Every 3 Months,31-45 (Adult),90,Low Value,Medium Engagement,Low Value - Medium Engagement
3859,30,Female,T-shirt,Clothing,77,Missouri,M,Olive,Winter,3.5,No,Store Pickup,No,26,Credit Card,Quarterly,Quarterly,18-30 (Young Adult),90,High Value,Medium Engagement,High Value - Medium Engagement
3860,65,Female,Shorts,Clothing,88,Mississippi,S,Blue,Fall,3.0,No,2-Day Shipping,No,47,Bank Transfer,Bi-Weekly,Bi-Weekly,61-70 (Senior),14,High Value,High Engagement,High Value - High Engagement
3861,57,Female,Sunglasses,Accessories,64,Pennsylvania,M,Turquoise,Summer,4.4,No,Next Day Air,No,44,Cash,Annually,Annually,46-60 (Middle-Aged),365,Medium Value,High Engagement,Medium Value - High Engagement
3862,64,Female,Jacket,Outerwear,57,Wyoming,M,Yellow,Spring,4.9,No,Standard,No,49,Credit Card,Monthly,Monthly,61-70 (Senior),30,Medium Value,High Engagement,Medium Value - High Engagement
3863,56,Female,Shirt,Clothing,49,Idaho,L,Turquoise,Winter,2.8,No,Next Day Air,No,9,Venmo,Monthly,Monthly,46-60 (Middle-Aged),30,Medium Value,Low Engagement,Medium Value - Low Engagement
3864,40,Female,Scarf,Accessories,35,New Hampshire,M,Orange,Summer,3.3,No,Free Shipping,No,28,Cash,Bi-Weekly,Fortnightly,31-45 (Adult),14,Low Value,Medium Engagement,Low Value - Medium Engagement
3865,55,Female,T-shirt,Clothing,99,Wyoming,S,Blue,Winter,4.9,No,Express,No,1,Debit Card,Bi-Weekly,Fortnightly,46-60 (Middle-Aged),14,High Value,Low Engagement,High Value - Low Engagement
3866,25,Female,Shorts,Clothing,42,Nebraska,M,Olive,Spring,4.2,No,Store Pickup,No,28,Cash,Quarterly,Every 3 Months,18-30 (Young Adult),90,Medium Value,Medium Engagement,Medium Value - Medium Engagement
3867,58,Female,Hat,Accessories,32,Alaska,M,Beige,Winter,3.3,No,2-Day Shipping,No,33,Credit Card,Bi-Weekly,Fortnightly,46-60 (Middle-Aged),14,Low Value,Medium Engagement,Low Value - Medium Engagement
3868,46,Female,Jacket,Outerwear,21,Maryland,L,Lavender,Summer,2.7,No,Standard,No,28,Credit Card,Monthly,Monthly,46-60 (Middle-Aged),30,Low Value,Medium Engagement,Low Value - Medium Engagement
3869,18,Female,Dress,Clothing,29,Maryland,XL,Magenta,Winter,3.3,No,2-Day Shipping,No,9,Cash,Annually,Annually,18-30 (Young Adult),365,Low Value,Low Engagement,Low Value - Low Engagement
3870,26,Female,Coat,Outerwear,64,Arizona,L,Cyan,Spring,3.8,No,Free Shipping,No,28,Bank Transfer,Annually,Annually,18-30 (Young Adult),365,Medium Value,Medium Engagement,Medium Value - Medium Engagement
3871,61,Female,Sandals,Footwear,46,Ohio,L,Lavender,Fall,3.2,No,Next Day Air,No,19,Cash,Quarterly,Every 3 Months,61-70 (Senior),90,Medium Value,Medium Engagement,Medium Value - Medium Engagement
3872,55,Female,T-shirt,Clothing,97,Minnesota,M,Black,Fall,4.1,No,2-Day Shipping,No,20,Bank Transfer,Quarterly,Every 3 Months,46-60 (Middle-Aged),90,High Value,Medium Engagement,High Value - Medium Engagement
3873,41,Female,Jacket,Outerwear,94,New Hampshire,M,Green,Spring,4.3,No,Standard,No,3,Cash,Monthly,Monthly,31-45 (Adult),30,High Value,Low Engagement,High Value - Low Engagement
3874,42,Female,Sandals,Footwear,43,Louisiana,L,Silver,Summer,4.0,No,Standard,No,22,Credit Card,Weekly,Weekly,31-45 (Adult),7,Medium Value,Medium Engagement,Medium Value - Medium Engagement
3875,70,Female,Sweater,Clothing,54,Nevada,XL,Beige,Summer,3.9,No,2-Day Shipping,No,33,Credit Card,Bi-Weekly,Bi-Weekly,61-70 (Senior),14,Medium Value,Medium Engagement,Medium Value - Medium Engagement
3876,63,Female,Hat,Accessories,51,New Hampshire,M,Pink,Winter,3.3,No,2-Day Shipping,No,21,Credit Card,Annually,Annually,61-70 (Senior),365,Medium Value,Medium Engagement,Medium Value - Medium Engagement
3877,60,Female,Shoes,Footwear,85,Wisconsin,S,Cyan,Fall,2.6,No,2-Day Shipping,No,7,Cash,Annually,Annually,46-60 (Middle-Aged),365,High Value,Low Engagement,High Value - Low Engagement
3878,28,Female,Hoodie,Clothing,96,Nevada,M,Olive,Spring,4.2,No,Next Day Air,No,46,Debit Card,Monthly,Monthly,18-30 (Young Adult),30,High Value,High Engagement,High Value - High Engagement
3879,60,Female,Hat,Accessories,42,South Carolina,M,Pink,Summer,3.4,No,2-Day Shipping,No,24,Credit Card,Annually,Annually,46-60 (Middle-Aged),365,Medium Value,Medium Engagement,Medium Value - Medium Engagement
3880,26,Female,Skirt,Clothing,63,Florida,L,Maroon,Winter,4.1,No,Free Shipping,No,6,Debit Card,Quarterly,Quarterly,18-30 (Young Adult),90,Medium Value,Low Engagement,Medium Value - Low Engagement
3881,42,Female,Shirt,Clothing,20,Massachusetts,M,Red,Winter,3.9,No,Free Shipping,No,40,PayPal,Monthly,Monthly,31-45 (Adult),30,Low Value,High Engagement,Low Value - High Engagement
3882,56,Female,Scarf,Accessories,25,Georgia,L,Silver,Spring,2.8,No,2-Day Shipping,No,17,Debit Card,Weekly,Weekly,46-60 (Middle-Aged),7,Low Value,Medium Engagement,Low Value - Medium Engagement
3883,35,Female,Pants,Clothing,95,North Dakota,L,Blue,Fall,2.6,No,Free Shipping,No,24,Cash,Bi-Weekly,Fortnightly,31-45 (Adult),14,High Value,Medium Engagement,High Value - Medium Engagement
3884,34,Female,Hat,Accessories,38,North Dakota,XL,Purple,Fall,4.0,No,Next Day Air,No,22,Cash,Bi-Weekly,Fortnightly,31-45 (Adult),14,Low Value,Medium Engagement,Low Value - Medium Engagement
3885,47,Female,Sandals,Footwear,29,Maryland,M,Brown,Fall,4.9,No,Express,No,3,PayPal,Weekly,Weekly,46-60 (Middle-Aged),7,Low Value,Low Engagement,Low Value - Low Engagement
3886,49,Female,Socks,Clothing,64,New Mexico,L,Purple,Winter,3.2,No,Free Shipping,No,39,Cash,Quarterly,Quarterly,46-60 (Middle-Aged),90,Medium Value,High Engagement,Medium Value - High Engagement
3887,37,Female,Jewelry,Accessories,92,Iowa,S,Brown,Summer,3.9,No,Express,No,40,Debit Card,Quarterly,Quarterly,31-45 (Adult),90,High Value,High Engagement,High Value - High Engagement
3888,40,Female,Shirt,Clothing,34,Kansas,M,Charcoal,Spring,2.7,No,Express,No,1,Credit Card,Quarterly,Quarterly,31-45 (Adult),90,Low Value,Low Engagement,Low Value - Low Engagement
3889,45,Female,Sneakers,Footwear,69,Virginia,M,Violet,Spring,3.4,No,Standard,No,14,Venmo,Bi-Weekly,Bi-Weekly,31-45 (Adult),14,Medium Value,Low Engagement,Medium Value - Low Engagement
3890,57,Female,Dress,Clothing,65,Alaska,S,Yellow,Spring,3.5,No,Express,No,49,Bank Transfer,Annually,Annually,46-60 (Middle-Aged),365,Medium Value,High Engagement,Medium Value - High Engagement
3891,35,Female,Shirt,Clothing,81,Nebraska,XL,Green,Winter,2.6,No,Standard,No,33,Debit Card,Annually,Annually,31-45 (Adult),365,High Value,Medium Engagement,High Value - Medium Engagement
3892,36,Female,Dress,Clothing,30,Colorado,L,Peach,Winter,4.7,No,Free Shipping,No,6,Bank Transfer,Quarterly,Quarterly,31-45 (Adult),90,Low Value,Low Engagement,Low Value - Low Engagement
3893,35,Female,Jewelry,Accessories,86,Michigan,L,Indigo,Summer,3.5,No,Standard,No,5,PayPal,Bi-Weekly,Fortnightly,31-45 (Adult),14,High Value,Low Engagement,High Value - Low Engagement
3894,21,Female,Hat,Accessories,64,Massachusetts,L,White,Fall,3.3,No,Store Pickup,No,29,Bank Transfer,Bi-Weekly,Bi-Weekly,18-30 (Young Adult),14,Medium Value,Medium Engagement,Medium Value - Medium Engagement
3895,66,Female,Skirt,Clothing,78,Connecticut,L,White,Spring,3.9,No,2-Day Shipping,No,44,Credit Card,Quarterly,Every 3 Months,61-70 (Senior),90,High Value,High Engagement,High Value - High Engagement
3896,40,Female,Hoodie,Clothing,28,Virginia,L,Turquoise,Summer,4.2,No,2-Day Shipping,No,32,Venmo,Weekly,Weekly,31-45 (Adult),7,Low Value,Medium Engagement,Low Value - Medium Engagement
3897,52,Female,Backpack,Accessories,49,Iowa,L,White,Spring,4.5,No,Store Pickup,No,41,Bank Transfer,Bi-Weekly,Bi-Weekly,46-60 (Middle-Aged),14,Medium Value,High Engagement,Medium Value - High Engagement
3898,46,Female,Belt,Accessories,33,New Jersey,L,Green,Spring,2.9,No,Standard,No,24,Venmo,Quarterly,Quarterly,46-60 (Middle-Aged),90,Low Value,Medium Engagement,Low Value - Medium Engagement
3899,44,Female,Shoes,Footwear,77,Minnesota,S,Brown,Summer,3.8,No,Express,No,24,Venmo,Weekly,Weekly,31-45 (Adult),7,High Value,Medium Engagement,High Value - Medium Engagement
3900,52,Female,Handbag,Accessories,81,California,M,Beige,Spring,3.1,No,Store Pickup,No,33,Venmo,Quarterly,Quarterly,46-60 (Middle-Aged),90,High Value,Medium Engagement,High Value - Medium Engagement
